subject,phase,trial,click_idx,click_time_s,matched_tap_time_s,matched_tap_idx,asynchrony_s,rms_db,asynchrony_ms,missed_beat,accented,condition,meter,bpm,switch_time,low_confidence_trial
sub06,test,1,0,0.22752083333333334,,,,,,True,,cued,2,120.0,12,False
sub06,test,1,1,0.7275208333333333,0.6954583333333333,0.0,-0.032062499999999994,36.99207836068693,-32.06249999999999,False,0.0,cued,2,120.0,12,False
sub06,test,1,2,1.2275208333333334,1.2002708333333334,1.0,-0.027249999999999996,43.08374331082937,-27.249999999999996,False,1.0,cued,2,120.0,12,False
sub06,test,1,3,1.7275208333333334,1.6752291666666668,2.0,-0.052291666666666625,31.747813756565243,-52.29166666666663,False,0.0,cued,2,120.0,12,False
sub06,test,1,4,2.227520833333333,2.197583333333333,3.0,-0.02993749999999995,43.36411462325209,-29.93749999999995,False,1.0,cued,2,120.0,12,False
sub06,test,1,5,2.727520833333333,2.7061458333333333,4.0,-0.021374999999999922,33.05663152846617,-21.374999999999922,False,0.0,cued,2,120.0,12,False
sub06,test,1,6,3.227520833333333,3.21875,5.0,-0.008770833333333172,43.5121422276152,-8.770833333333172,False,1.0,cued,2,120.0,12,False
sub06,test,1,7,3.727520833333333,3.6852708333333335,6.0,-0.04224999999999968,37.69116790250162,-42.24999999999967,False,1.0,cued,2,120.0,12,False
sub06,test,1,8,4.227520833333333,4.217625,7.0,-0.009895833333333215,43.74455281622916,-9.895833333333215,False,1.0,cued,2,120.0,12,False
sub06,test,1,9,4.727520833333333,4.699083333333333,8.0,-0.028437499999999893,32.50525038989107,-28.437499999999893,False,0.0,cued,2,120.0,12,False
sub06,test,1,10,5.227520833333333,5.199416666666667,9.0,-0.028104166666666153,43.21974188131692,-28.104166666666153,False,1.0,cued,2,120.0,12,False
sub06,test,1,11,5.727520833333333,5.6885208333333335,10.0,-0.0389999999999997,37.30616087217485,-38.9999999999997,False,0.0,cued,2,120.0,12,False
sub06,test,1,12,6.227520833333333,6.202833333333333,11.0,-0.02468749999999975,42.059762380384555,-24.68749999999975,False,1.0,cued,2,120.0,12,False
sub06,test,1,13,6.727520833333333,6.6850625,12.0,-0.042458333333333265,41.28027391206244,-42.458333333333265,False,1.0,cued,2,120.0,12,False
sub06,test,1,14,7.227520833333333,7.1790625,13.0,-0.04845833333333349,42.015590251311316,-48.45833333333349,False,1.0,cued,2,120.0,12,False
sub06,test,1,15,7.727520833333333,7.638270833333333,14.0,-0.08924999999999983,40.796090465628716,-89.24999999999983,False,1.0,cued,2,120.0,12,False
sub06,test,1,16,8.227520833333333,8.197354166666667,15.0,-0.03016666666666623,41.774555531372485,-30.16666666666623,False,1.0,cued,2,120.0,12,False
sub06,test,1,17,8.728666666666667,8.669854166666667,16.0,-0.058812500000000156,30.785570019639575,-58.812500000000156,False,0.0,cued,2,120.0,12,False
sub06,test,1,18,9.227520833333333,9.16475,17.0,-0.06277083333333344,41.26594355542019,-62.77083333333344,False,1.0,cued,2,120.0,12,False
sub06,test,1,19,9.727520833333333,9.661354166666667,18.0,-0.06616666666666582,33.691587571301476,-66.16666666666582,False,0.0,cued,2,120.0,12,False
sub06,test,1,20,10.228666666666667,10.175125,19.0,-0.05354166666666771,41.81126294943259,-53.54166666666771,False,1.0,cued,2,120.0,12,False
sub06,test,1,21,10.727520833333333,10.639395833333333,20.0,-0.08812499999999979,33.768090459093344,-88.12499999999979,False,0.0,cued,2,120.0,12,False
sub06,test,1,22,11.227520833333333,11.178854166666667,21.0,-0.04866666666666575,40.81718539099362,-48.66666666666575,False,1.0,cued,2,120.0,12,False
sub06,test,1,23,11.727520833333333,11.685729166666667,22.0,-0.04179166666666667,35.860811768058284,-41.79166666666667,False,0.0,cued,2,120.0,12,False
sub06,test,1,24,12.227520833333333,12.1985625,23.0,-0.02895833333333364,42.953064756284846,-28.95833333333364,False,1.0,cued,2,120.0,12,False
sub06,test,1,25,12.727520833333333,12.679083333333333,24.0,-0.048437500000000355,38.265966057796646,-48.437500000000355,False,1.0,cued,2,120.0,12,False
sub06,test,1,26,13.227520833333333,13.217875,25.0,-0.009645833333333798,42.07841936686773,-9.645833333333798,False,1.0,cued,2,120.0,12,False
sub06,test,1,27,13.727520833333333,13.6505,26.0,-0.07702083333333398,34.44731516773341,-77.02083333333398,False,0.0,cued,2,120.0,12,False
sub06,test,1,28,14.227520833333333,14.176229166666667,27.0,-0.05129166666666585,35.261603489802795,-51.29166666666585,False,0.0,cued,2,120.0,12,False
sub06,test,1,29,14.727520833333333,14.708020833333334,28.0,-0.019499999999998963,49.21579922290849,-19.499999999998963,False,1.0,cued,2,120.0,12,False
sub06,test,1,30,15.227520833333333,15.215145833333333,29.0,-0.012375000000000469,36.45371773402562,-12.375000000000469,False,0.0,cued,2,120.0,12,False
sub06,test,1,31,15.727520833333333,15.689895833333333,30.0,-0.03762500000000024,34.02558932274307,-37.62500000000024,False,0.0,cued,2,120.0,12,False
sub06,test,1,32,16.227520833333333,16.221041666666668,31.0,-0.006479166666665037,42.15694078689442,-6.479166666665037,False,1.0,cued,2,120.0,12,False
sub06,test,1,33,16.727520833333333,16.705041666666666,32.0,-0.022479166666666828,37.511098257702564,-22.479166666666828,False,0.0,cued,2,120.0,12,False
sub06,test,1,34,17.227520833333333,17.165333333333333,33.0,-0.062187500000000284,30.271170495827246,-62.187500000000284,False,0.0,cued,2,120.0,12,False
sub06,test,1,35,17.727520833333333,17.703791666666667,34.0,-0.02372916666666569,40.97864074371281,-23.72916666666569,False,1.0,cued,2,120.0,12,False
sub06,test,1,36,18.227520833333333,18.203125,35.0,-0.024395833333333172,35.63504157499918,-24.395833333333172,False,0.0,cued,2,120.0,12,False
sub06,test,1,37,18.728645833333335,18.6915625,36.0,-0.03708333333333513,34.186287765144634,-37.08333333333513,False,0.0,cued,2,120.0,12,False
sub06,test,1,38,19.227520833333333,19.181875,37.0,-0.04564583333333161,37.95485740309899,-45.64583333333161,False,1.0,cued,2,120.0,12,False
sub06,test,1,39,19.727520833333333,19.6758125,38.0,-0.05170833333333391,37.526460987661615,-51.70833333333391,False,0.0,cued,2,120.0,12,False
sub06,test,1,40,20.227520833333333,20.1883125,39.0,-0.03920833333333462,31.845368613419996,-39.20833333333462,False,0.0,cued,2,120.0,12,False
sub06,test,1,41,20.727520833333333,20.6788125,40.0,-0.0487083333333338,49.53232408611121,-48.7083333333338,False,1.0,cued,2,120.0,12,False
sub06,test,1,42,21.227520833333333,21.1604375,41.0,-0.06708333333333272,38.49038010141346,-67.08333333333272,False,1.0,cued,2,120.0,12,False
sub06,test,1,43,21.727520833333333,21.628541666666667,42.0,-0.09897916666666617,31.014348698608654,-98.97916666666617,False,0.0,cued,2,120.0,12,False
sub06,test,1,44,22.227520833333333,22.138770833333332,43.0,-0.088750000000001,48.51529197055521,-88.750000000001,False,1.0,cued,2,120.0,12,False
sub06,test,1,45,22.727520833333333,22.6593125,44.0,-0.06820833333333454,34.35888364550809,-68.20833333333454,False,0.0,cued,2,120.0,12,False
sub06,test,1,46,23.227520833333333,23.185979166666666,45.0,-0.041541666666667254,34.194140334408374,-41.541666666667254,False,0.0,cued,2,120.0,12,False
sub06,test,1,47,23.727520833333333,23.7228125,46.0,-0.004708333333333314,44.034638323692825,-4.708333333333314,False,1.0,cued,2,120.0,12,False
sub06,test,1,48,24.227520833333333,24.182,47.0,-0.045520833333334565,33.85594482750162,-45.520833333334565,False,0.0,cued,2,120.0,12,False
sub06,test,1,49,24.727520833333333,24.709083333333332,48.0,-0.018437500000000995,29.94736797193429,-18.437500000000995,False,0.0,cued,2,120.0,12,False
sub06,test,1,50,25.227520833333333,25.162854166666666,49.0,-0.06466666666666754,41.395585798237974,-64.66666666666754,False,1.0,cued,2,120.0,12,False
sub06,test,1,51,25.727520833333333,25.6485,50.0,-0.07902083333333465,36.225467279133746,-79.02083333333465,False,0.0,cued,2,120.0,12,False
sub06,test,1,52,26.228666666666665,26.130333333333333,51.0,-0.09833333333333272,30.52739352195929,-98.33333333333272,False,0.0,cued,2,120.0,12,False
sub06,test,1,53,26.727520833333333,26.6699375,52.0,-0.05758333333333354,40.33958977219647,-57.58333333333354,False,1.0,cued,2,120.0,12,False
sub06,test,1,54,27.227520833333333,27.193583333333333,53.0,-0.0339375000000004,35.43425347450606,-33.9375000000004,False,0.0,cued,2,120.0,12,False
sub06,test,1,55,27.727520833333333,27.672854166666667,54.0,-0.054666666666665975,31.028242197549556,-54.666666666665975,False,0.0,cued,2,120.0,12,False
sub06,test,1,56,28.227520833333333,28.199895833333333,55.0,-0.027625000000000455,41.281724983608285,-27.625000000000455,False,1.0,cued,2,120.0,12,False
sub06,test,1,57,28.727520833333333,28.694854166666666,56.0,-0.03266666666666751,33.65999742031846,-32.66666666666751,False,0.0,cued,2,120.0,12,False
sub06,test,1,58,29.227520833333333,29.19279166666667,57.0,-0.03472916666666492,26.47877871766141,-34.72916666666492,False,0.0,cued,2,120.0,12,False
sub06,test,1,59,29.728666666666665,29.712520833333333,58.0,-0.01614583333333286,41.42327035276569,-16.14583333333286,False,1.0,cued,2,120.0,12,False
sub06,test,2,0,0.21864583333333334,0.3400416666666667,0.0,0.12139583333333334,17.1887635646842,121.39583333333334,False,0.0,spontaneous,2,112.0,0,False
sub06,test,2,1,0.7532291666666666,0.8527083333333333,1.0,0.09947916666666667,37.53986272762243,99.47916666666667,False,1.0,spontaneous,2,112.0,0,False
sub06,test,2,2,1.2889375,1.2906666666666666,2.0,0.0017291666666665595,30.741904626981665,1.7291666666665595,False,0.0,spontaneous,2,112.0,0,False
sub06,test,2,3,1.8246458333333333,1.8143333333333334,3.0,-0.010312499999999947,35.00499669692285,-10.312499999999947,False,1.0,spontaneous,2,112.0,0,False
sub06,test,2,4,2.3603541666666668,2.3386458333333335,4.0,-0.02170833333333322,10.788292444798893,-21.70833333333322,False,0.0,spontaneous,2,112.0,0,False
sub06,test,2,5,2.8960625,2.8486458333333333,5.0,-0.047416666666666885,40.647347169774626,-47.416666666666885,False,1.0,spontaneous,2,112.0,0,False
sub06,test,2,6,3.431770833333333,3.3664583333333336,6.0,-0.06531249999999966,7.352328417246335,-65.31249999999966,False,0.0,spontaneous,2,112.0,0,False
sub06,test,2,7,3.9674791666666667,3.9442083333333335,7.0,-0.02327083333333313,42.781284719815375,-23.27083333333313,False,1.0,spontaneous,2,112.0,0,False
sub06,test,2,8,4.5031875,4.433854166666666,8.0,-0.06933333333333369,29.14843198246193,-69.33333333333368,False,0.0,spontaneous,2,112.0,0,False
sub06,test,2,9,5.038895833333333,5.020333333333333,9.0,-0.018562499999999815,42.317647118331166,-18.562499999999815,False,1.0,spontaneous,2,112.0,0,False
sub06,test,2,10,5.574604166666667,5.549604166666667,10.0,-0.025000000000000355,31.50939488714841,-25.000000000000355,False,0.0,spontaneous,2,112.0,0,False
sub06,test,2,11,6.1103125,6.074541666666667,11.0,-0.03577083333333331,42.72734678208426,-35.77083333333331,False,1.0,spontaneous,2,112.0,0,False
sub06,test,2,12,6.646020833333333,6.618270833333334,12.0,-0.027749999999999275,34.48981637828417,-27.749999999999275,False,0.0,spontaneous,2,112.0,0,False
sub06,test,2,13,7.181729166666667,7.201270833333333,13.0,0.019541666666666124,43.32347270945745,19.541666666666124,False,1.0,spontaneous,2,112.0,0,False
sub06,test,2,14,7.7174375,7.69775,14.0,-0.019687499999999858,34.90575185365746,-19.687499999999858,False,1.0,spontaneous,2,112.0,0,False
sub06,test,2,15,8.253145833333333,8.195125,15.0,-0.05802083333333208,30.016805402013972,-58.02083333333208,False,0.0,spontaneous,2,112.0,0,False
sub06,test,2,16,8.788854166666667,8.7403125,16.0,-0.04854166666666693,42.821070063255384,-48.54166666666693,False,1.0,spontaneous,2,112.0,0,False
sub06,test,2,17,9.3245625,9.2508125,17.0,-0.07375000000000043,25.6542144487008,-73.75000000000043,False,0.0,spontaneous,2,112.0,0,False
sub06,test,2,18,9.860270833333333,9.819729166666667,18.0,-0.04054166666666603,33.17422992143491,-40.54166666666603,False,0.0,spontaneous,2,112.0,0,False
sub06,test,2,19,10.395979166666667,10.316833333333333,19.0,-0.07914583333333347,43.17507496589468,-79.14583333333347,False,1.0,spontaneous,2,112.0,0,False
sub06,test,2,20,10.9316875,10.830791666666666,20.0,-0.1008958333333343,35.06187538663063,-100.8958333333343,False,1.0,spontaneous,2,112.0,0,False
sub06,test,2,21,11.467395833333333,11.402875,21.0,-0.06452083333333292,35.92797857693988,-64.52083333333292,False,1.0,spontaneous,2,112.0,0,False
sub06,test,2,22,12.003104166666667,11.940604166666667,22.0,-0.0625,41.3339216726834,-62.5,False,1.0,spontaneous,2,112.0,0,False
sub06,test,2,23,12.5388125,12.449104166666666,23.0,-0.08970833333333417,29.1603809899258,-89.70833333333417,False,0.0,spontaneous,2,112.0,0,False
sub06,test,2,24,13.074520833333333,12.990833333333333,24.0,-0.08368749999999991,27.1721903386698,-83.68749999999991,False,0.0,spontaneous,2,112.0,0,False
sub06,test,2,25,13.610229166666667,13.526208333333333,25.0,-0.08402083333333366,38.828747667922556,-84.02083333333366,False,1.0,spontaneous,2,112.0,0,False
sub06,test,2,26,14.1459375,14.060416666666667,26.0,-0.08552083333333371,34.68570083087415,-85.52083333333371,False,1.0,spontaneous,2,112.0,0,False
sub06,test,2,27,14.681645833333333,14.557416666666667,27.0,-0.12422916666666595,8.576256132888805,-124.22916666666595,False,0.0,spontaneous,2,112.0,0,False
sub06,test,2,28,15.217354166666667,15.124,28.0,-0.09335416666666596,43.01843610619435,-93.35416666666596,False,1.0,spontaneous,2,112.0,0,False
sub06,test,2,29,15.7530625,15.680166666666667,29.0,-0.07289583333333383,37.876843732554875,-72.89583333333383,False,1.0,spontaneous,2,112.0,0,False
sub06,test,2,30,16.288770833333334,16.221333333333334,30.0,-0.06743750000000048,34.58032142013208,-67.43750000000048,False,0.0,spontaneous,2,112.0,0,False
sub06,test,2,31,16.824479166666666,16.754125,31.0,-0.07035416666666805,39.736693893160755,-70.35416666666805,False,1.0,spontaneous,2,112.0,0,False
sub06,test,2,32,17.3601875,17.271125,32.0,-0.08906249999999716,36.90772294925441,-89.06249999999716,False,1.0,spontaneous,2,112.0,0,False
sub06,test,2,33,17.895895833333334,17.808395833333332,33.0,-0.08750000000000213,32.71676747204594,-87.50000000000213,False,0.0,spontaneous,2,112.0,0,False
sub06,test,2,34,18.431604166666666,18.3420625,34.0,-0.08954166666666552,40.48630137184857,-89.54166666666552,False,1.0,spontaneous,2,112.0,0,False
sub06,test,2,35,18.9673125,18.880354166666667,35.0,-0.0869583333333317,38.11117301583315,-86.9583333333317,False,1.0,spontaneous,2,112.0,0,False
sub06,test,2,36,19.503020833333334,19.4116875,36.0,-0.09133333333333482,14.346575989149121,-91.33333333333482,False,0.0,spontaneous,2,112.0,0,False
sub06,test,2,37,20.038729166666666,19.97225,37.0,-0.06647916666666731,40.257624822189825,-66.47916666666731,False,1.0,spontaneous,2,112.0,0,False
sub06,test,2,38,20.5744375,20.505458333333333,38.0,-0.06897916666666504,33.48500651746912,-68.97916666666504,False,0.0,spontaneous,2,112.0,0,False
sub06,test,2,39,21.110145833333334,21.002666666666666,39.0,-0.10747916666666768,10.540115791054099,-107.47916666666768,False,0.0,spontaneous,2,112.0,0,False
sub06,test,2,40,21.645854166666666,21.584083333333332,40.0,-0.061770833333333997,39.47669792404087,-61.770833333334,False,1.0,spontaneous,2,112.0,0,False
sub06,test,2,41,22.1815625,22.133729166666665,41.0,-0.04783333333333317,30.664048761115346,-47.83333333333317,False,0.0,spontaneous,2,112.0,0,False
sub06,test,2,42,22.717270833333334,22.650083333333335,42.0,-0.06718749999999929,30.3496946020525,-67.18749999999929,False,0.0,spontaneous,2,112.0,0,False
sub06,test,2,43,23.252979166666666,23.176875,43.0,-0.07610416666666708,49.68739622710289,-76.10416666666708,False,1.0,spontaneous,2,112.0,0,False
sub06,test,2,44,23.7886875,23.725270833333333,44.0,-0.06341666666666868,28.295958850544565,-63.416666666668675,False,0.0,spontaneous,2,112.0,0,False
sub06,test,2,45,24.324395833333334,24.272729166666668,45.0,-0.05166666666666586,27.79468219978179,-51.66666666666586,False,0.0,spontaneous,2,112.0,0,False
sub06,test,2,46,24.860104166666666,24.7808125,46.0,-0.07929166666666632,36.62072083500639,-79.29166666666632,False,1.0,spontaneous,2,112.0,0,False
sub06,test,2,47,25.3958125,25.3561875,47.0,-0.03962500000000091,32.9933566072186,-39.62500000000091,False,0.0,spontaneous,2,112.0,0,False
sub06,test,2,48,25.931520833333334,25.881541666666667,48.0,-0.049979166666666686,31.962278233588147,-49.979166666666686,False,0.0,spontaneous,2,112.0,0,False
sub06,test,2,49,26.467229166666666,26.399916666666666,49.0,-0.06731249999999989,38.60050170314003,-67.31249999999989,False,1.0,spontaneous,2,112.0,0,False
sub06,test,2,50,27.0029375,26.95575,50.0,-0.04718750000000327,32.702188446324136,-47.18750000000327,False,0.0,spontaneous,2,112.0,0,False
sub06,test,2,51,27.538645833333334,27.456916666666668,51.0,-0.08172916666666552,7.327287343724741,-81.72916666666552,False,0.0,spontaneous,2,112.0,0,False
sub06,test,2,52,28.074354166666666,28.0155625,52.0,-0.058791666666664355,38.981961571594354,-58.791666666664355,False,1.0,spontaneous,2,112.0,0,False
sub06,test,2,53,28.6100625,28.574520833333334,53.0,-0.03554166666666703,33.99557514378161,-35.54166666666703,False,0.0,spontaneous,2,112.0,0,False
sub06,test,2,54,29.145770833333334,29.089291666666668,54.0,-0.05647916666666575,5.498033657602904,-56.47916666666575,False,0.0,spontaneous,2,112.0,0,False
sub06,test,2,55,29.681479166666666,29.623104166666668,55.0,-0.05837499999999807,39.65465637556714,-58.37499999999807,False,1.0,spontaneous,2,112.0,0,False
sub06,test,3,0,0.2186875,0.36975,0.0,0.15106250000000002,40.28043058474492,151.06250000000003,False,1.0,spontaneous,3,100.0,0,False
sub06,test,3,1,0.8175416666666667,0.8713333333333333,1.0,0.05379166666666657,24.995333955049,53.79166666666657,False,0.0,spontaneous,3,100.0,0,False
sub06,test,3,2,1.4175416666666667,1.357625,2.0,-0.05991666666666662,22.21651462735204,-59.916666666666615,False,0.0,spontaneous,3,100.0,0,False
sub06,test,3,3,2.017541666666667,1.94925,3.0,-0.06829166666666686,48.78515161193815,-68.29166666666686,False,1.0,spontaneous,3,100.0,0,False
sub06,test,3,4,2.6186875,2.5527291666666665,4.0,-0.06595833333333356,29.891490471801376,-65.95833333333357,False,0.0,spontaneous,3,100.0,0,False
sub06,test,3,5,3.2175416666666665,3.1592291666666665,5.0,-0.05831249999999999,33.77827401322949,-58.312499999999986,False,0.0,spontaneous,3,100.0,0,False
sub06,test,3,6,3.8175416666666666,3.734,6.0,-0.08354166666666663,39.32903322751485,-83.54166666666663,False,1.0,spontaneous,3,100.0,0,False
sub06,test,3,7,4.417541666666667,4.3535208333333335,7.0,-0.0640208333333332,27.23860268591418,-64.0208333333332,False,0.0,spontaneous,3,100.0,0,False
sub06,test,3,8,5.017541666666666,4.961416666666667,8.0,-0.05612499999999976,35.00946316505737,-56.12499999999976,False,0.0,spontaneous,3,100.0,0,False
sub06,test,3,9,5.617541666666667,5.560375,9.0,-0.057166666666667254,40.10494535029123,-57.166666666667254,False,1.0,spontaneous,3,100.0,0,False
sub06,test,3,10,6.2175416666666665,6.129145833333333,10.0,-0.08839583333333323,8.74578445685604,-88.39583333333323,False,0.0,spontaneous,3,100.0,0,False
sub06,test,3,11,6.817541666666667,6.778708333333333,11.0,-0.03883333333333372,30.80535799042557,-38.83333333333372,False,0.0,spontaneous,3,100.0,0,False
sub06,test,3,12,7.417541666666667,7.398333333333333,12.0,-0.019208333333333272,40.38505386774616,-19.20833333333327,False,1.0,spontaneous,3,100.0,0,False
sub06,test,3,13,8.017541666666666,8.005229166666666,13.0,-0.01231250000000017,10.988839728121215,-12.31250000000017,False,0.0,spontaneous,3,100.0,0,False
sub06,test,3,14,8.617541666666666,8.581083333333334,14.0,-0.03645833333333215,34.30584172007873,-36.45833333333215,False,0.0,spontaneous,3,100.0,0,False
sub06,test,3,15,9.217541666666667,9.198541666666667,15.0,-0.019000000000000128,36.94893536147186,-19.000000000000128,False,1.0,spontaneous,3,100.0,0,False
sub06,test,3,16,9.817541666666667,9.853458333333334,16.0,0.03591666666666704,28.10196568069046,35.91666666666704,False,0.0,spontaneous,3,100.0,0,False
sub06,test,3,17,10.4186875,10.419958333333334,17.0,0.001270833333332888,38.78086900367927,1.270833333332888,False,1.0,spontaneous,3,100.0,0,False
sub06,test,3,18,11.017541666666666,11.004895833333334,18.0,-0.012645833333332135,15.880070023115252,-12.645833333332135,False,0.0,spontaneous,3,100.0,0,False
sub06,test,3,19,11.617541666666666,11.6016875,19.0,-0.015854166666665392,39.69161522149435,-15.854166666665392,False,1.0,spontaneous,3,100.0,0,False
sub06,test,3,20,12.217541666666667,12.19775,20.0,-0.019791666666668206,31.03541469268773,-19.791666666668206,False,0.0,spontaneous,3,100.0,0,False
sub06,test,3,21,12.817541666666667,12.762625,21.0,-0.05491666666666717,36.24840293646337,-54.91666666666717,False,1.0,spontaneous,3,100.0,0,False
sub06,test,3,22,13.417541666666667,13.360208333333333,22.0,-0.057333333333334124,31.64789327084787,-57.333333333334124,False,0.0,spontaneous,3,100.0,0,False
sub06,test,3,23,14.017541666666666,13.967770833333333,23.0,-0.04977083333333354,38.96864459743918,-49.77083333333354,False,1.0,spontaneous,3,100.0,0,False
sub06,test,3,24,14.617541666666666,14.580291666666668,24.0,-0.03724999999999845,17.207620716941175,-37.24999999999845,False,0.0,spontaneous,3,100.0,0,False
sub06,test,3,25,15.217541666666667,15.194020833333333,25.0,-0.023520833333334323,39.494826096631336,-23.520833333334323,False,1.0,spontaneous,3,100.0,0,False
sub06,test,3,26,15.817541666666667,15.786416666666666,26.0,-0.03112500000000118,32.51588712380881,-31.12500000000118,False,0.0,spontaneous,3,100.0,0,False
sub06,test,3,27,16.417541666666665,16.38225,27.0,-0.03529166666666583,40.52926178856523,-35.29166666666583,False,1.0,spontaneous,3,100.0,0,False
sub06,test,3,28,17.017541666666666,16.974875,28.0,-0.04266666666666552,8.953304466897036,-42.66666666666552,False,0.0,spontaneous,3,100.0,0,False
sub06,test,3,29,17.617541666666668,17.584854166666666,29.0,-0.032687500000001535,46.119991525300286,-32.687500000001535,False,1.0,spontaneous,3,100.0,0,False
sub06,test,3,30,18.217541666666666,18.159479166666667,30.0,-0.05806249999999835,35.388965002796226,-58.06249999999835,False,0.0,spontaneous,3,100.0,0,False
sub06,test,3,31,18.817541666666667,18.794958333333334,31.0,-0.0225833333333334,42.717301639648156,-22.5833333333334,False,1.0,spontaneous,3,100.0,0,False
sub06,test,3,32,19.417541666666665,19.38939583333333,32.0,-0.028145833333333314,29.817314854305327,-28.145833333333314,False,0.0,spontaneous,3,100.0,0,False
sub06,test,3,33,20.017541666666666,19.959520833333332,33.0,-0.058020833333333854,39.18850129696689,-58.020833333333854,False,1.0,spontaneous,3,100.0,0,False
sub06,test,3,34,20.617541666666668,20.533458333333332,34.0,-0.08408333333333573,28.80909218603516,-84.08333333333573,False,0.0,spontaneous,3,100.0,0,False
sub06,test,3,35,21.217541666666666,21.167208333333335,35.0,-0.0503333333333309,41.158321782353546,-50.3333333333309,False,1.0,spontaneous,3,100.0,0,False
sub06,test,3,36,21.817541666666667,21.781208333333332,36.0,-0.036333333333335105,35.61142477946942,-36.333333333335105,False,0.0,spontaneous,3,100.0,0,False
sub06,test,3,37,22.417541666666665,22.395583333333335,37.0,-0.021958333333330415,42.500690973045565,-21.958333333330415,False,1.0,spontaneous,3,100.0,0,False
sub06,test,3,38,23.017541666666666,22.961395833333334,38.0,-0.05614583333333201,27.468065810146953,-56.14583333333201,False,0.0,spontaneous,3,100.0,0,False
sub06,test,3,39,23.617541666666668,23.583833333333335,39.0,-0.03370833333333323,49.070621671373075,-33.70833333333323,False,1.0,spontaneous,3,100.0,0,False
sub06,test,3,40,24.217541666666666,24.202583333333333,40.0,-0.014958333333332519,38.37529606005211,-14.958333333332519,False,1.0,spontaneous,3,100.0,0,False
sub06,test,3,41,24.817541666666667,24.789,41.0,-0.028541666666665577,42.65352690648668,-28.541666666665577,False,1.0,spontaneous,3,100.0,0,False
sub06,test,3,42,25.417541666666665,25.350020833333332,42.0,-0.06752083333333303,28.445656168757502,-67.52083333333303,False,0.0,spontaneous,3,100.0,0,False
sub06,test,3,43,26.017541666666666,25.982895833333334,43.0,-0.034645833333332376,48.15849245064076,-34.64583333333238,False,1.0,spontaneous,3,100.0,0,False
sub06,test,3,44,26.617541666666668,26.5855,44.0,-0.03204166666666808,31.687359918941723,-32.04166666666808,False,0.0,spontaneous,3,100.0,0,False
sub06,test,3,45,27.217541666666666,27.184666666666665,45.0,-0.032875000000000654,41.78831139365501,-32.875000000000654,False,1.0,spontaneous,3,100.0,0,False
sub06,test,3,46,27.817541666666667,27.794041666666665,46.0,-0.023500000000002075,36.536215498116874,-23.500000000002075,False,1.0,spontaneous,3,100.0,0,False
sub06,test,3,47,28.417541666666665,28.4101875,47.0,-0.007354166666665662,50.185870049916446,-7.354166666665662,False,1.0,spontaneous,3,100.0,0,False
sub06,test,3,48,29.017541666666666,28.941020833333333,48.0,-0.07652083333333337,28.882836540464755,-76.52083333333337,False,0.0,spontaneous,3,100.0,0,False
sub06,test,3,49,29.617541666666668,29.572645833333333,49.0,-0.04489583333333513,42.823718614438384,-44.89583333333513,False,1.0,spontaneous,3,100.0,0,False
sub06,test,4,0,0.22266666666666668,0.3547708333333333,0.0,0.13210416666666663,49.91637149833245,132.10416666666663,False,1.0,cued,2,108.0,16,False
sub06,test,4,1,0.7770833333333333,0.7676875,1.0,-0.009395833333333381,33.94450707943223,-9.395833333333382,False,0.0,cued,2,108.0,16,False
sub06,test,4,2,1.3326458333333333,1.2706041666666668,2.0,-0.06204166666666655,32.495804907038476,-62.04166666666655,False,0.0,cued,2,108.0,16,False
sub06,test,4,3,1.8882083333333333,1.8350625,3.0,-0.053145833333333226,42.02588206017282,-53.14583333333323,False,1.0,cued,2,108.0,16,False
sub06,test,4,4,2.4437708333333332,2.3901041666666667,4.0,-0.05366666666666653,34.74943729247095,-53.66666666666653,False,1.0,cued,2,108.0,16,False
sub06,test,4,5,2.9993333333333334,2.9604791666666666,5.0,-0.038854166666666856,49.55676862087847,-38.854166666666856,False,1.0,cued,2,108.0,16,False
sub06,test,4,6,3.554895833333333,3.525625,6.0,-0.029270833333333357,15.86157360408608,-29.270833333333357,False,0.0,cued,2,108.0,16,False
sub06,test,4,7,4.110458333333334,4.081541666666666,7.0,-0.028916666666667368,41.55378553724766,-28.916666666667368,False,1.0,cued,2,108.0,16,False
sub06,test,4,8,4.6660208333333335,4.6574375,8.0,-0.008583333333333165,14.075915269167215,-8.583333333333165,False,0.0,cued,2,108.0,16,False
sub06,test,4,9,5.221583333333333,5.178041666666667,9.0,-0.043541666666666146,37.67118539073934,-43.541666666666146,False,1.0,cued,2,108.0,16,False
sub06,test,4,10,5.777145833333333,5.7114375,10.0,-0.06570833333333326,14.092872099199656,-65.70833333333326,False,0.0,cued,2,108.0,16,False
sub06,test,4,11,6.332708333333334,6.281145833333333,11.0,-0.05156250000000018,37.6647569173574,-51.56250000000018,False,1.0,cued,2,108.0,16,False
sub06,test,4,12,6.888270833333333,6.842708333333333,12.0,-0.04556249999999995,9.799086198691993,-45.56249999999995,False,0.0,cued,2,108.0,16,False
sub06,test,4,13,7.443833333333333,7.438166666666667,13.0,-0.005666666666666487,39.72909239631586,-5.666666666666487,False,1.0,cued,2,108.0,16,False
sub06,test,4,14,7.999395833333334,7.957916666666667,14.0,-0.041479166666666956,10.4638134059355,-41.479166666666956,False,0.0,cued,2,108.0,16,False
sub06,test,4,15,8.554958333333333,8.540291666666667,15.0,-0.014666666666666828,40.56084907824193,-14.666666666666828,False,1.0,cued,2,108.0,16,False
sub06,test,4,16,9.110520833333334,9.086604166666667,16.0,-0.023916666666666586,14.414005322499492,-23.916666666666586,False,0.0,cued,2,108.0,16,False
sub06,test,4,17,9.666083333333333,9.643604166666666,17.0,-0.022479166666666828,39.037682683689795,-22.479166666666828,False,1.0,cued,2,108.0,16,False
sub06,test,4,18,10.221645833333334,10.1669375,18.0,-0.054708333333334025,34.130336049733074,-54.708333333334025,False,1.0,cued,2,108.0,16,False
sub06,test,4,19,10.777208333333334,10.758916666666666,19.0,-0.01829166666666815,49.81166329921454,-18.29166666666815,False,1.0,cued,2,108.0,16,False
sub06,test,4,20,11.332770833333333,11.274333333333333,20.0,-0.05843750000000014,16.29720992350159,-58.43750000000014,False,0.0,cued,2,108.0,16,False
sub06,test,4,21,11.888333333333334,11.8721875,21.0,-0.01614583333333286,39.142930478481844,-16.14583333333286,False,1.0,cued,2,108.0,16,False
sub06,test,4,22,12.443895833333332,12.4295625,22.0,-0.014333333333333087,24.227140612359218,-14.333333333333087,False,0.0,cued,2,108.0,16,False
sub06,test,4,23,12.999458333333333,12.992895833333334,23.0,-0.0065624999999993605,49.59748877484637,-6.5624999999993605,False,1.0,cued,2,108.0,16,False
sub06,test,4,24,13.555020833333334,13.503729166666666,24.0,-0.051291666666667624,34.591641382961534,-51.29166666666762,False,1.0,cued,2,108.0,16,False
sub06,test,4,25,14.110583333333333,14.072333333333333,25.0,-0.03824999999999967,40.16697686978106,-38.24999999999967,False,1.0,cued,2,108.0,16,False
sub06,test,4,26,14.666145833333333,14.581145833333334,26.0,-0.08499999999999908,12.028552204864322,-84.99999999999908,False,0.0,cued,2,108.0,16,False
sub06,test,4,27,15.221708333333334,15.171395833333333,27.0,-0.050312500000000426,38.48386540918562,-50.312500000000426,False,1.0,cued,2,108.0,16,False
sub06,test,4,28,15.777270833333333,15.7244375,28.0,-0.05283333333333218,35.05757170094695,-52.83333333333218,False,1.0,cued,2,108.0,16,False
sub06,test,4,29,16.332833333333333,16.284354166666667,29.0,-0.04847916666666663,40.96490909696066,-48.47916666666663,False,1.0,cued,2,108.0,16,False
sub06,test,4,30,16.888395833333334,16.79225,30.0,-0.09614583333333471,17.4035720594344,-96.1458333333347,False,0.0,cued,2,108.0,16,False
sub06,test,4,31,17.443958333333335,17.376354166666665,31.0,-0.06760416666666913,12.327491216075527,-67.60416666666913,False,0.0,cued,2,108.0,16,False
sub06,test,4,32,17.99952083333333,17.908791666666666,32.0,-0.09072916666666586,38.017263379591306,-90.72916666666586,False,1.0,cued,2,108.0,16,False
sub06,test,4,33,18.555083333333332,18.471125,33.0,-0.08395833333333158,11.202768057954895,-83.95833333333158,False,0.0,cued,2,108.0,16,False
sub06,test,4,34,19.110645833333333,19.056833333333334,34.0,-0.053812499999999375,13.68609670047654,-53.812499999999375,False,0.0,cued,2,108.0,16,False
sub06,test,4,35,19.666208333333334,19.611729166666667,35.0,-0.054479166666666856,37.325003655862034,-54.479166666666856,False,1.0,cued,2,108.0,16,False
sub06,test,4,36,20.221770833333334,20.153604166666668,36.0,-0.06816666666666649,13.574583856450356,-68.16666666666649,False,0.0,cued,2,108.0,16,False
sub06,test,4,37,20.777333333333335,20.705270833333334,37.0,-0.07206250000000125,31.99789257492549,-72.06250000000125,False,0.0,cued,2,108.0,16,False
sub06,test,4,38,21.332895833333332,21.268645833333334,38.0,-0.0642499999999977,46.76120114803532,-64.2499999999977,False,1.0,cued,2,108.0,16,False
sub06,test,4,39,21.88960416666667,21.784270833333334,39.0,-0.10533333333333417,13.726563401135426,-105.33333333333417,False,0.0,cued,2,108.0,16,False
sub06,test,4,40,22.444020833333333,22.359729166666668,40.0,-0.08429166666666532,33.14653286652462,-84.29166666666532,False,0.0,cued,2,108.0,16,False
sub06,test,4,41,22.999583333333334,22.9228125,41.0,-0.07677083333333456,48.583590580290846,-76.77083333333456,False,1.0,cued,2,108.0,16,False
sub06,test,4,42,23.555145833333334,23.4980625,42.0,-0.05708333333333471,13.394376381859379,-57.08333333333471,False,0.0,cued,2,108.0,16,False
sub06,test,4,43,24.110708333333335,24.027833333333334,43.0,-0.08287500000000136,11.478694727797073,-82.87500000000136,False,0.0,cued,2,108.0,16,False
sub06,test,4,44,24.666270833333332,24.589708333333334,44.0,-0.07656249999999787,48.17800764350423,-76.56249999999787,False,1.0,cued,2,108.0,16,False
sub06,test,4,45,25.221833333333333,25.188916666666668,45.0,-0.03291666666666515,12.336658013219298,-32.91666666666515,False,0.0,cued,2,108.0,16,False
sub06,test,4,46,25.777395833333333,25.736104166666667,46.0,-0.04129166666666606,9.66076518461276,-41.29166666666606,False,0.0,cued,2,108.0,16,False
sub06,test,4,47,26.332958333333334,26.277083333333334,47.0,-0.05587500000000034,38.51528721598919,-55.87500000000034,False,1.0,cued,2,108.0,16,False
sub06,test,4,48,26.888520833333335,26.8539375,48.0,-0.034583333333333854,15.606537342551157,-34.583333333333854,False,0.0,cued,2,108.0,16,False
sub06,test,4,49,27.44408333333333,27.3670625,49.0,-0.0770208333333322,10.57275071339812,-77.0208333333322,False,0.0,cued,2,108.0,16,False
sub06,test,4,50,27.999645833333332,27.9710625,50.0,-0.028583333333333627,46.05275072860468,-28.583333333333627,False,1.0,cued,2,108.0,16,False
sub06,test,4,51,28.555208333333333,28.541666666666668,51.0,-0.013541666666665009,9.694870980923886,-13.541666666665009,False,0.0,cued,2,108.0,16,False
sub06,test,4,52,29.110770833333333,29.044541666666667,52.0,-0.06622916666666612,10.144155225606031,-66.22916666666612,False,0.0,cued,2,108.0,16,False
sub06,test,4,53,29.666333333333334,29.598395833333335,53.0,-0.06793749999999932,37.2472700101497,-67.93749999999932,False,1.0,cued,2,108.0,16,False
sub06,test,5,0,0.21879166666666666,,,,,,True,,spontaneous,3,120.0,0,False
sub06,test,5,1,0.7176666666666667,,,,,,True,,spontaneous,3,120.0,0,False
sub06,test,5,2,1.2188125,1.1892916666666666,0.0,-0.02952083333333344,49.217207438092636,-29.520833333333442,False,1.0,spontaneous,3,120.0,0,False
sub06,test,5,3,1.7187916666666667,1.6980833333333334,1.0,-0.02070833333333333,15.858444061124066,-20.70833333333333,False,0.0,spontaneous,3,120.0,0,False
sub06,test,5,4,2.2176666666666667,2.187,2.0,-0.030666666666666842,12.18925541540454,-30.666666666666842,False,0.0,spontaneous,3,120.0,0,False
sub06,test,5,5,2.7176666666666667,2.700875,3.0,-0.01679166666666676,42.12201869722052,-16.79166666666676,False,1.0,spontaneous,3,120.0,0,False
sub06,test,5,6,3.2176666666666667,3.2045416666666666,4.0,-0.013125000000000053,15.690486197474652,-13.125000000000053,False,0.0,spontaneous,3,120.0,0,False
sub06,test,5,7,3.7176666666666667,3.6918125,5.0,-0.02585416666666651,15.00859422518362,-25.85416666666651,False,0.0,spontaneous,3,120.0,0,False
sub06,test,5,8,4.217666666666666,4.213375,6.0,-0.0042916666666661385,38.17415786532259,-4.2916666666661385,False,1.0,spontaneous,3,120.0,0,False
sub06,test,5,9,4.717666666666666,4.701270833333333,7.0,-0.016395833333333165,12.586938070238606,-16.395833333333165,False,0.0,spontaneous,3,120.0,0,False
sub06,test,5,10,5.217666666666666,5.140125,8.0,-0.07754166666666595,29.290785240377637,-77.54166666666595,False,0.0,spontaneous,3,120.0,0,False
sub06,test,5,11,5.7188125,5.6733125,9.0,-0.04550000000000054,38.48478977685816,-45.50000000000054,False,1.0,spontaneous,3,120.0,0,False
sub06,test,5,12,6.217666666666666,6.166229166666667,10.0,-0.05143749999999958,14.508369243952359,-51.43749999999958,False,0.0,spontaneous,3,120.0,0,False
sub06,test,5,13,6.717666666666666,6.6454375,11.0,-0.07222916666666634,9.061329346974782,-72.22916666666634,False,0.0,spontaneous,3,120.0,0,False
sub06,test,5,14,7.2188125,7.131291666666667,12.0,-0.08752083333333349,44.743910923251924,-87.52083333333348,False,1.0,spontaneous,3,120.0,0,False
sub06,test,5,15,7.717666666666666,7.650895833333333,13.0,-0.066770833333333,14.305811506447652,-66.770833333333,False,0.0,spontaneous,3,120.0,0,False
sub06,test,5,16,8.217666666666666,8.171208333333333,14.0,-0.04645833333333371,35.07755360156493,-46.45833333333371,False,1.0,spontaneous,3,120.0,0,False
sub06,test,5,17,8.717666666666666,8.714583333333334,15.0,-0.0030833333333326607,49.97643366652959,-3.0833333333326607,False,1.0,spontaneous,3,120.0,0,False
sub06,test,5,18,9.217666666666666,9.167291666666667,16.0,-0.05037499999999895,16.016752894195594,-50.37499999999895,False,0.0,spontaneous,3,120.0,0,False
sub06,test,5,19,9.717666666666666,9.694895833333334,17.0,-0.02277083333333252,45.699957140248024,-22.77083333333252,False,1.0,spontaneous,3,120.0,0,False
sub06,test,5,20,10.217666666666666,10.207791666666667,18.0,-0.00987499999999919,17.59468485046692,-9.87499999999919,False,0.0,spontaneous,3,120.0,0,False
sub06,test,5,21,10.717666666666666,10.748375,19.0,0.030708333333333115,37.922472411601916,30.708333333333115,False,1.0,spontaneous,3,120.0,0,False
sub06,test,5,22,11.217666666666666,11.212041666666666,20.0,-0.005625000000000213,32.8815199663437,-5.625000000000213,False,0.0,spontaneous,3,120.0,0,False
sub06,test,5,23,11.717666666666666,11.710145833333334,21.0,-0.007520833333332533,42.07932922601016,-7.520833333332533,False,1.0,spontaneous,3,120.0,0,False
sub06,test,5,24,12.217666666666666,12.197895833333334,22.0,-0.019770833333332405,35.46431350971709,-19.770833333332405,False,1.0,spontaneous,3,120.0,0,False
sub06,test,5,25,12.717666666666666,12.717625,23.0,-4.16666666662735e-05,45.20558210487061,-0.0416666666662735,False,1.0,spontaneous,3,120.0,0,False
sub06,test,5,26,13.217666666666666,13.167979166666667,24.0,-0.04968749999999922,6.406332423486317,-49.68749999999922,False,0.0,spontaneous,3,120.0,0,False
sub06,test,5,27,13.717666666666666,13.669,25.0,-0.04866666666666575,44.66594092992991,-48.66666666666575,False,1.0,spontaneous,3,120.0,0,False
sub06,test,5,28,14.2188125,14.19525,26.0,-0.023562500000000597,12.329255565000478,-23.562500000000597,False,0.0,spontaneous,3,120.0,0,False
sub06,test,5,29,14.717666666666666,14.689916666666667,27.0,-0.027749999999999275,39.00476636876315,-27.749999999999275,False,1.0,spontaneous,3,120.0,0,False
sub06,test,5,30,15.217666666666666,15.169979166666666,28.0,-0.04768750000000033,16.43596594937256,-47.68750000000033,False,0.0,spontaneous,3,120.0,0,False
sub06,test,5,31,15.717666666666666,15.678583333333334,29.0,-0.03908333333333225,44.521027908506795,-39.08333333333225,False,1.0,spontaneous,3,120.0,0,False
sub06,test,5,32,16.217666666666666,16.164125,30.0,-0.05354166666666771,14.204943835062098,-53.54166666666771,False,0.0,spontaneous,3,120.0,0,False
sub06,test,5,33,16.717666666666666,16.6904375,31.0,-0.02722916666666464,37.220463892204975,-27.22916666666464,False,1.0,spontaneous,3,120.0,0,False
sub06,test,5,34,17.217666666666666,17.178791666666665,32.0,-0.03887500000000088,17.6155721092915,-38.87500000000088,False,0.0,spontaneous,3,120.0,0,False
sub06,test,5,35,17.717666666666666,17.6755,33.0,-0.042166666666666686,36.72276980299169,-42.166666666666686,False,1.0,spontaneous,3,120.0,0,False
sub06,test,5,36,18.217666666666666,18.167729166666668,34.0,-0.049937499999998636,29.109029374558652,-49.937499999998636,False,0.0,spontaneous,3,120.0,0,False
sub06,test,5,37,18.717666666666666,18.728354166666666,35.0,0.010687499999999517,45.01913320233248,10.687499999999517,False,1.0,spontaneous,3,120.0,0,False
sub06,test,5,38,19.217666666666666,19.144354166666666,36.0,-0.07331250000000011,28.298454094279748,-73.31250000000011,False,0.0,spontaneous,3,120.0,0,False
sub06,test,5,39,19.717666666666666,19.653166666666667,37.0,-0.06449999999999889,40.436746764343575,-64.49999999999889,False,1.0,spontaneous,3,120.0,0,False
sub06,test,5,40,20.217666666666666,20.148791666666668,38.0,-0.06887499999999847,33.34234342396057,-68.87499999999847,False,1.0,spontaneous,3,120.0,0,False
sub06,test,5,41,20.717666666666666,20.699479166666666,39.0,-0.0181874999999998,44.34326108939615,-18.1874999999998,False,1.0,spontaneous,3,120.0,0,False
sub06,test,5,42,21.217666666666666,21.182625,40.0,-0.03504166666666464,30.840673668262625,-35.04166666666464,False,0.0,spontaneous,3,120.0,0,False
sub06,test,5,43,21.717666666666666,21.668770833333333,41.0,-0.048895833333332916,32.47733970436761,-48.89583333333292,False,0.0,spontaneous,3,120.0,0,False
sub06,test,5,44,22.217666666666666,22.173875,42.0,-0.04379166666666734,14.677519423228214,-43.79166666666734,False,0.0,spontaneous,3,120.0,0,False
sub06,test,5,45,22.717666666666666,22.697708333333335,43.0,-0.019958333333331524,44.082622543763705,-19.958333333331524,False,1.0,spontaneous,3,120.0,0,False
sub06,test,5,46,23.217666666666666,23.185416666666665,44.0,-0.03225000000000122,13.94439519632149,-32.25000000000122,False,0.0,spontaneous,3,120.0,0,False
sub06,test,5,47,23.717666666666666,23.690395833333334,45.0,-0.02727083333333269,45.269152976378635,-27.27083333333269,False,1.0,spontaneous,3,120.0,0,False
sub06,test,5,48,24.217666666666666,24.197354166666667,46.0,-0.02031249999999929,13.068716028927645,-20.31249999999929,False,0.0,spontaneous,3,120.0,0,False
sub06,test,5,49,24.717666666666666,24.709020833333334,47.0,-0.008645833333332575,44.351665678174655,-8.645833333332575,False,1.0,spontaneous,3,120.0,0,False
sub06,test,5,50,25.217666666666666,25.187583333333333,48.0,-0.030083333333333684,13.255669711169917,-30.083333333333684,False,0.0,spontaneous,3,120.0,0,False
sub06,test,5,51,25.717666666666666,25.676833333333335,49.0,-0.04083333333333172,47.67014563349309,-40.83333333333172,False,1.0,spontaneous,3,120.0,0,False
sub06,test,5,52,26.217666666666666,26.18166666666667,50.0,-0.03599999999999781,15.052724833550501,-35.99999999999781,False,0.0,spontaneous,3,120.0,0,False
sub06,test,5,53,26.717666666666666,26.7000625,51.0,-0.017604166666664867,37.564959582678085,-17.604166666664867,False,1.0,spontaneous,3,120.0,0,False
sub06,test,5,54,27.217666666666666,27.173770833333332,52.0,-0.04389583333333391,32.97518409237351,-43.89583333333391,False,0.0,spontaneous,3,120.0,0,False
sub06,test,5,55,27.717666666666666,27.7008125,53.0,-0.016854166666664838,36.593636093887355,-16.854166666664838,False,1.0,spontaneous,3,120.0,0,False
sub06,test,5,56,28.217666666666666,28.194791666666667,54.0,-0.02287499999999909,17.850578213761985,-22.87499999999909,False,0.0,spontaneous,3,120.0,0,False
sub06,test,5,57,28.717666666666666,28.692541666666667,55.0,-0.025124999999999176,45.103430911799556,-25.124999999999176,False,1.0,spontaneous,3,120.0,0,False
sub06,test,5,58,29.2188125,29.155479166666666,56.0,-0.06333333333333258,28.537750817193235,-63.333333333332575,False,0.0,spontaneous,3,120.0,0,False
sub06,test,5,59,29.717666666666666,29.68075,57.0,-0.03691666666666649,37.84105570101312,-36.91666666666649,False,1.0,spontaneous,3,120.0,0,False
sub06,test,6,0,0.21877083333333333,0.3535,0.0,0.13472916666666665,47.251543244665505,134.72916666666666,False,1.0,spontaneous,3,116.0,0,False
sub06,test,6,1,0.7348958333333333,0.7657708333333333,1.0,0.030874999999999986,30.761960423723615,30.874999999999986,False,1.0,spontaneous,3,116.0,0,False
sub06,test,6,2,1.2521458333333333,1.2440625,2.0,-0.00808333333333322,12.583279312803144,-8.08333333333322,False,0.0,spontaneous,3,116.0,0,False
sub06,test,6,3,1.7693958333333333,1.753375,3.0,-0.016020833333333373,37.17411182389236,-16.02083333333337,False,1.0,spontaneous,3,116.0,0,False
sub06,test,6,4,2.2866458333333335,2.2587083333333333,4.0,-0.02793750000000017,10.440168289843738,-27.93750000000017,False,0.0,spontaneous,3,116.0,0,False
sub06,test,6,5,2.805041666666667,2.78975,5.0,-0.015291666666666703,7.978539771481403,-15.291666666666703,False,0.0,spontaneous,3,116.0,0,False
sub06,test,6,6,3.3222916666666666,3.30475,6.0,-0.01754166666666679,45.74345663530865,-17.54166666666679,False,1.0,spontaneous,3,116.0,0,False
sub06,test,6,7,3.8383958333333332,3.8365625,7.0,-0.0018333333333333535,9.891901719850182,-1.8333333333333535,False,0.0,spontaneous,3,116.0,0,False
sub06,test,6,8,4.355645833333333,4.317666666666667,8.0,-0.03797916666666623,11.334280142905344,-37.97916666666623,False,0.0,spontaneous,3,116.0,0,False
sub06,test,6,9,4.872895833333334,4.8384583333333335,9.0,-0.03443750000000012,48.83674401504634,-34.43750000000012,False,1.0,spontaneous,3,116.0,0,False
sub06,test,6,10,5.390145833333333,5.343375,10.0,-0.04677083333333343,15.373117723040494,-46.77083333333343,False,0.0,spontaneous,3,116.0,0,False
sub06,test,6,11,5.907395833333333,5.847375,11.0,-0.060020833333332746,23.323065804584118,-60.020833333332746,False,0.0,spontaneous,3,116.0,0,False
sub06,test,6,12,6.425791666666667,6.3605,12.0,-0.06529166666666697,49.1454263314575,-65.29166666666697,False,1.0,spontaneous,3,116.0,0,False
sub06,test,6,13,6.941895833333334,6.904375,13.0,-0.03752083333333367,12.463686231582457,-37.52083333333367,False,0.0,spontaneous,3,116.0,0,False
sub06,test,6,14,7.459145833333333,7.436791666666666,14.0,-0.02235416666666712,15.755085705030552,-22.35416666666712,False,0.0,spontaneous,3,116.0,0,False
sub06,test,6,15,7.976395833333333,7.927,15.0,-0.04939583333333353,47.97063448359261,-49.39583333333353,False,1.0,spontaneous,3,116.0,0,False
sub06,test,6,16,8.493645833333334,8.412416666666667,16.0,-0.08122916666666669,14.678546536923855,-81.22916666666669,False,0.0,spontaneous,3,116.0,0,False
sub06,test,6,17,9.010895833333333,8.979375,17.0,-0.03152083333333344,18.99702735893347,-31.520833333333442,False,0.0,spontaneous,3,116.0,0,False
sub06,test,6,18,9.528145833333333,9.484729166666666,18.0,-0.043416666666667325,48.056924763551415,-43.416666666667325,False,1.0,spontaneous,3,116.0,0,False
sub06,test,6,19,10.045395833333334,9.979208333333334,19.0,-0.06618749999999984,7.22050907782667,-66.18749999999984,False,0.0,spontaneous,3,116.0,0,False
sub06,test,6,20,10.562645833333333,10.497104166666666,20.0,-0.06554166666666639,9.036927552801043,-65.54166666666639,False,0.0,spontaneous,3,116.0,0,False
sub06,test,6,21,11.079895833333333,11.025395833333333,21.0,-0.05450000000000088,40.36832423202441,-54.50000000000088,False,1.0,spontaneous,3,116.0,0,False
sub06,test,6,22,11.597145833333334,11.584916666666667,22.0,-0.012229166666667624,14.36571207751032,-12.229166666667624,False,0.0,spontaneous,3,116.0,0,False
sub06,test,6,23,12.114395833333333,12.070895833333333,23.0,-0.04349999999999987,17.965309709736704,-43.49999999999987,False,0.0,spontaneous,3,116.0,0,False
sub06,test,6,24,12.631645833333334,12.571604166666667,24.0,-0.06004166666666677,39.26571975715717,-60.04166666666677,False,1.0,spontaneous,3,116.0,0,False
sub06,test,6,25,13.148895833333333,13.0811875,25.0,-0.06770833333333215,12.161108969687257,-67.70833333333215,False,0.0,spontaneous,3,116.0,0,False
sub06,test,6,26,13.666145833333333,13.600020833333334,26.0,-0.06612499999999955,22.32258255662049,-66.12499999999955,False,0.0,spontaneous,3,116.0,0,False
sub06,test,6,27,14.183395833333334,14.1240625,27.0,-0.059333333333333016,50.07760256322057,-59.333333333333016,False,1.0,spontaneous,3,116.0,0,False
sub06,test,6,28,14.700645833333333,14.648270833333333,28.0,-0.052374999999999616,14.43045568439434,-52.374999999999616,False,0.0,spontaneous,3,116.0,0,False
sub06,test,6,29,15.219041666666667,15.170375,29.0,-0.048666666666667524,13.938432035754715,-48.666666666667524,False,0.0,spontaneous,3,116.0,0,False
sub06,test,6,30,15.735145833333334,15.687375,30.0,-0.04777083333333465,46.55133397104961,-47.77083333333465,False,1.0,spontaneous,3,116.0,0,False
sub06,test,6,31,16.252395833333335,16.225916666666667,31.0,-0.026479166666668164,13.255242150764055,-26.479166666668164,False,0.0,spontaneous,3,116.0,0,False
sub06,test,6,32,16.769645833333332,16.726625,32.0,-0.043020833333333286,23.086918495630258,-43.020833333333286,False,0.0,spontaneous,3,116.0,0,False
sub06,test,6,33,17.286895833333332,17.25122916666667,33.0,-0.03566666666666407,39.84161058952997,-35.66666666666407,False,1.0,spontaneous,3,116.0,0,False
sub06,test,6,34,17.804145833333333,17.761479166666668,34.0,-0.04266666666666552,11.36213947106372,-42.66666666666552,False,0.0,spontaneous,3,116.0,0,False
sub06,test,6,35,18.321395833333334,18.2824375,35.0,-0.03895833333333343,18.023745837456868,-38.95833333333343,False,0.0,spontaneous,3,116.0,0,False
sub06,test,6,36,18.838645833333334,18.786729166666667,36.0,-0.051916666666667055,36.77131239164921,-51.916666666667055,False,1.0,spontaneous,3,116.0,0,False
sub06,test,6,37,19.355895833333335,19.307875,37.0,-0.048020833333335844,30.92426259944707,-48.020833333335844,False,1.0,spontaneous,3,116.0,0,False
sub06,test,6,38,19.873145833333332,19.840375,38.0,-0.03277083333333053,32.13967792528424,-32.77083333333053,False,1.0,spontaneous,3,116.0,0,False
sub06,test,6,39,20.391520833333335,20.347625,39.0,-0.04389583333333391,40.52579219775045,-43.89583333333391,False,1.0,spontaneous,3,116.0,0,False
sub06,test,6,40,20.907645833333333,20.843625,40.0,-0.06402083333333408,30.96316312868259,-64.02083333333408,False,1.0,spontaneous,3,116.0,0,False
sub06,test,6,41,21.424895833333334,21.358020833333335,41.0,-0.06687499999999957,34.279444558987244,-66.87499999999957,False,1.0,spontaneous,3,116.0,0,False
sub06,test,6,42,21.942145833333335,21.894916666666667,42.0,-0.047229166666667766,50.165957708242395,-47.229166666667766,False,1.0,spontaneous,3,116.0,0,False
sub06,test,6,43,22.459395833333332,22.415145833333334,43.0,-0.044249999999998124,23.596207579887633,-44.249999999998124,False,0.0,spontaneous,3,116.0,0,False
sub06,test,6,44,22.976645833333333,22.942,44.0,-0.034645833333332376,34.153961847917785,-34.64583333333238,False,1.0,spontaneous,3,116.0,0,False
sub06,test,6,45,23.493895833333333,23.440166666666666,45.0,-0.05372916666666683,48.16171974023906,-53.72916666666683,False,1.0,spontaneous,3,116.0,0,False
sub06,test,6,46,24.011145833333334,23.96625,46.0,-0.04489583333333513,11.70078275273158,-44.89583333333513,False,0.0,spontaneous,3,116.0,0,False
sub06,test,6,47,24.528395833333335,24.492,47.0,-0.03639583333333363,13.287051456210666,-36.39583333333363,False,0.0,spontaneous,3,116.0,0,False
sub06,test,6,48,25.04564583333333,25.019145833333333,48.0,-0.026499999999998636,41.07806314388527,-26.499999999998636,False,1.0,spontaneous,3,116.0,0,False
sub06,test,6,49,25.562895833333332,25.536458333333332,49.0,-0.026437500000000114,15.497863576151548,-26.437500000000114,False,0.0,spontaneous,3,116.0,0,False
sub06,test,6,50,26.080145833333333,26.0493125,50.0,-0.030833333333333712,32.60259097584498,-30.833333333333712,False,1.0,spontaneous,3,116.0,0,False
sub06,test,6,51,26.597395833333334,26.565416666666668,51.0,-0.031979166666666003,48.826175594734465,-31.979166666666003,False,1.0,spontaneous,3,116.0,0,False
sub06,test,6,52,27.114645833333334,27.119020833333334,52.0,0.004374999999999574,32.3676969209665,4.374999999999574,False,1.0,spontaneous,3,116.0,0,False
sub06,test,6,53,27.631895833333335,27.585125,53.0,-0.04677083333333343,33.889143963909035,-46.77083333333343,False,1.0,spontaneous,3,116.0,0,False
sub06,test,6,54,28.149145833333332,28.134354166666668,54.0,-0.014791666666663872,50.574102419716155,-14.791666666663872,False,1.0,spontaneous,3,116.0,0,False
sub06,test,6,55,28.666395833333333,28.619791666666668,55.0,-0.04660416666666478,22.18524564568799,-46.60416666666478,False,0.0,spontaneous,3,116.0,0,False
sub06,test,6,56,29.183645833333333,29.10054166666667,56.0,-0.08310416666666498,22.83228965942203,-83.10416666666498,False,0.0,spontaneous,3,116.0,0,False
sub06,test,7,0,0.21879166666666666,0.360625,0.0,0.1418333333333333,47.253563626438755,141.83333333333331,False,1.0,cued,2,104.0,14,False
sub06,test,7,1,0.7945833333333333,0.7582083333333334,1.0,-0.036374999999999935,17.403846230051144,-36.374999999999936,False,0.0,cued,2,104.0,14,False
sub06,test,7,2,1.3715,1.2806666666666666,2.0,-0.09083333333333332,48.82874257300668,-90.83333333333331,False,1.0,cued,2,104.0,14,False
sub06,test,7,3,1.9495625,1.8975625,3.0,-0.052000000000000046,6.285308331660662,-52.00000000000004,False,0.0,cued,2,104.0,14,False
sub06,test,7,4,2.525333333333333,2.486479166666667,4.0,-0.03885416666666641,39.61955722316538,-38.854166666666416,False,1.0,cued,2,104.0,14,False
sub06,test,7,5,3.1033958333333334,3.0683541666666665,5.0,-0.03504166666666686,7.63375991589349,-35.041666666666856,False,0.0,cued,2,104.0,14,False
sub06,test,7,6,3.6791666666666667,3.6247708333333333,6.0,-0.05439583333333342,46.56157850825337,-54.39583333333342,False,1.0,cued,2,104.0,14,False
sub06,test,7,7,4.256083333333334,4.227625,7.0,-0.02845833333333392,7.35288324890714,-28.45833333333392,False,0.0,cued,2,104.0,14,False
sub06,test,7,8,4.834145833333333,4.781416666666667,8.0,-0.052729166666666494,45.730669327235596,-52.729166666666494,False,1.0,cued,2,104.0,14,False
sub06,test,7,9,5.409916666666667,5.368708333333333,9.0,-0.04120833333333351,23.724158797203007,-41.20833333333351,False,0.0,cued,2,104.0,14,False
sub06,test,7,10,5.986833333333333,5.952708333333334,10.0,-0.03412499999999952,45.933427274904744,-34.12499999999952,False,1.0,cued,2,104.0,14,False
sub06,test,7,11,6.56375,6.4945625,11.0,-0.06918749999999996,17.549956416937068,-69.18749999999996,False,0.0,cued,2,104.0,14,False
sub06,test,7,12,7.140666666666666,7.146458333333333,12.0,0.0057916666666670835,39.839788485248576,5.7916666666670835,False,1.0,cued,2,104.0,14,False
sub06,test,7,13,7.717583333333334,7.713958333333333,13.0,-0.0036250000000004334,14.308608173953036,-3.6250000000004334,False,0.0,cued,2,104.0,14,False
sub06,test,7,14,8.2945,8.2618125,14.0,-0.03268749999999976,45.83804538270205,-32.68749999999976,False,1.0,cued,2,104.0,14,False
sub06,test,7,15,8.871416666666667,8.801229166666667,15.0,-0.0701874999999994,35.079727468223425,-70.1874999999994,False,0.0,cued,2,104.0,14,False
sub06,test,7,16,9.448333333333334,9.411416666666666,16.0,-0.03691666666666826,48.0298940836471,-36.91666666666826,False,1.0,cued,2,104.0,14,False
sub06,test,7,17,10.02525,9.971979166666667,17.0,-0.05327083333333249,18.41763435045949,-53.27083333333249,False,0.0,cued,2,104.0,14,False
sub06,test,7,18,10.602166666666667,10.559729166666667,18.0,-0.04243750000000013,44.86020827174768,-42.43750000000013,False,1.0,cued,2,104.0,14,False
sub06,test,7,19,11.179083333333333,11.182875,19.0,0.0037916666666664156,11.201624726417679,3.7916666666664156,False,0.0,cued,2,104.0,14,False
sub06,test,7,20,11.756,11.720541666666668,20.0,-0.0354583333333327,38.22260091940693,-35.4583333333327,False,1.0,cued,2,104.0,14,False
sub06,test,7,21,12.332916666666666,12.282270833333333,21.0,-0.05064583333333239,14.535094487330273,-50.64583333333239,False,0.0,cued,2,104.0,14,False
sub06,test,7,22,12.909833333333333,12.8613125,22.0,-0.0485208333333329,42.862070299831565,-48.5208333333329,False,1.0,cued,2,104.0,14,False
sub06,test,7,23,13.48675,13.443625,23.0,-0.04312499999999986,28.22648364610853,-43.12499999999986,False,0.0,cued,2,104.0,14,False
sub06,test,7,24,14.063666666666666,14.043145833333334,24.0,-0.020520833333332433,48.6847347189829,-20.520833333332433,False,1.0,cued,2,104.0,14,False
sub06,test,7,25,14.640583333333334,14.620770833333333,25.0,-0.019812500000000455,36.074865218264605,-19.812500000000455,False,1.0,cued,2,104.0,14,False
sub06,test,7,26,15.2175,15.207145833333334,26.0,-0.010354166666665776,32.94573071995173,-10.354166666665776,False,0.0,cued,2,104.0,14,False
sub06,test,7,27,15.794416666666667,15.735375,27.0,-0.059041666666667325,40.542858860351735,-59.041666666667325,False,1.0,cued,2,104.0,14,False
sub06,test,7,28,16.371333333333332,16.317708333333332,28.0,-0.053625000000000256,30.715936087359847,-53.625000000000256,False,0.0,cued,2,104.0,14,False
sub06,test,7,29,16.94825,16.857125,29.0,-0.09112500000000168,33.736047316181164,-91.12500000000168,False,0.0,cued,2,104.0,14,False
sub06,test,7,30,17.525166666666667,17.4368125,30.0,-0.08835416666666873,46.907343060013595,-88.35416666666873,False,1.0,cued,2,104.0,14,False
sub06,test,7,31,18.102083333333333,18.012625,31.0,-0.08945833333333297,13.754603877138905,-89.45833333333297,False,0.0,cued,2,104.0,14,False
sub06,test,7,32,18.679,18.588,32.0,-0.09099999999999753,34.600841354339416,-90.99999999999753,False,0.0,cued,2,104.0,14,False
sub06,test,7,33,19.255916666666668,19.17525,33.0,-0.08066666666666933,45.120771634022425,-80.66666666666933,False,1.0,cued,2,104.0,14,False
sub06,test,7,34,19.832833333333333,19.734020833333332,34.0,-0.09881250000000108,30.609676170662503,-98.81250000000108,False,0.0,cued,2,104.0,14,False
sub06,test,7,35,20.40975,20.341958333333334,35.0,-0.0677916666666647,33.89173347165037,-67.7916666666647,False,0.0,cued,2,104.0,14,False
sub06,test,7,36,20.986666666666668,20.9166875,36.0,-0.06997916666666981,40.360805252841516,-69.97916666666981,False,1.0,cued,2,104.0,14,False
sub06,test,7,37,21.563583333333334,21.49341666666667,37.0,-0.07016666666666538,29.22304753110317,-70.16666666666538,False,0.0,cued,2,104.0,14,False
sub06,test,7,38,22.14164583333333,22.068208333333335,38.0,-0.07343749999999716,35.328960428678265,-73.43749999999716,False,1.0,cued,2,104.0,14,False
sub06,test,7,39,22.717416666666665,22.623166666666666,39.0,-0.09424999999999883,45.460063444556475,-94.24999999999883,False,1.0,cued,2,104.0,14,False
sub06,test,7,40,23.294333333333334,23.209583333333335,40.0,-0.08474999999999966,33.0549378178462,-84.74999999999966,False,0.0,cued,2,104.0,14,False
sub06,test,7,41,23.87125,23.799666666666667,41.0,-0.07158333333333289,35.460384872105266,-71.58333333333289,False,1.0,cued,2,104.0,14,False
sub06,test,7,42,24.448166666666665,24.365083333333335,42.0,-0.08308333333333096,47.07181875522018,-83.08333333333096,False,1.0,cued,2,104.0,14,False
sub06,test,7,43,25.025083333333335,24.942041666666668,43.0,-0.08304166666666646,35.14701381321881,-83.04166666666646,False,1.0,cued,2,104.0,14,False
sub06,test,7,44,25.602,25.544666666666668,44.0,-0.05733333333333235,33.73994982033725,-57.33333333333235,False,0.0,cued,2,104.0,14,False
sub06,test,7,45,26.178916666666666,26.083854166666665,45.0,-0.09506250000000094,38.82129243100459,-95.06250000000094,False,1.0,cued,2,104.0,14,False
sub06,test,7,46,26.75583333333333,26.686875,46.0,-0.06895833333333101,5.508226374549958,-68.95833333333101,False,0.0,cued,2,104.0,14,False
sub06,test,7,47,27.33275,27.286,47.0,-0.0467499999999994,33.14099648600581,-46.7499999999994,False,0.0,cued,2,104.0,14,False
sub06,test,7,48,27.909666666666666,27.832208333333334,48.0,-0.07745833333333252,38.150708310399786,-77.45833333333252,False,1.0,cued,2,104.0,14,False
sub06,test,7,49,28.486583333333332,28.42675,49.0,-0.05983333333333363,29.825928135665926,-59.83333333333363,False,0.0,cued,2,104.0,14,False
sub06,test,7,50,29.0635,28.986291666666666,50.0,-0.07720833333333488,31.540977408746812,-77.20833333333488,False,0.0,cued,2,104.0,14,False
sub06,test,7,51,29.640416666666667,29.5531875,51.0,-0.08722916666666691,38.73511730395282,-87.22916666666691,False,1.0,cued,2,104.0,14,False
sub06,test,8,0,0.21879166666666666,,,,,,True,,spontaneous,2,116.0,0,False
sub06,test,8,1,0.7348958333333333,0.704625,0.0,-0.030270833333333358,37.416769074005344,-30.270833333333357,False,1.0,spontaneous,2,116.0,0,False
sub06,test,8,2,1.2521458333333333,1.2627083333333333,1.0,0.01056250000000003,39.52319554880634,10.56250000000003,False,1.0,spontaneous,2,116.0,0,False
sub06,test,8,3,1.7693958333333333,1.692,2.0,-0.07739583333333333,30.05028199016583,-77.39583333333333,False,0.0,spontaneous,2,116.0,0,False
sub06,test,8,4,2.2866458333333335,2.2339375,3.0,-0.05270833333333336,47.59057720367112,-52.70833333333336,False,1.0,spontaneous,2,116.0,0,False
sub06,test,8,5,2.8038958333333333,2.784708333333333,4.0,-0.019187500000000135,17.870125274576463,-19.187500000000135,False,0.0,spontaneous,2,116.0,0,False
sub06,test,8,6,3.3211458333333335,3.3130208333333333,5.0,-0.00812500000000016,46.06316935803019,-8.12500000000016,False,1.0,spontaneous,2,116.0,0,False
sub06,test,8,7,3.8383958333333332,3.804125,6.0,-0.03427083333333325,16.074922553705406,-34.27083333333325,False,0.0,spontaneous,2,116.0,0,False
sub06,test,8,8,4.355645833333333,4.289291666666666,7.0,-0.06635416666666671,37.63311032377765,-66.35416666666671,False,1.0,spontaneous,2,116.0,0,False
sub06,test,8,9,4.872895833333334,4.798729166666667,8.0,-0.07416666666666671,19.745148909587463,-74.16666666666671,False,0.0,spontaneous,2,116.0,0,False
sub06,test,8,10,5.390145833333333,5.3341875,9.0,-0.055958333333333776,46.11679851313693,-55.958333333333776,False,1.0,spontaneous,2,116.0,0,False
sub06,test,8,11,5.907395833333333,5.868333333333333,10.0,-0.0390625,11.906040197068107,-39.0625,False,0.0,spontaneous,2,116.0,0,False
sub06,test,8,12,6.424645833333333,6.390104166666666,11.0,-0.03454166666666669,44.52778906988354,-34.54166666666669,False,1.0,spontaneous,2,116.0,0,False
sub06,test,8,13,6.941895833333334,6.887958333333334,12.0,-0.05393749999999997,16.917014350258306,-53.93749999999997,False,0.0,spontaneous,2,116.0,0,False
sub06,test,8,14,7.459145833333333,7.421458333333334,13.0,-0.03768749999999965,38.15431723062985,-37.68749999999965,False,1.0,spontaneous,2,116.0,0,False
sub06,test,8,15,7.976395833333333,7.938354166666667,14.0,-0.03804166666666653,30.840725856320788,-38.04166666666653,False,0.0,spontaneous,2,116.0,0,False
sub06,test,8,16,8.493645833333334,8.481666666666667,15.0,-0.01197916666666643,46.84516911943575,-11.97916666666643,False,1.0,spontaneous,2,116.0,0,False
sub06,test,8,17,9.010895833333333,8.952104166666667,16.0,-0.05879166666666613,17.68010827448341,-58.79166666666613,False,0.0,spontaneous,2,116.0,0,False
sub06,test,8,18,9.528145833333333,9.44825,17.0,-0.0798958333333335,42.45515957911398,-79.8958333333335,False,1.0,spontaneous,2,116.0,0,False
sub06,test,8,19,10.045395833333334,9.9824375,18.0,-0.06295833333333434,37.28586256748838,-62.95833333333434,False,1.0,spontaneous,2,116.0,0,False
sub06,test,8,20,10.562645833333333,10.533145833333334,19.0,-0.02949999999999875,47.395173674722095,-29.49999999999875,False,1.0,spontaneous,2,116.0,0,False
sub06,test,8,21,11.081041666666666,11.005375,20.0,-0.075666666666665,10.067630769929789,-75.666666666665,False,0.0,spontaneous,2,116.0,0,False
sub06,test,8,22,11.597145833333334,11.5453125,21.0,-0.05183333333333451,32.4326099821946,-51.83333333333451,False,0.0,spontaneous,2,116.0,0,False
sub06,test,8,23,12.114395833333333,12.049020833333334,22.0,-0.06537499999999952,37.93865000825172,-65.37499999999952,False,1.0,spontaneous,2,116.0,0,False
sub06,test,8,24,12.631645833333334,12.567208333333333,23.0,-0.06443750000000037,29.272569833491428,-64.43750000000037,False,0.0,spontaneous,2,116.0,0,False
sub06,test,8,25,13.148895833333333,13.140354166666667,24.0,-0.008541666666666003,33.379306004240334,-8.541666666666003,False,1.0,spontaneous,2,116.0,0,False
sub06,test,8,26,13.666145833333333,13.619895833333333,25.0,-0.04625000000000057,38.36401265763296,-46.25000000000057,False,1.0,spontaneous,2,116.0,0,False
sub06,test,8,27,14.183395833333334,14.100479166666666,26.0,-0.08291666666666764,30.13318336306797,-82.91666666666764,False,0.0,spontaneous,2,116.0,0,False
sub06,test,8,28,14.700645833333333,14.6394375,27.0,-0.06120833333333309,34.81796334098384,-61.20833333333309,False,1.0,spontaneous,2,116.0,0,False
sub06,test,8,29,15.217895833333333,15.167541666666667,28.0,-0.0503541666666667,45.16497638654221,-50.3541666666667,False,1.0,spontaneous,2,116.0,0,False
sub06,test,8,30,15.735145833333334,15.658708333333333,29.0,-0.07643750000000082,15.221180641467127,-76.43750000000082,False,0.0,spontaneous,2,116.0,0,False
sub06,test,8,31,16.252395833333335,16.178229166666668,30.0,-0.07416666666666671,32.98779869432201,-74.16666666666671,False,0.0,spontaneous,2,116.0,0,False
sub06,test,8,32,16.769645833333332,16.697354166666667,31.0,-0.07229166666666487,44.128918509151454,-72.29166666666487,False,1.0,spontaneous,2,116.0,0,False
sub06,test,8,33,17.286895833333332,17.212833333333332,32.0,-0.07406250000000014,16.023539453789496,-74.06250000000014,False,0.0,spontaneous,2,116.0,0,False
sub06,test,8,34,17.804145833333333,17.753541666666667,33.0,-0.05060416666666612,33.49622165233537,-50.60416666666612,False,1.0,spontaneous,2,116.0,0,False
sub06,test,8,35,18.321395833333334,18.2828125,34.0,-0.03858333333333519,44.03696040001045,-38.58333333333519,False,1.0,spontaneous,2,116.0,0,False
sub06,test,8,36,18.838645833333334,18.753479166666665,35.0,-0.0851666666666695,27.095055169190697,-85.1666666666695,False,0.0,spontaneous,2,116.0,0,False
sub06,test,8,37,19.355895833333335,19.233958333333334,36.0,-0.12193750000000136,16.804047673349775,-121.93750000000136,False,0.0,spontaneous,2,116.0,0,False
sub06,test,8,38,19.873145833333332,19.792416666666668,37.0,-0.0807291666666643,42.50822222904746,-80.7291666666643,False,1.0,spontaneous,2,116.0,0,False
sub06,test,8,39,20.390395833333333,20.333208333333335,38.0,-0.057187499999997726,30.857148815549976,-57.187499999997726,False,0.0,spontaneous,2,116.0,0,False
sub06,test,8,40,20.907645833333333,20.846395833333332,39.0,-0.06125000000000114,16.947087641120664,-61.25000000000114,False,0.0,spontaneous,2,116.0,0,False
sub06,test,8,41,21.424895833333334,21.356291666666667,40.0,-0.0686041666666668,43.551386789448784,-68.6041666666668,False,1.0,spontaneous,2,116.0,0,False
sub06,test,8,42,21.942145833333335,21.88458333333333,41.0,-0.05756250000000307,8.148577547569841,-57.56250000000307,False,0.0,spontaneous,2,116.0,0,False
sub06,test,8,43,22.459395833333332,22.371395833333334,42.0,-0.08799999999999741,16.561581170963102,-87.99999999999741,False,0.0,spontaneous,2,116.0,0,False
sub06,test,8,44,22.976645833333333,22.91658333333333,43.0,-0.060062500000000796,47.787657141470426,-60.062500000000796,False,1.0,spontaneous,2,116.0,0,False
sub06,test,8,45,23.493895833333333,23.412479166666667,44.0,-0.0814166666666658,35.00445747748242,-81.4166666666658,False,1.0,spontaneous,2,116.0,0,False
sub06,test,8,46,24.011145833333334,23.9318125,45.0,-0.07933333333333437,11.377540000744645,-79.33333333333437,False,0.0,spontaneous,2,116.0,0,False
sub06,test,8,47,24.528395833333335,24.458916666666667,46.0,-0.06947916666666742,44.82650357061648,-69.47916666666742,False,1.0,spontaneous,2,116.0,0,False
sub06,test,8,48,25.04564583333333,24.959208333333333,47.0,-0.08643749999999883,12.723735043150535,-86.43749999999883,False,0.0,spontaneous,2,116.0,0,False
sub06,test,8,49,25.562895833333332,25.501583333333333,48.0,-0.06131249999999966,13.243967884514143,-61.31249999999966,False,0.0,spontaneous,2,116.0,0,False
sub06,test,8,50,26.080145833333333,26.003375,49.0,-0.07677083333333456,36.43398454835257,-76.77083333333456,False,1.0,spontaneous,2,116.0,0,False
sub06,test,8,51,26.597395833333334,26.512479166666665,50.0,-0.0849166666666683,10.16801282396704,-84.9166666666683,False,0.0,spontaneous,2,116.0,0,False
sub06,test,8,52,27.114645833333334,27.035333333333334,51.0,-0.07931250000000034,30.732887809646897,-79.31250000000034,False,0.0,spontaneous,2,116.0,0,False
sub06,test,8,53,27.631895833333335,27.618354166666666,52.0,-0.013541666666668561,39.50113803382359,-13.541666666668561,False,1.0,spontaneous,2,116.0,0,False
sub06,test,8,54,28.149145833333332,28.108416666666667,53.0,-0.04072916666666515,31.43216538896663,-40.72916666666515,False,0.0,spontaneous,2,116.0,0,False
sub06,test,8,55,28.666395833333333,28.593645833333333,54.0,-0.0727499999999992,28.865706204874492,-72.7499999999992,False,0.0,spontaneous,2,116.0,0,False
sub06,test,8,56,29.183645833333333,29.124541666666666,55.0,-0.059104166666667624,38.57163696996847,-59.10416666666762,False,1.0,spontaneous,2,116.0,0,False
sub06,test,9,0,0.21879166666666666,0.3527708333333333,0.0,0.13397916666666665,39.39758277589858,133.97916666666666,False,1.0,cued,3,108.0,14,False
sub06,test,9,1,0.7732083333333334,0.7416041666666666,1.0,-0.031604166666666766,12.793405176311,-31.604166666666767,False,0.0,cued,3,108.0,14,False
sub06,test,9,2,1.3298958333333333,1.2134166666666666,2.0,-0.11647916666666669,8.054725386068982,-116.47916666666669,False,0.0,cued,3,108.0,14,False
sub06,test,9,3,1.8843333333333334,1.7970833333333334,3.0,-0.08725000000000005,48.21533420375989,-87.25000000000006,False,1.0,cued,3,108.0,14,False
sub06,test,9,4,2.4398958333333334,2.3505833333333332,4.0,-0.08931250000000013,16.815176100267777,-89.31250000000013,False,0.0,cued,3,108.0,14,False
sub06,test,9,5,2.995458333333333,2.9206458333333334,5.0,-0.07481249999999973,8.60920003666482,-74.81249999999973,False,0.0,cued,3,108.0,14,False
sub06,test,9,6,3.5510208333333333,3.463791666666667,6.0,-0.08722916666666647,51.06599466798096,-87.22916666666647,False,1.0,cued,3,108.0,14,False
sub06,test,9,7,4.106583333333333,4.040479166666667,7.0,-0.06610416666666641,11.123396299925686,-66.1041666666664,False,0.0,cued,3,108.0,14,False
sub06,test,9,8,4.662145833333334,4.614416666666667,8.0,-0.0477291666666666,14.32133819719315,-47.7291666666666,False,0.0,cued,3,108.0,14,False
sub06,test,9,9,5.217708333333333,5.19075,9.0,-0.026958333333332973,46.793440859439244,-26.958333333332973,False,1.0,cued,3,108.0,14,False
sub06,test,9,10,5.773270833333333,5.721666666666667,10.0,-0.05160416666666645,14.809546291477826,-51.60416666666645,False,0.0,cued,3,108.0,14,False
sub06,test,9,11,6.328833333333334,6.2783541666666665,11.0,-0.0504791666666673,16.73564843176686,-50.4791666666673,False,0.0,cued,3,108.0,14,False
sub06,test,9,12,6.8843958333333335,6.808104166666666,12.0,-0.07629166666666709,38.704666581837124,-76.29166666666708,False,1.0,cued,3,108.0,14,False
sub06,test,9,13,7.439958333333333,7.3450625,13.0,-0.09489583333333318,10.80936987031643,-94.89583333333317,False,0.0,cued,3,108.0,14,False
sub06,test,9,14,7.995520833333333,7.923958333333333,14.0,-0.07156249999999975,8.643544879557805,-71.56249999999974,False,0.0,cued,3,108.0,14,False
sub06,test,9,15,8.551083333333333,8.501208333333333,15.0,-0.049875000000000114,39.07489812760835,-49.875000000000114,False,1.0,cued,3,108.0,14,False
sub06,test,9,16,9.106645833333333,9.028625,16.0,-0.07802083333333343,13.419288837458097,-78.02083333333343,False,0.0,cued,3,108.0,14,False
sub06,test,9,17,9.662208333333334,9.591229166666666,17.0,-0.07097916666666748,9.380608385000208,-70.97916666666748,False,0.0,cued,3,108.0,14,False
sub06,test,9,18,10.217770833333333,10.181875,18.0,-0.035895833333333016,39.794920672985,-35.895833333333016,False,1.0,cued,3,108.0,14,False
sub06,test,9,19,10.774479166666667,10.68475,19.0,-0.08972916666666819,11.069035557921278,-89.72916666666819,False,0.0,cued,3,108.0,14,False
sub06,test,9,20,11.328895833333334,11.265958333333334,20.0,-0.06293750000000031,33.08009186238258,-62.93750000000031,False,1.0,cued,3,108.0,14,False
sub06,test,9,21,11.885604166666667,11.813395833333333,21.0,-0.0722083333333341,38.86893850633324,-72.2083333333341,False,1.0,cued,3,108.0,14,False
sub06,test,9,22,12.440020833333334,12.346625,22.0,-0.09339583333333401,31.102683594091637,-93.39583333333401,False,0.0,cued,3,108.0,14,False
sub06,test,9,23,12.995583333333334,12.9164375,23.0,-0.07914583333333347,31.401727128550085,-79.14583333333347,False,0.0,cued,3,108.0,14,False
sub06,test,9,24,13.551145833333333,13.485145833333334,24.0,-0.06599999999999895,39.47355048584958,-65.99999999999895,False,1.0,cued,3,108.0,14,False
sub06,test,9,25,14.106708333333334,14.008916666666666,25.0,-0.09779166666666761,29.302076740846204,-97.79166666666761,False,0.0,cued,3,108.0,14,False
sub06,test,9,26,14.662270833333332,14.596333333333334,26.0,-0.06593749999999865,29.800845257823063,-65.93749999999865,False,0.0,cued,3,108.0,14,False
sub06,test,9,27,15.218958333333333,15.183833333333334,27.0,-0.03512499999999896,38.26879850603547,-35.12499999999896,False,1.0,cued,3,108.0,14,False
sub06,test,9,28,15.773395833333334,15.725208333333333,28.0,-0.04818750000000094,30.145736206173126,-48.18750000000094,False,0.0,cued,3,108.0,14,False
sub06,test,9,29,16.328958333333333,16.287916666666668,29.0,-0.04104166666666487,29.332893440527954,-41.04166666666487,False,0.0,cued,3,108.0,14,False
sub06,test,9,30,16.884520833333333,16.860354166666667,30.0,-0.024166666666666003,39.41426916148898,-24.166666666666003,False,1.0,cued,3,108.0,14,False
sub06,test,9,31,17.440083333333334,17.4064375,31.0,-0.03364583333333471,30.37786600527939,-33.64583333333471,False,0.0,cued,3,108.0,14,False
sub06,test,9,32,17.995645833333334,17.9410625,32.0,-0.05458333333333343,28.466467578913395,-54.58333333333343,False,0.0,cued,3,108.0,14,False
sub06,test,9,33,18.551208333333335,18.501541666666668,33.0,-0.04966666666666697,38.43824527645482,-49.66666666666697,False,1.0,cued,3,108.0,14,False
sub06,test,9,34,19.106770833333332,19.048958333333335,34.0,-0.05781249999999716,28.79797304247113,-57.81249999999716,False,0.0,cued,3,108.0,14,False
sub06,test,9,35,19.662333333333333,19.651354166666668,35.0,-0.010979166666665208,29.69283540576962,-10.979166666665208,False,0.0,cued,3,108.0,14,False
sub06,test,9,36,20.217895833333333,20.1504375,36.0,-0.06745833333333451,49.73250960047317,-67.45833333333451,False,1.0,cued,3,108.0,14,False
sub06,test,9,37,20.774604166666666,20.6944375,37.0,-0.08016666666666694,10.667916567545564,-80.16666666666694,False,0.0,cued,3,108.0,14,False
sub06,test,9,38,21.329020833333335,21.2753125,38.0,-0.053708333333336356,14.359969047642327,-53.708333333336356,False,0.0,cued,3,108.0,14,False
sub06,test,9,39,21.88458333333333,21.8573125,39.0,-0.02727083333333269,36.2656974592199,-27.27083333333269,False,1.0,cued,3,108.0,14,False
sub06,test,9,40,22.440145833333332,22.398208333333333,40.0,-0.04193749999999952,31.43350545670021,-41.93749999999952,False,1.0,cued,3,108.0,14,False
sub06,test,9,41,22.995708333333333,22.961541666666665,41.0,-0.03416666666666757,40.95447624481983,-34.16666666666757,False,1.0,cued,3,108.0,14,False
sub06,test,9,42,23.551270833333334,23.51033333333333,42.0,-0.04093750000000185,33.996412779523624,-40.93750000000185,False,1.0,cued,3,108.0,14,False
sub06,test,9,43,24.106833333333334,24.071145833333333,43.0,-0.03568750000000165,39.427028162542605,-35.68750000000165,False,1.0,cued,3,108.0,14,False
sub06,test,9,44,24.663541666666667,24.5945,44.0,-0.06904166666666711,33.2332315864391,-69.04166666666711,False,1.0,cued,3,108.0,14,False
sub06,test,9,45,25.217958333333332,25.164479166666666,45.0,-0.053479166666665634,40.63617420703732,-53.479166666665634,False,1.0,cued,3,108.0,14,False
sub06,test,9,46,25.773520833333333,25.698229166666668,46.0,-0.07529166666666498,30.83663837854232,-75.29166666666498,False,0.0,cued,3,108.0,14,False
sub06,test,9,47,26.329083333333333,26.29725,47.0,-0.031833333333334934,39.48336439902987,-31.833333333334934,False,1.0,cued,3,108.0,14,False
sub06,test,9,48,26.884645833333334,26.835979166666668,48.0,-0.04866666666666575,9.926700896611925,-48.66666666666575,False,0.0,cued,3,108.0,14,False
sub06,test,9,49,27.440208333333334,27.419854166666667,49.0,-0.02035416666666734,35.99985435052047,-20.35416666666734,False,1.0,cued,3,108.0,14,False
sub06,test,9,50,27.996916666666667,27.961479166666667,50.0,-0.035437500000000455,32.03686602987752,-35.437500000000455,False,1.0,cued,3,108.0,14,False
sub06,test,9,51,28.551333333333332,28.551208333333335,51.0,-0.00012499999999704414,45.46643034496896,-0.12499999999704414,False,1.0,cued,3,108.0,14,False
sub06,test,9,52,29.106895833333333,29.051979166666666,52.0,-0.05491666666666717,33.10166199635165,-54.91666666666717,False,1.0,cued,3,108.0,14,False
sub06,test,9,53,29.662458333333333,29.610125,53.0,-0.05233333333333334,38.04275246487336,-52.33333333333334,False,1.0,cued,3,108.0,14,False
sub06,test,10,0,0.22666666666666666,0.3789375,0.0,0.15227083333333333,37.33933843632468,152.27083333333331,False,1.0,spontaneous,3,116.0,0,False
sub06,test,10,1,0.7427708333333334,0.7450833333333333,1.0,0.0023124999999999396,29.108570215111097,2.3124999999999396,False,0.0,spontaneous,3,116.0,0,False
sub06,test,10,2,1.2600208333333334,1.1583125,2.0,-0.10170833333333329,34.732903576391394,-101.70833333333329,False,0.0,spontaneous,3,116.0,0,False
sub06,test,10,3,1.7772708333333334,1.7073958333333332,3.0,-0.06987500000000013,40.15764941621554,-69.87500000000013,False,1.0,spontaneous,3,116.0,0,False
sub06,test,10,4,2.2945208333333333,2.2319791666666666,4.0,-0.06254166666666672,34.224182647501685,-62.541666666666714,False,0.0,spontaneous,3,116.0,0,False
sub06,test,10,5,2.8117708333333336,2.7631041666666665,5.0,-0.04866666666666708,27.446232517113543,-48.66666666666708,False,0.0,spontaneous,3,116.0,0,False
sub06,test,10,6,3.3290208333333333,3.2690208333333333,6.0,-0.06000000000000005,39.520216034832416,-60.00000000000006,False,1.0,spontaneous,3,116.0,0,False
sub06,test,10,7,3.8462708333333335,3.7960416666666665,7.0,-0.05022916666666699,29.372858887224055,-50.22916666666699,False,0.0,spontaneous,3,116.0,0,False
sub06,test,10,8,4.363520833333333,4.302291666666667,8.0,-0.061229166666666224,23.139799372505394,-61.229166666666224,False,0.0,spontaneous,3,116.0,0,False
sub06,test,10,9,4.880770833333333,4.8435,9.0,-0.037270833333333364,40.978784947729345,-37.270833333333364,False,1.0,spontaneous,3,116.0,0,False
sub06,test,10,10,5.398020833333334,5.339145833333333,10.0,-0.058875000000000455,34.293660912313186,-58.875000000000455,False,0.0,spontaneous,3,116.0,0,False
sub06,test,10,11,5.9152708333333335,5.861875,11.0,-0.05339583333333309,29.62082118546858,-53.39583333333309,False,0.0,spontaneous,3,116.0,0,False
sub06,test,10,12,6.432520833333333,6.4050625,12.0,-0.027458333333333584,39.00731126382601,-27.458333333333584,False,1.0,spontaneous,3,116.0,0,False
sub06,test,10,13,6.949770833333333,6.897666666666667,13.0,-0.052104166666666174,30.026132699765242,-52.104166666666174,False,0.0,spontaneous,3,116.0,0,False
sub06,test,10,14,7.467020833333334,7.432604166666667,14.0,-0.034416666666666984,31.017162931504195,-34.416666666666984,False,0.0,spontaneous,3,116.0,0,False
sub06,test,10,15,7.984270833333333,7.9115,15.0,-0.07277083333333323,38.18045633533041,-72.77083333333323,False,1.0,spontaneous,3,116.0,0,False
sub06,test,10,16,8.502666666666666,8.427833333333334,16.0,-0.07483333333333242,13.62487710715969,-74.83333333333242,False,0.0,spontaneous,3,116.0,0,False
sub06,test,10,17,9.019916666666667,8.994375,17.0,-0.02554166666666724,15.147690492163626,-25.54166666666724,False,0.0,spontaneous,3,116.0,0,False
sub06,test,10,18,9.536020833333334,9.512125,18.0,-0.023895833333334338,49.27665603158392,-23.895833333334338,False,1.0,spontaneous,3,116.0,0,False
sub06,test,10,19,10.053270833333332,10.001416666666668,19.0,-0.05185416666666498,31.31406115969026,-51.85416666666498,False,0.0,spontaneous,3,116.0,0,False
sub06,test,10,20,10.570520833333333,10.5340625,20.0,-0.036458333333333925,34.81637077863964,-36.458333333333925,False,1.0,spontaneous,3,116.0,0,False
sub06,test,10,21,11.087770833333334,11.063375,21.0,-0.024395833333333172,40.36198551276958,-24.395833333333172,False,1.0,spontaneous,3,116.0,0,False
sub06,test,10,22,11.605020833333333,11.595854166666667,22.0,-0.009166666666665435,35.63171718403923,-9.166666666665435,False,1.0,spontaneous,3,116.0,0,False
sub06,test,10,23,12.122270833333333,12.113708333333333,23.0,-0.008562500000000028,37.69878871347742,-8.562500000000028,False,1.0,spontaneous,3,116.0,0,False
sub06,test,10,24,12.639520833333334,12.595791666666667,24.0,-0.04372916666666704,15.03696129382404,-43.72916666666704,False,0.0,spontaneous,3,116.0,0,False
sub06,test,10,25,13.156770833333333,13.118791666666667,25.0,-0.03797916666666623,37.02394152226781,-37.97916666666623,False,1.0,spontaneous,3,116.0,0,False
sub06,test,10,26,13.674020833333334,13.660354166666666,26.0,-0.013666666666667382,32.09169534115886,-13.666666666667382,False,0.0,spontaneous,3,116.0,0,False
sub06,test,10,27,14.191270833333334,14.194145833333334,27.0,0.002874999999999517,35.53212854561193,2.874999999999517,False,1.0,spontaneous,3,116.0,0,False
sub06,test,10,28,14.708520833333333,14.703479166666666,28.0,-0.005041666666667055,31.832283108038332,-5.041666666667055,False,0.0,spontaneous,3,116.0,0,False
sub06,test,10,29,15.225770833333334,15.206166666666666,29.0,-0.01960416666666731,43.780246986420195,-19.60416666666731,False,1.0,spontaneous,3,116.0,0,False
sub06,test,10,30,15.743020833333333,15.695458333333333,30.0,-0.04756249999999973,32.80558295291651,-47.56249999999973,False,0.0,spontaneous,3,116.0,0,False
sub06,test,10,31,16.260270833333333,16.245354166666665,31.0,-0.014916666666668021,39.49546535900963,-14.916666666668021,False,1.0,spontaneous,3,116.0,0,False
sub06,test,10,32,16.777520833333334,16.779166666666665,32.0,0.001645833333331126,36.854640595626186,1.645833333331126,False,1.0,spontaneous,3,116.0,0,False
sub06,test,10,33,17.294770833333335,17.3233125,33.0,0.028541666666665577,38.466935935242994,28.541666666665577,False,1.0,spontaneous,3,116.0,0,False
sub06,test,10,34,17.81202083333333,17.790020833333333,34.0,-0.021999999999998465,12.495889787374232,-21.999999999998465,False,0.0,spontaneous,3,116.0,0,False
sub06,test,10,35,18.329270833333332,18.287875,35.0,-0.04139583333333263,39.63040347433656,-41.39583333333263,False,1.0,spontaneous,3,116.0,0,False
sub06,test,10,36,18.846520833333333,18.783395833333334,36.0,-0.06312499999999943,36.03257023070852,-63.12499999999943,False,1.0,spontaneous,3,116.0,0,False
sub06,test,10,37,19.363770833333334,19.328791666666667,37.0,-0.03497916666666612,38.74487696516149,-34.97916666666612,False,1.0,spontaneous,3,116.0,0,False
sub06,test,10,38,19.881020833333334,19.78858333333333,38.0,-0.09243750000000261,33.735507576383796,-92.43750000000261,False,0.0,spontaneous,3,116.0,0,False
sub06,test,10,39,20.398270833333335,20.394729166666668,39.0,-0.0035416666666669983,39.77465269287668,-3.5416666666669983,False,1.0,spontaneous,3,116.0,0,False
sub06,test,10,40,20.915520833333332,20.866208333333333,40.0,-0.049312499999999204,34.35648861167311,-49.312499999999204,False,0.0,spontaneous,3,116.0,0,False
sub06,test,10,41,21.432770833333333,21.390979166666668,41.0,-0.041791666666664895,37.21507657153505,-41.791666666664895,False,1.0,spontaneous,3,116.0,0,False
sub06,test,10,42,21.950020833333333,21.87475,42.0,-0.07527083333333451,15.086232262344108,-75.27083333333451,False,0.0,spontaneous,3,116.0,0,False
sub06,test,10,43,22.467270833333334,22.422979166666668,43.0,-0.044291666666666174,38.17815615371989,-44.291666666666174,False,1.0,spontaneous,3,116.0,0,False
sub06,test,10,44,22.984520833333335,22.937625,44.0,-0.046895833333334025,16.194629152205366,-46.895833333334025,False,0.0,spontaneous,3,116.0,0,False
sub06,test,10,45,23.50177083333333,23.463520833333334,45.0,-0.0382499999999979,38.52804000920506,-38.2499999999979,False,1.0,spontaneous,3,116.0,0,False
sub06,test,10,46,24.019020833333332,23.974375,46.0,-0.04464583333333394,13.059183530813623,-44.64583333333394,False,0.0,spontaneous,3,116.0,0,False
sub06,test,10,47,24.536270833333333,24.499979166666666,47.0,-0.036291666666667055,36.14862956015187,-36.291666666667055,False,1.0,spontaneous,3,116.0,0,False
sub06,test,10,48,25.053520833333334,25.013541666666665,48.0,-0.039979166666668675,15.45444573179079,-39.979166666668675,False,0.0,spontaneous,3,116.0,0,False
sub06,test,10,49,25.570770833333334,25.544541666666667,49.0,-0.02622916666666697,38.24455200898966,-26.22916666666697,False,1.0,spontaneous,3,116.0,0,False
sub06,test,10,50,26.088020833333335,26.023041666666668,50.0,-0.06497916666666725,30.198608328597942,-64.97916666666725,False,0.0,spontaneous,3,116.0,0,False
sub06,test,10,51,26.605270833333332,26.541875,51.0,-0.0633958333333311,44.73943935012778,-63.3958333333311,False,1.0,spontaneous,3,116.0,0,False
sub06,test,10,52,27.122520833333333,27.0790625,52.0,-0.0434583333333336,16.060303597065282,-43.4583333333336,False,0.0,spontaneous,3,116.0,0,False
sub06,test,10,53,27.639770833333333,27.633479166666667,53.0,-0.006291666666665918,45.38822320116013,-6.291666666665918,False,1.0,spontaneous,3,116.0,0,False
sub06,test,10,54,28.157020833333334,28.108791666666665,54.0,-0.04822916666666899,32.4569478517749,-48.22916666666899,False,0.0,spontaneous,3,116.0,0,False
sub06,test,10,55,28.674270833333335,28.6538125,55.0,-0.02045833333333391,34.157791303149956,-20.45833333333391,False,0.0,spontaneous,3,116.0,0,False
sub06,test,10,56,29.191520833333332,29.135270833333333,56.0,-0.05624999999999858,13.397412055428319,-56.24999999999858,False,0.0,spontaneous,3,116.0,0,False
sub06,test,11,0,0.21864583333333334,0.348875,0.0,0.13022916666666665,51.011996018647714,130.22916666666666,False,1.0,spontaneous,2,104.0,0,False
sub06,test,11,1,0.7944375,0.752,1.0,-0.04243750000000002,15.271105276275097,-42.437500000000014,False,0.0,spontaneous,2,104.0,0,False
sub06,test,11,2,1.3713541666666667,1.3270833333333334,2.0,-0.04427083333333326,37.56967364881319,-44.27083333333326,False,1.0,spontaneous,2,104.0,0,False
sub06,test,11,3,1.9482708333333334,1.900125,3.0,-0.04814583333333333,19.808646635127083,-48.14583333333333,False,0.0,spontaneous,2,104.0,0,False
sub06,test,11,4,2.5251875,2.4714791666666667,4.0,-0.05370833333333325,35.278148447322394,-53.70833333333324,False,1.0,spontaneous,2,104.0,0,False
sub06,test,11,5,3.102104166666667,3.051083333333333,5.0,-0.05102083333333374,19.36346158266162,-51.02083333333374,False,0.0,spontaneous,2,104.0,0,False
sub06,test,11,6,3.6790208333333334,3.6582291666666666,6.0,-0.020791666666666764,44.522730389865266,-20.791666666666764,False,1.0,spontaneous,2,104.0,0,False
sub06,test,11,7,4.2559375,4.196833333333333,7.0,-0.059104166666666735,30.683899693016023,-59.104166666666735,False,1.0,spontaneous,2,104.0,0,False
sub06,test,11,8,4.8328541666666665,4.777791666666666,8.0,-0.055062500000000014,46.05539170664166,-55.062500000000014,False,1.0,spontaneous,2,104.0,0,False
sub06,test,11,9,5.409770833333333,5.354354166666667,9.0,-0.055416666666666003,18.059490051378415,-55.416666666666,False,0.0,spontaneous,2,104.0,0,False
sub06,test,11,10,5.9866875,5.954041666666667,10.0,-0.032645833333333485,45.93169237725033,-32.645833333333485,False,1.0,spontaneous,2,104.0,0,False
sub06,test,11,11,6.563604166666667,6.491416666666667,11.0,-0.07218750000000007,21.046649012073363,-72.18750000000007,False,0.0,spontaneous,2,104.0,0,False
sub06,test,11,12,7.140520833333333,7.0994375,12.0,-0.041083333333333805,47.41209313751671,-41.083333333333805,False,1.0,spontaneous,2,104.0,0,False
sub06,test,11,13,7.7174375,7.6404375,13.0,-0.07699999999999996,13.402512726045083,-76.99999999999996,False,0.0,spontaneous,2,104.0,0,False
sub06,test,11,14,8.294354166666666,8.2175625,14.0,-0.07679166666666681,44.00384227493063,-76.79166666666681,False,1.0,spontaneous,2,104.0,0,False
sub06,test,11,15,8.871270833333334,8.8175,15.0,-0.0537708333333331,21.40673865918447,-53.7708333333331,False,0.0,spontaneous,2,104.0,0,False
sub06,test,11,16,9.4481875,9.416625,16.0,-0.031562499999999716,47.5907319388654,-31.562499999999716,False,1.0,spontaneous,2,104.0,0,False
sub06,test,11,17,10.02625,9.9331875,17.0,-0.0930624999999985,18.013417669891826,-93.0624999999985,False,0.0,spontaneous,2,104.0,0,False
sub06,test,11,18,10.602020833333333,10.565604166666667,18.0,-0.036416666666665876,13.763234432544948,-36.416666666665876,False,0.0,spontaneous,2,104.0,0,False
sub06,test,11,19,11.1789375,11.1526875,19.0,-0.02624999999999922,39.321466452201385,-26.24999999999922,False,1.0,spontaneous,2,104.0,0,False
sub06,test,11,20,11.755854166666667,11.741333333333333,20.0,-0.014520833333333982,14.098157559598528,-14.520833333333982,False,0.0,spontaneous,2,104.0,0,False
sub06,test,11,21,12.332770833333333,12.299,21.0,-0.03377083333333353,24.14478917460743,-33.77083333333353,False,0.0,spontaneous,2,104.0,0,False
sub06,test,11,22,12.9096875,12.872104166666666,22.0,-0.03758333333333397,45.360217921762775,-37.58333333333397,False,1.0,spontaneous,2,104.0,0,False
sub06,test,11,23,13.486604166666666,13.450770833333333,23.0,-0.03583333333333272,18.114632902476227,-35.83333333333272,False,0.0,spontaneous,2,104.0,0,False
sub06,test,11,24,14.063520833333333,14.036020833333334,24.0,-0.027499999999999858,33.72009352452663,-27.499999999999858,False,1.0,spontaneous,2,104.0,0,False
sub06,test,11,25,14.6404375,14.610166666666666,25.0,-0.03027083333333458,46.319454066942356,-30.27083333333458,False,1.0,spontaneous,2,104.0,0,False
sub06,test,11,26,15.217354166666667,15.163333333333334,26.0,-0.05402083333333252,21.548570202455544,-54.02083333333252,False,0.0,spontaneous,2,104.0,0,False
sub06,test,11,27,15.794270833333334,15.7403125,27.0,-0.053958333333333997,35.29027419120916,-53.958333333334,False,1.0,spontaneous,2,104.0,0,False
sub06,test,11,28,16.3711875,16.335770833333335,28.0,-0.03541666666666643,47.514007242724,-35.41666666666643,False,1.0,spontaneous,2,104.0,0,False
sub06,test,11,29,16.948104166666667,16.8674375,29.0,-0.08066666666666578,18.189266014195805,-80.66666666666578,False,0.0,spontaneous,2,104.0,0,False
sub06,test,11,30,17.525020833333333,17.4708125,30.0,-0.05420833333333164,11.269922489351206,-54.20833333333164,False,0.0,spontaneous,2,104.0,0,False
sub06,test,11,31,18.1019375,18.020208333333333,31.0,-0.08172916666666552,45.27105223235032,-81.72916666666552,False,1.0,spontaneous,2,104.0,0,False
sub06,test,11,32,18.678854166666667,18.585291666666667,32.0,-0.09356250000000088,34.21294340607234,-93.56250000000088,False,1.0,spontaneous,2,104.0,0,False
sub06,test,11,33,19.255770833333333,19.158875,33.0,-0.09689583333333474,12.910233300181364,-96.89583333333474,False,0.0,spontaneous,2,104.0,0,False
sub06,test,11,34,19.8326875,19.7535625,34.0,-0.07912499999999767,47.021701725487915,-79.12499999999767,False,1.0,spontaneous,2,104.0,0,False
sub06,test,11,35,20.409604166666668,20.350166666666667,35.0,-0.059437500000001364,13.585825250415526,-59.437500000001364,False,0.0,spontaneous,2,104.0,0,False
sub06,test,11,36,20.986520833333334,20.903166666666667,36.0,-0.08335416666666617,14.90543703178534,-83.35416666666617,False,0.0,spontaneous,2,104.0,0,False
sub06,test,11,37,21.5634375,21.456895833333334,37.0,-0.10654166666666498,44.47229503094331,-106.54166666666498,False,1.0,spontaneous,2,104.0,0,False
sub06,test,11,38,22.14035416666667,22.0609375,38.0,-0.07941666666666691,7.244465492971902,-79.41666666666691,False,0.0,spontaneous,2,104.0,0,False
sub06,test,11,39,22.717270833333334,22.662666666666667,39.0,-0.05460416666666745,16.603053912777042,-54.60416666666745,False,0.0,spontaneous,2,104.0,0,False
sub06,test,11,40,23.2941875,23.242291666666667,40.0,-0.05189583333333303,46.80723545485209,-51.89583333333303,False,1.0,spontaneous,2,104.0,0,False
sub06,test,11,41,23.871104166666665,23.773979166666667,41.0,-0.09712499999999835,12.4551266781415,-97.12499999999835,False,0.0,spontaneous,2,104.0,0,False
sub06,test,11,42,24.448020833333334,24.3724375,42.0,-0.07558333333333422,24.845805765336593,-75.58333333333422,False,0.0,spontaneous,2,104.0,0,False
sub06,test,11,43,25.0249375,24.966375,43.0,-0.05856250000000074,47.17304294002793,-58.56250000000074,False,1.0,spontaneous,2,104.0,0,False
sub06,test,11,44,25.601854166666666,25.54175,44.0,-0.06010416666666529,30.410287013738433,-60.10416666666529,False,1.0,spontaneous,2,104.0,0,False
sub06,test,11,45,26.178770833333335,26.119604166666665,45.0,-0.0591666666666697,30.933771735341708,-59.1666666666697,False,1.0,spontaneous,2,104.0,0,False
sub06,test,11,46,26.7556875,26.704333333333334,46.0,-0.051354166666666146,46.099240731106896,-51.354166666666146,False,1.0,spontaneous,2,104.0,0,False
sub06,test,11,47,27.33375,27.277125,47.0,-0.05662499999999682,20.527500362755603,-56.62499999999682,False,0.0,spontaneous,2,104.0,0,False
sub06,test,11,48,27.910666666666668,27.864270833333332,48.0,-0.04639583333333519,15.45307116465824,-46.39583333333519,False,0.0,spontaneous,2,104.0,0,False
sub06,test,11,49,28.4864375,28.4355625,49.0,-0.050875000000001336,45.184852875606786,-50.875000000001336,False,1.0,spontaneous,2,104.0,0,False
sub06,test,11,50,29.063354166666667,29.020666666666667,50.0,-0.042687499999999545,12.057004686078281,-42.687499999999545,False,0.0,spontaneous,2,104.0,0,False
sub06,test,11,51,29.640270833333332,29.609958333333335,51.0,-0.0303124999999973,12.087697003355046,-30.3124999999973,False,0.0,spontaneous,2,104.0,0,False
sub06,test,12,0,0.21866666666666668,0.38108333333333333,0.0,0.16241666666666665,35.20725740662578,162.41666666666666,False,1.0,cued,3,116.0,12,False
sub06,test,12,1,0.7347916666666666,0.7645,1.0,0.029708333333333337,11.670915939610056,29.708333333333336,False,0.0,cued,3,116.0,12,False
sub06,test,12,2,1.2520416666666667,1.1864791666666668,2.0,-0.06556249999999997,14.808051319006397,-65.56249999999997,False,0.0,cued,3,116.0,12,False
sub06,test,12,3,1.7692916666666667,1.72925,3.0,-0.04004166666666675,46.25991769498341,-40.04166666666676,False,1.0,cued,3,116.0,12,False
sub06,test,12,4,2.2876875,2.2334375,4.0,-0.05425000000000013,10.785021302221377,-54.25000000000013,False,0.0,cued,3,116.0,12,False
sub06,test,12,5,2.8037916666666667,2.762583333333333,5.0,-0.04120833333333351,27.647042484569546,-41.20833333333351,False,0.0,cued,3,116.0,12,False
sub06,test,12,6,3.3210416666666664,3.2765625,6.0,-0.044479166666666625,36.72252990399261,-44.47916666666663,False,1.0,cued,3,116.0,12,False
sub06,test,12,7,3.8382916666666667,3.7836041666666667,7.0,-0.0546875,8.153194264087341,-54.6875,False,0.0,cued,3,116.0,12,False
sub06,test,12,8,4.355541666666666,4.294208333333334,8.0,-0.061333333333332796,14.122504896353448,-61.333333333332796,False,0.0,cued,3,116.0,12,False
sub06,test,12,9,4.872791666666667,4.825270833333334,9.0,-0.047520833333333456,46.87375517826278,-47.52083333333346,False,1.0,cued,3,116.0,12,False
sub06,test,12,10,5.390041666666667,5.3243125,10.0,-0.06572916666666728,14.335031501695388,-65.72916666666728,False,0.0,cued,3,116.0,12,False
sub06,test,12,11,5.907291666666667,5.8531458333333335,11.0,-0.054145833333333115,18.3848177827975,-54.145833333333115,False,0.0,cued,3,116.0,12,False
sub06,test,12,12,6.424541666666666,6.3818125,12.0,-0.04272916666666671,40.755697957203445,-42.72916666666671,False,1.0,cued,3,116.0,12,False
sub06,test,12,13,6.941791666666667,6.904145833333334,13.0,-0.03764583333333338,15.700075249302575,-37.64583333333338,False,0.0,cued,3,116.0,12,False
sub06,test,12,14,7.459041666666667,7.415354166666667,14.0,-0.04368749999999988,29.874934038641605,-43.68749999999988,False,0.0,cued,3,116.0,12,False
sub06,test,12,15,7.976291666666667,7.8893125,15.0,-0.08697916666666661,46.17900596132765,-86.9791666666666,False,1.0,cued,3,116.0,12,False
sub06,test,12,16,8.493541666666667,8.384458333333333,16.0,-0.10908333333333431,28.256622791611132,-109.08333333333431,False,0.0,cued,3,116.0,12,False
sub06,test,12,17,9.010791666666666,8.909708333333333,17.0,-0.10108333333333341,29.998944294831563,-101.08333333333341,False,1.0,cued,3,116.0,12,False
sub06,test,12,18,9.528041666666667,9.4600625,18.0,-0.06797916666666737,45.91661112372086,-67.97916666666737,False,1.0,cued,3,116.0,12,False
sub06,test,12,19,10.045291666666667,9.97925,19.0,-0.066041666666667,27.579814212475455,-66.041666666667,False,0.0,cued,3,116.0,12,False
sub06,test,12,20,10.562541666666666,10.497583333333333,20.0,-0.06495833333333323,17.245773583195287,-64.95833333333323,False,0.0,cued,3,116.0,12,False
sub06,test,12,21,11.079791666666667,11.0069375,21.0,-0.07285416666666755,46.52080540465944,-72.85416666666755,False,1.0,cued,3,116.0,12,False
sub06,test,12,22,11.597041666666666,11.549895833333334,22.0,-0.047145833333331666,18.917735577563256,-47.145833333331666,False,0.0,cued,3,116.0,12,False
sub06,test,12,23,12.114291666666666,12.05875,23.0,-0.0555416666666666,21.44900540901579,-55.5416666666666,False,0.0,cued,3,116.0,12,False
sub06,test,12,24,12.631541666666667,12.609333333333334,24.0,-0.022208333333333385,48.52974156113977,-22.208333333333385,False,1.0,cued,3,116.0,12,False
sub06,test,12,25,13.148791666666666,13.110729166666667,25.0,-0.03806249999999878,26.66603120342739,-38.06249999999878,False,0.0,cued,3,116.0,12,False
sub06,test,12,26,13.666041666666667,13.661083333333334,26.0,-0.004958333333332732,39.115646615105426,-4.958333333332732,False,1.0,cued,3,116.0,12,False
sub06,test,12,27,14.1844375,14.1344375,27.0,-0.049999999999998934,20.12743515678613,-49.999999999998934,False,0.0,cued,3,116.0,12,False
sub06,test,12,28,14.700541666666666,14.681625,28.0,-0.018916666666665805,35.79695570046486,-18.916666666665805,False,1.0,cued,3,116.0,12,False
sub06,test,12,29,15.217791666666667,15.1730625,29.0,-0.04472916666666649,17.43901550485179,-44.72916666666649,False,0.0,cued,3,116.0,12,False
sub06,test,12,30,15.735041666666667,15.706645833333333,30.0,-0.028395833333334508,43.71833708678011,-28.395833333334508,False,1.0,cued,3,116.0,12,False
sub06,test,12,31,16.252291666666668,16.231166666666667,31.0,-0.021125000000001393,11.094894892203556,-21.125000000001393,False,0.0,cued,3,116.0,12,False
sub06,test,12,32,16.769541666666665,16.75375,32.0,-0.015791666666665094,44.78153557262697,-15.791666666665094,False,1.0,cued,3,116.0,12,False
sub06,test,12,33,17.286791666666666,17.256270833333332,33.0,-0.030520833333333997,20.10235156350758,-30.520833333333997,False,0.0,cued,3,116.0,12,False
sub06,test,12,34,17.804041666666667,17.8041875,34.0,0.00014583333333462178,43.68753232340439,0.14583333333462178,False,1.0,cued,3,116.0,12,False
sub06,test,12,35,18.3224375,18.2716875,35.0,-0.05075000000000074,26.03015743923345,-50.75000000000074,False,0.0,cued,3,116.0,12,False
sub06,test,12,36,18.838541666666668,18.818520833333334,36.0,-0.0200208333333336,41.5700281865883,-20.0208333333336,False,1.0,cued,3,116.0,12,False
sub06,test,12,37,19.355791666666665,19.323895833333335,37.0,-0.031895833333329904,29.898436263311275,-31.895833333329904,False,0.0,cued,3,116.0,12,False
sub06,test,12,38,19.873041666666666,19.8256875,38.0,-0.04735416666666481,45.19903449349037,-47.35416666666481,False,1.0,cued,3,116.0,12,False
sub06,test,12,39,20.3914375,20.356645833333335,39.0,-0.034791666666663446,24.521656594728533,-34.791666666663446,False,0.0,cued,3,116.0,12,False
sub06,test,12,40,20.907541666666667,20.850979166666665,40.0,-0.05656250000000185,43.371536778349466,-56.56250000000185,False,1.0,cued,3,116.0,12,False
sub06,test,12,41,21.424791666666668,21.348520833333332,41.0,-0.07627083333333573,32.4468575509204,-76.27083333333573,False,1.0,cued,3,116.0,12,False
sub06,test,12,42,21.943166666666666,21.924375,42.0,-0.018791666666665208,46.58633095538431,-18.791666666665208,False,1.0,cued,3,116.0,12,False
sub06,test,12,43,22.459291666666665,22.3928125,43.0,-0.06647916666666376,5.647646667004419,-66.47916666666376,False,0.0,cued,3,116.0,12,False
sub06,test,12,44,22.976541666666666,22.92175,44.0,-0.05479166666666657,42.27256095274913,-54.79166666666657,False,1.0,cued,3,116.0,12,False
sub06,test,12,45,23.493791666666667,23.45375,45.0,-0.0400416666666672,28.258411174988613,-40.0416666666672,False,0.0,cued,3,116.0,12,False
sub06,test,12,46,24.011041666666667,23.940104166666668,46.0,-0.07093749999999943,34.21696108701913,-70.93749999999943,False,1.0,cued,3,116.0,12,False
sub06,test,12,47,24.528291666666668,24.447666666666667,47.0,-0.08062500000000128,28.9923743580993,-80.62500000000128,False,0.0,cued,3,116.0,12,False
sub06,test,12,48,25.045541666666665,25.0260625,48.0,-0.019479166666666714,43.122244006968586,-19.479166666666714,False,1.0,cued,3,116.0,12,False
sub06,test,12,49,25.562791666666666,25.512895833333335,49.0,-0.049895833333330586,14.51594566962785,-49.895833333330586,False,0.0,cued,3,116.0,12,False
sub06,test,12,50,26.080041666666666,26.037729166666665,50.0,-0.04231250000000131,38.94113016716509,-42.31250000000131,False,1.0,cued,3,116.0,12,False
sub06,test,12,51,26.597291666666667,26.5489375,51.0,-0.04835416666666603,17.780657905152978,-48.35416666666603,False,0.0,cued,3,116.0,12,False
sub06,test,12,52,27.114541666666668,27.081583333333334,52.0,-0.0329583333333332,42.4514935289313,-32.9583333333332,False,1.0,cued,3,116.0,12,False
sub06,test,12,53,27.63179166666667,27.5818125,53.0,-0.049979166666666686,31.452501585171277,-49.979166666666686,False,1.0,cued,3,116.0,12,False
sub06,test,12,54,28.149041666666665,28.117354166666665,54.0,-0.03168750000000031,43.2426107165696,-31.687500000000313,False,1.0,cued,3,116.0,12,False
sub06,test,12,55,28.666291666666666,28.610958333333333,55.0,-0.055333333333333456,25.938004713821744,-55.33333333333346,False,0.0,cued,3,116.0,12,False
sub06,test,12,56,29.183541666666667,29.1495625,56.0,-0.03397916666666845,45.058729647111484,-33.97916666666845,False,1.0,cued,3,116.0,12,False
sub06,test,13,0,0.21866666666666668,0.24729166666666666,0.0,0.028624999999999984,46.64397518202481,28.624999999999982,False,1.0,cued,3,112.0,12,False
sub06,test,13,1,0.75325,0.7024375,1.0,-0.05081249999999993,32.00023748406211,-50.81249999999993,False,0.0,cued,3,112.0,12,False
sub06,test,13,2,1.2901041666666666,1.2375208333333334,2.0,-0.052583333333333204,31.676694612436798,-52.5833333333332,False,0.0,cued,3,112.0,12,False
sub06,test,13,3,1.8246666666666667,1.7575625,3.0,-0.06710416666666674,47.7320653663483,-67.10416666666674,False,1.0,cued,3,112.0,12,False
sub06,test,13,4,2.360375,2.305125,4.0,-0.05525000000000002,13.07406887860164,-55.25000000000002,False,0.0,cued,3,112.0,12,False
sub06,test,13,5,2.8960833333333333,2.7866458333333335,5.0,-0.10943749999999985,33.95274688267587,-109.43749999999986,False,1.0,cued,3,112.0,12,False
sub06,test,13,6,3.431791666666667,3.355770833333333,6.0,-0.07602083333333365,44.875140847312245,-76.02083333333366,False,1.0,cued,3,112.0,12,False
sub06,test,13,7,3.9675,3.884625,7.0,-0.08287499999999959,30.949740591174336,-82.87499999999959,False,0.0,cued,3,112.0,12,False
sub06,test,13,8,4.503208333333333,4.4114375,8.0,-0.09177083333333336,15.99367480952524,-91.77083333333336,False,0.0,cued,3,112.0,12,False
sub06,test,13,9,5.038916666666666,4.980666666666667,9.0,-0.05824999999999925,44.68497034441367,-58.24999999999925,False,1.0,cued,3,112.0,12,False
sub06,test,13,10,5.574625,5.503229166666666,10.0,-0.07139583333333377,28.40295202890037,-71.39583333333377,False,0.0,cued,3,112.0,12,False
sub06,test,13,11,6.110333333333333,6.037979166666666,11.0,-0.07235416666666694,31.986326533848697,-72.35416666666694,False,0.0,cued,3,112.0,12,False
sub06,test,13,12,6.646041666666667,6.5910416666666665,12.0,-0.055000000000000604,43.22309490514038,-55.000000000000604,False,1.0,cued,3,112.0,12,False
sub06,test,13,13,7.18175,7.111395833333333,13.0,-0.07035416666666716,15.671326055774713,-70.35416666666717,False,0.0,cued,3,112.0,12,False
sub06,test,13,14,7.717458333333333,7.642333333333333,14.0,-0.07512499999999989,21.168912598890262,-75.12499999999989,False,0.0,cued,3,112.0,12,False
sub06,test,13,15,8.253166666666667,8.1671875,15.0,-0.08597916666666627,41.50154946829567,-85.97916666666627,False,1.0,cued,3,112.0,12,False
sub06,test,13,16,8.788875,8.7206875,16.0,-0.06818750000000051,16.453130815466555,-68.18750000000051,False,0.0,cued,3,112.0,12,False
sub06,test,13,17,9.324583333333333,9.285625,17.0,-0.03895833333333343,34.293013376314164,-38.95833333333343,False,1.0,cued,3,112.0,12,False
sub06,test,13,18,9.860291666666667,9.83175,18.0,-0.028541666666667354,45.719152812189954,-28.541666666667354,False,1.0,cued,3,112.0,12,False
sub06,test,13,19,10.397145833333333,10.339875,19.0,-0.057270833333333826,17.684273971786585,-57.270833333333826,False,0.0,cued,3,112.0,12,False
sub06,test,13,20,10.931708333333333,10.869666666666667,20.0,-0.06204166666666566,28.732333853311406,-62.04166666666566,False,0.0,cued,3,112.0,12,False
sub06,test,13,21,11.467416666666667,11.404458333333332,21.0,-0.06295833333333434,46.966184107152884,-62.95833333333434,False,1.0,cued,3,112.0,12,False
sub06,test,13,22,12.003125,11.9495625,22.0,-0.05356249999999996,19.87436596072269,-53.56249999999996,False,0.0,cued,3,112.0,12,False
sub06,test,13,23,12.538833333333333,12.550770833333333,23.0,0.011937500000000156,31.903400648740718,11.937500000000156,False,0.0,cued,3,112.0,12,False
sub06,test,13,24,13.074541666666667,13.055104166666666,24.0,-0.01943750000000044,24.18378409499625,-19.43750000000044,False,0.0,cued,3,112.0,12,False
sub06,test,13,25,13.611375,13.607145833333334,25.0,-0.004229166666666728,43.77445399448915,-4.229166666666728,False,1.0,cued,3,112.0,12,False
sub06,test,13,26,14.145958333333333,14.130020833333333,26.0,-0.015937499999999716,32.77654092901322,-15.937499999999716,False,0.0,cued,3,112.0,12,False
sub06,test,13,27,14.681666666666667,14.670333333333334,27.0,-0.011333333333332973,47.25185449636692,-11.333333333332973,False,1.0,cued,3,112.0,12,False
sub06,test,13,28,15.217375,15.183666666666667,28.0,-0.03370833333333323,28.415506403213215,-33.70833333333323,False,0.0,cued,3,112.0,12,False
sub06,test,13,29,15.753083333333333,15.7166875,29.0,-0.03639583333333185,43.613391442803646,-36.39583333333185,False,1.0,cued,3,112.0,12,False
sub06,test,13,30,16.2899375,16.2453125,30.0,-0.044624999999999915,31.057471370404393,-44.624999999999915,False,0.0,cued,3,112.0,12,False
sub06,test,13,31,16.8245,16.793791666666667,31.0,-0.030708333333333115,46.46524959374432,-30.708333333333115,False,1.0,cued,3,112.0,12,False
sub06,test,13,32,17.360208333333333,17.328895833333334,32.0,-0.03131249999999852,20.717158435703116,-31.312499999998522,False,0.0,cued,3,112.0,12,False
sub06,test,13,33,17.89591666666667,17.8465625,33.0,-0.049354166666667254,47.136084635161964,-49.354166666667254,False,1.0,cued,3,112.0,12,False
sub06,test,13,34,18.432770833333333,18.396875,34.0,-0.03589583333333124,21.69792769874697,-35.89583333333124,False,0.0,cued,3,112.0,12,False
sub06,test,13,35,18.967333333333332,18.996208333333332,35.0,0.028874999999999318,39.97487318463095,28.874999999999318,False,1.0,cued,3,112.0,12,False
sub06,test,13,36,19.503041666666668,19.422166666666666,36.0,-0.08087500000000247,20.88052373079259,-80.87500000000247,False,0.0,cued,3,112.0,12,False
sub06,test,13,37,20.03875,19.972520833333334,37.0,-0.06622916666666612,44.42927050985885,-66.22916666666612,False,1.0,cued,3,112.0,12,False
sub06,test,13,38,20.574458333333332,20.4996875,38.0,-0.07477083333333212,30.306775727409565,-74.77083333333212,False,0.0,cued,3,112.0,12,False
sub06,test,13,39,21.110166666666668,21.073083333333333,39.0,-0.03708333333333513,45.09248085753421,-37.08333333333513,False,1.0,cued,3,112.0,12,False
sub06,test,13,40,21.645875,21.622,40.0,-0.023875000000000313,27.69803348528747,-23.875000000000313,False,0.0,cued,3,112.0,12,False
sub06,test,13,41,22.181583333333332,22.149125,41.0,-0.03245833333333081,45.72059476481055,-32.45833333333081,False,1.0,cued,3,112.0,12,False
sub06,test,13,42,22.718416666666666,22.6681875,42.0,-0.05022916666666788,33.24122481286304,-50.22916666666788,False,1.0,cued,3,112.0,12,False
sub06,test,13,43,23.253,23.20775,43.0,-0.045249999999999346,42.419492253315674,-45.249999999999346,False,1.0,cued,3,112.0,12,False
sub06,test,13,44,23.788708333333332,23.736,44.0,-0.05270833333333158,20.40355062033087,-52.70833333333158,False,0.0,cued,3,112.0,12,False
sub06,test,13,45,24.324416666666668,24.305770833333334,45.0,-0.01864583333333414,43.7748058107872,-18.64583333333414,False,1.0,cued,3,112.0,12,False
sub06,test,13,46,24.860125,24.8406875,46.0,-0.019437499999998664,28.897225618085596,-19.437499999998664,False,0.0,cued,3,112.0,12,False
sub06,test,13,47,25.395833333333332,25.364291666666666,47.0,-0.03154166666666569,45.08437819119885,-31.54166666666569,False,1.0,cued,3,112.0,12,False
sub06,test,13,48,25.931541666666668,25.861375,48.0,-0.07016666666666893,33.56853055699888,-70.16666666666893,False,1.0,cued,3,112.0,12,False
sub06,test,13,49,26.46725,26.403875,49.0,-0.06337500000000063,45.36591520145016,-63.375000000000625,False,1.0,cued,3,112.0,12,False
sub06,test,13,50,27.002958333333332,26.938895833333333,50.0,-0.06406249999999858,22.74170682835345,-64.06249999999858,False,0.0,cued,3,112.0,12,False
sub06,test,13,51,27.538666666666668,27.500541666666667,51.0,-0.03812500000000085,44.25760266134959,-38.12500000000085,False,1.0,cued,3,112.0,12,False
sub06,test,13,52,28.074375,28.053041666666665,52.0,-0.021333333333334537,19.114720401411333,-21.333333333334537,False,0.0,cued,3,112.0,12,False
sub06,test,13,53,28.610083333333332,28.6039375,53.0,-0.0061458333333312964,44.54382647134519,-6.1458333333312964,False,1.0,cued,3,112.0,12,False
sub06,test,13,54,29.145791666666668,29.0876875,54.0,-0.0581041666666664,30.524924767655396,-58.1041666666664,False,0.0,cued,3,112.0,12,False
sub06,test,13,55,29.6815,29.627791666666667,55.0,-0.0537083333333328,37.01560070405775,-53.7083333333328,False,1.0,cued,3,112.0,12,False
sub06,test,14,0,0.21879166666666666,0.3771041666666667,0.0,0.15831250000000002,46.68432609379647,158.31250000000003,False,1.0,spontaneous,2,104.0,0,False
sub06,test,14,1,0.7945625,0.7963125,1.0,0.0017500000000000293,24.31830424598469,1.7500000000000293,False,0.0,spontaneous,2,104.0,0,False
sub06,test,14,2,1.3714791666666666,1.3289791666666666,2.0,-0.04249999999999998,45.296265240059896,-42.499999999999986,False,1.0,spontaneous,2,104.0,0,False
sub06,test,14,3,1.9483958333333333,1.9102708333333334,3.0,-0.038124999999999964,35.208545660669934,-38.124999999999964,False,1.0,spontaneous,2,104.0,0,False
sub06,test,14,4,2.5253125,2.473125,4.0,-0.05218750000000005,45.68380858045412,-52.18750000000006,False,1.0,spontaneous,2,104.0,0,False
sub06,test,14,5,3.1022291666666666,3.0343958333333334,5.0,-0.06783333333333319,29.03812832246413,-67.83333333333319,False,0.0,spontaneous,2,104.0,0,False
sub06,test,14,6,3.679145833333333,3.6380625,6.0,-0.041083333333332916,47.42141207528576,-41.08333333333292,False,1.0,spontaneous,2,104.0,0,False
sub06,test,14,7,4.257208333333334,4.196625,7.0,-0.060583333333333655,21.13943352306837,-60.583333333333655,False,0.0,spontaneous,2,104.0,0,False
sub06,test,14,8,4.832979166666667,4.783333333333333,8.0,-0.04964583333333383,46.07651528281088,-49.64583333333383,False,1.0,spontaneous,2,104.0,0,False
sub06,test,14,9,5.409895833333334,5.369083333333333,9.0,-0.04081250000000036,31.45165965055928,-40.81250000000036,False,1.0,spontaneous,2,104.0,0,False
sub06,test,14,10,5.9868125,5.941395833333333,10.0,-0.045416666666667105,44.19554294713138,-45.416666666667105,False,1.0,spontaneous,2,104.0,0,False
sub06,test,14,11,6.563729166666667,6.4901875,11.0,-0.0735416666666664,30.33496076028078,-73.5416666666664,False,0.0,spontaneous,2,104.0,0,False
sub06,test,14,12,7.140645833333333,7.111791666666667,12.0,-0.02885416666666618,48.06109122032395,-28.85416666666618,False,1.0,spontaneous,2,104.0,0,False
sub06,test,14,13,7.7175625,7.660583333333333,13.0,-0.05697916666666636,31.014312882368024,-56.97916666666636,False,1.0,spontaneous,2,104.0,0,False
sub06,test,14,14,8.294479166666667,8.215270833333333,14.0,-0.07920833333333377,44.43408325716955,-79.20833333333377,False,1.0,spontaneous,2,104.0,0,False
sub06,test,14,15,8.871395833333333,8.795520833333333,15.0,-0.07587499999999991,26.21944736805549,-75.87499999999991,False,0.0,spontaneous,2,104.0,0,False
sub06,test,14,16,9.4483125,9.401666666666667,16.0,-0.04664583333333283,47.976987591491344,-46.64583333333283,False,1.0,spontaneous,2,104.0,0,False
sub06,test,14,17,10.025229166666668,9.9735,17.0,-0.051729166666667936,22.458894960216558,-51.729166666667936,False,0.0,spontaneous,2,104.0,0,False
sub06,test,14,18,10.602145833333333,10.542625,18.0,-0.05952083333333391,28.420511934561333,-59.52083333333391,False,0.0,spontaneous,2,104.0,0,False
sub06,test,14,19,11.1790625,11.148895833333333,19.0,-0.030166666666668007,45.487920356571216,-30.166666666668007,False,1.0,spontaneous,2,104.0,0,False
sub06,test,14,20,11.755979166666666,11.7089375,20.0,-0.04704166666666687,20.80706637237047,-47.04166666666687,False,0.0,spontaneous,2,104.0,0,False
sub06,test,14,21,12.332895833333334,12.284583333333334,21.0,-0.04831249999999976,20.076796326942066,-48.31249999999976,False,0.0,spontaneous,2,104.0,0,False
sub06,test,14,22,12.9098125,12.880729166666667,22.0,-0.02908333333333246,42.351648747315124,-29.08333333333246,False,1.0,spontaneous,2,104.0,0,False
sub06,test,14,23,13.486729166666667,13.460270833333333,23.0,-0.02645833333333414,25.276227413253167,-26.45833333333414,False,0.0,spontaneous,2,104.0,0,False
sub06,test,14,24,14.063645833333334,14.009041666666667,24.0,-0.05460416666666745,33.93373972540515,-54.60416666666745,False,1.0,spontaneous,2,104.0,0,False
sub06,test,14,25,14.6405625,14.581395833333334,25.0,-0.059166666666666146,48.42949560107148,-59.166666666666146,False,1.0,spontaneous,2,104.0,0,False
sub06,test,14,26,15.217479166666667,15.152895833333334,26.0,-0.06458333333333321,18.47251240454945,-64.58333333333321,False,0.0,spontaneous,2,104.0,0,False
sub06,test,14,27,15.794395833333333,15.6993125,27.0,-0.09508333333333319,33.938184813812164,-95.08333333333319,False,1.0,spontaneous,2,104.0,0,False
sub06,test,14,28,16.3713125,16.25625,28.0,-0.11506249999999696,35.68759883591221,-115.06249999999696,False,1.0,spontaneous,2,104.0,0,False
sub06,test,14,29,16.948229166666668,16.86766666666667,29.0,-0.0805624999999992,16.995125334283127,-80.5624999999992,False,0.0,spontaneous,2,104.0,0,False
sub06,test,14,30,17.525145833333333,17.44408333333333,30.0,-0.08106250000000159,23.18066234889524,-81.06250000000159,False,0.0,spontaneous,2,104.0,0,False
sub06,test,14,31,18.1020625,18.043791666666667,31.0,-0.058270833333331495,46.65162525692576,-58.270833333331495,False,1.0,spontaneous,2,104.0,0,False
sub06,test,14,32,18.678979166666668,18.6186875,32.0,-0.060291666666667965,19.613419803979713,-60.291666666667965,False,0.0,spontaneous,2,104.0,0,False
sub06,test,14,33,19.255895833333334,19.178375,33.0,-0.0775208333333346,27.947711520102878,-77.5208333333346,False,0.0,spontaneous,2,104.0,0,False
sub06,test,14,34,19.8328125,19.745229166666668,34.0,-0.08758333333333113,45.145800228763946,-87.58333333333113,False,1.0,spontaneous,2,104.0,0,False
sub06,test,14,35,20.409729166666665,20.310208333333332,35.0,-0.09952083333333306,14.236212807654901,-99.52083333333306,False,0.0,spontaneous,2,104.0,0,False
sub06,test,14,36,20.986645833333334,20.946416666666668,36.0,-0.040229166666666316,22.28024095252422,-40.229166666666316,False,0.0,spontaneous,2,104.0,0,False
sub06,test,14,37,21.5635625,21.517854166666666,37.0,-0.045708333333333684,47.61563843242139,-45.708333333333684,False,1.0,spontaneous,2,104.0,0,False
sub06,test,14,38,22.140479166666665,22.073083333333333,38.0,-0.06739583333333243,22.78740902098111,-67.39583333333243,False,0.0,spontaneous,2,104.0,0,False
sub06,test,14,39,22.717395833333335,22.65577083333333,39.0,-0.06162500000000293,29.150963034958327,-61.62500000000293,False,0.0,spontaneous,2,104.0,0,False
sub06,test,14,40,23.2943125,23.232375,40.0,-0.06193749999999909,44.817906949780316,-61.93749999999909,False,1.0,spontaneous,2,104.0,0,False
sub06,test,14,41,23.871229166666666,23.779875,41.0,-0.09135416666666529,21.67928298199599,-91.3541666666653,False,0.0,spontaneous,2,104.0,0,False
sub06,test,14,42,24.448145833333335,24.401291666666665,42.0,-0.04685416666666953,26.106823385082976,-46.85416666666953,False,0.0,spontaneous,2,104.0,0,False
sub06,test,14,43,25.0250625,24.971145833333335,43.0,-0.05391666666666595,45.6279174379307,-53.91666666666595,False,1.0,spontaneous,2,104.0,0,False
sub06,test,14,44,25.601979166666666,25.508375,44.0,-0.09360416666666538,21.88791818005345,-93.60416666666538,False,0.0,spontaneous,2,104.0,0,False
sub06,test,14,45,26.178895833333332,26.059,45.0,-0.11989583333333087,25.171445598706068,-119.89583333333087,False,0.0,spontaneous,2,104.0,0,False
sub06,test,14,46,26.7558125,26.67725,46.0,-0.07856250000000031,46.31114533985756,-78.56250000000031,False,1.0,spontaneous,2,104.0,0,False
sub06,test,14,47,27.332729166666667,27.28375,47.0,-0.048979166666665463,18.75780470437962,-48.97916666666546,False,0.0,spontaneous,2,104.0,0,False
sub06,test,14,48,27.909645833333332,27.87377083333333,48.0,-0.03587500000000077,23.19952876953856,-35.87500000000077,False,0.0,spontaneous,2,104.0,0,False
sub06,test,14,49,28.4876875,28.434333333333335,49.0,-0.05335416666666504,45.861649623921096,-53.35416666666504,False,1.0,spontaneous,2,104.0,0,False
sub06,test,14,50,29.063479166666667,29.001625,50.0,-0.061854166666666544,22.515858397259258,-61.85416666666654,False,0.0,spontaneous,2,104.0,0,False
sub06,test,14,51,29.640395833333333,29.588854166666668,51.0,-0.051541666666665265,32.56553892748355,-51.541666666665265,False,1.0,spontaneous,2,104.0,0,False
sub06,test,15,0,0.22279166666666667,0.4164583333333333,0.0,0.19366666666666665,46.140683834186945,193.66666666666666,False,1.0,spontaneous,3,116.0,0,False
sub06,test,15,1,0.7388958333333333,0.7257291666666666,1.0,-0.01316666666666666,27.14308216825915,-13.16666666666666,False,0.0,spontaneous,3,116.0,0,False
sub06,test,15,2,1.2561458333333333,1.1824166666666667,2.0,-0.07372916666666662,30.378250270258253,-73.72916666666663,False,0.0,spontaneous,3,116.0,0,False
sub06,test,15,3,1.7733958333333333,1.7260625,3.0,-0.04733333333333323,47.36248884580489,-47.33333333333323,False,1.0,spontaneous,3,116.0,0,False
sub06,test,15,4,2.2906458333333335,2.210125,4.0,-0.08052083333333337,32.3445945668784,-80.52083333333337,False,1.0,spontaneous,3,116.0,0,False
sub06,test,15,5,2.8078958333333333,2.750208333333333,5.0,-0.057687500000000114,8.793030012555528,-57.687500000000114,False,0.0,spontaneous,3,116.0,0,False
sub06,test,15,6,3.3251458333333335,3.2842083333333334,6.0,-0.04093750000000007,45.84131930660106,-40.93750000000007,False,1.0,spontaneous,3,116.0,0,False
sub06,test,15,7,3.8423958333333332,3.8179583333333333,7.0,-0.02443749999999989,11.204139658603953,-24.43749999999989,False,0.0,spontaneous,3,116.0,0,False
sub06,test,15,8,4.359645833333333,4.3365,8.0,-0.02314583333333342,23.49907245711098,-23.14583333333342,False,0.0,spontaneous,3,116.0,0,False
sub06,test,15,9,4.876895833333333,4.853645833333333,9.0,-0.023249999999999993,44.78507275046853,-23.249999999999993,False,1.0,spontaneous,3,116.0,0,False
sub06,test,15,10,5.394145833333333,5.316416666666667,10.0,-0.07772916666666596,15.296566686789895,-77.72916666666596,False,0.0,spontaneous,3,116.0,0,False
sub06,test,15,11,5.911395833333334,5.846583333333333,11.0,-0.06481250000000038,30.79946367555733,-64.81250000000038,False,0.0,spontaneous,3,116.0,0,False
sub06,test,15,12,6.428645833333333,6.387666666666667,12.0,-0.040979166666666345,42.284890095552925,-40.979166666666345,False,1.0,spontaneous,3,116.0,0,False
sub06,test,15,13,6.945895833333333,6.907395833333333,13.0,-0.03849999999999998,7.604015389327494,-38.49999999999998,False,0.0,spontaneous,3,116.0,0,False
sub06,test,15,14,7.463145833333333,7.383875,14.0,-0.07927083333333318,30.662169238583076,-79.27083333333317,False,0.0,spontaneous,3,116.0,0,False
sub06,test,15,15,7.980395833333334,7.91475,15.0,-0.06564583333333385,41.17079730098594,-65.64583333333385,False,1.0,spontaneous,3,116.0,0,False
sub06,test,15,16,8.497645833333333,8.423520833333333,16.0,-0.07412500000000044,11.3526519967077,-74.12500000000044,False,0.0,spontaneous,3,116.0,0,False
sub06,test,15,17,9.016041666666666,8.9655,17.0,-0.05054166666666582,29.538586460319532,-50.54166666666582,False,0.0,spontaneous,3,116.0,0,False
sub06,test,15,18,9.532145833333333,9.496666666666666,18.0,-0.03547916666666673,43.758068948033,-35.47916666666673,False,1.0,spontaneous,3,116.0,0,False
sub06,test,15,19,10.049395833333334,9.9961875,19.0,-0.05320833333333397,30.622314199815484,-53.20833333333397,False,0.0,spontaneous,3,116.0,0,False
sub06,test,15,20,10.566645833333334,10.5164375,20.0,-0.050208333333333854,28.63374499754041,-50.208333333333854,False,0.0,spontaneous,3,116.0,0,False
sub06,test,15,21,11.083895833333333,11.0320625,21.0,-0.05183333333333273,44.79734344825708,-51.83333333333273,False,1.0,spontaneous,3,116.0,0,False
sub06,test,15,22,11.601145833333334,11.547875,22.0,-0.053270833333334267,29.63737340300121,-53.27083333333427,False,0.0,spontaneous,3,116.0,0,False
sub06,test,15,23,12.118395833333333,12.092104166666667,23.0,-0.026291666666665492,29.99766805713772,-26.291666666665492,False,0.0,spontaneous,3,116.0,0,False
sub06,test,15,24,12.635645833333333,12.5903125,24.0,-0.04533333333333367,36.3614207556464,-45.33333333333367,False,1.0,spontaneous,3,116.0,0,False
sub06,test,15,25,13.152895833333334,13.079916666666668,25.0,-0.07297916666666637,21.98112732550195,-72.97916666666637,False,0.0,spontaneous,3,116.0,0,False
sub06,test,15,26,13.670145833333333,13.592020833333333,26.0,-0.078125,28.828023260980423,-78.125,False,0.0,spontaneous,3,116.0,0,False
sub06,test,15,27,14.187395833333333,14.137895833333333,27.0,-0.0495000000000001,49.09319767593304,-49.5000000000001,False,1.0,spontaneous,3,116.0,0,False
sub06,test,15,28,14.704645833333334,14.640791666666667,28.0,-0.06385416666666721,34.64588997696374,-63.85416666666721,False,1.0,spontaneous,3,116.0,0,False
sub06,test,15,29,15.221895833333333,15.1646875,29.0,-0.05720833333333353,34.897170400097764,-57.20833333333353,False,1.0,spontaneous,3,116.0,0,False
sub06,test,15,30,15.739145833333334,15.665020833333333,30.0,-0.07412500000000044,38.09850222554337,-74.12500000000044,False,1.0,spontaneous,3,116.0,0,False
sub06,test,15,31,16.256395833333332,16.231729166666668,31.0,-0.024666666666664838,7.491563540113796,-24.666666666664838,False,0.0,spontaneous,3,116.0,0,False
sub06,test,15,32,16.773645833333333,16.755041666666667,32.0,-0.01860416666666609,46.27115561549711,-18.60416666666609,False,1.0,spontaneous,3,116.0,0,False
sub06,test,15,33,17.290895833333334,17.257583333333333,33.0,-0.033312500000000966,34.376176873048465,-33.312500000000966,False,1.0,spontaneous,3,116.0,0,False
sub06,test,15,34,17.809291666666667,17.821458333333332,34.0,0.012166666666665549,39.74017476506618,12.166666666665549,False,1.0,spontaneous,3,116.0,0,False
sub06,test,15,35,18.325395833333335,18.259395833333333,35.0,-0.0660000000000025,2.801798566908611,-66.0000000000025,False,0.0,spontaneous,3,116.0,0,False
sub06,test,15,36,18.842645833333332,18.807666666666666,36.0,-0.03497916666666612,42.170407048339406,-34.97916666666612,False,1.0,spontaneous,3,116.0,0,False
sub06,test,15,37,19.359895833333333,19.311,37.0,-0.048895833333332916,23.521181734217265,-48.89583333333292,False,0.0,spontaneous,3,116.0,0,False
sub06,test,15,38,19.877145833333334,19.855833333333333,38.0,-0.02131250000000051,40.573159348627584,-21.31250000000051,False,1.0,spontaneous,3,116.0,0,False
sub06,test,15,39,20.394395833333334,20.3563125,39.0,-0.0380833333333328,31.459267831790942,-38.0833333333328,False,0.0,spontaneous,3,116.0,0,False
sub06,test,15,40,20.911645833333335,20.919395833333333,40.0,0.007749999999997925,41.98635803101875,7.749999999997925,False,1.0,spontaneous,3,116.0,0,False
sub06,test,15,41,21.428895833333332,21.3826875,41.0,-0.04620833333333252,31.136449043219216,-46.20833333333252,False,0.0,spontaneous,3,116.0,0,False
sub06,test,15,42,21.946145833333333,21.9396875,42.0,-0.006458333333331012,44.79630607106401,-6.458333333331012,False,1.0,spontaneous,3,116.0,0,False
sub06,test,15,43,22.463395833333333,22.433979166666667,43.0,-0.029416666666666202,31.34994537205959,-29.416666666666202,False,0.0,spontaneous,3,116.0,0,False
sub06,test,15,44,22.980645833333334,22.924895833333334,44.0,-0.055749999999999744,36.379526439923865,-55.749999999999744,False,1.0,spontaneous,3,116.0,0,False
sub06,test,15,45,23.497895833333335,23.445166666666665,45.0,-0.05272916666666916,27.708295193492553,-52.72916666666916,False,0.0,spontaneous,3,116.0,0,False
sub06,test,15,46,24.01514583333333,23.9853125,46.0,-0.02983333333333249,44.249234155102826,-29.83333333333249,False,1.0,spontaneous,3,116.0,0,False
sub06,test,15,47,24.532395833333332,24.4916875,47.0,-0.040708333333331126,26.67072064795758,-40.708333333331126,False,0.0,spontaneous,3,116.0,0,False
sub06,test,15,48,25.049645833333333,25.018270833333332,48.0,-0.0313750000000006,43.9966307546435,-31.375000000000597,False,1.0,spontaneous,3,116.0,0,False
sub06,test,15,49,25.566895833333334,25.528125,49.0,-0.03877083333333431,21.64497431288011,-38.77083333333431,False,0.0,spontaneous,3,116.0,0,False
sub06,test,15,50,26.084145833333334,26.0595625,50.0,-0.024583333333335844,44.83132420418025,-24.583333333335844,False,1.0,spontaneous,3,116.0,0,False
sub06,test,15,51,26.601395833333335,26.576166666666666,51.0,-0.0252291666666693,15.46525527151974,-25.2291666666693,False,0.0,spontaneous,3,116.0,0,False
sub06,test,15,52,27.118645833333332,27.075270833333335,52.0,-0.0433749999999975,45.681525697139726,-43.3749999999975,False,1.0,spontaneous,3,116.0,0,False
sub06,test,15,53,27.635895833333333,27.5678125,53.0,-0.06808333333333394,25.503515216203855,-68.08333333333394,False,0.0,spontaneous,3,116.0,0,False
sub06,test,15,54,28.153145833333333,28.102104166666667,54.0,-0.05104166666666643,46.139220265705205,-51.04166666666643,False,1.0,spontaneous,3,116.0,0,False
sub06,test,15,55,28.670395833333334,28.622583333333335,55.0,-0.04781249999999915,30.147596475651078,-47.81249999999915,False,0.0,spontaneous,3,116.0,0,False
sub06,test,15,56,29.187645833333335,29.152395833333333,56.0,-0.035250000000001336,42.70240147997597,-35.250000000001336,False,1.0,spontaneous,3,116.0,0,False
sub06,test,16,0,0.21879166666666666,0.32847916666666666,0.0,0.1096875,46.1738807245392,109.6875,False,1.0,cued,3,112.0,14,False
sub06,test,16,1,0.753375,0.7338958333333333,1.0,-0.019479166666666714,31.70060130872688,-19.479166666666714,False,0.0,cued,3,112.0,14,False
sub06,test,16,2,1.2890833333333334,1.213125,2.0,-0.07595833333333335,28.67379497156382,-75.95833333333334,False,0.0,cued,3,112.0,14,False
sub06,test,16,3,1.8247916666666666,1.79975,3.0,-0.02504166666666663,46.22260116082752,-25.04166666666663,False,1.0,cued,3,112.0,14,False
sub06,test,16,4,2.3605,2.3247916666666666,4.0,-0.03570833333333345,31.869771209883936,-35.70833333333346,False,0.0,cued,3,112.0,14,False
sub06,test,16,5,2.8962083333333335,2.8426875,5.0,-0.053520833333333684,29.106162536399978,-53.520833333333684,False,0.0,cued,3,112.0,14,False
sub06,test,16,6,3.4319166666666665,3.4200833333333334,6.0,-0.01183333333333314,43.53637778583922,-11.83333333333314,False,1.0,cued,3,112.0,14,False
sub06,test,16,7,3.967625,3.9270625,7.0,-0.04056250000000006,31.01336245020677,-40.56250000000006,False,0.0,cued,3,112.0,14,False
sub06,test,16,8,4.503333333333333,4.4541458333333335,8.0,-0.049187499999999496,27.087147214800087,-49.187499999999496,False,0.0,cued,3,112.0,14,False
sub06,test,16,9,5.0401875,5.0101875,9.0,-0.03000000000000025,42.905184069174894,-30.00000000000025,False,1.0,cued,3,112.0,14,False
sub06,test,16,10,5.57475,5.530375,10.0,-0.04437499999999961,16.1368769571798,-44.37499999999961,False,0.0,cued,3,112.0,14,False
sub06,test,16,11,6.110458333333334,6.066625,11.0,-0.04383333333333361,32.4914500181822,-43.83333333333361,False,0.0,cued,3,112.0,14,False
sub06,test,16,12,6.646166666666667,6.58175,12.0,-0.06441666666666634,40.49605074515442,-64.41666666666634,False,1.0,cued,3,112.0,14,False
sub06,test,16,13,7.183020833333333,7.089875,13.0,-0.09314583333333282,29.8150967071558,-93.14583333333282,False,0.0,cued,3,112.0,14,False
sub06,test,16,14,7.717583333333334,7.6673125,14.0,-0.050270833333333265,33.00375346444056,-50.270833333333265,False,1.0,cued,3,112.0,14,False
sub06,test,16,15,8.253291666666666,8.188416666666667,15.0,-0.0648749999999989,43.10117277937873,-64.8749999999989,False,1.0,cued,3,112.0,14,False
sub06,test,16,16,8.789,8.706,16.0,-0.08300000000000018,31.233477104285548,-83.00000000000018,False,0.0,cued,3,112.0,14,False
sub06,test,16,17,9.325833333333334,9.248083333333334,17.0,-0.07774999999999999,33.256392192589914,-77.74999999999999,False,1.0,cued,3,112.0,14,False
sub06,test,16,18,9.860416666666667,9.784270833333334,18.0,-0.07614583333333336,42.58353103425607,-76.14583333333336,False,1.0,cued,3,112.0,14,False
sub06,test,16,19,10.396125,10.323916666666667,19.0,-0.07220833333333232,27.547713161635418,-72.20833333333232,False,0.0,cued,3,112.0,14,False
sub06,test,16,20,10.931833333333334,10.873395833333333,20.0,-0.05843750000000014,33.72521673114578,-58.43750000000014,False,1.0,cued,3,112.0,14,False
sub06,test,16,21,11.467541666666667,11.393333333333333,21.0,-0.07420833333333476,43.51867687971375,-74.20833333333476,False,1.0,cued,3,112.0,14,False
sub06,test,16,22,12.00325,11.9111875,22.0,-0.09206249999999905,31.62737570401054,-92.06249999999905,False,0.0,cued,3,112.0,14,False
sub06,test,16,23,12.538958333333333,12.450229166666666,23.0,-0.08872916666666697,24.828676310668378,-88.72916666666697,False,0.0,cued,3,112.0,14,False
sub06,test,16,24,13.074666666666667,13.007666666666667,24.0,-0.06700000000000017,34.29791631111746,-67.00000000000017,False,1.0,cued,3,112.0,14,False
sub06,test,16,25,13.610375,13.535708333333334,25.0,-0.07466666666666555,21.097238123521343,-74.66666666666555,False,0.0,cued,3,112.0,14,False
sub06,test,16,26,14.146083333333333,14.081229166666667,26.0,-0.06485416666666666,29.724214224937064,-64.85416666666666,False,0.0,cued,3,112.0,14,False
sub06,test,16,27,14.681791666666667,14.6226875,27.0,-0.059104166666667624,47.849382446863835,-59.10416666666762,False,1.0,cued,3,112.0,14,False
sub06,test,16,28,15.2175,15.149791666666667,28.0,-0.06770833333333215,30.7719827319912,-67.70833333333215,False,0.0,cued,3,112.0,14,False
sub06,test,16,29,15.753208333333333,15.6956875,29.0,-0.05752083333333324,43.21220850366113,-57.52083333333324,False,1.0,cued,3,112.0,14,False
sub06,test,16,30,16.288916666666665,16.272270833333334,30.0,-0.016645833333331694,28.467806832107865,-16.645833333331694,False,0.0,cued,3,112.0,14,False
sub06,test,16,31,16.825770833333333,16.7948125,31.0,-0.03095833333333431,43.1309590616724,-30.95833333333431,False,1.0,cued,3,112.0,14,False
sub06,test,16,32,17.360333333333333,17.321166666666667,32.0,-0.03916666666666657,31.99519207723347,-39.16666666666657,False,0.0,cued,3,112.0,14,False
sub06,test,16,33,17.896041666666665,17.867,33.0,-0.029041666666664412,41.27975327642624,-29.041666666664412,False,1.0,cued,3,112.0,14,False
sub06,test,16,34,18.43175,18.370833333333334,34.0,-0.060916666666667396,32.29233930953975,-60.916666666667396,False,0.0,cued,3,112.0,14,False
sub06,test,16,35,18.967458333333333,18.930229166666667,35.0,-0.0372291666666662,44.4763969960497,-37.2291666666662,False,1.0,cued,3,112.0,14,False
sub06,test,16,36,19.503166666666665,19.468166666666665,36.0,-0.03500000000000014,30.441876680190294,-35.00000000000014,False,0.0,cued,3,112.0,14,False
sub06,test,16,37,20.038875,20.009229166666668,37.0,-0.02964583333333337,46.191754708080985,-29.64583333333337,False,1.0,cued,3,112.0,14,False
sub06,test,16,38,20.574583333333333,20.53325,38.0,-0.04133333333333411,30.00147152641633,-41.33333333333411,False,0.0,cued,3,112.0,14,False
sub06,test,16,39,21.110291666666665,21.072020833333333,39.0,-0.03827083333333192,37.752619463614586,-38.27083333333192,False,1.0,cued,3,112.0,14,False
sub06,test,16,40,21.646,21.5969375,40.0,-0.04906250000000156,29.546307211440773,-49.06250000000156,False,0.0,cued,3,112.0,14,False
sub06,test,16,41,22.182854166666665,22.139666666666667,41.0,-0.04318749999999838,43.14468336577214,-43.18749999999838,False,1.0,cued,3,112.0,14,False
sub06,test,16,42,22.717416666666665,22.648229166666667,42.0,-0.06918749999999818,31.58025582162037,-69.18749999999818,False,0.0,cued,3,112.0,14,False
sub06,test,16,43,23.253125,23.199895833333333,43.0,-0.05322916666666799,43.37368288423392,-53.22916666666799,False,1.0,cued,3,112.0,14,False
sub06,test,16,44,23.788833333333333,23.701833333333333,44.0,-0.08699999999999974,27.129617036173862,-86.99999999999974,False,0.0,cued,3,112.0,14,False
sub06,test,16,45,24.324541666666665,24.253041666666668,45.0,-0.07149999999999679,42.631576275944845,-71.49999999999679,False,1.0,cued,3,112.0,14,False
sub06,test,16,46,24.86025,24.7796875,46.0,-0.0805624999999992,29.422826746706335,-80.5624999999992,False,0.0,cued,3,112.0,14,False
sub06,test,16,47,25.395958333333333,25.357208333333332,47.0,-0.038750000000000284,37.12469701918114,-38.750000000000284,False,1.0,cued,3,112.0,14,False
sub06,test,16,48,25.93166666666667,25.8921875,48.0,-0.03947916666666984,28.72617930722416,-39.47916666666984,False,0.0,cued,3,112.0,14,False
sub06,test,16,49,26.467375,26.43647916666667,49.0,-0.030895833333332234,43.70214683355967,-30.895833333332234,False,1.0,cued,3,112.0,14,False
sub06,test,16,50,27.003083333333333,26.945416666666667,50.0,-0.05766666666666609,32.51057285921351,-57.66666666666609,False,1.0,cued,3,112.0,14,False
sub06,test,16,51,27.53879166666667,27.520479166666668,51.0,-0.018312500000000398,47.14782635583362,-18.312500000000398,False,1.0,cued,3,112.0,14,False
sub06,test,16,52,28.0745,28.047395833333333,52.0,-0.027104166666667595,30.527380166674938,-27.104166666667595,False,0.0,cued,3,112.0,14,False
sub06,test,16,53,28.610208333333333,28.559083333333334,53.0,-0.05112499999999898,38.245711227502184,-51.12499999999898,False,1.0,cued,3,112.0,14,False
sub06,test,16,54,29.14591666666667,29.095229166666666,54.0,-0.05068750000000222,26.345052593646145,-50.68750000000222,False,0.0,cued,3,112.0,14,False
sub06,test,16,55,29.681625,29.648541666666667,55.0,-0.0330833333333338,38.37044177169582,-33.0833333333338,False,1.0,cued,3,112.0,14,False
sub06,test,17,0,0.21877083333333333,0.3584375,0.0,0.1396666666666667,46.99312545655921,139.66666666666669,False,1.0,cued,2,100.0,18,False
sub06,test,17,1,0.8176458333333333,0.7914166666666667,1.0,-0.026229166666666637,33.61276260261776,-26.229166666666636,False,1.0,cued,2,100.0,18,False
sub06,test,17,2,1.4176458333333333,1.3721875,2.0,-0.04545833333333338,44.05140378672657,-45.45833333333338,False,1.0,cued,2,100.0,18,False
sub06,test,17,3,2.0176458333333334,1.9473125,3.0,-0.07033333333333336,34.15958903227735,-70.33333333333336,False,1.0,cued,2,100.0,18,False
sub06,test,17,4,2.6176458333333334,2.5262708333333332,4.0,-0.0913750000000002,46.190718198154556,-91.3750000000002,False,1.0,cued,2,100.0,18,False
sub06,test,17,5,3.2176458333333335,3.1483333333333334,5.0,-0.06931250000000011,33.06718776954554,-69.31250000000011,False,0.0,cued,2,100.0,18,False
sub06,test,17,6,3.817645833333333,3.7578541666666667,6.0,-0.059791666666666465,45.22873606098561,-59.791666666666465,False,1.0,cued,2,100.0,18,False
sub06,test,17,7,4.417645833333333,4.346979166666666,7.0,-0.07066666666666688,18.291875879853478,-70.66666666666688,False,0.0,cued,2,100.0,18,False
sub06,test,17,8,5.017645833333333,4.945145833333333,8.0,-0.07249999999999979,36.78382988662074,-72.49999999999979,False,1.0,cued,2,100.0,18,False
sub06,test,17,9,5.6176458333333334,5.52775,9.0,-0.08989583333333329,30.615862381936715,-89.89583333333329,False,0.0,cued,2,100.0,18,False
sub06,test,17,10,6.217645833333333,6.162375,10.0,-0.05527083333333316,42.229586174345584,-55.27083333333316,False,1.0,cued,2,100.0,18,False
sub06,test,17,11,6.817645833333334,6.753229166666666,11.0,-0.06441666666666723,29.16298920159099,-64.41666666666723,False,0.0,cued,2,100.0,18,False
sub06,test,17,12,7.417645833333333,7.351958333333333,12.0,-0.06568750000000012,35.448134601523414,-65.68750000000011,False,1.0,cued,2,100.0,18,False
sub06,test,17,13,8.017645833333333,7.943604166666667,13.0,-0.07404166666666612,29.43319982614505,-74.04166666666612,False,0.0,cued,2,100.0,18,False
sub06,test,17,14,8.617645833333333,8.550375,14.0,-0.06727083333333184,34.06446617269264,-67.27083333333184,False,1.0,cued,2,100.0,18,False
sub06,test,17,15,9.217645833333334,9.186229166666667,15.0,-0.03141666666666687,34.36518558122056,-31.41666666666687,False,1.0,cued,2,100.0,18,False
sub06,test,17,16,9.817645833333334,9.808979166666667,16.0,-0.0086666666666666,35.221618394332985,-8.6666666666666,False,1.0,cued,2,100.0,18,False
sub06,test,17,17,10.417645833333333,10.369229166666667,17.0,-0.04841666666666633,32.84263062558247,-48.41666666666633,False,0.0,cued,2,100.0,18,False
sub06,test,17,18,11.017645833333333,10.9754375,18.0,-0.04220833333333296,36.970730674682,-42.20833333333296,False,1.0,cued,2,100.0,18,False
sub06,test,17,19,11.617645833333333,11.561145833333333,19.0,-0.05649999999999977,32.6447314860522,-56.49999999999977,False,0.0,cued,2,100.0,18,False
sub06,test,17,20,12.217645833333334,12.198479166666667,20.0,-0.019166666666666998,45.200493397097944,-19.166666666667,False,1.0,cued,2,100.0,18,False
sub06,test,17,21,12.817645833333334,12.775083333333333,21.0,-0.042562500000000725,29.36671840788763,-42.562500000000725,False,0.0,cued,2,100.0,18,False
sub06,test,17,22,13.417645833333333,13.38625,22.0,-0.031395833333332845,36.9212163340043,-31.395833333332845,False,1.0,cued,2,100.0,18,False
sub06,test,17,23,14.017645833333333,13.9650625,23.0,-0.05258333333333276,27.608364533741188,-52.58333333333276,False,0.0,cued,2,100.0,18,False
sub06,test,17,24,14.617645833333333,14.536333333333333,24.0,-0.08131249999999923,37.20652946552193,-81.31249999999923,False,1.0,cued,2,100.0,18,False
sub06,test,17,25,15.217645833333334,15.128041666666666,25.0,-0.0896041666666676,29.888886027468914,-89.6041666666676,False,0.0,cued,2,100.0,18,False
sub06,test,17,26,15.817645833333334,15.762125,26.0,-0.05552083333333435,43.2031201540757,-55.52083333333435,False,1.0,cued,2,100.0,18,False
sub06,test,17,27,16.417645833333335,16.387291666666666,27.0,-0.030354166666668903,32.549944475343075,-30.354166666668903,False,0.0,cued,2,100.0,18,False
sub06,test,17,28,17.017645833333333,16.997666666666667,28.0,-0.01997916666666555,43.577936968776,-19.97916666666555,False,1.0,cued,2,100.0,18,False
sub06,test,17,29,17.618791666666667,17.56075,29.0,-0.05804166666666788,32.62167532355372,-58.04166666666788,False,0.0,cued,2,100.0,18,False
sub06,test,17,30,18.217645833333332,18.221833333333333,30.0,0.004187500000000455,35.811801864180225,4.187500000000455,False,1.0,cued,2,100.0,18,False
sub06,test,17,31,18.817645833333334,18.695354166666668,31.0,-0.12229166666666558,12.046662769427613,-122.29166666666558,False,0.0,cued,2,100.0,18,False
sub06,test,17,32,19.417645833333335,19.302041666666668,32.0,-0.1156041666666674,15.60180714336408,-115.6041666666674,False,0.0,cued,2,100.0,18,False
sub06,test,17,33,20.017645833333333,19.913604166666666,33.0,-0.10404166666666725,37.31574160882774,-104.04166666666725,False,1.0,cued,2,100.0,18,False
sub06,test,17,34,20.617645833333334,20.545520833333335,34.0,-0.07212499999999977,22.380304130158258,-72.12499999999977,False,0.0,cued,2,100.0,18,False
sub06,test,17,35,21.217645833333332,21.145520833333332,35.0,-0.07212499999999977,23.590445615569045,-72.12499999999977,False,0.0,cued,2,100.0,18,False
sub06,test,17,36,21.817645833333334,21.757708333333333,36.0,-0.0599375000000002,35.63842352745687,-59.9375000000002,False,1.0,cued,2,100.0,18,False
sub06,test,17,37,22.417645833333335,22.340020833333334,37.0,-0.07762500000000117,32.60826041103262,-77.62500000000117,False,0.0,cued,2,100.0,18,False
sub06,test,17,38,23.017645833333333,22.951833333333333,38.0,-0.06581249999999983,31.88516403497349,-65.81249999999983,False,0.0,cued,2,100.0,18,False
sub06,test,17,39,23.617645833333334,23.562791666666666,39.0,-0.05485416666666865,45.26292366312974,-54.85416666666865,False,1.0,cued,2,100.0,18,False
sub06,test,17,40,24.217645833333332,24.199604166666667,40.0,-0.01804166666666518,28.951788239717988,-18.04166666666518,False,0.0,cued,2,100.0,18,False
sub06,test,17,41,24.817645833333334,24.800479166666666,41.0,-0.017166666666668107,23.467834146948032,-17.166666666668107,False,0.0,cued,2,100.0,18,False
sub06,test,17,42,25.417645833333335,25.394354166666666,42.0,-0.02329166666666893,44.19637766435629,-23.29166666666893,False,1.0,cued,2,100.0,18,False
sub06,test,17,43,26.017645833333333,25.9785,43.0,-0.03914583333333255,16.95609348472022,-39.14583333333255,False,0.0,cued,2,100.0,18,False
sub06,test,17,44,26.617645833333334,26.562270833333333,44.0,-0.055375000000001506,20.325320231070926,-55.375000000001506,False,0.0,cued,2,100.0,18,False
sub06,test,17,45,27.217645833333332,27.1515,45.0,-0.06614583333333357,35.93304916198295,-66.14583333333357,False,1.0,cued,2,100.0,18,False
sub06,test,17,46,27.817645833333334,27.762104166666667,46.0,-0.0555416666666666,21.226822439691666,-55.5416666666666,False,0.0,cued,2,100.0,18,False
sub06,test,17,47,28.417645833333335,28.384458333333335,47.0,-0.03318750000000037,21.536095206569158,-33.18750000000037,False,0.0,cued,2,100.0,18,False
sub06,test,17,48,29.017645833333333,28.954916666666666,48.0,-0.06272916666666717,35.46357383930446,-62.72916666666717,False,1.0,cued,2,100.0,18,False
sub06,test,17,49,29.617645833333334,29.543041666666667,49.0,-0.07460416666666703,18.843153805072223,-74.60416666666703,False,0.0,cued,2,100.0,18,False
sub06,test,18,0,0.22752083333333334,0.3831041666666667,0.0,0.15558333333333335,46.37460132046642,155.58333333333334,False,1.0,spontaneous,2,100.0,0,False
sub06,test,18,1,0.8275208333333334,0.8164583333333333,1.0,-0.011062500000000086,19.3669521909762,-11.062500000000085,False,0.0,spontaneous,2,100.0,0,False
sub06,test,18,2,1.4275208333333333,1.38475,2.0,-0.042770833333333425,35.128926643100534,-42.77083333333343,False,1.0,spontaneous,2,100.0,0,False
sub06,test,18,3,2.0275208333333334,2.0034375,3.0,-0.024083333333333456,28.642477250278326,-24.083333333333456,False,0.0,spontaneous,2,100.0,0,False
sub06,test,18,4,2.6275208333333335,2.6395208333333335,4.0,0.01200000000000001,45.92289034353787,12.00000000000001,False,1.0,spontaneous,2,100.0,0,False
sub06,test,18,5,3.227520833333333,3.1961041666666667,5.0,-0.031416666666666426,33.36171108986067,-31.416666666666426,False,1.0,spontaneous,2,100.0,0,False
sub06,test,18,6,3.8275208333333333,3.7957916666666667,6.0,-0.031729166666666586,40.53571922103284,-31.729166666666586,False,1.0,spontaneous,2,100.0,0,False
sub06,test,18,7,4.427520833333333,4.391854166666667,7.0,-0.035666666666666735,26.702026740961934,-35.666666666666735,False,0.0,spontaneous,2,100.0,0,False
sub06,test,18,8,5.027520833333333,5.003395833333333,8.0,-0.02412499999999973,36.61540246158609,-24.12499999999973,False,1.0,spontaneous,2,100.0,0,False
sub06,test,18,9,5.6275208333333335,5.575125,9.0,-0.05239583333333364,34.22000272722389,-52.39583333333364,False,1.0,spontaneous,2,100.0,0,False
sub06,test,18,10,6.227520833333333,6.175895833333334,10.0,-0.05162499999999959,44.532930436957045,-51.62499999999959,False,1.0,spontaneous,2,100.0,0,False
sub06,test,18,11,6.827520833333334,6.787895833333334,11.0,-0.03962500000000002,31.766783659567007,-39.62500000000002,False,0.0,spontaneous,2,100.0,0,False
sub06,test,18,12,7.427520833333333,7.374875,12.0,-0.05264583333333306,35.5305378032234,-52.64583333333306,False,1.0,spontaneous,2,100.0,0,False
sub06,test,18,13,8.027520833333334,7.9725625,13.0,-0.05495833333333344,22.806858431829944,-54.95833333333344,False,0.0,spontaneous,2,100.0,0,False
sub06,test,18,14,8.627520833333334,8.587979166666667,14.0,-0.039541666666666586,45.098059433202096,-39.541666666666586,False,1.0,spontaneous,2,100.0,0,False
sub06,test,18,15,9.227520833333333,9.202229166666667,15.0,-0.025291666666666046,22.252697855574336,-25.291666666666046,False,0.0,spontaneous,2,100.0,0,False
sub06,test,18,16,9.827520833333333,9.795333333333334,16.0,-0.03218749999999915,46.57671265008,-32.18749999999915,False,1.0,spontaneous,2,100.0,0,False
sub06,test,18,17,10.427520833333332,10.433895833333333,17.0,0.006375000000000242,32.02257235813572,6.375000000000242,False,0.0,spontaneous,2,100.0,0,False
sub06,test,18,18,11.027520833333334,10.989875,18.0,-0.037645833333334267,16.843964784190206,-37.64583333333427,False,0.0,spontaneous,2,100.0,0,False
sub06,test,18,19,11.627520833333334,11.562645833333333,19.0,-0.06487500000000068,46.18468844534029,-64.87500000000068,False,1.0,spontaneous,2,100.0,0,False
sub06,test,18,20,12.227520833333333,12.157854166666667,20.0,-0.06966666666666654,19.934852175239907,-69.66666666666654,False,0.0,spontaneous,2,100.0,0,False
sub06,test,18,21,12.827520833333333,12.751291666666667,21.0,-0.0762291666666659,32.55325280739805,-76.2291666666659,False,0.0,spontaneous,2,100.0,0,False
sub06,test,18,22,13.427520833333332,13.368541666666667,22.0,-0.05897916666666525,33.86873225933232,-58.97916666666525,False,1.0,spontaneous,2,100.0,0,False
sub06,test,18,23,14.027520833333334,13.955208333333333,23.0,-0.07231250000000067,28.966421700258543,-72.31250000000067,False,0.0,spontaneous,2,100.0,0,False
sub06,test,18,24,14.627520833333334,14.576208333333334,24.0,-0.05131249999999987,35.295808576108634,-51.31249999999987,False,1.0,spontaneous,2,100.0,0,False
sub06,test,18,25,15.227520833333333,15.159375,25.0,-0.06814583333333246,41.256774265313815,-68.14583333333246,False,1.0,spontaneous,2,100.0,0,False
sub06,test,18,26,15.827520833333333,15.753,26.0,-0.0745208333333327,28.004392562851006,-74.5208333333327,False,0.0,spontaneous,2,100.0,0,False
sub06,test,18,27,16.427520833333332,16.3411875,27.0,-0.08633333333333226,32.98458400849811,-86.33333333333226,False,0.0,spontaneous,2,100.0,0,False
sub06,test,18,28,17.027520833333334,16.971041666666668,28.0,-0.05647916666666575,44.21644228843752,-56.47916666666575,False,1.0,spontaneous,2,100.0,0,False
sub06,test,18,29,17.62752083333333,17.575083333333332,29.0,-0.052437499999999915,29.651804615354123,-52.437499999999915,False,0.0,spontaneous,2,100.0,0,False
sub06,test,18,30,18.227520833333333,18.180208333333333,30.0,-0.04731250000000031,32.7106725698993,-47.31250000000031,False,0.0,spontaneous,2,100.0,0,False
sub06,test,18,31,18.827520833333335,18.753145833333335,31.0,-0.07437499999999986,44.4028564776388,-74.37499999999986,False,1.0,spontaneous,2,100.0,0,False
sub06,test,18,32,19.42866666666667,19.322041666666667,32.0,-0.10662500000000108,26.24047061626195,-106.62500000000108,False,0.0,spontaneous,2,100.0,0,False
sub06,test,18,33,20.027520833333334,19.96775,33.0,-0.059770833333335105,33.27421661281327,-59.770833333335105,False,0.0,spontaneous,2,100.0,0,False
sub06,test,18,34,20.62752083333333,20.599645833333334,34.0,-0.027874999999998096,45.833299039850466,-27.874999999998096,False,1.0,spontaneous,2,100.0,0,False
sub06,test,18,35,21.227520833333333,21.155,35.0,-0.07252083333333204,31.212467398709258,-72.52083333333204,False,0.0,spontaneous,2,100.0,0,False
sub06,test,18,36,21.827520833333335,21.75275,36.0,-0.07477083333333567,34.48082292578724,-74.77083333333567,False,1.0,spontaneous,2,100.0,0,False
sub06,test,18,37,22.427520833333332,22.36691666666667,37.0,-0.06060416666666413,43.206339585617464,-60.60416666666413,False,1.0,spontaneous,2,100.0,0,False
sub06,test,18,38,23.027520833333334,22.95775,38.0,-0.06977083333333312,26.685030433914406,-69.77083333333312,False,0.0,spontaneous,2,100.0,0,False
sub06,test,18,39,23.62752083333333,23.587770833333334,39.0,-0.039749999999997954,33.57715607352597,-39.749999999997954,False,1.0,spontaneous,2,100.0,0,False
sub06,test,18,40,24.227520833333333,24.19002083333333,40.0,-0.03750000000000142,43.38971414878838,-37.50000000000142,False,1.0,spontaneous,2,100.0,0,False
sub06,test,18,41,24.827520833333335,24.760833333333334,41.0,-0.06668750000000045,30.81332302898646,-66.68750000000045,False,0.0,spontaneous,2,100.0,0,False
sub06,test,18,42,25.427520833333332,25.368020833333333,42.0,-0.059499999999999886,24.916952641911273,-59.499999999999886,False,0.0,spontaneous,2,100.0,0,False
sub06,test,18,43,26.027520833333334,25.96977083333333,43.0,-0.05775000000000219,42.83544147636537,-57.75000000000219,False,1.0,spontaneous,2,100.0,0,False
sub06,test,18,44,26.62752083333333,26.573291666666666,44.0,-0.05422916666666566,11.21760404207058,-54.22916666666566,False,0.0,spontaneous,2,100.0,0,False
sub06,test,18,45,27.227520833333333,27.199791666666666,45.0,-0.027729166666667027,30.295210232687687,-27.729166666667027,False,0.0,spontaneous,2,100.0,0,False
sub06,test,18,46,27.827520833333335,27.810145833333333,46.0,-0.01737500000000125,34.67635643732194,-17.37500000000125,False,1.0,spontaneous,2,100.0,0,False
sub06,test,18,47,28.427520833333332,28.381979166666667,47.0,-0.04554166666666504,9.747930461027408,-45.54166666666504,False,0.0,spontaneous,2,100.0,0,False
sub06,test,18,48,29.027520833333334,28.96175,48.0,-0.06577083333333533,31.429171511290285,-65.77083333333533,False,0.0,spontaneous,2,100.0,0,False
sub06,test,18,49,29.62752083333333,29.5706875,49.0,-0.05683333333333351,35.297295274807084,-56.83333333333351,False,1.0,spontaneous,2,100.0,0,False
sub06,test,19,0,0.21883333333333332,0.382125,0.0,0.16329166666666667,45.3597566964261,163.29166666666666,False,1.0,cued,2,120.0,14,False
sub06,test,19,1,0.7176875,0.7066041666666667,1.0,-0.011083333333333334,23.292509425042077,-11.083333333333334,False,0.0,cued,2,120.0,14,False
sub06,test,19,2,1.2176875,1.15925,2.0,-0.05843750000000014,42.74581205099291,-58.43750000000014,False,1.0,cued,2,120.0,14,False
sub06,test,19,3,1.7176875,1.6714583333333333,3.0,-0.046229166666666766,30.611709530547877,-46.229166666666764,False,1.0,cued,2,120.0,14,False
sub06,test,19,4,2.2176875,2.18825,4.0,-0.029437499999999783,44.52648434990359,-29.437499999999783,False,1.0,cued,2,120.0,14,False
sub06,test,19,5,2.7176875,2.6942708333333334,5.0,-0.02341666666666642,14.06753017724127,-23.41666666666642,False,0.0,cued,2,120.0,14,False
sub06,test,19,6,3.2176875,3.1771666666666665,6.0,-0.04052083333333334,36.29620026319708,-40.52083333333334,False,1.0,cued,2,120.0,14,False
sub06,test,19,7,3.7176875,3.697791666666667,7.0,-0.019895833333333002,18.659137771288012,-19.895833333333,False,0.0,cued,2,120.0,14,False
sub06,test,19,8,4.2176875,4.185,8.0,-0.03268750000000065,35.89548195880757,-32.68750000000065,False,1.0,cued,2,120.0,14,False
sub06,test,19,9,4.7176875,4.6501875,9.0,-0.0674999999999999,29.147114517903,-67.49999999999989,False,0.0,cued,2,120.0,14,False
sub06,test,19,10,5.2176875,5.163875,10.0,-0.05381250000000026,42.05265242436491,-53.81250000000026,False,1.0,cued,2,120.0,14,False
sub06,test,19,11,5.7176875,5.662916666666667,11.0,-0.054770833333333435,13.759175131098317,-54.770833333333435,False,0.0,cued,2,120.0,14,False
sub06,test,19,12,6.2176875,6.166333333333333,12.0,-0.051354166666667034,37.31516410318693,-51.354166666667034,False,1.0,cued,2,120.0,14,False
sub06,test,19,13,6.7176875,6.6568958333333335,13.0,-0.0607916666666668,23.57100696278019,-60.7916666666668,False,0.0,cued,2,120.0,14,False
sub06,test,19,14,7.2176875,7.1526875,14.0,-0.06500000000000039,42.31375544703966,-65.0000000000004,False,1.0,cued,2,120.0,14,False
sub06,test,19,15,7.7176875,7.699416666666667,15.0,-0.018270833333333236,17.921970695165502,-18.270833333333236,False,0.0,cued,2,120.0,14,False
sub06,test,19,16,8.2176875,8.2224375,16.0,0.004749999999999588,33.666146375135895,4.749999999999588,False,1.0,cued,2,120.0,14,False
sub06,test,19,17,8.7176875,8.693895833333332,17.0,-0.023791666666667766,18.29754811608356,-23.791666666667766,False,0.0,cued,2,120.0,14,False
sub06,test,19,18,9.2176875,9.188416666666667,18.0,-0.029270833333333357,41.375826642862286,-29.270833333333357,False,1.0,cued,2,120.0,14,False
sub06,test,19,19,9.7176875,9.688645833333334,19.0,-0.029041666666666188,27.919838605523445,-29.04166666666619,False,0.0,cued,2,120.0,14,False
sub06,test,19,20,10.2176875,10.209833333333334,20.0,-0.007854166666666273,35.250509288893795,-7.8541666666662735,False,1.0,cued,2,120.0,14,False
sub06,test,19,21,10.718833333333333,10.67575,21.0,-0.04308333333333181,21.021977984485073,-43.08333333333181,False,0.0,cued,2,120.0,14,False
sub06,test,19,22,11.2176875,11.1961875,22.0,-0.02149999999999963,32.746827536070725,-21.49999999999963,False,1.0,cued,2,120.0,14,False
sub06,test,19,23,11.718833333333333,11.679833333333333,23.0,-0.0389999999999997,16.715199543482434,-38.9999999999997,False,0.0,cued,2,120.0,14,False
sub06,test,19,24,12.2176875,12.186479166666667,24.0,-0.031208333333333727,37.10097669970166,-31.208333333333727,False,1.0,cued,2,120.0,14,False
sub06,test,19,25,12.7176875,12.696708333333333,25.0,-0.02097916666666677,25.85128458024258,-20.97916666666677,False,0.0,cued,2,120.0,14,False
sub06,test,19,26,13.2176875,13.2221875,26.0,0.0045000000000001705,45.24277722671128,4.5000000000001705,False,1.0,cued,2,120.0,14,False
sub06,test,19,27,13.7176875,13.6429375,27.0,-0.07474999999999987,20.773729528429445,-74.74999999999987,False,0.0,cued,2,120.0,14,False
sub06,test,19,28,14.2176875,14.1764375,28.0,-0.04124999999999979,39.45509753071911,-41.24999999999979,False,1.0,cued,2,120.0,14,False
sub06,test,19,29,14.7188125,14.629395833333334,29.0,-0.0894166666666667,24.186119825087943,-89.4166666666667,False,0.0,cued,2,120.0,14,False
sub06,test,19,30,15.2176875,15.122354166666666,30.0,-0.09533333333333438,19.55968211725838,-95.33333333333438,False,0.0,cued,2,120.0,14,False
sub06,test,19,31,15.7176875,15.649833333333333,31.0,-0.06785416666666677,45.26324484700207,-67.85416666666677,False,1.0,cued,2,120.0,14,False
sub06,test,19,32,16.218833333333333,16.153833333333335,32.0,-0.06499999999999773,22.668455590434068,-64.99999999999773,False,0.0,cued,2,120.0,14,False
sub06,test,19,33,16.7176875,16.701854166666667,33.0,-0.015833333333333144,21.91398610907438,-15.833333333333144,False,0.0,cued,2,120.0,14,False
sub06,test,19,34,17.2176875,17.194708333333335,34.0,-0.022979166666665662,41.411322983953795,-22.979166666665662,False,1.0,cued,2,120.0,14,False
sub06,test,19,35,17.7176875,17.672791666666665,35.0,-0.04489583333333513,21.84636233748478,-44.89583333333513,False,0.0,cued,2,120.0,14,False
sub06,test,19,36,18.2176875,18.174270833333335,36.0,-0.04341666666666555,24.580941161806777,-43.41666666666555,False,0.0,cued,2,120.0,14,False
sub06,test,19,37,18.7176875,18.679666666666666,37.0,-0.03802083333333428,36.08787063679384,-38.02083333333428,False,1.0,cued,2,120.0,14,False
sub06,test,19,38,19.2176875,19.146041666666665,38.0,-0.07164583333333496,21.87726304027002,-71.64583333333496,False,0.0,cued,2,120.0,14,False
sub06,test,19,39,19.7176875,19.653333333333332,39.0,-0.06435416666666782,16.535006074388143,-64.35416666666782,False,0.0,cued,2,120.0,14,False
sub06,test,19,40,20.2176875,20.173375,40.0,-0.0443125000000002,43.42962937090359,-44.3125000000002,False,1.0,cued,2,120.0,14,False
sub06,test,19,41,20.7176875,20.676708333333334,41.0,-0.040979166666666345,28.228357043162895,-40.979166666666345,False,0.0,cued,2,120.0,14,False
sub06,test,19,42,21.218833333333333,21.190291666666667,42.0,-0.028541666666665577,20.06763076992979,-28.541666666665577,False,0.0,cued,2,120.0,14,False
sub06,test,19,43,21.7176875,21.6828125,43.0,-0.034874999999999545,43.70959570327518,-34.874999999999545,False,1.0,cued,2,120.0,14,False
sub06,test,19,44,22.218833333333333,22.164791666666666,44.0,-0.054041666666666544,17.640411470749086,-54.04166666666654,False,0.0,cued,2,120.0,14,False
sub06,test,19,45,22.7176875,22.689645833333334,45.0,-0.028041666666666742,30.759494906710295,-28.041666666666742,False,1.0,cued,2,120.0,14,False
sub06,test,19,46,23.2176875,23.178979166666668,46.0,-0.038708333333332234,43.90411698932917,-38.708333333332234,False,1.0,cued,2,120.0,14,False
sub06,test,19,47,23.7176875,23.668604166666668,47.0,-0.049083333333332035,26.739158001129706,-49.083333333332035,False,0.0,cued,2,120.0,14,False
sub06,test,19,48,24.2176875,24.17075,48.0,-0.04693749999999852,31.938169376888162,-46.93749999999852,False,1.0,cued,2,120.0,14,False
sub06,test,19,49,24.7176875,24.69175,49.0,-0.02593750000000128,44.587629686545,-25.93750000000128,False,1.0,cued,2,120.0,14,False
sub06,test,19,50,25.2176875,25.163645833333334,50.0,-0.054041666666666544,18.50101409040541,-54.04166666666654,False,0.0,cued,2,120.0,14,False
sub06,test,19,51,25.7176875,25.6443125,51.0,-0.07337499999999864,32.445786095205825,-73.37499999999864,False,1.0,cued,2,120.0,14,False
sub06,test,19,52,26.2176875,26.1550625,52.0,-0.0626250000000006,36.59451418440134,-62.6250000000006,False,1.0,cued,2,120.0,14,False
sub06,test,19,53,26.7176875,26.680958333333333,53.0,-0.03672916666666737,25.512449338355978,-36.72916666666737,False,0.0,cued,2,120.0,14,False
sub06,test,19,54,27.2176875,27.162520833333332,54.0,-0.05516666666666836,29.934236766826707,-55.16666666666836,False,0.0,cued,2,120.0,14,False
sub06,test,19,55,27.7176875,27.668125,55.0,-0.0495625000000004,35.429616843144515,-49.5625000000004,False,1.0,cued,2,120.0,14,False
sub06,test,19,56,28.2176875,28.138354166666666,56.0,-0.07933333333333437,20.000090477074597,-79.33333333333437,False,0.0,cued,2,120.0,14,False
sub06,test,19,57,28.7176875,28.6325,57.0,-0.08518749999999997,29.028954156761362,-85.18749999999997,False,0.0,cued,2,120.0,14,False
sub06,test,19,58,29.2176875,29.138416666666668,58.0,-0.07927083333333229,42.662730617006105,-79.27083333333229,False,1.0,cued,2,120.0,14,False
sub06,test,19,59,29.7176875,29.668083333333332,59.0,-0.04960416666666845,30.16373392583167,-49.60416666666845,False,1.0,cued,2,120.0,14,False
sub06,test,20,0,0.22752083333333334,0.3766875,0.0,0.14916666666666667,43.76726853512917,149.16666666666666,False,1.0,cued,3,116.0,16,False
sub06,test,20,1,0.7447708333333334,0.7683541666666667,1.0,0.02358333333333329,26.746104844803526,23.58333333333329,False,0.0,cued,3,116.0,16,False
sub06,test,20,2,1.2620208333333334,1.2319166666666668,2.0,-0.0301041666666666,28.520600166903805,-30.1041666666666,False,0.0,cued,3,116.0,16,False
sub06,test,20,3,1.7792708333333334,1.7691666666666668,3.0,-0.01010416666666658,48.30911044555616,-10.10416666666658,False,1.0,cued,3,116.0,16,False
sub06,test,20,4,2.296520833333333,2.2264166666666667,4.0,-0.07010416666666641,34.00878782090915,-70.10416666666642,False,1.0,cued,3,116.0,16,False
sub06,test,20,5,2.8137708333333333,2.7810208333333333,5.0,-0.03275000000000006,25.99081367197297,-32.75000000000006,False,0.0,cued,3,116.0,16,False
sub06,test,20,6,3.3310208333333335,3.284625,6.0,-0.046395833333333414,44.29298890945633,-46.395833333333414,False,1.0,cued,3,116.0,16,False
sub06,test,20,7,3.8482708333333333,3.8337291666666666,7.0,-0.014541666666666675,13.305687703270033,-14.541666666666675,False,0.0,cued,3,116.0,16,False
sub06,test,20,8,4.365520833333333,4.301041666666666,8.0,-0.06447916666666664,26.760639343162754,-64.47916666666664,False,0.0,cued,3,116.0,16,False
sub06,test,20,9,4.882770833333334,4.844229166666667,9.0,-0.03854166666666714,33.018123777471025,-38.54166666666714,False,1.0,cued,3,116.0,16,False
sub06,test,20,10,5.4011458333333335,5.3611875,10.0,-0.03995833333333376,23.8013080935988,-39.95833333333376,False,0.0,cued,3,116.0,16,False
sub06,test,20,11,5.917270833333333,5.8486875,11.0,-0.06858333333333366,27.439325517650385,-68.58333333333366,False,0.0,cued,3,116.0,16,False
sub06,test,20,12,6.434520833333333,6.396625,12.0,-0.037895833333332796,43.06007466307091,-37.895833333332796,False,1.0,cued,3,116.0,16,False
sub06,test,20,13,6.951770833333334,6.904958333333333,13.0,-0.04681250000000059,28.8478946573311,-46.81250000000059,False,0.0,cued,3,116.0,16,False
sub06,test,20,14,7.469020833333333,7.375875,14.0,-0.0931458333333337,29.98404963022815,-93.14583333333371,False,0.0,cued,3,116.0,16,False
sub06,test,20,15,7.986270833333333,7.91725,15.0,-0.06902083333333309,35.22403656884448,-69.02083333333309,False,1.0,cued,3,116.0,16,False
sub06,test,20,16,8.503520833333333,8.4589375,16.0,-0.04458333333333364,27.19522330846423,-44.58333333333364,False,0.0,cued,3,116.0,16,False
sub06,test,20,17,9.020770833333334,8.976479166666667,17.0,-0.044291666666666174,26.459712043637566,-44.291666666666174,False,0.0,cued,3,116.0,16,False
sub06,test,20,18,9.538020833333333,9.496916666666667,18.0,-0.041104166666665165,44.5598047629974,-41.104166666665165,False,1.0,cued,3,116.0,16,False
sub06,test,20,19,10.055270833333333,9.9996875,19.0,-0.055583333333332874,28.615775527499675,-55.583333333332874,False,0.0,cued,3,116.0,16,False
sub06,test,20,20,10.572520833333334,10.519270833333334,20.0,-0.05325000000000024,30.612665614273084,-53.25000000000024,False,1.0,cued,3,116.0,16,False
sub06,test,20,21,11.089770833333333,11.0185,21.0,-0.07127083333333317,40.44318953151043,-71.27083333333317,False,1.0,cued,3,116.0,16,False
sub06,test,20,22,11.607020833333333,11.543708333333333,22.0,-0.06331250000000033,26.717518502714242,-63.31250000000033,False,0.0,cued,3,116.0,16,False
sub06,test,20,23,12.124270833333334,12.09275,23.0,-0.03152083333333344,31.60379732280402,-31.520833333333442,False,1.0,cued,3,116.0,16,False
sub06,test,20,24,12.641520833333333,12.6138125,24.0,-0.027708333333333002,35.97296305481814,-27.708333333333,False,1.0,cued,3,116.0,16,False
sub06,test,20,25,13.158770833333334,13.108895833333333,25.0,-0.049875000000000114,28.839069770772955,-49.875000000000114,False,0.0,cued,3,116.0,16,False
sub06,test,20,26,13.676020833333334,13.6205625,26.0,-0.05545833333333405,30.55792028724008,-55.45833333333405,False,1.0,cued,3,116.0,16,False
sub06,test,20,27,14.193270833333333,14.153125,27.0,-0.04014583333333377,35.865766003184746,-40.14583333333377,False,1.0,cued,3,116.0,16,False
sub06,test,20,28,14.710520833333334,14.6645625,28.0,-0.0459583333333331,30.5200954193004,-45.9583333333331,False,0.0,cued,3,116.0,16,False
sub06,test,20,29,15.227770833333333,15.1790625,29.0,-0.04870833333333202,30.35224272524235,-48.70833333333202,False,0.0,cued,3,116.0,16,False
sub06,test,20,30,15.745020833333333,15.689520833333333,30.0,-0.05550000000000033,42.55042479236949,-55.50000000000033,False,1.0,cued,3,116.0,16,False
sub06,test,20,31,16.262270833333332,16.206729166666666,31.0,-0.0555416666666666,30.95584116747213,-55.5416666666666,False,1.0,cued,3,116.0,16,False
sub06,test,20,32,16.779520833333333,16.738604166666665,32.0,-0.04091666666666782,9.651298093274018,-40.91666666666782,False,0.0,cued,3,116.0,16,False
sub06,test,20,33,17.296770833333333,17.365229166666666,33.0,0.06845833333333218,41.00054762591678,68.45833333333218,False,1.0,cued,3,116.0,16,False
sub06,test,20,34,17.814020833333334,17.753895833333335,34.0,-0.06012499999999932,14.039184737192729,-60.12499999999932,False,0.0,cued,3,116.0,16,False
sub06,test,20,35,18.331270833333335,18.2860625,35.0,-0.04520833333333485,35.622265088416675,-45.20833333333485,False,1.0,cued,3,116.0,16,False
sub06,test,20,36,18.848520833333332,18.809895833333332,36.0,-0.03862499999999969,28.19755913093228,-38.62499999999969,False,0.0,cued,3,116.0,16,False
sub06,test,20,37,19.365770833333332,19.3275625,37.0,-0.0382083333333334,43.70047124007604,-38.2083333333334,False,1.0,cued,3,116.0,16,False
sub06,test,20,38,19.883020833333333,19.833583333333333,38.0,-0.0494374999999998,20.022140739705748,-49.4374999999998,False,0.0,cued,3,116.0,16,False
sub06,test,20,39,20.400270833333334,20.3844375,39.0,-0.015833333333333144,40.4522281649521,-15.833333333333144,False,1.0,cued,3,116.0,16,False
sub06,test,20,40,20.917520833333334,20.85725,40.0,-0.06027083333333394,17.845578612975924,-60.27083333333394,False,0.0,cued,3,116.0,16,False
sub06,test,20,41,21.434770833333335,21.3936875,41.0,-0.04108333333333647,43.511921768936396,-41.08333333333647,False,1.0,cued,3,116.0,16,False
sub06,test,20,42,21.952020833333332,21.8895625,42.0,-0.06245833333333195,21.146387799684877,-62.45833333333195,False,0.0,cued,3,116.0,16,False
sub06,test,20,43,22.469270833333333,22.426625,43.0,-0.042645833333331495,43.11258951298414,-42.645833333331495,False,1.0,cued,3,116.0,16,False
sub06,test,20,44,22.986520833333334,22.913729166666666,44.0,-0.07279166666666725,19.06746450761264,-72.79166666666725,False,0.0,cued,3,116.0,16,False
sub06,test,20,45,23.503770833333334,23.48539583333333,45.0,-0.018375000000002473,42.814540520079134,-18.375000000002473,False,1.0,cued,3,116.0,16,False
sub06,test,20,46,24.021020833333335,23.956708333333335,46.0,-0.06431249999999977,17.57517281934263,-64.31249999999977,False,0.0,cued,3,116.0,16,False
sub06,test,20,47,24.539416666666668,24.489354166666665,47.0,-0.050062500000002785,36.609928792301886,-50.062500000002785,False,1.0,cued,3,116.0,16,False
sub06,test,20,48,25.055520833333333,25.0055,48.0,-0.05002083333333118,19.56285182133151,-50.02083333333118,False,0.0,cued,3,116.0,16,False
sub06,test,20,49,25.572770833333333,25.580479166666667,49.0,0.007708333333333428,45.23038301093572,7.708333333333428,False,1.0,cued,3,116.0,16,False
sub06,test,20,50,26.090020833333334,26.0139375,50.0,-0.07608333333333306,16.599096006019792,-76.08333333333306,False,0.0,cued,3,116.0,16,False
sub06,test,20,51,26.607270833333335,26.556770833333335,51.0,-0.050499999999999545,36.35221448924118,-50.499999999999545,False,1.0,cued,3,116.0,16,False
sub06,test,20,52,27.12452083333333,27.117354166666665,52.0,-0.0071666666666665435,19.193686875571423,-7.1666666666665435,False,0.0,cued,3,116.0,16,False
sub06,test,20,53,27.641770833333332,27.634854166666667,53.0,-0.00691666666666535,44.65413309247069,-6.91666666666535,False,1.0,cued,3,116.0,16,False
sub06,test,20,54,28.159020833333333,28.0910625,54.0,-0.06795833333333334,22.071591867501006,-67.95833333333334,False,0.0,cued,3,116.0,16,False
sub06,test,20,55,28.676270833333334,28.6558125,55.0,-0.02045833333333391,43.98568737477156,-20.45833333333391,False,1.0,cued,3,116.0,16,False
sub06,test,20,56,29.193520833333334,29.16725,56.0,-0.02627083333333502,15.891813709571903,-26.27083333333502,False,0.0,cued,3,116.0,16,False
