subject,phase,trial,click_idx,click_time_s,matched_tap_time_s,matched_tap_idx,asynchrony_s,rms_db,asynchrony_ms,missed_beat,accented,condition,meter,bpm,switch_time,low_confidence_trial
sub08,test,1,0,0.21879166666666666,,,,,,True,,cued,2,116.0,12,False
sub08,test,1,1,0.7349166666666667,0.6873541666666667,0.0,-0.04756249999999995,37.310857810769974,-47.56249999999995,False,0.0,cued,2,116.0,12,False
sub08,test,1,2,1.2521666666666667,1.2087083333333333,1.0,-0.04345833333333338,29.986165009569113,-43.45833333333338,False,0.0,cued,2,116.0,12,False
sub08,test,1,3,1.7694166666666666,1.6927083333333333,2.0,-0.07670833333333338,59.55698999968647,-76.70833333333337,False,1.0,cued,2,116.0,12,False
sub08,test,1,4,2.2866666666666666,2.287,3.0,0.0003333333333332966,28.527848686805477,0.3333333333332966,False,0.0,cued,2,116.0,12,False
sub08,test,1,5,2.803916666666667,2.7835625,4.0,-0.020354166666666895,41.40921129848728,-20.354166666666895,False,0.0,cued,2,116.0,12,False
sub08,test,1,6,3.3211666666666666,,,,,,True,,cued,2,116.0,12,False
sub08,test,1,7,3.838416666666667,3.7962708333333333,5.0,-0.04214583333333355,48.908972712484335,-42.14583333333355,False,1.0,cued,2,116.0,12,False
sub08,test,1,8,4.355666666666667,,,,,,True,,cued,2,116.0,12,False
sub08,test,1,9,4.872916666666667,4.818770833333334,6.0,-0.054145833333333115,48.603335720855405,-54.145833333333115,False,1.0,cued,2,116.0,12,False
sub08,test,1,10,5.3901666666666666,,,,,,True,,cued,2,116.0,12,False
sub08,test,1,11,5.907416666666666,5.8614375,7.0,-0.04597916666666624,54.106730569683705,-45.97916666666624,False,1.0,cued,2,116.0,12,False
sub08,test,1,12,6.424666666666667,6.4054166666666665,8.0,-0.019250000000000433,13.188600861829014,-19.250000000000433,False,0.0,cued,2,116.0,12,False
sub08,test,1,13,6.943041666666667,6.9314375,9.0,-0.011604166666666416,36.845384879080335,-11.604166666666416,False,0.0,cued,2,116.0,12,False
sub08,test,1,14,7.4591666666666665,,,,,,True,,cued,2,116.0,12,False
sub08,test,1,15,7.976416666666666,7.930083333333333,10.0,-0.046333333333333115,56.81459063229688,-46.333333333333115,False,1.0,cued,2,116.0,12,False
sub08,test,1,16,8.493666666666666,8.462708333333333,11.0,-0.030958333333332533,28.070099758913976,-30.958333333332533,False,0.0,cued,2,116.0,12,False
sub08,test,1,17,9.010916666666667,8.968041666666666,12.0,-0.04287500000000044,60.51055383232183,-42.87500000000044,False,1.0,cued,2,116.0,12,False
sub08,test,1,18,9.528166666666667,9.482666666666667,13.0,-0.04550000000000054,29.83302963915234,-45.50000000000054,False,0.0,cued,2,116.0,12,False
sub08,test,1,19,10.0465625,10.029666666666667,14.0,-0.016895833333332888,59.38454410008117,-16.895833333332888,False,1.0,cued,2,116.0,12,False
sub08,test,1,20,10.562666666666667,10.555208333333333,15.0,-0.007458333333334011,39.440351237931594,-7.458333333334011,False,0.0,cued,2,116.0,12,False
sub08,test,1,21,11.0810625,11.043645833333333,16.0,-0.0374166666666671,49.77590760069362,-37.4166666666671,False,1.0,cued,2,116.0,12,False
sub08,test,1,22,11.597166666666666,11.5590625,17.0,-0.03810416666666683,35.130446582624856,-38.10416666666683,False,0.0,cued,2,116.0,12,False
sub08,test,1,23,12.114416666666667,12.0679375,18.0,-0.04647916666666774,59.41785810766188,-46.47916666666774,False,1.0,cued,2,116.0,12,False
sub08,test,1,24,12.631666666666666,12.6901875,19.0,0.058520833333334465,39.91655910466443,58.520833333334465,False,0.0,cued,2,116.0,12,False
sub08,test,1,25,13.148916666666667,13.0675625,20.0,-0.08135416666666728,37.48851778968517,-81.35416666666728,False,0.0,cued,2,116.0,12,False
sub08,test,1,26,13.667291666666667,13.604270833333333,21.0,-0.06302083333333464,62.97518262081057,-63.020833333334636,False,1.0,cued,2,116.0,12,False
sub08,test,1,27,14.183416666666666,14.161416666666666,22.0,-0.02200000000000024,49.7515486707003,-22.00000000000024,False,1.0,cued,2,116.0,12,False
sub08,test,1,28,14.701791666666667,14.699604166666667,23.0,-0.002187499999999787,38.1051889059209,-2.187499999999787,False,0.0,cued,2,116.0,12,False
sub08,test,1,29,15.217916666666667,15.178354166666667,24.0,-0.03956250000000061,60.58308869151044,-39.56250000000061,False,1.0,cued,2,116.0,12,False
sub08,test,1,30,15.735166666666666,15.736166666666668,25.0,0.0010000000000012221,33.888241028793125,1.0000000000012221,False,0.0,cued,2,116.0,12,False
sub08,test,1,31,16.252416666666665,16.202041666666666,26.0,-0.05037499999999895,49.240618186936096,-50.37499999999895,False,1.0,cued,2,116.0,12,False
sub08,test,1,32,16.769666666666666,16.701375,27.0,-0.06829166666666708,54.98704940199342,-68.29166666666708,False,1.0,cued,2,116.0,12,False
sub08,test,1,33,17.286916666666666,17.2175625,28.0,-0.06935416666666683,42.351187881272956,-69.35416666666683,False,0.0,cued,2,116.0,12,False
sub08,test,1,34,17.804166666666667,17.741833333333332,29.0,-0.062333333333334906,43.50772205083339,-62.333333333334906,False,1.0,cued,2,116.0,12,False
sub08,test,1,35,18.321416666666668,18.281791666666667,30.0,-0.03962500000000091,63.20473293093418,-39.62500000000091,False,1.0,cued,2,116.0,12,False
sub08,test,1,36,18.838666666666665,18.830583333333333,31.0,-0.008083333333331666,39.02648607045873,-8.083333333331666,False,0.0,cued,2,116.0,12,False
sub08,test,1,37,19.355916666666666,19.326541666666667,32.0,-0.029374999999998153,51.474358566229725,-29.374999999998153,False,1.0,cued,2,116.0,12,False
sub08,test,1,38,19.873166666666666,19.804916666666667,33.0,-0.06824999999999903,62.032306160190046,-68.24999999999903,False,1.0,cued,2,116.0,12,False
sub08,test,1,39,20.390416666666667,20.362666666666666,34.0,-0.02775000000000105,34.02954553499141,-27.75000000000105,False,0.0,cued,2,116.0,12,False
sub08,test,1,40,20.9088125,20.877708333333334,35.0,-0.031104166666665378,33.487417507765215,-31.104166666665378,False,0.0,cued,2,116.0,12,False
sub08,test,1,41,21.424916666666668,21.384875,36.0,-0.0400416666666672,61.14954460994057,-40.0416666666672,False,1.0,cued,2,116.0,12,False
sub08,test,1,42,21.942166666666665,21.926875,37.0,-0.01529166666666626,38.60007500883271,-15.29166666666626,False,0.0,cued,2,116.0,12,False
sub08,test,1,43,22.459416666666666,22.448,38.0,-0.01141666666666552,30.242746721157182,-11.41666666666552,False,0.0,cued,2,116.0,12,False
sub08,test,1,44,22.976666666666667,22.930416666666666,39.0,-0.04625000000000057,61.67051390968608,-46.25000000000057,False,1.0,cued,2,116.0,12,False
sub08,test,1,45,23.493916666666667,23.467479166666667,40.0,-0.026437500000000114,37.25256533408925,-26.437500000000114,False,0.0,cued,2,116.0,12,False
sub08,test,1,46,24.011166666666668,23.97052083333333,41.0,-0.04064583333333616,43.28425349773151,-40.64583333333616,False,1.0,cued,2,116.0,12,False
sub08,test,1,47,24.528416666666665,24.4735625,42.0,-0.054854166666665094,63.46087450630173,-54.854166666665094,False,1.0,cued,2,116.0,12,False
sub08,test,1,48,25.045666666666666,25.016270833333333,43.0,-0.029395833333332178,36.71444963163306,-29.395833333332178,False,0.0,cued,2,116.0,12,False
sub08,test,1,49,25.562916666666666,25.522604166666667,44.0,-0.04031249999999886,39.635604910100184,-40.31249999999886,False,0.0,cued,2,116.0,12,False
sub08,test,1,50,26.080166666666667,26.022104166666665,45.0,-0.058062500000001904,61.89512441551506,-58.062500000001904,False,1.0,cued,2,116.0,12,False
sub08,test,1,51,26.597416666666668,26.561916666666665,46.0,-0.03550000000000253,44.81471950750941,-35.50000000000253,False,1.0,cued,2,116.0,12,False
sub08,test,1,52,27.11466666666667,27.071020833333332,47.0,-0.04364583333333627,34.870893515045616,-43.64583333333627,False,0.0,cued,2,116.0,12,False
sub08,test,1,53,27.631916666666665,27.58375,48.0,-0.04816666666666691,58.19497173254061,-48.16666666666691,False,1.0,cued,2,116.0,12,False
sub08,test,1,54,28.149166666666666,28.155666666666665,49.0,0.006499999999999062,36.11855944599369,6.499999999999062,False,0.0,cued,2,116.0,12,False
sub08,test,1,55,28.666416666666667,28.623916666666666,50.0,-0.042500000000000426,28.602539682822147,-42.500000000000426,False,0.0,cued,2,116.0,12,False
sub08,test,1,56,29.183666666666667,29.133875,51.0,-0.04979166666666757,65.07416254298738,-49.79166666666757,False,1.0,cued,2,116.0,12,False
sub08,test,2,0,0.22264583333333332,,,,,,True,,cued,3,112.0,12,False
sub08,test,2,1,0.7572291666666666,0.70475,0.0,-0.05247916666666663,26.08694625725219,-52.47916666666663,False,0.0,cued,3,112.0,12,False
sub08,test,2,2,1.2929375,1.2305208333333333,1.0,-0.06241666666666679,53.3663630242279,-62.416666666666785,False,1.0,cued,3,112.0,12,False
sub08,test,2,3,1.8286458333333333,1.7781458333333333,2.0,-0.05049999999999999,46.3515035120094,-50.499999999999986,False,0.0,cued,3,112.0,12,False
sub08,test,2,4,2.3643541666666668,2.3058541666666668,3.0,-0.058499999999999996,33.56688856322778,-58.5,False,0.0,cued,3,112.0,12,False
sub08,test,2,5,2.9000625,2.8451875,4.0,-0.05487500000000001,54.812220310753936,-54.87500000000001,False,1.0,cued,3,112.0,12,False
sub08,test,2,6,3.435770833333333,3.409625,5.0,-0.02614583333333309,36.214680366878234,-26.14583333333309,False,0.0,cued,3,112.0,12,False
sub08,test,2,7,3.9714791666666667,3.92575,6.0,-0.04572916666666682,38.609869248934466,-45.72916666666682,False,0.0,cued,3,112.0,12,False
sub08,test,2,8,4.5071875,4.461479166666667,7.0,-0.045708333333332796,58.18922401457483,-45.708333333332796,False,1.0,cued,3,112.0,12,False
sub08,test,2,9,5.044041666666667,5.018791666666667,8.0,-0.025249999999999773,36.09468640651719,-25.249999999999773,False,0.0,cued,3,112.0,12,False
sub08,test,2,10,5.578604166666667,5.547458333333333,9.0,-0.031145833333333428,46.03847125536923,-31.145833333333428,False,0.0,cued,3,112.0,12,False
sub08,test,2,11,6.1143125,6.05125,10.0,-0.06306250000000002,61.484379962303954,-63.06250000000002,False,1.0,cued,3,112.0,12,False
sub08,test,2,12,6.6500208333333335,6.611604166666667,11.0,-0.038416666666666544,39.59536584754278,-38.41666666666654,False,0.0,cued,3,112.0,12,False
sub08,test,2,13,7.1857291666666665,7.140458333333333,12.0,-0.04527083333333337,40.33978556204238,-45.27083333333337,False,0.0,cued,3,112.0,12,False
sub08,test,2,14,7.7214375,7.6743958333333335,13.0,-0.04704166666666687,59.17594338137575,-47.04166666666687,False,1.0,cued,3,112.0,12,False
sub08,test,2,15,8.257145833333333,8.2596875,14.0,0.0025416666666675525,38.218021524233095,2.5416666666675525,False,0.0,cued,3,112.0,12,False
sub08,test,2,16,8.792854166666666,8.745729166666667,15.0,-0.04712499999999942,50.8548855877162,-47.12499999999942,False,1.0,cued,3,112.0,12,False
sub08,test,2,17,9.329708333333333,9.250020833333334,16.0,-0.07968749999999858,61.330056423027244,-79.68749999999858,False,1.0,cued,3,112.0,12,False
sub08,test,2,18,9.864270833333334,9.804479166666667,17.0,-0.059791666666667354,38.265853207013464,-59.79166666666735,False,0.0,cued,3,112.0,12,False
sub08,test,2,19,10.399979166666666,10.318916666666667,18.0,-0.08106249999999982,36.47623091609916,-81.06249999999982,False,0.0,cued,3,112.0,12,False
sub08,test,2,20,10.9356875,10.883708333333333,19.0,-0.051979166666667354,63.795726398982076,-51.97916666666735,False,1.0,cued,3,112.0,12,False
sub08,test,2,21,11.471395833333334,11.426520833333333,20.0,-0.04487500000000111,36.34455157414192,-44.87500000000111,False,0.0,cued,3,112.0,12,False
sub08,test,2,22,12.007104166666666,11.948895833333333,21.0,-0.05820833333333297,53.057286332424795,-58.20833333333297,False,1.0,cued,3,112.0,12,False
sub08,test,2,23,12.5428125,12.466833333333334,22.0,-0.07597916666666649,59.00073174427399,-75.97916666666649,False,1.0,cued,3,112.0,12,False
sub08,test,2,24,13.079666666666666,13.016041666666666,23.0,-0.06362500000000004,21.857919353304837,-63.62500000000004,False,0.0,cued,3,112.0,12,False
sub08,test,2,25,13.614229166666666,13.548291666666668,24.0,-0.06593749999999865,64.174748403737,-65.93749999999865,False,1.0,cued,3,112.0,12,False
sub08,test,2,26,14.1499375,14.100333333333333,25.0,-0.04960416666666667,47.81458395569259,-49.60416666666667,False,0.0,cued,3,112.0,12,False
sub08,test,2,27,14.685645833333334,14.638083333333332,26.0,-0.047562500000001506,62.55970283070258,-47.562500000001506,False,1.0,cued,3,112.0,12,False
sub08,test,2,28,15.221354166666666,15.158041666666668,27.0,-0.06331249999999855,45.4224081528657,-63.31249999999855,False,0.0,cued,3,112.0,12,False
sub08,test,2,29,15.7570625,15.701875,28.0,-0.05518750000000061,62.579231573769945,-55.18750000000061,False,1.0,cued,3,112.0,12,False
sub08,test,2,30,16.292770833333332,16.29008333333333,29.0,-0.002687500000000398,35.76131304021952,-2.687500000000398,False,0.0,cued,3,112.0,12,False
sub08,test,2,31,16.828479166666668,16.796791666666667,30.0,-0.03168750000000031,58.45087743924716,-31.687500000000313,False,1.0,cued,3,112.0,12,False
sub08,test,2,32,17.3641875,17.311020833333334,31.0,-0.05316666666666592,23.301769438825403,-53.16666666666592,False,0.0,cued,3,112.0,12,False
sub08,test,2,33,17.899895833333332,17.8306875,32.0,-0.0692083333333322,63.76010309590724,-69.2083333333322,False,1.0,cued,3,112.0,12,False
sub08,test,2,34,18.435604166666668,18.3535,33.0,-0.08210416666666731,35.9009572161058,-82.10416666666731,False,0.0,cued,3,112.0,12,False
sub08,test,2,35,18.9713125,18.899041666666665,34.0,-0.0722708333333344,53.59418829480036,-72.2708333333344,False,1.0,cued,3,112.0,12,False
sub08,test,2,36,19.507020833333332,19.445333333333334,35.0,-0.0616874999999979,33.1160009476808,-61.6874999999979,False,0.0,cued,3,112.0,12,False
sub08,test,2,37,20.042729166666668,19.988479166666668,36.0,-0.05424999999999969,62.69052304568718,-54.24999999999969,False,1.0,cued,3,112.0,12,False
sub08,test,2,38,20.5784375,20.5441875,37.0,-0.034250000000000114,38.95895092139339,-34.250000000000114,False,0.0,cued,3,112.0,12,False
sub08,test,2,39,21.114145833333332,21.085166666666666,38.0,-0.02897916666666589,61.59886851443355,-28.97916666666589,False,1.0,cued,3,112.0,12,False
sub08,test,2,40,21.649854166666668,21.649104166666667,39.0,-0.0007500000000000284,28.370146812688528,-0.7500000000000284,False,0.0,cued,3,112.0,12,False
sub08,test,2,41,22.1855625,22.151083333333332,40.0,-0.03447916666666728,59.64501456801273,-34.47916666666728,False,1.0,cued,3,112.0,12,False
sub08,test,2,42,22.72127083333333,22.687791666666666,41.0,-0.03347916666666606,47.2842410114192,-33.47916666666606,False,0.0,cued,3,112.0,12,False
sub08,test,2,43,23.256979166666667,23.210791666666665,42.0,-0.046187500000002046,63.56566431821431,-46.187500000002046,False,1.0,cued,3,112.0,12,False
sub08,test,2,44,23.7926875,23.766479166666667,43.0,-0.026208333333332945,28.788001615441573,-26.208333333332945,False,0.0,cued,3,112.0,12,False
sub08,test,2,45,24.32839583333333,24.2765625,44.0,-0.051833333333330955,60.559577025534836,-51.833333333330955,False,1.0,cued,3,112.0,12,False
sub08,test,2,46,24.864104166666667,24.804104166666665,45.0,-0.060000000000002274,35.91571683763365,-60.000000000002274,False,0.0,cued,3,112.0,12,False
sub08,test,2,47,25.3998125,25.3303125,46.0,-0.0694999999999979,63.381284170648165,-69.4999999999979,False,1.0,cued,3,112.0,12,False
sub08,test,2,48,25.93552083333333,25.8845625,47.0,-0.05095833333333033,8.520646806217997,-50.95833333333033,False,0.0,cued,3,112.0,12,False
sub08,test,2,49,26.471229166666667,26.405604166666667,48.0,-0.06562500000000071,63.304705095067945,-65.62500000000071,False,1.0,cued,3,112.0,12,False
sub08,test,2,50,27.0069375,26.966395833333333,49.0,-0.04054166666666603,19.421803579172153,-40.54166666666603,False,0.0,cued,3,112.0,12,False
sub08,test,2,51,27.542645833333335,27.502541666666666,50.0,-0.04010416666666927,57.18761000204939,-40.10416666666927,False,1.0,cued,3,112.0,12,False
sub08,test,2,52,28.078354166666667,28.051666666666666,51.0,-0.026687500000001307,48.11942519662932,-26.687500000001307,False,0.0,cued,3,112.0,12,False
sub08,test,2,53,28.6140625,28.5880625,52.0,-0.0259999999999998,62.50298546884929,-25.9999999999998,False,1.0,cued,3,112.0,12,False
sub08,test,2,54,29.149770833333335,29.106041666666666,53.0,-0.04372916666666882,53.94094588553368,-43.72916666666882,False,1.0,cued,3,112.0,12,False
sub08,test,2,55,29.685479166666667,29.637479166666665,54.0,-0.04800000000000182,63.76137434045536,-48.00000000000182,False,1.0,cued,3,112.0,12,False
sub08,test,3,0,0.21866666666666668,,,,,,True,,spontaneous,2,104.0,0,False
sub08,test,3,1,0.7944375,0.7470208333333334,0.0,-0.04741666666666666,64.10027583138819,-47.416666666666664,False,1.0,spontaneous,2,104.0,0,False
sub08,test,3,2,1.3713541666666667,1.3446458333333333,1.0,-0.026708333333333334,34.35394285519068,-26.708333333333336,False,0.0,spontaneous,2,104.0,0,False
sub08,test,3,3,1.9482708333333334,1.90175,2.0,-0.046520833333333345,60.474391070762536,-46.52083333333334,False,1.0,spontaneous,2,104.0,0,False
sub08,test,3,4,2.5251875,2.5042708333333334,3.0,-0.020916666666666472,16.119665792702747,-20.916666666666472,False,0.0,spontaneous,2,104.0,0,False
sub08,test,3,5,3.102104166666667,3.0406666666666666,4.0,-0.061437500000000256,49.94606396532639,-61.437500000000256,False,0.0,spontaneous,2,104.0,0,False
sub08,test,3,6,3.6790208333333334,3.6382291666666666,5.0,-0.04079166666666678,33.040444911138295,-40.791666666666785,False,0.0,spontaneous,2,104.0,0,False
sub08,test,3,7,4.2559375,4.2021041666666665,6.0,-0.0538333333333334,60.08280947373312,-53.8333333333334,False,1.0,spontaneous,2,104.0,0,False
sub08,test,3,8,4.8328541666666665,4.793729166666667,7.0,-0.03912499999999941,27.74836182561667,-39.12499999999941,False,0.0,spontaneous,2,104.0,0,False
sub08,test,3,9,5.409770833333333,5.362354166666667,8.0,-0.047416666666665996,64.57820114559115,-47.416666666665996,False,1.0,spontaneous,2,104.0,0,False
sub08,test,3,10,5.9866875,5.951104166666667,9.0,-0.0355833333333333,25.254020707229916,-35.5833333333333,False,0.0,spontaneous,2,104.0,0,False
sub08,test,3,11,6.563604166666667,6.539083333333333,10.0,-0.02452083333333377,59.33530098291243,-24.52083333333377,False,1.0,spontaneous,2,104.0,0,False
sub08,test,3,12,7.140520833333333,,,,,,True,,spontaneous,2,104.0,0,False
sub08,test,3,13,7.7174375,7.6754375,11.0,-0.041999999999999815,63.1248368548937,-41.999999999999815,False,1.0,spontaneous,2,104.0,0,False
sub08,test,3,14,8.294354166666666,8.26325,12.0,-0.031104166666667155,53.455556097894586,-31.104166666667155,False,1.0,spontaneous,2,104.0,0,False
sub08,test,3,15,8.871270833333334,8.8225625,13.0,-0.0487083333333338,61.28156655026444,-48.7083333333338,False,1.0,spontaneous,2,104.0,0,False
sub08,test,3,16,9.4481875,9.37825,14.0,-0.06993749999999999,50.11064899784018,-69.93749999999999,False,1.0,spontaneous,2,104.0,0,False
sub08,test,3,17,10.025104166666667,9.98675,15.0,-0.038354166666666245,61.66881198486965,-38.354166666666245,False,1.0,spontaneous,2,104.0,0,False
sub08,test,3,18,10.602020833333333,10.542104166666666,16.0,-0.059916666666666174,45.62740421452528,-59.916666666666174,False,0.0,spontaneous,2,104.0,0,False
sub08,test,3,19,11.1789375,11.159208333333334,17.0,-0.01972916666666613,53.1643209580656,-19.72916666666613,False,1.0,spontaneous,2,104.0,0,False
sub08,test,3,20,11.755854166666667,11.7169375,18.0,-0.038916666666667155,56.60245830688382,-38.916666666667155,False,1.0,spontaneous,2,104.0,0,False
sub08,test,3,21,12.332770833333333,12.302125,19.0,-0.030645833333332817,44.33587617744684,-30.645833333332817,False,0.0,spontaneous,2,104.0,0,False
sub08,test,3,22,12.9096875,12.880958333333334,20.0,-0.028729166666666472,43.367236243155276,-28.729166666666472,False,0.0,spontaneous,2,104.0,0,False
sub08,test,3,23,13.486604166666666,13.442145833333333,21.0,-0.044458333333333044,58.69283129394784,-44.458333333333044,False,1.0,spontaneous,2,104.0,0,False
sub08,test,3,24,14.063520833333333,14.039104166666666,22.0,-0.024416666666667197,22.319277564646207,-24.416666666667197,False,0.0,spontaneous,2,104.0,0,False
sub08,test,3,25,14.6404375,14.613791666666666,23.0,-0.026645833333335034,21.77670743347012,-26.645833333335034,False,0.0,spontaneous,2,104.0,0,False
sub08,test,3,26,15.217354166666667,15.167625,24.0,-0.04972916666666727,62.607377225671456,-49.72916666666727,False,1.0,spontaneous,2,104.0,0,False
sub08,test,3,27,15.795416666666666,15.7846875,25.0,-0.01072916666666579,30.38319568283618,-10.72916666666579,False,0.0,spontaneous,2,104.0,0,False
sub08,test,3,28,16.3711875,16.394604166666667,26.0,0.023416666666665975,22.589796407918215,23.416666666665975,False,0.0,spontaneous,2,104.0,0,False
sub08,test,3,29,16.948104166666667,16.930229166666667,27.0,-0.017875000000000085,50.6851024217319,-17.875000000000085,False,1.0,spontaneous,2,104.0,0,False
sub08,test,3,30,17.525020833333333,17.490875,28.0,-0.03414583333333354,30.515598175810695,-34.14583333333354,False,0.0,spontaneous,2,104.0,0,False
sub08,test,3,31,18.1019375,18.0484375,29.0,-0.05349999999999966,49.9890359492519,-53.49999999999966,False,1.0,spontaneous,2,104.0,0,False
sub08,test,3,32,18.678854166666667,18.6171875,30.0,-0.061666666666667425,46.019880704292014,-61.666666666667425,False,0.0,spontaneous,2,104.0,0,False
sub08,test,3,33,19.255770833333333,19.213708333333333,31.0,-0.042062500000000114,30.749568061284375,-42.062500000000114,False,0.0,spontaneous,2,104.0,0,False
sub08,test,3,34,19.8326875,19.7564375,32.0,-0.07624999999999815,43.99791170816712,-76.24999999999815,False,0.0,spontaneous,2,104.0,0,False
sub08,test,3,35,20.409604166666668,20.343,33.0,-0.06660416666666791,55.2375424044707,-66.60416666666791,False,1.0,spontaneous,2,104.0,0,False
sub08,test,3,36,20.986520833333334,20.972979166666665,34.0,-0.013541666666668561,30.110453479122327,-13.541666666668561,False,0.0,spontaneous,2,104.0,0,False
sub08,test,3,37,21.5634375,21.505895833333334,35.0,-0.05754166666666549,44.30307417469099,-57.54166666666549,False,0.0,spontaneous,2,104.0,0,False
sub08,test,3,38,22.14035416666667,22.082791666666665,36.0,-0.05756250000000307,57.136347892805276,-57.56250000000307,False,1.0,spontaneous,2,104.0,0,False
sub08,test,3,39,22.717270833333334,22.678,37.0,-0.039270833333333144,29.185719927839223,-39.270833333333144,False,0.0,spontaneous,2,104.0,0,False
sub08,test,3,40,23.2941875,23.229791666666667,38.0,-0.06439583333333232,51.343717378414695,-64.39583333333232,False,1.0,spontaneous,2,104.0,0,False
sub08,test,3,41,23.871104166666665,23.814208333333333,39.0,-0.056895833333332035,60.210008134324525,-56.895833333332035,False,1.0,spontaneous,2,104.0,0,False
sub08,test,3,42,24.448020833333334,24.4115625,40.0,-0.0364583333333357,52.0683688311448,-36.4583333333357,False,1.0,spontaneous,2,104.0,0,False
sub08,test,3,43,25.0249375,24.998270833333333,41.0,-0.026666666666667282,41.38143054638839,-26.666666666667282,False,0.0,spontaneous,2,104.0,0,False
sub08,test,3,44,25.601854166666666,25.5415625,42.0,-0.06029166666666441,62.88190512924734,-60.29166666666441,False,1.0,spontaneous,2,104.0,0,False
sub08,test,3,45,26.178770833333335,26.127020833333333,43.0,-0.05175000000000196,47.03488987309862,-51.75000000000196,False,0.0,spontaneous,2,104.0,0,False
sub08,test,3,46,26.7556875,26.713895833333332,44.0,-0.04179166666666845,50.493642466101946,-41.79166666666845,False,1.0,spontaneous,2,104.0,0,False
sub08,test,3,47,27.332604166666666,27.266458333333333,45.0,-0.06614583333333357,48.88703840509546,-66.14583333333357,False,0.0,spontaneous,2,104.0,0,False
sub08,test,3,48,27.909520833333332,27.869458333333334,46.0,-0.04006249999999767,27.128244269857376,-40.06249999999767,False,0.0,spontaneous,2,104.0,0,False
sub08,test,3,49,28.4864375,28.427333333333333,47.0,-0.059104166666667624,55.68574276599287,-59.10416666666762,False,1.0,spontaneous,2,104.0,0,False
sub08,test,3,50,29.063354166666667,29.030145833333332,48.0,-0.033208333333334394,-0.045476277507206474,-33.208333333334394,False,0.0,spontaneous,2,104.0,0,False
sub08,test,3,51,29.640270833333332,29.578479166666668,49.0,-0.06179166666666447,52.741233828301226,-61.79166666666447,False,1.0,spontaneous,2,104.0,0,False
sub08,test,4,0,0.21866666666666668,0.37252083333333336,0.0,0.15385416666666668,2.486883227090007,153.85416666666669,False,0.0,cued,2,116.0,18,False
sub08,test,4,1,0.7347708333333334,0.7179166666666666,1.0,-0.016854166666666726,53.09125629538832,-16.854166666666725,False,1.0,cued,2,116.0,18,False
sub08,test,4,2,1.2520208333333334,1.2344166666666667,2.0,-0.017604166666666643,27.080571832379782,-17.604166666666643,False,0.0,cued,2,116.0,18,False
sub08,test,4,3,1.7692708333333333,1.7210208333333334,3.0,-0.048249999999999904,63.65275585474372,-48.2499999999999,False,1.0,cued,2,116.0,18,False
sub08,test,4,4,2.2865208333333333,2.267729166666667,4.0,-0.01879166666666654,29.456966009912886,-18.79166666666654,False,0.0,cued,2,116.0,18,False
sub08,test,4,5,2.8037708333333335,2.7713125,5.0,-0.03245833333333348,62.61014279252915,-32.45833333333348,False,1.0,cued,2,116.0,18,False
sub08,test,4,6,3.3210208333333333,3.287729166666667,6.0,-0.0332916666666665,27.747672921167172,-33.2916666666665,False,0.0,cued,2,116.0,18,False
sub08,test,4,7,3.8394166666666667,3.7779583333333333,7.0,-0.06145833333333339,58.7825321376675,-61.45833333333339,False,1.0,cued,2,116.0,18,False
sub08,test,4,8,4.3566666666666665,4.33225,8.0,-0.02441666666666631,29.211855778283137,-24.41666666666631,False,0.0,cued,2,116.0,18,False
sub08,test,4,9,4.872770833333333,4.835458333333333,9.0,-0.03731249999999964,63.59518876571684,-37.31249999999964,False,1.0,cued,2,116.0,18,False
sub08,test,4,10,5.390020833333334,5.358833333333333,10.0,-0.03118750000000059,33.40670732745654,-31.18750000000059,False,0.0,cued,2,116.0,18,False
sub08,test,4,11,5.9072708333333335,5.866416666666667,11.0,-0.040854166666666636,59.23578253042956,-40.854166666666636,False,1.0,cued,2,116.0,18,False
sub08,test,4,12,6.424520833333333,6.3895625,12.0,-0.03495833333333298,29.676568351885116,-34.95833333333298,False,0.0,cued,2,116.0,18,False
sub08,test,4,13,6.941770833333333,6.888166666666667,13.0,-0.05360416666666623,58.4429442132275,-53.60416666666623,False,1.0,cued,2,116.0,18,False
sub08,test,4,14,7.459020833333334,7.417208333333333,14.0,-0.041812500000000696,28.74685516590629,-41.812500000000696,False,0.0,cued,2,116.0,18,False
sub08,test,4,15,7.976270833333333,7.9419375,15.0,-0.03433333333333355,55.20487087252266,-34.33333333333355,False,1.0,cued,2,116.0,18,False
sub08,test,4,16,8.493520833333333,8.4785,16.0,-0.015020833333332817,30.809357354607275,-15.020833333332817,False,0.0,cued,2,116.0,18,False
sub08,test,4,17,9.010770833333334,8.970083333333333,17.0,-0.040687500000000654,59.207760860427314,-40.687500000000654,False,1.0,cued,2,116.0,18,False
sub08,test,4,18,9.528020833333333,9.471854166666667,18.0,-0.05616666666666603,29.340763661442125,-56.16666666666603,False,0.0,cued,2,116.0,18,False
sub08,test,4,19,10.045270833333333,9.9944375,19.0,-0.050833333333333286,59.42837878598007,-50.833333333333286,False,1.0,cued,2,116.0,18,False
sub08,test,4,20,10.562520833333334,10.527333333333333,20.0,-0.03518750000000104,28.061352039075025,-35.18750000000104,False,0.0,cued,2,116.0,18,False
sub08,test,4,21,11.079770833333333,11.035875,21.0,-0.043895833333332135,52.44196418598566,-43.895833333332135,False,1.0,cued,2,116.0,18,False
sub08,test,4,22,11.597020833333334,11.587125,22.0,-0.009895833333333215,23.660037671789652,-9.895833333333215,False,0.0,cued,2,116.0,18,False
sub08,test,4,23,12.114270833333334,12.063,23.0,-0.0512708333333336,59.985483210353756,-51.2708333333336,False,1.0,cued,2,116.0,18,False
sub08,test,4,24,12.631520833333333,12.598270833333334,24.0,-0.03324999999999889,43.12587459098594,-33.24999999999889,False,0.0,cued,2,116.0,18,False
sub08,test,4,25,13.148770833333334,13.109583333333333,25.0,-0.0391875000000006,48.48667133884084,-39.1875000000006,False,1.0,cued,2,116.0,18,False
sub08,test,4,26,13.666020833333333,13.6310625,26.0,-0.03495833333333209,46.41821602586806,-34.95833333333209,False,0.0,cued,2,116.0,18,False
sub08,test,4,27,14.183270833333333,14.129833333333334,27.0,-0.05343749999999936,55.198233559553174,-53.43749999999936,False,1.0,cued,2,116.0,18,False
sub08,test,4,28,14.700520833333334,14.678625,28.0,-0.02189583333333367,31.735781629493125,-21.89583333333367,False,0.0,cued,2,116.0,18,False
sub08,test,4,29,15.217770833333333,15.173770833333334,29.0,-0.04399999999999871,60.9922862073561,-43.99999999999871,False,1.0,cued,2,116.0,18,False
sub08,test,4,30,15.736166666666668,15.701916666666667,30.0,-0.034250000000000114,31.59573458979076,-34.250000000000114,False,0.0,cued,2,116.0,18,False
sub08,test,4,31,16.252270833333334,16.170166666666667,31.0,-0.08210416666666731,66.40626279714041,-82.10416666666731,False,1.0,cued,2,116.0,18,False
sub08,test,4,32,16.769520833333335,16.747770833333334,32.0,-0.021750000000000824,21.76766303351315,-21.750000000000824,False,0.0,cued,2,116.0,18,False
sub08,test,4,33,17.286770833333332,17.26575,33.0,-0.021020833333331268,63.168738352177094,-21.020833333331268,False,1.0,cued,2,116.0,18,False
sub08,test,4,34,17.80516666666667,17.832083333333333,34.0,0.026916666666664923,24.035494540323178,26.916666666664923,False,0.0,cued,2,116.0,18,False
sub08,test,4,35,18.321270833333333,18.279354166666668,35.0,-0.04191666666666549,58.12554612582471,-41.91666666666549,False,1.0,cued,2,116.0,18,False
sub08,test,4,36,18.838520833333334,18.780604166666667,36.0,-0.05791666666666728,54.551804069670354,-57.91666666666728,False,1.0,cued,2,116.0,18,False
sub08,test,4,37,19.355770833333334,19.3371875,37.0,-0.018583333333335617,24.462264017781628,-18.583333333335617,False,0.0,cued,2,116.0,18,False
sub08,test,4,38,19.87302083333333,19.823541666666667,38.0,-0.0494791666666643,64.14589964727108,-49.4791666666643,False,1.0,cued,2,116.0,18,False
sub08,test,4,39,20.390270833333332,20.3626875,39.0,-0.027583333333332405,27.302959784687083,-27.583333333332405,False,0.0,cued,2,116.0,18,False
sub08,test,4,40,20.907520833333333,20.861416666666667,40.0,-0.04610416666666595,37.445188205599685,-46.10416666666595,False,0.0,cued,2,116.0,18,False
sub08,test,4,41,21.424770833333334,21.378854166666667,41.0,-0.04591666666666683,59.40661165823223,-45.91666666666683,False,1.0,cued,2,116.0,18,False
sub08,test,4,42,21.942020833333334,21.891458333333333,42.0,-0.05056250000000162,46.910790351433896,-50.56250000000162,False,0.0,cued,2,116.0,18,False
sub08,test,4,43,22.459270833333335,22.433145833333334,43.0,-0.026125000000000398,31.08051494730607,-26.125000000000398,False,0.0,cued,2,116.0,18,False
sub08,test,4,44,22.976520833333332,22.941770833333333,44.0,-0.03474999999999895,63.78672770078124,-34.74999999999895,False,1.0,cued,2,116.0,18,False
sub08,test,4,45,23.493770833333333,23.441020833333333,45.0,-0.05274999999999963,48.15743348701871,-52.74999999999963,False,1.0,cued,2,116.0,18,False
sub08,test,4,46,24.011020833333333,23.962375,46.0,-0.04864583333333172,46.86558617536738,-48.64583333333172,False,0.0,cued,2,116.0,18,False
sub08,test,4,47,24.528270833333334,24.5055625,47.0,-0.022708333333333997,47.684982925219956,-22.708333333333997,False,1.0,cued,2,116.0,18,False
sub08,test,4,48,25.045520833333335,25.024645833333334,48.0,-0.0208750000000002,28.122196020182383,-20.8750000000002,False,0.0,cued,2,116.0,18,False
sub08,test,4,49,25.56277083333333,25.511229166666666,49.0,-0.051541666666665265,46.953079336773214,-51.541666666665265,False,0.0,cued,2,116.0,18,False
sub08,test,4,50,26.080020833333332,26.025583333333334,50.0,-0.054437499999998806,53.429857934922104,-54.437499999998806,False,1.0,cued,2,116.0,18,False
sub08,test,4,51,26.597270833333333,26.57283333333333,51.0,-0.024437500000001222,31.419272695777515,-24.437500000001222,False,0.0,cued,2,116.0,18,False
sub08,test,4,52,27.114520833333334,27.07004166666667,52.0,-0.04447916666666529,48.523988226957464,-44.47916666666529,False,1.0,cued,2,116.0,18,False
sub08,test,4,53,27.631770833333334,27.569270833333334,53.0,-0.0625,58.14329702783765,-62.5,False,1.0,cued,2,116.0,18,False
sub08,test,4,54,28.149020833333335,28.0968125,54.0,-0.0522083333333363,32.11709047022937,-52.2083333333363,False,0.0,cued,2,116.0,18,False
sub08,test,4,55,28.667416666666668,28.607125,55.0,-0.060291666666667965,23.476430174327984,-60.291666666667965,False,0.0,cued,2,116.0,18,False
sub08,test,4,56,29.183520833333333,29.132166666666667,56.0,-0.051354166666666146,57.20700124451808,-51.354166666666146,False,1.0,cued,2,116.0,18,False
sub08,test,5,0,0.22764583333333333,,,,,,True,,cued,2,104.0,16,False
sub08,test,5,1,0.8045625,0.7179375,0.0,-0.08662499999999995,51.86520088477054,-86.62499999999996,False,1.0,cued,2,104.0,16,False
sub08,test,5,2,1.3814791666666666,1.3236458333333334,1.0,-0.05783333333333318,30.089294342052955,-57.83333333333318,False,0.0,cued,2,104.0,16,False
sub08,test,5,3,1.9583958333333333,1.9066666666666667,2.0,-0.051729166666666604,58.98427904136027,-51.7291666666666,False,1.0,cued,2,104.0,16,False
sub08,test,5,4,2.5353125,2.5155833333333333,3.0,-0.019729166666666575,34.345737827234025,-19.729166666666575,False,0.0,cued,2,104.0,16,False
sub08,test,5,5,3.112229166666667,3.0957083333333335,4.0,-0.016520833333333318,59.94092273544602,-16.520833333333318,False,1.0,cued,2,104.0,16,False
sub08,test,5,6,3.6891458333333333,3.6359166666666667,5.0,-0.05322916666666666,34.765526807492094,-53.22916666666666,False,0.0,cued,2,104.0,16,False
sub08,test,5,7,4.2660625,4.199291666666666,6.0,-0.06677083333333389,60.102094818638506,-66.77083333333388,False,1.0,cued,2,104.0,16,False
sub08,test,5,8,4.842979166666667,4.7876875,7.0,-0.05529166666666718,21.46803940330087,-55.29166666666718,False,0.0,cued,2,104.0,16,False
sub08,test,5,9,5.419895833333333,5.375145833333334,8.0,-0.04474999999999962,54.10060074418353,-44.74999999999962,False,1.0,cued,2,104.0,16,False
sub08,test,5,10,5.997958333333333,5.961854166666667,9.0,-0.03610416666666616,15.070590094640487,-36.10416666666616,False,0.0,cued,2,104.0,16,False
sub08,test,5,11,6.573729166666666,6.548041666666666,10.0,-0.025687500000000085,54.78954973473538,-25.687500000000085,False,1.0,cued,2,104.0,16,False
sub08,test,5,12,7.150645833333333,7.099958333333333,11.0,-0.05068749999999955,24.629332561783745,-50.68749999999955,False,0.0,cued,2,104.0,16,False
sub08,test,5,13,7.7275625,7.676166666666667,12.0,-0.05139583333333331,46.73815259801571,-51.39583333333331,False,1.0,cued,2,104.0,16,False
sub08,test,5,14,8.304479166666667,8.253708333333334,13.0,-0.05077083333333299,33.040425443124114,-50.77083333333299,False,0.0,cued,2,104.0,16,False
sub08,test,5,15,8.881395833333332,8.8429375,14.0,-0.03845833333333282,60.275790534937485,-38.45833333333282,False,1.0,cued,2,104.0,16,False
sub08,test,5,16,9.4583125,9.445958333333333,15.0,-0.012354166666666444,34.03048037348223,-12.354166666666444,False,0.0,cued,2,104.0,16,False
sub08,test,5,17,10.035229166666667,10.015583333333334,16.0,-0.019645833333333584,46.35830559383103,-19.645833333333584,False,1.0,cued,2,104.0,16,False
sub08,test,5,18,10.612145833333333,10.591041666666667,17.0,-0.02110416666666559,32.8781370022456,-21.10416666666559,False,0.0,cued,2,104.0,16,False
sub08,test,5,19,11.1890625,11.153333333333334,18.0,-0.035729166666666146,59.3389787619964,-35.729166666666146,False,1.0,cued,2,104.0,16,False
sub08,test,5,20,11.765979166666666,11.737270833333334,19.0,-0.028708333333332448,37.115400463949584,-28.708333333332448,False,0.0,cued,2,104.0,16,False
sub08,test,5,21,12.342895833333333,12.295916666666667,20.0,-0.04697916666666657,42.793916211472656,-46.97916666666657,False,1.0,cued,2,104.0,16,False
sub08,test,5,22,12.9198125,12.879708333333333,21.0,-0.040104166666667496,35.314304819911655,-40.104166666667496,False,0.0,cued,2,104.0,16,False
sub08,test,5,23,13.496729166666666,13.452791666666666,22.0,-0.043937500000000185,61.34091556238086,-43.937500000000185,False,1.0,cued,2,104.0,16,False
sub08,test,5,24,14.073645833333334,14.067333333333334,23.0,-0.006312499999999943,37.30310120744763,-6.312499999999943,False,1.0,cued,2,104.0,16,False
sub08,test,5,25,14.6505625,14.6215,24.0,-0.029062500000000213,61.173817290272545,-29.062500000000213,False,1.0,cued,2,104.0,16,False
sub08,test,5,26,15.227479166666667,15.214083333333333,25.0,-0.01339583333333394,35.957170024818026,-13.39583333333394,False,0.0,cued,2,104.0,16,False
sub08,test,5,27,15.804395833333333,15.768520833333334,26.0,-0.03587499999999899,52.81659948214098,-35.87499999999899,False,1.0,cued,2,104.0,16,False
sub08,test,5,28,16.3813125,16.357354166666667,27.0,-0.02395833333333286,33.24560375426314,-23.95833333333286,False,0.0,cued,2,104.0,16,False
sub08,test,5,29,16.958229166666666,16.9141875,28.0,-0.04404166666666498,42.23569827761501,-44.04166666666498,False,1.0,cued,2,104.0,16,False
sub08,test,5,30,17.535145833333335,17.509333333333334,29.0,-0.025812500000000682,47.43090292964525,-25.812500000000682,False,1.0,cued,2,104.0,16,False
sub08,test,5,31,18.1120625,,,,,,True,,cued,2,104.0,16,False
sub08,test,5,32,18.688979166666666,18.654875,30.0,-0.03410416666666549,31.780065708141166,-34.10416666666549,False,0.0,cued,2,104.0,16,False
sub08,test,5,33,19.26589583333333,19.226625,31.0,-0.039270833333333144,61.6357224675767,-39.270833333333144,False,1.0,cued,2,104.0,16,False
sub08,test,5,34,19.8428125,19.805541666666667,32.0,-0.03727083333333425,27.797147077916136,-37.27083333333425,False,0.0,cued,2,104.0,16,False
sub08,test,5,35,20.419729166666666,20.369729166666666,33.0,-0.05000000000000071,33.79100083441585,-50.00000000000071,False,0.0,cued,2,104.0,16,False
sub08,test,5,36,20.996645833333332,20.924895833333334,34.0,-0.07174999999999798,51.78251058827997,-71.74999999999798,False,1.0,cued,2,104.0,16,False
sub08,test,5,37,21.574708333333334,21.510541666666665,35.0,-0.0641666666666687,37.17828955064319,-64.1666666666687,False,1.0,cued,2,104.0,16,False
sub08,test,5,38,22.150479166666667,22.122354166666668,36.0,-0.02812499999999929,36.03233788487298,-28.12499999999929,False,0.0,cued,2,104.0,16,False
sub08,test,5,39,22.727395833333333,22.691416666666665,37.0,-0.03597916666666734,47.415336606856386,-35.97916666666734,False,1.0,cued,2,104.0,16,False
sub08,test,5,40,23.3043125,23.29714583333333,38.0,-0.007166666666670096,35.74628976244868,-7.166666666670096,False,0.0,cued,2,104.0,16,False
sub08,test,5,41,23.881229166666667,23.85175,39.0,-0.029479166666668277,35.4659903721995,-29.479166666668277,False,0.0,cued,2,104.0,16,False
sub08,test,5,42,24.458145833333333,24.413916666666665,40.0,-0.04422916666666765,64.5958279128138,-44.22916666666765,False,1.0,cued,2,104.0,16,False
sub08,test,5,43,25.0350625,24.991666666666667,41.0,-0.043395833333331524,31.86072226397158,-43.395833333331524,False,0.0,cued,2,104.0,16,False
sub08,test,5,44,25.611979166666668,25.5581875,42.0,-0.0537916666666689,33.432405991014214,-53.7916666666689,False,0.0,cued,2,104.0,16,False
sub08,test,5,45,26.188895833333333,26.148770833333334,43.0,-0.040124999999999744,63.3424531993701,-40.124999999999744,False,1.0,cued,2,104.0,16,False
sub08,test,5,46,26.7658125,26.745729166666667,44.0,-0.02008333333333212,19.71440147387987,-20.08333333333212,False,0.0,cued,2,104.0,16,False
sub08,test,5,47,27.34272916666667,27.2886875,45.0,-0.054041666666666544,28.112514171296233,-54.04166666666654,False,0.0,cued,2,104.0,16,False
sub08,test,5,48,27.919645833333334,27.836541666666665,46.0,-0.08310416666666853,59.885286391821715,-83.10416666666853,False,1.0,cued,2,104.0,16,False
sub08,test,5,49,28.4965625,28.481666666666666,47.0,-0.014895833333333997,26.600969864818694,-14.895833333333997,False,0.0,cued,2,104.0,16,False
sub08,test,5,50,29.073479166666665,29.061854166666667,48.0,-0.011624999999998664,31.05233576957461,-11.624999999998664,False,0.0,cued,2,104.0,16,False
sub08,test,5,51,29.650395833333334,29.600958333333335,49.0,-0.0494374999999998,61.5233375963666,-49.4374999999998,False,1.0,cued,2,104.0,16,False
sub08,test,6,0,0.2188125,,,,,,True,,spontaneous,2,112.0,0,False
sub08,test,6,1,0.7545208333333333,0.6974166666666667,0.0,-0.05710416666666662,53.03023268557597,-57.10416666666662,False,1.0,spontaneous,2,112.0,0,False
sub08,test,6,2,1.2890833333333334,1.2636041666666666,1.0,-0.02547916666666672,32.55644645901689,-25.47916666666672,False,0.0,spontaneous,2,112.0,0,False
sub08,test,6,3,1.8247916666666666,1.7643125,2.0,-0.06047916666666664,57.0073878286997,-60.47916666666664,False,1.0,spontaneous,2,112.0,0,False
sub08,test,6,4,2.361645833333333,2.3692291666666665,3.0,0.007583333333333275,31.123002760207157,7.583333333333275,False,0.0,spontaneous,2,112.0,0,False
sub08,test,6,5,2.8962083333333335,2.868895833333333,4.0,-0.027312500000000295,56.63625159306476,-27.312500000000295,False,1.0,spontaneous,2,112.0,0,False
sub08,test,6,6,3.4319166666666665,3.4330833333333333,5.0,0.0011666666666667602,32.99904348780689,1.1666666666667602,False,0.0,spontaneous,2,112.0,0,False
sub08,test,6,7,3.967625,3.9361041666666665,6.0,-0.03152083333333344,50.24456827229961,-31.520833333333442,False,1.0,spontaneous,2,112.0,0,False
sub08,test,6,8,4.503333333333333,4.469229166666667,7.0,-0.03410416666666638,29.07322516010783,-34.10416666666638,False,0.0,spontaneous,2,112.0,0,False
sub08,test,6,9,5.039041666666667,4.9426875,8.0,-0.09635416666666696,37.442383668314385,-96.35416666666697,False,1.0,spontaneous,2,112.0,0,False
sub08,test,6,10,5.57475,5.5069791666666665,9.0,-0.06777083333333334,34.59379188124843,-67.77083333333334,False,0.0,spontaneous,2,112.0,0,False
sub08,test,6,11,6.110458333333334,6.0404375,10.0,-0.07002083333333342,53.10995785533238,-70.02083333333343,False,1.0,spontaneous,2,112.0,0,False
sub08,test,6,12,6.646166666666667,6.5923541666666665,11.0,-0.05381250000000026,33.09895163497942,-53.81250000000026,False,0.0,spontaneous,2,112.0,0,False
sub08,test,6,13,7.181875,7.143958333333333,12.0,-0.03791666666666682,41.27880168609288,-37.91666666666682,False,1.0,spontaneous,2,112.0,0,False
sub08,test,6,14,7.717583333333334,7.6801458333333334,13.0,-0.037437500000000234,31.79011699048361,-37.437500000000234,False,0.0,spontaneous,2,112.0,0,False
sub08,test,6,15,8.253291666666666,8.205395833333334,14.0,-0.047895833333331694,57.080840124497065,-47.895833333331694,False,1.0,spontaneous,2,112.0,0,False
sub08,test,6,16,8.789,8.778583333333334,15.0,-0.010416666666666075,29.272127643783232,-10.416666666666075,False,0.0,spontaneous,2,112.0,0,False
sub08,test,6,17,9.324708333333334,9.278229166666666,16.0,-0.04647916666666774,53.087257590219174,-46.47916666666774,False,1.0,spontaneous,2,112.0,0,False
sub08,test,6,18,9.860416666666667,9.7994375,17.0,-0.060979166666667695,30.05744590568691,-60.979166666667695,False,0.0,spontaneous,2,112.0,0,False
sub08,test,6,19,10.396125,10.369479166666666,18.0,-0.026645833333333258,46.56441383523336,-26.645833333333258,False,1.0,spontaneous,2,112.0,0,False
sub08,test,6,20,10.932979166666666,10.943333333333333,19.0,0.010354166666667552,38.010827017603674,10.354166666667552,False,1.0,spontaneous,2,112.0,0,False
sub08,test,6,21,11.467541666666667,11.432354166666666,20.0,-0.03518750000000104,60.08032092223321,-35.18750000000104,False,1.0,spontaneous,2,112.0,0,False
sub08,test,6,22,12.004395833333334,11.966979166666667,21.0,-0.0374166666666671,36.56801948619056,-37.4166666666671,False,1.0,spontaneous,2,112.0,0,False
sub08,test,6,23,12.538958333333333,12.488791666666666,22.0,-0.05016666666666758,61.877447512409915,-50.16666666666758,False,1.0,spontaneous,2,112.0,0,False
sub08,test,6,24,13.074666666666667,13.056666666666667,23.0,-0.018000000000000682,24.043846565774682,-18.000000000000682,False,0.0,spontaneous,2,112.0,0,False
sub08,test,6,25,13.610375,13.556854166666668,24.0,-0.05352083333333191,36.33158896435085,-53.52083333333191,False,0.0,spontaneous,2,112.0,0,False
sub08,test,6,26,14.146083333333333,14.0795,25.0,-0.06658333333333388,56.247095763276846,-66.58333333333388,False,1.0,spontaneous,2,112.0,0,False
sub08,test,6,27,14.681791666666667,14.649375,26.0,-0.03241666666666809,37.46077732480324,-32.41666666666809,False,1.0,spontaneous,2,112.0,0,False
sub08,test,6,28,15.2175,15.193604166666667,27.0,-0.02389583333333256,33.220666041935615,-23.89583333333256,False,0.0,spontaneous,2,112.0,0,False
sub08,test,6,29,15.753208333333333,15.712958333333333,28.0,-0.04025000000000034,58.755950579102,-40.25000000000034,False,1.0,spontaneous,2,112.0,0,False
sub08,test,6,30,16.288916666666665,16.259875,29.0,-0.029041666666664412,33.23394635175055,-29.041666666664412,False,0.0,spontaneous,2,112.0,0,False
sub08,test,6,31,16.824625,16.793625,30.0,-0.03100000000000236,35.427440150385806,-31.00000000000236,False,0.0,spontaneous,2,112.0,0,False
sub08,test,6,32,17.360333333333333,17.29939583333333,31.0,-0.06093750000000142,57.404011672677896,-60.93750000000142,False,1.0,spontaneous,2,112.0,0,False
sub08,test,6,33,17.896041666666665,17.833833333333335,32.0,-0.062208333333330756,35.83284833737735,-62.208333333330756,False,0.0,spontaneous,2,112.0,0,False
sub08,test,6,34,18.43175,18.371458333333333,33.0,-0.060291666666667965,36.39982451605309,-60.291666666667965,False,1.0,spontaneous,2,112.0,0,False
sub08,test,6,35,18.967458333333333,18.924708333333335,34.0,-0.04274999999999807,51.13421544543756,-42.74999999999807,False,1.0,spontaneous,2,112.0,0,False
sub08,test,6,36,19.503166666666665,19.484625,35.0,-0.018541666666664014,30.766715372655273,-18.541666666664014,False,0.0,spontaneous,2,112.0,0,False
sub08,test,6,37,20.038875,20.016729166666668,36.0,-0.022145833333333087,25.89606005617396,-22.145833333333087,False,0.0,spontaneous,2,112.0,0,False
sub08,test,6,38,20.574583333333333,20.555979166666667,37.0,-0.01860416666666609,65.61847778443897,-18.60416666666609,False,1.0,spontaneous,2,112.0,0,False
sub08,test,6,39,21.110291666666665,21.084416666666666,38.0,-0.025874999999999204,33.53192284355063,-25.874999999999204,False,0.0,spontaneous,2,112.0,0,False
sub08,test,6,40,21.646,21.596333333333334,39.0,-0.04966666666666697,34.55420151805132,-49.66666666666697,False,0.0,spontaneous,2,112.0,0,False
sub08,test,6,41,22.181708333333333,22.1375625,40.0,-0.04414583333333155,61.78317062603622,-44.14583333333155,False,1.0,spontaneous,2,112.0,0,False
sub08,test,6,42,22.717416666666665,22.68872916666667,41.0,-0.028687499999996646,33.8910366851274,-28.687499999996646,False,0.0,spontaneous,2,112.0,0,False
sub08,test,6,43,23.253125,23.215541666666667,42.0,-0.03758333333333397,35.06747648651205,-37.58333333333397,False,0.0,spontaneous,2,112.0,0,False
sub08,test,6,44,23.788833333333333,23.714625,43.0,-0.07420833333333121,53.576421340058715,-74.20833333333121,False,1.0,spontaneous,2,112.0,0,False
sub08,test,6,45,24.324541666666665,24.249208333333332,44.0,-0.07533333333333303,26.841993219652718,-75.33333333333303,False,0.0,spontaneous,2,112.0,0,False
sub08,test,6,46,24.86025,24.838958333333334,45.0,-0.021291666666666487,34.05009531346993,-21.291666666666487,False,0.0,spontaneous,2,112.0,0,False
sub08,test,6,47,25.395958333333333,25.331770833333334,46.0,-0.06418749999999918,62.405254515655066,-64.18749999999918,False,1.0,spontaneous,2,112.0,0,False
sub08,test,6,48,25.93166666666667,25.894666666666666,47.0,-0.037000000000002586,34.42569693378677,-37.000000000002586,False,0.0,spontaneous,2,112.0,0,False
sub08,test,6,49,26.467375,26.44925,48.0,-0.01812500000000128,32.77835151625519,-18.12500000000128,False,0.0,spontaneous,2,112.0,0,False
sub08,test,6,50,27.003083333333333,26.975666666666665,49.0,-0.02741666666666731,64.88968219565612,-27.41666666666731,False,1.0,spontaneous,2,112.0,0,False
sub08,test,6,51,27.53879166666667,27.5096875,50.0,-0.02910416666667004,33.73732430564506,-29.10416666667004,False,0.0,spontaneous,2,112.0,0,False
sub08,test,6,52,28.075645833333333,28.040375,51.0,-0.03527083333333181,34.98412509110179,-35.27083333333181,False,0.0,spontaneous,2,112.0,0,False
sub08,test,6,53,28.610208333333333,28.539354166666666,52.0,-0.07085416666666688,64.00897182920065,-70.85416666666688,False,1.0,spontaneous,2,112.0,0,False
sub08,test,6,54,29.14591666666667,29.1266875,53.0,-0.019229166666669073,38.53766001638015,-19.229166666669073,False,1.0,spontaneous,2,112.0,0,False
sub08,test,6,55,29.681625,,,,,,True,,spontaneous,2,112.0,0,False
sub08,test,7,0,0.218625,0.3729166666666667,0.0,0.15429166666666666,37.569355384693885,154.29166666666666,False,1.0,spontaneous,3,108.0,0,False
sub08,test,7,1,0.7730625,,,,,,True,,spontaneous,3,108.0,0,False
sub08,test,7,2,1.328625,1.2669166666666667,1.0,-0.061708333333333254,64.18175603772896,-61.70833333333326,False,1.0,spontaneous,3,108.0,0,False
sub08,test,7,3,1.8841875,1.8615208333333333,2.0,-0.022666666666666613,29.97807015675047,-22.666666666666615,False,0.0,spontaneous,3,108.0,0,False
sub08,test,7,4,2.43975,2.404541666666667,3.0,-0.035208333333333286,15.580582417513053,-35.208333333333286,False,0.0,spontaneous,3,108.0,0,False
sub08,test,7,5,2.9953125,2.943375,4.0,-0.05193749999999975,64.52891467113272,-51.937499999999744,False,1.0,spontaneous,3,108.0,0,False
sub08,test,7,6,3.550875,3.5014791666666665,5.0,-0.04939583333333353,32.653682098621125,-49.39583333333353,False,1.0,spontaneous,3,108.0,0,False
sub08,test,7,7,4.1064375,4.0640833333333335,6.0,-0.04235416666666669,26.959611640898427,-42.35416666666669,False,0.0,spontaneous,3,108.0,0,False
sub08,test,7,8,4.662,4.6226666666666665,7.0,-0.03933333333333344,36.412608081930706,-39.33333333333344,False,1.0,spontaneous,3,108.0,0,False
sub08,test,7,9,5.2175625,5.201979166666667,8.0,-0.015583333333332838,29.713367431340973,-15.583333333332838,False,0.0,spontaneous,3,108.0,0,False
sub08,test,7,10,5.773125,5.780270833333334,9.0,0.007145833333333407,21.116871511719104,7.145833333333407,False,0.0,spontaneous,3,108.0,0,False
sub08,test,7,11,6.3286875,6.300666666666666,10.0,-0.028020833333333606,63.200054932061,-28.020833333333606,False,1.0,spontaneous,3,108.0,0,False
sub08,test,7,12,6.885375,6.8755,11.0,-0.009875000000000078,33.428679881345374,-9.875000000000078,False,1.0,spontaneous,3,108.0,0,False
sub08,test,7,13,7.4398125,7.410270833333334,12.0,-0.0295416666666668,25.780842101283508,-29.5416666666668,False,0.0,spontaneous,3,108.0,0,False
sub08,test,7,14,7.995375,7.9355625,13.0,-0.05981250000000049,64.57916968422337,-59.81250000000049,False,1.0,spontaneous,3,108.0,0,False
sub08,test,7,15,8.552083333333334,8.507479166666666,14.0,-0.044604166666667666,21.39111311908114,-44.604166666667666,False,0.0,spontaneous,3,108.0,0,False
sub08,test,7,16,9.1065,9.061166666666667,15.0,-0.04533333333333367,32.37745102779939,-45.33333333333367,False,0.0,spontaneous,3,108.0,0,False
sub08,test,7,17,9.6620625,9.611854166666667,16.0,-0.05020833333333208,61.72601899953818,-50.20833333333208,False,1.0,spontaneous,3,108.0,0,False
sub08,test,7,18,10.217625,10.197895833333334,17.0,-0.01972916666666613,33.89011444061487,-19.72916666666613,False,1.0,spontaneous,3,108.0,0,False
sub08,test,7,19,10.7731875,10.759125,18.0,-0.014062500000001421,28.109480957361328,-14.062500000001421,False,0.0,spontaneous,3,108.0,0,False
sub08,test,7,20,11.32875,11.278833333333333,19.0,-0.04991666666666639,61.15085468609544,-49.91666666666639,False,1.0,spontaneous,3,108.0,0,False
sub08,test,7,21,11.885458333333334,11.834125,20.0,-0.0513333333333339,32.88092343828947,-51.3333333333339,False,1.0,spontaneous,3,108.0,0,False
sub08,test,7,22,12.439875,12.422125,21.0,-0.017750000000001265,28.74990081518492,-17.750000000001265,False,0.0,spontaneous,3,108.0,0,False
sub08,test,7,23,12.9954375,12.950354166666667,22.0,-0.045083333333332476,61.51322195664525,-45.083333333332476,False,1.0,spontaneous,3,108.0,0,False
sub08,test,7,24,13.551,13.529916666666667,23.0,-0.021083333333333343,30.379400097596424,-21.083333333333343,False,0.0,spontaneous,3,108.0,0,False
sub08,test,7,25,14.1065625,14.079354166666667,24.0,-0.027208333333334167,62.77306614080102,-27.208333333334167,False,1.0,spontaneous,3,108.0,0,False
sub08,test,7,26,14.662125,14.616145833333333,25.0,-0.045979166666667126,13.299202328033047,-45.979166666667126,False,0.0,spontaneous,3,108.0,0,False
sub08,test,7,27,15.2176875,15.166770833333333,26.0,-0.05091666666666761,60.725590755141326,-50.91666666666761,False,1.0,spontaneous,3,108.0,0,False
sub08,test,7,28,15.77325,15.713458333333334,27.0,-0.059791666666667354,31.431937666454843,-59.79166666666735,False,0.0,spontaneous,3,108.0,0,False
sub08,test,7,29,16.3288125,16.288833333333333,28.0,-0.039979166666668675,58.191141044918034,-39.979166666668675,False,1.0,spontaneous,3,108.0,0,False
sub08,test,7,30,16.884375,16.867041666666665,29.0,-0.0173333333333332,29.853771933598377,-17.3333333333332,False,0.0,spontaneous,3,108.0,0,False
sub08,test,7,31,17.4399375,17.380416666666665,30.0,-0.05952083333333391,61.44856751494224,-59.52083333333391,False,1.0,spontaneous,3,108.0,0,False
sub08,test,7,32,17.9955,17.959145833333334,31.0,-0.03635416666666558,30.78303980488696,-36.35416666666558,False,0.0,spontaneous,3,108.0,0,False
sub08,test,7,33,18.5510625,18.52166666666667,32.0,-0.029395833333332178,54.72899630783634,-29.395833333332178,False,1.0,spontaneous,3,108.0,0,False
sub08,test,7,34,19.107770833333333,19.0899375,33.0,-0.017833333333332035,30.64429908934535,-17.833333333332035,False,0.0,spontaneous,3,108.0,0,False
sub08,test,7,35,19.6621875,19.619145833333334,34.0,-0.04304166666666731,59.498212245481284,-43.04166666666731,False,1.0,spontaneous,3,108.0,0,False
sub08,test,7,36,20.21775,20.216395833333333,35.0,-0.001354166666665435,32.29462122969136,-1.354166666665435,False,0.0,spontaneous,3,108.0,0,False
sub08,test,7,37,20.7733125,20.72325,36.0,-0.05006249999999923,60.544518554235545,-50.06249999999923,False,1.0,spontaneous,3,108.0,0,False
sub08,test,7,38,21.328875,21.29,37.0,-0.03887500000000088,29.340911091953497,-38.87500000000088,False,0.0,spontaneous,3,108.0,0,False
sub08,test,7,39,21.8844375,21.854395833333335,38.0,-0.030041666666665634,17.136596824611996,-30.041666666665634,False,0.0,spontaneous,3,108.0,0,False
sub08,test,7,40,22.44,22.416479166666665,39.0,-0.0235208333333361,29.82242015197076,-23.5208333333361,False,0.0,spontaneous,3,108.0,0,False
sub08,test,7,41,22.9955625,22.934833333333334,40.0,-0.060729166666664725,0.3642926562667489,-60.729166666664725,False,0.0,spontaneous,3,108.0,0,False
sub08,test,7,42,23.551125,23.5311875,41.0,-0.0199374999999975,28.384809033554596,-19.9374999999975,False,0.0,spontaneous,3,108.0,0,False
sub08,test,7,43,24.1066875,24.063583333333334,42.0,-0.04310416666666583,39.397271289700726,-43.10416666666583,False,1.0,spontaneous,3,108.0,0,False
sub08,test,7,44,24.66225,24.6149375,43.0,-0.04731250000000031,30.3741460005675,-47.31250000000031,False,0.0,spontaneous,3,108.0,0,False
sub08,test,7,45,25.2178125,25.191458333333333,44.0,-0.026354166666667567,52.02567293668372,-26.354166666667567,False,1.0,spontaneous,3,108.0,0,False
sub08,test,7,46,25.773375,25.775,45.0,0.001624999999997101,27.95480282514495,1.624999999997101,False,0.0,spontaneous,3,108.0,0,False
sub08,test,7,47,26.3289375,26.291354166666668,46.0,-0.037583333333330415,58.8372067233437,-37.583333333330415,False,1.0,spontaneous,3,108.0,0,False
sub08,test,7,48,26.8845,26.862333333333332,47.0,-0.022166666666667112,29.5531385408011,-22.166666666667112,False,0.0,spontaneous,3,108.0,0,False
sub08,test,7,49,27.4400625,27.413,48.0,-0.027062499999999545,52.36645851271782,-27.062499999999545,False,1.0,spontaneous,3,108.0,0,False
sub08,test,7,50,27.995625,27.9648125,49.0,-0.030812499999999687,22.543164077174268,-30.812499999999687,False,0.0,spontaneous,3,108.0,0,False
sub08,test,7,51,28.5511875,28.483666666666668,50.0,-0.06752083333333303,57.666351285839575,-67.52083333333303,False,1.0,spontaneous,3,108.0,0,False
sub08,test,7,52,29.10675,,,,,,True,,spontaneous,3,108.0,0,False
sub08,test,7,53,29.6623125,29.591645833333335,51.0,-0.07066666666666421,56.39890388116994,-70.66666666666421,False,1.0,spontaneous,3,108.0,0,False
sub08,test,8,0,0.21879166666666666,,,,,,True,,cued,3,116.0,16,False
sub08,test,8,1,0.7348958333333333,,,,,,True,,cued,3,116.0,16,False
sub08,test,8,2,1.2521458333333333,1.221375,0.0,-0.030770833333333192,50.81449577433866,-30.770833333333194,False,1.0,cued,3,116.0,16,False
sub08,test,8,3,1.7705416666666667,1.7488958333333333,1.0,-0.021645833333333364,30.53049350757204,-21.645833333333364,False,0.0,cued,3,116.0,16,False
sub08,test,8,4,2.2866458333333335,2.258020833333333,2.0,-0.028625000000000345,17.47972549709841,-28.625000000000345,False,0.0,cued,3,116.0,16,False
sub08,test,8,5,2.8038958333333333,2.740375,3.0,-0.06352083333333347,54.69100619182675,-63.52083333333347,False,1.0,cued,3,116.0,16,False
sub08,test,8,6,3.3211458333333335,3.296375,4.0,-0.02477083333333363,35.42350914380322,-24.77083333333363,False,1.0,cued,3,116.0,16,False
sub08,test,8,7,3.8383958333333332,3.834979166666667,5.0,-0.0034166666666664014,36.80734453404425,-3.4166666666664014,False,1.0,cued,3,116.0,16,False
sub08,test,8,8,4.355645833333333,4.329125,6.0,-0.02652083333333266,51.425121633980815,-26.52083333333266,False,1.0,cued,3,116.0,16,False
sub08,test,8,9,4.872895833333334,,,,,,True,,cued,3,116.0,16,False
sub08,test,8,10,5.390145833333333,5.334125,7.0,-0.056020833333333186,31.403115919189375,-56.02083333333319,False,0.0,cued,3,116.0,16,False
sub08,test,8,11,5.907395833333333,5.837958333333333,8.0,-0.06943750000000026,51.22246931039036,-69.43750000000026,False,1.0,cued,3,116.0,16,False
sub08,test,8,12,6.424645833333333,,,,,,True,,cued,3,116.0,16,False
sub08,test,8,13,6.941895833333334,6.897833333333334,9.0,-0.04406249999999989,34.70691778124307,-44.06249999999989,False,0.0,cued,3,116.0,16,False
sub08,test,8,14,7.459145833333333,7.410708333333333,10.0,-0.048437500000000355,40.60558114575552,-48.437500000000355,False,1.0,cued,3,116.0,16,False
sub08,test,8,15,7.976395833333333,7.944729166666667,11.0,-0.03166666666666629,31.270032800684735,-31.666666666666288,False,0.0,cued,3,116.0,16,False
sub08,test,8,16,8.493645833333334,8.476458333333333,12.0,-0.017187500000000355,26.94680743030311,-17.187500000000355,False,0.0,cued,3,116.0,16,False
sub08,test,8,17,9.010895833333333,8.956916666666666,13.0,-0.053979166666666245,52.42133797844129,-53.979166666666245,False,1.0,cued,3,116.0,16,False
sub08,test,8,18,9.528145833333333,,,,,,True,,cued,3,116.0,16,False
sub08,test,8,19,10.045395833333334,10.012666666666666,14.0,-0.03272916666666781,28.765077066298915,-32.72916666666781,False,0.0,cued,3,116.0,16,False
sub08,test,8,20,10.562645833333333,10.5040625,15.0,-0.05858333333333299,54.84958509046233,-58.58333333333299,False,1.0,cued,3,116.0,16,False
sub08,test,8,21,11.079895833333333,11.0168125,16.0,-0.06308333333333316,25.562823940758367,-63.08333333333316,False,0.0,cued,3,116.0,16,False
sub08,test,8,22,11.597145833333334,11.555395833333334,17.0,-0.0417500000000004,33.290103673823445,-41.7500000000004,False,0.0,cued,3,116.0,16,False
sub08,test,8,23,12.114395833333333,12.064666666666668,18.0,-0.04972916666666549,54.912719186884715,-49.72916666666549,False,1.0,cued,3,116.0,16,False
sub08,test,8,24,12.631645833333334,12.5629375,19.0,-0.06870833333333337,32.37003745883407,-68.70833333333337,False,0.0,cued,3,116.0,16,False
sub08,test,8,25,13.148895833333333,13.113791666666666,20.0,-0.035104166666666714,34.19513913110563,-35.104166666666714,False,0.0,cued,3,116.0,16,False
sub08,test,8,26,13.666145833333333,13.6145,21.0,-0.05164583333333361,56.822395206391995,-51.64583333333361,False,1.0,cued,3,116.0,16,False
sub08,test,8,27,14.183395833333334,14.1576875,22.0,-0.02570833333333411,31.602827832403065,-25.70833333333411,False,0.0,cued,3,116.0,16,False
sub08,test,8,28,14.700645833333333,14.668,23.0,-0.032645833333333485,34.42825538315209,-32.645833333333485,False,0.0,cued,3,116.0,16,False
sub08,test,8,29,15.217895833333333,15.154625,24.0,-0.06327083333333405,58.05114546323479,-63.27083333333405,False,1.0,cued,3,116.0,16,False
sub08,test,8,30,15.735145833333334,15.715354166666666,25.0,-0.019791666666668206,25.35580671100461,-19.791666666668206,False,0.0,cued,3,116.0,16,False
sub08,test,8,31,16.252395833333335,16.254145833333332,26.0,0.0017499999999976978,40.727992110463134,1.7499999999976978,False,1.0,cued,3,116.0,16,False
sub08,test,8,32,16.769645833333332,16.707770833333335,27.0,-0.061874999999997016,61.34502677589035,-61.874999999997016,False,1.0,cued,3,116.0,16,False
sub08,test,8,33,17.286895833333332,17.26575,28.0,-0.021145833333331865,31.928074228443577,-21.145833333331865,False,0.0,cued,3,116.0,16,False
sub08,test,8,34,17.804145833333333,17.750229166666667,29.0,-0.05391666666666595,36.19609212793915,-53.91666666666595,False,1.0,cued,3,116.0,16,False
sub08,test,8,35,18.321395833333334,18.270520833333332,30.0,-0.050875000000001336,31.809090325411514,-50.875000000001336,False,0.0,cued,3,116.0,16,False
sub08,test,8,36,18.838645833333334,18.804104166666665,31.0,-0.03454166666666936,59.59907725982031,-34.54166666666936,False,1.0,cued,3,116.0,16,False
sub08,test,8,37,19.355895833333335,19.332125,32.0,-0.02377083333333374,35.02947009860333,-23.77083333333374,False,0.0,cued,3,116.0,16,False
sub08,test,8,38,19.873145833333332,19.81072916666667,33.0,-0.0624166666666639,53.28548864873611,-62.4166666666639,False,1.0,cued,3,116.0,16,False
sub08,test,8,39,20.390395833333333,20.334666666666667,34.0,-0.05572916666666572,33.3227795452089,-55.72916666666572,False,0.0,cued,3,116.0,16,False
sub08,test,8,40,20.907645833333333,20.8794375,35.0,-0.028208333333331836,56.411478291771985,-28.208333333331836,False,1.0,cued,3,116.0,16,False
sub08,test,8,41,21.424895833333334,21.410666666666668,36.0,-0.014229166666666515,30.620487114083886,-14.229166666666515,False,0.0,cued,3,116.0,16,False
sub08,test,8,42,21.942145833333335,21.899958333333334,37.0,-0.04218750000000071,34.24404607748121,-42.18750000000071,False,0.0,cued,3,116.0,16,False
sub08,test,8,43,22.460541666666668,22.41325,38.0,-0.04729166666666629,22.458963444180554,-47.29166666666629,False,0.0,cued,3,116.0,16,False
sub08,test,8,44,22.976645833333333,22.9278125,39.0,-0.04883333333333084,46.02188345585304,-48.83333333333084,False,1.0,cued,3,116.0,16,False
sub08,test,8,45,23.493895833333333,23.465229166666667,40.0,-0.028666666666666174,34.43717042044688,-28.666666666666174,False,0.0,cued,3,116.0,16,False
sub08,test,8,46,24.011145833333334,23.957020833333335,41.0,-0.05412499999999909,55.00949121949576,-54.12499999999909,False,1.0,cued,3,116.0,16,False
sub08,test,8,47,24.528395833333335,,,,,,True,,cued,3,116.0,16,False
sub08,test,8,48,25.04564583333333,24.995791666666666,42.0,-0.04985416666666609,58.988775531954765,-49.85416666666609,False,1.0,cued,3,116.0,16,False
sub08,test,8,49,25.562895833333332,25.532729166666666,43.0,-0.03016666666666623,31.110514403744865,-30.16666666666623,False,0.0,cued,3,116.0,16,False
sub08,test,8,50,26.080145833333333,26.012916666666666,44.0,-0.06722916666666734,50.44982289196005,-67.22916666666734,False,1.0,cued,3,116.0,16,False
sub08,test,8,51,26.597395833333334,,,,,,True,,cued,3,116.0,16,False
sub08,test,8,52,27.114645833333334,27.060145833333333,45.0,-0.05450000000000088,56.01026540470884,-54.50000000000088,False,1.0,cued,3,116.0,16,False
sub08,test,8,53,27.631895833333335,27.605395833333333,46.0,-0.02650000000000219,32.57534919343423,-26.50000000000219,False,0.0,cued,3,116.0,16,False
sub08,test,8,54,28.149145833333332,28.11895833333333,47.0,-0.030187500000000256,51.022225413622024,-30.187500000000256,False,1.0,cued,3,116.0,16,False
sub08,test,8,55,28.666395833333333,28.660520833333333,48.0,-0.0058749999999996305,31.312710469143955,-5.8749999999996305,False,0.0,cued,3,116.0,16,False
sub08,test,8,56,29.183645833333333,29.166625,49.0,-0.017020833333333485,52.623473770149914,-17.020833333333485,False,1.0,cued,3,116.0,16,False
sub08,test,9,0,0.2186875,,,,,,True,,spontaneous,2,100.0,0,False
sub08,test,9,1,0.8175416666666667,0.7600416666666666,0.0,-0.05750000000000011,52.673780524060604,-57.50000000000011,False,1.0,spontaneous,2,100.0,0,False
sub08,test,9,2,1.4175416666666667,1.3722083333333333,1.0,-0.04533333333333345,29.269965971977868,-45.33333333333345,False,0.0,spontaneous,2,100.0,0,False
sub08,test,9,3,2.017541666666667,1.9580208333333333,2.0,-0.05952083333333347,54.08164833784927,-59.52083333333347,False,1.0,spontaneous,2,100.0,0,False
sub08,test,9,4,2.617541666666667,2.5745,3.0,-0.04304166666666687,26.341552645985587,-43.04166666666687,False,0.0,spontaneous,2,100.0,0,False
sub08,test,9,5,3.2175416666666665,3.1488125,4.0,-0.06872916666666651,34.10867409222562,-68.72916666666652,False,0.0,spontaneous,2,100.0,0,False
sub08,test,9,6,3.8175416666666666,3.7699583333333333,5.0,-0.04758333333333331,34.58571126197414,-47.583333333333314,False,1.0,spontaneous,2,100.0,0,False
sub08,test,9,7,4.417541666666667,4.417375,6.0,-0.00016666666666687036,44.83029431804785,-0.16666666666687036,False,1.0,spontaneous,2,100.0,0,False
sub08,test,9,8,5.017541666666666,4.994395833333333,7.0,-0.02314583333333342,29.371457906916834,-23.14583333333342,False,0.0,spontaneous,2,100.0,0,False
sub08,test,9,9,5.617541666666667,5.532729166666667,8.0,-0.08481249999999996,62.60795451336274,-84.81249999999996,False,1.0,spontaneous,2,100.0,0,False
sub08,test,9,10,6.2175416666666665,6.16075,9.0,-0.05679166666666635,29.05496056757822,-56.79166666666635,False,0.0,spontaneous,2,100.0,0,False
sub08,test,9,11,6.817541666666667,6.7683125,10.0,-0.04922916666666666,38.26845252683349,-49.22916666666666,False,1.0,spontaneous,2,100.0,0,False
sub08,test,9,12,7.417541666666667,7.355770833333334,11.0,-0.06177083333333311,27.075820031286668,-61.77083333333311,False,0.0,spontaneous,2,100.0,0,False
sub08,test,9,13,8.017541666666666,7.947875,12.0,-0.06966666666666654,58.340817880421234,-69.66666666666654,False,1.0,spontaneous,2,100.0,0,False
sub08,test,9,14,8.617541666666666,8.580416666666666,13.0,-0.03712499999999963,33.72010248869611,-37.12499999999963,False,0.0,spontaneous,2,100.0,0,False
sub08,test,9,15,9.217541666666667,9.172875,14.0,-0.044666666666667965,57.94796866738132,-44.666666666667965,False,1.0,spontaneous,2,100.0,0,False
sub08,test,9,16,9.817541666666667,9.797916666666667,15.0,-0.01962499999999956,30.00635293980033,-19.62499999999956,False,0.0,spontaneous,2,100.0,0,False
sub08,test,9,17,10.417541666666667,10.3776875,16.0,-0.0398541666666663,48.9494651591777,-39.8541666666663,False,1.0,spontaneous,2,100.0,0,False
sub08,test,9,18,11.017541666666666,10.9658125,17.0,-0.05172916666666616,27.64573057564723,-51.72916666666616,False,0.0,spontaneous,2,100.0,0,False
sub08,test,9,19,11.617541666666666,11.5319375,18.0,-0.08560416666666626,53.39325507463989,-85.60416666666626,False,1.0,spontaneous,2,100.0,0,False
sub08,test,9,20,12.217541666666667,12.173875,19.0,-0.04366666666666674,32.12543080046735,-43.66666666666674,False,0.0,spontaneous,2,100.0,0,False
sub08,test,9,21,12.817541666666667,12.793854166666666,20.0,-0.023687500000001194,57.35122583959356,-23.687500000001194,False,1.0,spontaneous,2,100.0,0,False
sub08,test,9,22,13.4186875,13.3974375,21.0,-0.021250000000000213,30.504353447177696,-21.250000000000213,False,0.0,spontaneous,2,100.0,0,False
sub08,test,9,23,14.017541666666666,13.991,22.0,-0.026541666666666686,49.53673700588871,-26.541666666666686,False,1.0,spontaneous,2,100.0,0,False
sub08,test,9,24,14.617541666666666,14.626791666666668,23.0,0.009250000000001535,3.6054608159616457,9.250000000001535,False,0.0,spontaneous,2,100.0,0,False
sub08,test,9,25,15.217541666666667,15.188291666666666,24.0,-0.02925000000000111,47.6962143013732,-29.25000000000111,False,1.0,spontaneous,2,100.0,0,False
sub08,test,9,26,15.817541666666667,15.7911875,25.0,-0.026354166666667567,24.197504329810794,-26.354166666667567,False,0.0,spontaneous,2,100.0,0,False
sub08,test,9,27,16.417541666666665,16.377083333333335,26.0,-0.04045833333332993,29.760661273276074,-40.45833333332993,False,0.0,spontaneous,2,100.0,0,False
sub08,test,9,28,17.017541666666666,16.963729166666667,27.0,-0.053812499999999375,61.98007906304571,-53.812499999999375,False,1.0,spontaneous,2,100.0,0,False
sub08,test,9,29,17.617541666666668,17.607375,28.0,-0.010166666666666657,33.69315346055346,-10.166666666666657,False,0.0,spontaneous,2,100.0,0,False
sub08,test,9,30,18.217541666666666,18.194020833333333,29.0,-0.023520833333332547,24.831195506557137,-23.520833333332547,False,0.0,spontaneous,2,100.0,0,False
sub08,test,9,31,18.817541666666667,18.763333333333332,30.0,-0.05420833333333519,54.04761999152248,-54.20833333333519,False,1.0,spontaneous,2,100.0,0,False
sub08,test,9,32,19.417541666666665,19.371854166666665,31.0,-0.04568749999999966,-1.4933675000833937,-45.68749999999966,False,0.0,spontaneous,2,100.0,0,False
sub08,test,9,33,20.017541666666666,19.987041666666666,32.0,-0.03049999999999997,34.76713208292608,-30.49999999999997,False,1.0,spontaneous,2,100.0,0,False
sub08,test,9,34,20.617541666666668,20.539958333333335,33.0,-0.07758333333333312,49.05637393161829,-77.58333333333312,False,1.0,spontaneous,2,100.0,0,False
sub08,test,9,35,21.217541666666666,21.160020833333334,34.0,-0.05752083333333147,29.058232289694605,-57.52083333333147,False,0.0,spontaneous,2,100.0,0,False
sub08,test,9,36,21.817541666666667,21.76310416666667,35.0,-0.054437499999998806,31.675304494792087,-54.437499999998806,False,0.0,spontaneous,2,100.0,0,False
sub08,test,9,37,22.417541666666665,22.379354166666666,36.0,-0.038187499999999375,57.334244710561364,-38.187499999999375,False,1.0,spontaneous,2,100.0,0,False
sub08,test,9,38,23.017541666666666,22.983333333333334,37.0,-0.034208333333332064,35.63010311678288,-34.208333333332064,False,1.0,spontaneous,2,100.0,0,False
sub08,test,9,39,23.617541666666668,23.600375,38.0,-0.017166666666668107,32.82982553795718,-17.166666666668107,False,0.0,spontaneous,2,100.0,0,False
sub08,test,9,40,24.217541666666666,24.171416666666666,39.0,-0.04612499999999997,48.274528584396364,-46.12499999999997,False,1.0,spontaneous,2,100.0,0,False
sub08,test,9,41,24.817541666666667,24.774875,40.0,-0.04266666666666552,24.51642542050589,-42.66666666666552,False,0.0,spontaneous,2,100.0,0,False
sub08,test,9,42,25.417541666666665,25.4031875,41.0,-0.01435416666666356,28.045208727400613,-14.35416666666356,False,0.0,spontaneous,2,100.0,0,False
sub08,test,9,43,26.017541666666666,25.9829375,42.0,-0.03460416666666788,57.16231839105988,-34.60416666666788,False,1.0,spontaneous,2,100.0,0,False
sub08,test,9,44,26.617541666666668,,,,,,True,,spontaneous,2,100.0,0,False
sub08,test,9,45,27.217541666666666,27.209791666666668,43.0,-0.007749999999997925,27.682351047578507,-7.749999999997925,False,0.0,spontaneous,2,100.0,0,False
sub08,test,9,46,27.817541666666667,27.7578125,44.0,-0.059729166666667055,58.610255126929474,-59.729166666667055,False,1.0,spontaneous,2,100.0,0,False
sub08,test,9,47,28.417541666666665,28.39666666666667,45.0,-0.020874999999996646,34.79105221931606,-20.874999999996646,False,1.0,spontaneous,2,100.0,0,False
sub08,test,9,48,29.017541666666666,28.978791666666666,46.0,-0.038750000000000284,29.573368661430777,-38.750000000000284,False,0.0,spontaneous,2,100.0,0,False
sub08,test,9,49,29.617541666666668,29.563875,47.0,-0.053666666666668306,51.38540464132782,-53.666666666668306,False,1.0,spontaneous,2,100.0,0,False
sub08,test,10,0,0.21879166666666666,,,,,,True,,cued,3,112.0,18,False
sub08,test,10,1,0.7533541666666667,0.70775,0.0,-0.04560416666666667,18.001249409250676,-45.60416666666667,False,0.0,cued,3,112.0,18,False
sub08,test,10,2,1.2890625,1.2248958333333333,1.0,-0.0641666666666667,63.70620261277088,-64.1666666666667,False,1.0,cued,3,112.0,18,False
sub08,test,10,3,1.8247708333333332,1.7811041666666667,2.0,-0.04366666666666652,22.519574372813295,-43.66666666666652,False,0.0,cued,3,112.0,18,False
sub08,test,10,4,2.3604791666666665,2.3157916666666667,3.0,-0.04468749999999977,28.57972909974244,-44.68749999999977,False,0.0,cued,3,112.0,18,False
sub08,test,10,5,2.8961875,2.8256875,4.0,-0.07050000000000001,54.38376150567692,-70.5,False,1.0,cued,3,112.0,18,False
sub08,test,10,6,3.4318958333333334,3.380145833333333,5.0,-0.051750000000000185,15.65142435500003,-51.750000000000185,False,0.0,cued,3,112.0,18,False
sub08,test,10,7,3.967604166666667,3.9048125,6.0,-0.06279166666666702,25.22887792987797,-62.79166666666703,False,0.0,cued,3,112.0,18,False
sub08,test,10,8,4.5033125,4.4275,7.0,-0.07581249999999962,49.480306773890604,-75.81249999999962,False,1.0,cued,3,112.0,18,False
sub08,test,10,9,5.039020833333334,4.998916666666666,8.0,-0.040104166666667496,35.117717106749716,-40.104166666667496,False,1.0,cued,3,112.0,18,False
sub08,test,10,10,5.574729166666667,5.518395833333333,9.0,-0.05633333333333379,31.76510673405358,-56.33333333333379,False,0.0,cued,3,112.0,18,False
sub08,test,10,11,6.1104375,6.032729166666667,10.0,-0.07770833333333282,51.46422523618558,-77.70833333333283,False,1.0,cued,3,112.0,18,False
sub08,test,10,12,6.646145833333334,6.589541666666666,11.0,-0.05660416666666723,19.242613337033273,-56.60416666666723,False,0.0,cued,3,112.0,18,False
sub08,test,10,13,7.181854166666667,7.095270833333333,12.0,-0.08658333333333346,23.79644127349744,-86.58333333333346,False,0.0,cued,3,112.0,18,False
sub08,test,10,14,7.7175625,7.670770833333333,13.0,-0.046791666666666565,52.47415599669233,-46.791666666666565,False,1.0,cued,3,112.0,18,False
sub08,test,10,15,8.253270833333334,8.212270833333333,14.0,-0.04100000000000037,25.746243983060147,-41.00000000000037,False,0.0,cued,3,112.0,18,False
sub08,test,10,16,8.788979166666667,8.7640625,15.0,-0.02491666666666781,25.56717830778087,-24.91666666666781,False,0.0,cued,3,112.0,18,False
sub08,test,10,17,9.3246875,9.293354166666667,16.0,-0.03133333333333255,35.93613234135135,-31.333333333332547,False,1.0,cued,3,112.0,18,False
sub08,test,10,18,9.860395833333333,9.832354166666667,17.0,-0.028041666666666742,32.75416939391675,-28.041666666666742,False,0.0,cued,3,112.0,18,False
sub08,test,10,19,10.396104166666667,10.380145833333334,18.0,-0.01595833333333374,22.77136274897121,-15.95833333333374,False,0.0,cued,3,112.0,18,False
sub08,test,10,20,10.9318125,10.868541666666667,19.0,-0.06327083333333228,56.33969505128206,-63.27083333333228,False,1.0,cued,3,112.0,18,False
sub08,test,10,21,11.467520833333333,11.412354166666667,20.0,-0.055166666666666586,25.456626963971836,-55.166666666666586,False,0.0,cued,3,112.0,18,False
sub08,test,10,22,12.003229166666667,11.9288125,21.0,-0.07441666666666791,35.6850679679803,-74.41666666666791,False,1.0,cued,3,112.0,18,False
sub08,test,10,23,12.5389375,12.491625,22.0,-0.047312499999998536,52.561216600843565,-47.312499999998536,False,1.0,cued,3,112.0,18,False
sub08,test,10,24,13.074645833333333,13.03575,23.0,-0.03889583333333313,20.467335554832342,-38.89583333333313,False,0.0,cued,3,112.0,18,False
sub08,test,10,25,13.610354166666667,13.593979166666667,24.0,-0.01637500000000003,30.755634346686428,-16.37500000000003,False,0.0,cued,3,112.0,18,False
sub08,test,10,26,14.1460625,14.106416666666666,25.0,-0.03964583333333316,53.806374541405624,-39.64583333333316,False,1.0,cued,3,112.0,18,False
sub08,test,10,27,14.681770833333333,,,,,,True,,cued,3,112.0,18,False
sub08,test,10,28,15.217479166666667,15.1661875,26.0,-0.051291666666667624,34.701224830546984,-51.29166666666762,False,1.0,cued,3,112.0,18,False
sub08,test,10,29,15.7531875,15.72525,27.0,-0.027937499999998394,42.56291314758472,-27.937499999998394,False,1.0,cued,3,112.0,18,False
sub08,test,10,30,16.288895833333335,,,,,,True,,cued,3,112.0,18,False
sub08,test,10,31,16.824604166666667,16.804895833333333,28.0,-0.019708333333333883,38.98961479688936,-19.708333333333883,False,1.0,cued,3,112.0,18,False
sub08,test,10,32,17.3603125,17.325145833333334,29.0,-0.035166666666665236,63.39805963353248,-35.166666666665236,False,1.0,cued,3,112.0,18,False
sub08,test,10,33,17.896020833333335,17.824520833333334,30.0,-0.07150000000000034,31.411920904849996,-71.50000000000034,False,0.0,cued,3,112.0,18,False
sub08,test,10,34,18.431729166666667,18.369729166666666,31.0,-0.062000000000001165,28.64234120144043,-62.000000000001165,False,0.0,cued,3,112.0,18,False
sub08,test,10,35,18.9674375,18.845270833333334,32.0,-0.12216666666666498,53.795437237827564,-122.16666666666498,False,1.0,cued,3,112.0,18,False
sub08,test,10,36,19.503145833333335,19.463854166666668,33.0,-0.03929166666666717,31.12082716950345,-39.29166666666717,False,0.0,cued,3,112.0,18,False
sub08,test,10,37,20.038854166666667,20.0193125,34.0,-0.019541666666665236,43.962425127754976,-19.541666666665236,False,1.0,cued,3,112.0,18,False
sub08,test,10,38,20.5745625,20.551666666666666,35.0,-0.022895833333333115,2.0109352802573683,-22.895833333333115,False,0.0,cued,3,112.0,18,False
sub08,test,10,39,21.110270833333335,21.0510625,36.0,-0.059208333333334195,56.10825209753407,-59.208333333334195,False,1.0,cued,3,112.0,18,False
sub08,test,10,40,21.645979166666667,21.595541666666666,37.0,-0.05043750000000102,1.7749641922456827,-50.43750000000102,False,0.0,cued,3,112.0,18,False
sub08,test,10,41,22.1816875,22.112,38.0,-0.06968750000000057,49.624066796799596,-69.68750000000057,False,1.0,cued,3,112.0,18,False
sub08,test,10,42,22.717395833333335,22.677333333333333,39.0,-0.04006250000000122,29.416763459881984,-40.06250000000122,False,0.0,cued,3,112.0,18,False
sub08,test,10,43,23.253104166666667,23.232083333333332,40.0,-0.02102083333333482,33.2350376101294,-21.02083333333482,False,0.0,cued,3,112.0,18,False
sub08,test,10,44,23.7888125,23.789979166666665,41.0,0.0011666666666663161,33.715789867677735,1.1666666666663161,False,0.0,cued,3,112.0,18,False
sub08,test,10,45,24.324520833333334,24.272354166666666,42.0,-0.05216666666666825,59.04812481898928,-52.16666666666825,False,1.0,cued,3,112.0,18,False
sub08,test,10,46,24.860229166666667,,,,,,True,,cued,3,112.0,18,False
sub08,test,10,47,25.3959375,25.364166666666666,43.0,-0.03177083333333286,27.24784297331357,-31.77083333333286,False,0.0,cued,3,112.0,18,False
sub08,test,10,48,25.931645833333334,25.920395833333334,44.0,-0.011250000000000426,14.398040203715288,-11.250000000000426,False,0.0,cued,3,112.0,18,False
sub08,test,10,49,26.467354166666667,26.41529166666667,45.0,-0.052062499999998124,48.66974448695867,-52.062499999998124,False,1.0,cued,3,112.0,18,False
sub08,test,10,50,27.0030625,,,,,,True,,cued,3,112.0,18,False
sub08,test,10,51,27.538770833333334,27.5026875,46.0,-0.03608333333333391,48.443699695793505,-36.08333333333391,False,1.0,cued,3,112.0,18,False
sub08,test,10,52,28.074479166666666,28.0695,47.0,-0.00497916666666498,3.1483241710968812,-4.97916666666498,False,0.0,cued,3,112.0,18,False
sub08,test,10,53,28.6101875,28.556145833333332,48.0,-0.054041666666666544,60.07011405441737,-54.04166666666654,False,1.0,cued,3,112.0,18,False
sub08,test,10,54,29.145895833333334,29.121020833333333,49.0,-0.024875000000001535,36.8424918105516,-24.875000000001535,False,1.0,cued,3,112.0,18,False
sub08,test,10,55,29.681604166666666,29.653625,50.0,-0.027979166666664668,44.848717385596785,-27.979166666664668,False,1.0,cued,3,112.0,18,False
sub08,test,11,0,0.21879166666666666,,,,,,True,,spontaneous,3,116.0,0,False
sub08,test,11,1,0.7348958333333333,0.6914166666666667,0.0,-0.043479166666666624,17.088279489260493,-43.47916666666662,False,0.0,spontaneous,3,116.0,0,False
sub08,test,11,2,1.2521458333333333,1.1810416666666668,1.0,-0.07110416666666652,58.216224058909425,-71.10416666666653,False,1.0,spontaneous,3,116.0,0,False
sub08,test,11,3,1.7693958333333333,,,,,,True,,spontaneous,3,116.0,0,False
sub08,test,11,4,2.2866458333333335,2.2270416666666666,2.0,-0.0596041666666669,28.177003081936466,-59.6041666666669,False,0.0,spontaneous,3,116.0,0,False
sub08,test,11,5,2.8038958333333333,2.735520833333333,3.0,-0.06837500000000007,54.94218430460768,-68.37500000000007,False,1.0,spontaneous,3,116.0,0,False
sub08,test,11,6,3.3211458333333335,,,,,,True,,spontaneous,3,116.0,0,False
sub08,test,11,7,3.8383958333333332,3.7717708333333335,4.0,-0.06662499999999971,5.8881617926491465,-66.62499999999972,False,0.0,spontaneous,3,116.0,0,False
sub08,test,11,8,4.355645833333333,4.30025,5.0,-0.05539583333333287,53.523402415764366,-55.39583333333287,False,1.0,spontaneous,3,116.0,0,False
sub08,test,11,9,4.874041666666667,,,,,,True,,spontaneous,3,116.0,0,False
sub08,test,11,10,5.390145833333333,,,,,,True,,spontaneous,3,116.0,0,False
sub08,test,11,11,5.907395833333333,5.858458333333333,6.0,-0.04893750000000008,39.93091266650758,-48.93750000000008,False,0.0,spontaneous,3,116.0,0,False
sub08,test,11,12,6.424645833333333,,,,,,True,,spontaneous,3,116.0,0,False
sub08,test,11,13,6.941895833333334,6.873,7.0,-0.06889583333333338,32.81567695593907,-68.89583333333337,False,0.0,spontaneous,3,116.0,0,False
sub08,test,11,14,7.459145833333333,7.4199375,8.0,-0.039208333333333734,58.55255166090706,-39.208333333333734,False,1.0,spontaneous,3,116.0,0,False
sub08,test,11,15,7.976395833333333,7.936708333333334,9.0,-0.03968749999999943,42.72807276043298,-39.68749999999943,False,0.0,spontaneous,3,116.0,0,False
sub08,test,11,16,8.493645833333334,8.4860625,10.0,-0.007583333333334608,44.548231024105135,-7.583333333334608,False,0.0,spontaneous,3,116.0,0,False
sub08,test,11,17,9.010895833333333,8.9595625,11.0,-0.05133333333333212,59.34725770362686,-51.33333333333212,False,1.0,spontaneous,3,116.0,0,False
sub08,test,11,18,9.528145833333333,9.4845,12.0,-0.04364583333333272,29.440571485291407,-43.64583333333272,False,0.0,spontaneous,3,116.0,0,False
sub08,test,11,19,10.045395833333334,10.044875,13.0,-0.000520833333334636,10.956293707169213,-0.520833333334636,False,0.0,spontaneous,3,116.0,0,False
sub08,test,11,20,10.562645833333333,10.515645833333334,14.0,-0.04699999999999882,57.13227158212965,-46.99999999999882,False,1.0,spontaneous,3,116.0,0,False
sub08,test,11,21,11.079895833333333,11.063375,15.0,-0.016520833333332874,25.927571873150306,-16.520833333332874,False,0.0,spontaneous,3,116.0,0,False
sub08,test,11,22,11.597145833333334,11.536666666666667,16.0,-0.060479166666667084,50.53391093938729,-60.47916666666708,False,1.0,spontaneous,3,116.0,0,False
sub08,test,11,23,12.114395833333333,12.0476875,17.0,-0.0667083333333327,57.01367874016793,-66.7083333333327,False,1.0,spontaneous,3,116.0,0,False
sub08,test,11,24,12.631645833333334,12.605875,18.0,-0.02577083333333441,16.037756802535835,-25.77083333333441,False,0.0,spontaneous,3,116.0,0,False
sub08,test,11,25,13.148895833333333,13.10625,19.0,-0.04264583333333327,41.68546975574717,-42.64583333333327,False,0.0,spontaneous,3,116.0,0,False
sub08,test,11,26,13.666145833333333,13.6245625,20.0,-0.04158333333333353,56.67838362813227,-41.58333333333353,False,1.0,spontaneous,3,116.0,0,False
sub08,test,11,27,14.183395833333334,14.1220625,21.0,-0.061333333333333684,46.06891474900161,-61.333333333333684,False,1.0,spontaneous,3,116.0,0,False
sub08,test,11,28,14.700645833333333,14.611375,22.0,-0.08927083333333208,45.566487594601256,-89.27083333333208,False,1.0,spontaneous,3,116.0,0,False
sub08,test,11,29,15.217895833333333,15.161416666666666,23.0,-0.056479166666667524,56.58270362303723,-56.479166666667524,False,1.0,spontaneous,3,116.0,0,False
sub08,test,11,30,15.735145833333334,15.709395833333334,24.0,-0.025750000000000384,44.84323036697521,-25.750000000000384,False,0.0,spontaneous,3,116.0,0,False
sub08,test,11,31,16.252395833333335,16.2426875,25.0,-0.009708333333335872,47.30540126220354,-9.708333333335872,False,1.0,spontaneous,3,116.0,0,False
sub08,test,11,32,16.769645833333332,16.7136875,26.0,-0.05595833333333289,56.74765578680085,-55.95833333333289,False,1.0,spontaneous,3,116.0,0,False
sub08,test,11,33,17.286895833333332,17.26364583333333,27.0,-0.02325000000000088,34.28759363250255,-23.25000000000088,False,0.0,spontaneous,3,116.0,0,False
sub08,test,11,34,17.804145833333333,17.77466666666667,28.0,-0.029479166666664725,41.039531620760826,-29.479166666664725,False,0.0,spontaneous,3,116.0,0,False
sub08,test,11,35,18.321395833333334,18.2683125,29.0,-0.05308333333333337,55.53381732690901,-53.08333333333337,False,1.0,spontaneous,3,116.0,0,False
sub08,test,11,36,18.839791666666667,18.817145833333335,30.0,-0.02264583333333192,17.10405341272974,-22.64583333333192,False,0.0,spontaneous,3,116.0,0,False
sub08,test,11,37,19.355895833333335,19.305791666666668,31.0,-0.05010416666666728,56.89777117431678,-50.10416666666728,False,1.0,spontaneous,3,116.0,0,False
sub08,test,11,38,19.873145833333332,19.830229166666665,32.0,-0.042916666666666714,43.9751120871926,-42.916666666666714,False,0.0,spontaneous,3,116.0,0,False
sub08,test,11,39,20.390395833333333,20.342333333333332,33.0,-0.04806250000000034,55.755233302051536,-48.06250000000034,False,1.0,spontaneous,3,116.0,0,False
sub08,test,11,40,20.907645833333333,20.8571875,34.0,-0.05045833333333505,48.29655614331866,-50.45833333333505,False,1.0,spontaneous,3,116.0,0,False
sub08,test,11,41,21.424895833333334,21.366208333333333,35.0,-0.058687500000001336,55.165945813182105,-58.687500000001336,False,1.0,spontaneous,3,116.0,0,False
sub08,test,11,42,21.942145833333335,21.899145833333332,36.0,-0.043000000000002814,34.694943312943366,-43.000000000002814,False,0.0,spontaneous,3,116.0,0,False
sub08,test,11,43,22.459395833333332,22.429520833333335,37.0,-0.029874999999996987,60.730236214115635,-29.874999999996987,False,1.0,spontaneous,3,116.0,0,False
sub08,test,11,44,22.976645833333333,22.950666666666667,38.0,-0.025979166666665776,32.22583352347706,-25.979166666665776,False,0.0,spontaneous,3,116.0,0,False
sub08,test,11,45,23.493895833333333,23.452166666666667,39.0,-0.04172916666666637,40.55728447393055,-41.72916666666637,False,0.0,spontaneous,3,116.0,0,False
sub08,test,11,46,24.011145833333334,23.949416666666668,40.0,-0.06172916666666595,45.06206399274977,-61.72916666666595,False,0.0,spontaneous,3,116.0,0,False
sub08,test,11,47,24.528395833333335,24.468229166666667,41.0,-0.06016666666666737,55.71806655907453,-60.16666666666737,False,1.0,spontaneous,3,116.0,0,False
sub08,test,11,48,25.046791666666667,24.980270833333332,42.0,-0.06652083333333536,35.779690603702996,-66.52083333333536,False,0.0,spontaneous,3,116.0,0,False
sub08,test,11,49,25.564041666666668,25.493458333333333,43.0,-0.07058333333333522,56.43397980451625,-70.58333333333522,False,1.0,spontaneous,3,116.0,0,False
sub08,test,11,50,26.080145833333333,26.04425,44.0,-0.03589583333333124,33.48020217099552,-35.89583333333124,False,0.0,spontaneous,3,116.0,0,False
sub08,test,11,51,26.597395833333334,26.560416666666665,45.0,-0.03697916666666856,44.9894537930988,-36.97916666666856,False,0.0,spontaneous,3,116.0,0,False
sub08,test,11,52,27.114645833333334,27.066458333333333,46.0,-0.04818750000000094,34.035613627886946,-48.18750000000094,False,0.0,spontaneous,3,116.0,0,False
sub08,test,11,53,27.631895833333335,27.559895833333332,47.0,-0.07200000000000273,55.22348584359121,-72.00000000000273,False,1.0,spontaneous,3,116.0,0,False
sub08,test,11,54,28.149145833333332,28.079229166666668,48.0,-0.06991666666666418,45.27451234924521,-69.91666666666418,False,0.0,spontaneous,3,116.0,0,False
sub08,test,11,55,28.666395833333333,28.607375,49.0,-0.059020833333331524,55.63453153322544,-59.020833333331524,False,1.0,spontaneous,3,116.0,0,False
sub08,test,11,56,29.183645833333333,29.129854166666668,50.0,-0.05379166666666535,46.53852017178207,-53.79166666666535,False,1.0,spontaneous,3,116.0,0,False
sub08,test,12,0,0.22266666666666668,0.3880208333333333,0.0,0.16535416666666664,39.46476862600908,165.35416666666663,False,0.0,cued,2,100.0,18,False
sub08,test,12,1,0.8215416666666666,0.7873541666666667,1.0,-0.034187499999999926,55.10459841749615,-34.18749999999993,False,1.0,cued,2,100.0,18,False
sub08,test,12,2,1.4215416666666667,1.3674791666666666,2.0,-0.054062500000000124,19.08570648065725,-54.06250000000013,False,0.0,cued,2,100.0,18,False
sub08,test,12,3,2.021541666666667,2.0084166666666667,3.0,-0.013125000000000053,58.640886692603225,-13.125000000000053,False,1.0,cued,2,100.0,18,False
sub08,test,12,4,2.621541666666667,2.5988125,4.0,-0.02272916666666669,38.834578020266775,-22.72916666666669,False,0.0,cued,2,100.0,18,False
sub08,test,12,5,3.2215416666666665,3.185791666666667,5.0,-0.035749999999999726,60.06876571702704,-35.74999999999973,False,1.0,cued,2,100.0,18,False
sub08,test,12,6,3.8215416666666666,3.8063541666666665,6.0,-0.015187500000000131,37.31179266873173,-15.187500000000131,False,0.0,cued,2,100.0,18,False
sub08,test,12,7,4.421541666666666,4.3880625,7.0,-0.03347916666666606,48.499686403328596,-33.47916666666606,False,1.0,cued,2,100.0,18,False
sub08,test,12,8,5.021541666666667,4.962041666666667,8.0,-0.059499999999999886,25.436283571976702,-59.499999999999886,False,0.0,cued,2,100.0,18,False
sub08,test,12,9,5.621541666666666,5.5540416666666665,9.0,-0.0674999999999999,61.344541505249595,-67.49999999999989,False,1.0,cued,2,100.0,18,False
sub08,test,12,10,6.221541666666667,6.190625,10.0,-0.030916666666667147,38.52841416405183,-30.916666666667147,False,0.0,cued,2,100.0,18,False
sub08,test,12,11,6.821541666666667,6.767291666666667,11.0,-0.05424999999999969,50.84222199517897,-54.24999999999969,False,1.0,cued,2,100.0,18,False
sub08,test,12,12,7.421541666666666,7.379166666666666,12.0,-0.04237499999999983,25.360066321503307,-42.37499999999983,False,0.0,cued,2,100.0,18,False
sub08,test,12,13,8.021541666666666,7.997229166666667,13.0,-0.02431249999999885,59.93918474724093,-24.31249999999885,False,1.0,cued,2,100.0,18,False
sub08,test,12,14,8.621541666666667,8.619041666666666,14.0,-0.002500000000001279,25.425237288005356,-2.500000000001279,False,0.0,cued,2,100.0,18,False
sub08,test,12,15,9.221541666666667,9.193520833333332,15.0,-0.028020833333334494,50.50649658885723,-28.020833333334494,False,1.0,cued,2,100.0,18,False
sub08,test,12,16,9.821541666666667,9.785895833333333,16.0,-0.0356458333333336,42.804034489160685,-35.6458333333336,False,0.0,cued,2,100.0,18,False
sub08,test,12,17,10.421541666666666,10.366520833333333,17.0,-0.05502083333333374,61.88151989522642,-55.02083333333374,False,1.0,cued,2,100.0,18,False
sub08,test,12,18,11.0226875,10.971479166666667,18.0,-0.0512083333333333,39.28201622520251,-51.2083333333333,False,0.0,cued,2,100.0,18,False
sub08,test,12,19,11.621541666666667,11.5805,19.0,-0.04104166666666664,61.7755906534261,-41.04166666666664,False,1.0,cued,2,100.0,18,False
sub08,test,12,20,12.221541666666667,12.177583333333333,20.0,-0.04395833333333421,9.525973890296285,-43.95833333333421,False,0.0,cued,2,100.0,18,False
sub08,test,12,21,12.821541666666667,12.7945625,21.0,-0.026979166666666998,40.57812280795951,-26.979166666667,False,0.0,cued,2,100.0,18,False
sub08,test,12,22,13.421541666666666,13.391041666666666,22.0,-0.03049999999999997,38.073806336684804,-30.49999999999997,False,0.0,cued,2,100.0,18,False
sub08,test,12,23,14.021541666666666,13.979354166666667,23.0,-0.042187499999998934,59.27819251657114,-42.187499999998934,False,1.0,cued,2,100.0,18,False
sub08,test,12,24,14.621541666666667,14.6434375,24.0,0.021895833333331893,33.2927298620224,21.895833333331893,False,0.0,cued,2,100.0,18,False
sub08,test,12,25,15.221541666666667,15.193208333333333,25.0,-0.02833333333333421,62.50879073956759,-28.33333333333421,False,1.0,cued,2,100.0,18,False
sub08,test,12,26,15.821541666666667,15.787354166666667,26.0,-0.034187499999999815,21.218492591503,-34.187499999999815,False,0.0,cued,2,100.0,18,False
sub08,test,12,27,16.421541666666666,16.375229166666667,27.0,-0.04631249999999909,63.331935768841305,-46.31249999999909,False,1.0,cued,2,100.0,18,False
sub08,test,12,28,17.021541666666668,16.984729166666668,28.0,-0.036812499999999915,34.92291162761229,-36.812499999999915,False,0.0,cued,2,100.0,18,False
sub08,test,12,29,17.621541666666666,17.592458333333333,29.0,-0.02908333333333246,54.557856434341396,-29.08333333333246,False,1.0,cued,2,100.0,18,False
sub08,test,12,30,18.221541666666667,18.18016666666667,30.0,-0.04137499999999861,34.60092917821105,-41.37499999999861,False,0.0,cued,2,100.0,18,False
sub08,test,12,31,18.82154166666667,18.770083333333332,31.0,-0.05145833333333627,62.41010514444815,-51.45833333333627,False,1.0,cued,2,100.0,18,False
sub08,test,12,32,19.421541666666666,19.393729166666667,32.0,-0.027812499999999574,32.15417599717477,-27.812499999999574,False,0.0,cued,2,100.0,18,False
sub08,test,12,33,20.021541666666668,,,,,,True,,cued,2,100.0,18,False
sub08,test,12,34,20.621541666666666,20.569979166666666,33.0,-0.05156249999999929,44.822608177318635,-51.56249999999929,False,1.0,cued,2,100.0,18,False
sub08,test,12,35,21.221541666666667,21.161708333333333,34.0,-0.05983333333333363,49.65475610428322,-59.83333333333363,False,1.0,cued,2,100.0,18,False
sub08,test,12,36,21.82154166666667,,,,,,True,,cued,2,100.0,18,False
sub08,test,12,37,22.421541666666666,22.3689375,35.0,-0.05260416666666501,46.36943947421032,-52.60416666666501,False,1.0,cued,2,100.0,18,False
sub08,test,12,38,23.021541666666668,22.976145833333334,36.0,-0.04539583333333397,24.049631212741485,-45.39583333333397,False,0.0,cued,2,100.0,18,False
sub08,test,12,39,23.621541666666666,,,,,,True,,cued,2,100.0,18,False
sub08,test,12,40,24.221541666666667,24.1720625,37.0,-0.04947916666666785,59.45063662537482,-49.47916666666785,False,1.0,cued,2,100.0,18,False
sub08,test,12,41,24.82154166666667,24.807833333333335,38.0,-0.013708333333333655,33.76043772665182,-13.708333333333655,False,0.0,cued,2,100.0,18,False
sub08,test,12,42,25.421541666666666,25.368604166666668,39.0,-0.05293749999999875,42.72665078467074,-52.93749999999875,False,0.0,cued,2,100.0,18,False
sub08,test,12,43,26.021541666666668,25.961479166666667,40.0,-0.060062500000000796,62.31279301018379,-60.062500000000796,False,1.0,cued,2,100.0,18,False
sub08,test,12,44,26.621541666666666,26.58375,41.0,-0.03779166666666711,26.45278954727953,-37.79166666666711,False,0.0,cued,2,100.0,18,False
sub08,test,12,45,27.221541666666667,,,,,,True,,cued,2,100.0,18,False
sub08,test,12,46,27.82154166666667,27.781541666666666,42.0,-0.0400000000000027,54.71170789919401,-40.0000000000027,False,1.0,cued,2,100.0,18,False
sub08,test,12,47,28.421541666666666,28.412395833333335,43.0,-0.00914583333333141,21.712936495663598,-9.14583333333141,False,0.0,cued,2,100.0,18,False
sub08,test,12,48,29.0226875,28.984333333333332,44.0,-0.03835416666666802,49.951252176931796,-38.35416666666802,False,1.0,cued,2,100.0,18,False
sub08,test,12,49,29.621541666666666,29.568604166666667,45.0,-0.05293749999999875,65.62127471872829,-52.93749999999875,False,1.0,cued,2,100.0,18,False
sub08,test,13,0,0.2228125,0.35304166666666664,0.0,0.13022916666666665,23.87585076522393,130.22916666666666,False,0.0,spontaneous,3,108.0,0,True
sub08,test,13,1,0.7772291666666666,,,,,,True,,spontaneous,3,108.0,0,True
sub08,test,13,2,1.3327916666666666,1.3078333333333334,1.0,-0.024958333333333194,39.373927092379475,-24.958333333333194,False,0.0,spontaneous,3,108.0,0,True
sub08,test,13,3,1.8883541666666666,,,,,,True,,spontaneous,3,108.0,0,True
sub08,test,13,4,2.4439166666666665,,,,,,True,,spontaneous,3,108.0,0,True
sub08,test,13,5,2.9994791666666667,2.98575,2.0,-0.013729166666666792,42.320938681677724,-13.729166666666792,False,0.0,spontaneous,3,108.0,0,True
sub08,test,13,6,3.555041666666667,,,,,,True,,spontaneous,3,108.0,0,True
sub08,test,13,7,4.110604166666667,,,,,,True,,spontaneous,3,108.0,0,True
sub08,test,13,8,4.666166666666666,4.623875,3.0,-0.042291666666666394,49.62998450231911,-42.291666666666394,False,1.0,spontaneous,3,108.0,0,True
sub08,test,13,9,5.221729166666667,5.1976875,4.0,-0.024041666666667183,18.40863774900115,-24.041666666667183,False,0.0,spontaneous,3,108.0,0,True
sub08,test,13,10,5.777291666666667,5.770166666666666,5.0,-0.00712500000000027,27.572415137859963,-7.12500000000027,False,0.0,spontaneous,3,108.0,0,True
sub08,test,13,11,6.3328541666666665,6.2761875,6.0,-0.05666666666666664,46.43151959186106,-56.66666666666664,False,1.0,spontaneous,3,108.0,0,True
sub08,test,13,12,6.888416666666667,,,,,,True,,spontaneous,3,108.0,0,True
sub08,test,13,13,7.443979166666667,,,,,,True,,spontaneous,3,108.0,0,True
sub08,test,13,14,7.9995416666666666,7.9362916666666665,7.0,-0.06325000000000003,42.6683718957624,-63.25000000000003,False,0.0,spontaneous,3,108.0,0,True
sub08,test,13,15,8.555104166666666,,,,,,True,,spontaneous,3,108.0,0,True
sub08,test,13,16,9.110666666666667,,,,,,True,,spontaneous,3,108.0,0,True
sub08,test,13,17,9.666229166666668,9.634125,8.0,-0.03210416666666838,42.89142990913493,-32.10416666666838,False,1.0,spontaneous,3,108.0,0,True
sub08,test,13,18,10.221791666666666,,,,,,True,,spontaneous,3,108.0,0,True
sub08,test,13,19,10.777354166666667,,,,,,True,,spontaneous,3,108.0,0,True
sub08,test,13,20,11.3340625,11.291729166666666,9.0,-0.042333333333333556,40.602819406814135,-42.333333333333556,False,0.0,spontaneous,3,108.0,0,True
sub08,test,13,21,11.888479166666666,11.869666666666667,10.0,-0.018812499999999233,43.04057564408045,-18.812499999999233,False,1.0,spontaneous,3,108.0,0,True
sub08,test,13,22,12.444041666666667,,,,,,True,,spontaneous,3,108.0,0,True
sub08,test,13,23,12.999604166666666,12.971708333333334,11.0,-0.02789583333333212,54.239693852854316,-27.89583333333212,False,1.0,spontaneous,3,108.0,0,True
sub08,test,13,24,13.555166666666667,,,,,,True,,spontaneous,3,108.0,0,True
sub08,test,13,25,14.110729166666667,,,,,,True,,spontaneous,3,108.0,0,True
sub08,test,13,26,14.666291666666666,14.638145833333333,12.0,-0.028145833333333314,42.48070702470323,-28.145833333333314,False,0.0,spontaneous,3,108.0,0,True
sub08,test,13,27,15.221854166666667,15.2043125,13.0,-0.017541666666666345,31.008908409670898,-17.541666666666345,False,0.0,spontaneous,3,108.0,0,True
sub08,test,13,28,15.7785625,15.741604166666667,14.0,-0.03695833333333276,44.593628614813525,-36.95833333333276,False,1.0,spontaneous,3,108.0,0,True
sub08,test,13,29,16.332979166666668,16.28025,15.0,-0.05272916666666916,57.953774013486054,-52.72916666666916,False,1.0,spontaneous,3,108.0,0,True
sub08,test,13,30,16.888541666666665,16.882083333333334,16.0,-0.006458333333331012,25.814494788174038,-6.458333333331012,False,0.0,spontaneous,3,108.0,0,True
sub08,test,13,31,17.444104166666666,17.445479166666665,17.0,0.00137499999999946,32.625964235359874,1.37499999999946,False,0.0,spontaneous,3,108.0,0,True
sub08,test,13,32,17.999666666666666,17.987666666666666,18.0,-0.012000000000000455,54.28814302366853,-12.000000000000455,False,1.0,spontaneous,3,108.0,0,True
sub08,test,13,33,18.555229166666667,18.530145833333332,19.0,-0.02508333333333468,46.12636197978353,-25.08333333333468,False,1.0,spontaneous,3,108.0,0,True
sub08,test,13,34,19.110791666666668,19.112166666666667,20.0,0.00137499999999946,33.21316880821946,1.37499999999946,False,0.0,spontaneous,3,108.0,0,True
sub08,test,13,35,19.666354166666668,19.627958333333332,21.0,-0.03839583333333607,50.20822061605862,-38.39583333333607,False,1.0,spontaneous,3,108.0,0,True
sub08,test,13,36,20.221916666666665,20.192875,22.0,-0.029041666666664412,34.45879873734286,-29.041666666664412,False,0.0,spontaneous,3,108.0,0,True
sub08,test,13,37,20.777479166666666,20.768375,23.0,-0.009104166666666913,42.106632363488615,-9.104166666666913,False,0.0,spontaneous,3,108.0,0,True
sub08,test,13,38,21.333041666666666,21.286854166666668,24.0,-0.046187499999998494,60.071113892669885,-46.187499999998494,False,1.0,spontaneous,3,108.0,0,True
sub08,test,13,39,21.888604166666667,21.904208333333333,25.0,0.015604166666665975,31.01475220784328,15.604166666665975,False,0.0,spontaneous,3,108.0,0,True
sub08,test,13,40,22.444166666666668,,,,,,True,,spontaneous,3,108.0,0,True
sub08,test,13,41,22.99972916666667,22.94279166666667,26.0,-0.056937500000000085,60.983773975268164,-56.937500000000085,False,1.0,spontaneous,3,108.0,0,True
sub08,test,13,42,23.555291666666665,23.5096875,27.0,-0.04560416666666711,21.047217786053913,-45.60416666666711,False,0.0,spontaneous,3,108.0,0,True
sub08,test,13,43,24.110854166666666,24.052791666666668,28.0,-0.05806249999999835,56.287765862158125,-58.06249999999835,False,1.0,spontaneous,3,108.0,0,True
sub08,test,13,44,24.666416666666667,24.6255,29.0,-0.04091666666666782,48.10624426525375,-40.91666666666782,False,1.0,spontaneous,3,108.0,0,True
sub08,test,13,45,25.223125,25.203958333333333,30.0,-0.019166666666666998,51.95604964865674,-19.166666666667,False,1.0,spontaneous,3,108.0,0,True
sub08,test,13,46,25.777541666666668,25.759916666666665,31.0,-0.017625000000002444,25.301418667115854,-17.625000000002444,False,0.0,spontaneous,3,108.0,0,True
sub08,test,13,47,26.333104166666665,26.276895833333334,32.0,-0.05620833333333053,52.00644488300913,-56.20833333333053,False,1.0,spontaneous,3,108.0,0,True
sub08,test,13,48,26.888666666666666,,,,,,True,,spontaneous,3,108.0,0,True
sub08,test,13,49,27.444229166666666,27.406,33.0,-0.038229166666667425,52.95590841966825,-38.229166666667425,False,1.0,spontaneous,3,108.0,0,True
sub08,test,13,50,27.999791666666667,27.953333333333333,34.0,-0.04645833333333371,46.33961309067752,-46.45833333333371,False,1.0,spontaneous,3,108.0,0,True
sub08,test,13,51,28.555354166666667,28.511145833333334,35.0,-0.04420833333333363,42.133875450529565,-44.20833333333363,False,0.0,spontaneous,3,108.0,0,True
sub08,test,13,52,29.110916666666668,29.117270833333333,36.0,0.00635416666666444,18.32491171556214,6.35416666666444,False,0.0,spontaneous,3,108.0,0,True
sub08,test,13,53,29.666479166666665,29.610104166666666,37.0,-0.056374999999999176,53.38337120924473,-56.374999999999176,False,1.0,spontaneous,3,108.0,0,True
sub08,test,14,0,0.22266666666666668,,,,,,True,,spontaneous,3,120.0,0,True
sub08,test,14,1,0.7215208333333333,,,,,,True,,spontaneous,3,120.0,0,True
sub08,test,14,2,1.2215208333333334,1.1371458333333333,0.0,-0.08437500000000009,48.32208909966881,-84.37500000000009,False,1.0,spontaneous,3,120.0,0,True
sub08,test,14,3,1.7215208333333334,,,,,,True,,spontaneous,3,120.0,0,True
sub08,test,14,4,2.2215208333333334,,,,,,True,,spontaneous,3,120.0,0,True
sub08,test,14,5,2.7215208333333334,2.65725,1.0,-0.0642708333333335,41.43738498420739,-64.2708333333335,False,0.0,spontaneous,3,120.0,0,True
sub08,test,14,6,3.2215208333333334,,,,,,True,,spontaneous,3,120.0,0,True
sub08,test,14,7,3.7215208333333334,,,,,,True,,spontaneous,3,120.0,0,True
sub08,test,14,8,4.221520833333333,4.186708333333334,2.0,-0.03481249999999925,42.14999343091816,-34.81249999999925,False,0.0,spontaneous,3,120.0,0,True
sub08,test,14,9,4.721520833333333,4.744625,3.0,0.023104166666667147,2.7267945324063576,23.104166666667147,False,0.0,spontaneous,3,120.0,0,True
sub08,test,14,10,5.221520833333333,,,,,,True,,spontaneous,3,120.0,0,True
sub08,test,14,11,5.721520833333333,5.668083333333334,4.0,-0.05343749999999936,34.91766127047064,-53.43749999999936,False,0.0,spontaneous,3,120.0,0,True
sub08,test,14,12,6.221520833333333,,,,,,True,,spontaneous,3,120.0,0,True
sub08,test,14,13,6.722666666666667,6.696604166666667,5.0,-0.0260625000000001,-2.7356712814626865,-26.0625000000001,False,0.0,spontaneous,3,120.0,0,True
sub08,test,14,14,7.221520833333333,7.168541666666667,6.0,-0.05297916666666591,45.72820763804393,-52.97916666666591,False,1.0,spontaneous,3,120.0,0,True
sub08,test,14,15,7.721520833333333,,,,,,True,,spontaneous,3,120.0,0,True
sub08,test,14,16,8.221520833333333,,,,,,True,,spontaneous,3,120.0,0,True
sub08,test,14,17,8.721520833333333,8.678666666666667,7.0,-0.042854166666666416,34.878681681004,-42.854166666666416,False,0.0,spontaneous,3,120.0,0,True
sub08,test,14,18,9.221520833333333,,,,,,True,,spontaneous,3,120.0,0,True
sub08,test,14,19,9.721520833333333,,,,,,True,,spontaneous,3,120.0,0,True
sub08,test,14,20,10.221520833333333,10.176666666666666,8.0,-0.044854166666667084,-2.5364694681656874,-44.85416666666708,False,0.0,spontaneous,3,120.0,0,True
sub08,test,14,21,10.721520833333333,,,,,,True,,spontaneous,3,120.0,0,True
sub08,test,14,22,11.221520833333333,,,,,,True,,spontaneous,3,120.0,0,True
sub08,test,14,23,11.721520833333333,11.679125,9.0,-0.04239583333333208,56.26495882575555,-42.39583333333208,False,1.0,spontaneous,3,120.0,0,True
sub08,test,14,24,12.221520833333333,12.2080625,10.0,-0.013458333333332462,28.587819121662,-13.458333333332462,False,0.0,spontaneous,3,120.0,0,True
sub08,test,14,25,12.721520833333333,12.688666666666666,11.0,-0.03285416666666663,45.272131620347295,-32.85416666666663,False,1.0,spontaneous,3,120.0,0,True
sub08,test,14,26,13.221520833333333,13.183333333333334,12.0,-0.038187499999999375,45.241832144162395,-38.187499999999375,False,1.0,spontaneous,3,120.0,0,True
sub08,test,14,27,13.721520833333333,,,,,,True,,spontaneous,3,120.0,0,True
sub08,test,14,28,14.221520833333333,,,,,,True,,spontaneous,3,120.0,0,True
sub08,test,14,29,14.721520833333333,14.713354166666667,13.0,-0.00816666666666599,30.422144346595985,-8.16666666666599,False,0.0,spontaneous,3,120.0,0,True
sub08,test,14,30,15.221520833333333,,,,,,True,,spontaneous,3,120.0,0,True
sub08,test,14,31,15.721520833333333,15.651145833333333,14.0,-0.0703750000000003,-2.3099212905622606,-70.3750000000003,False,0.0,spontaneous,3,120.0,0,True
sub08,test,14,32,16.221520833333333,16.153395833333335,15.0,-0.06812499999999844,3.0493311786675315,-68.12499999999844,False,0.0,spontaneous,3,120.0,0,True
sub08,test,14,33,16.721520833333333,16.6680625,16.0,-0.05345833333333161,51.70073009397705,-53.45833333333161,False,1.0,spontaneous,3,120.0,0,True
sub08,test,14,34,17.221520833333333,,,,,,True,,spontaneous,3,120.0,0,True
sub08,test,14,35,17.721520833333333,17.6819375,17.0,-0.03958333333333286,50.59198786499827,-39.58333333333286,False,1.0,spontaneous,3,120.0,0,True
sub08,test,14,36,18.221520833333333,18.193770833333332,18.0,-0.02775000000000105,47.488180830516036,-27.75000000000105,False,1.0,spontaneous,3,120.0,0,True
sub08,test,14,37,18.721520833333333,18.671645833333333,19.0,-0.049875000000000114,27.377606586303955,-49.875000000000114,False,0.0,spontaneous,3,120.0,0,True
sub08,test,14,38,19.221520833333333,,,,,,True,,spontaneous,3,120.0,0,True
sub08,test,14,39,19.721520833333333,19.671583333333334,20.0,-0.049937499999998636,46.7398750362555,-49.937499999998636,False,1.0,spontaneous,3,120.0,0,True
sub08,test,14,40,20.222666666666665,,,,,,True,,spontaneous,3,120.0,0,True
sub08,test,14,41,20.721520833333333,20.651875,21.0,-0.06964583333333252,45.56735632523157,-69.64583333333252,False,1.0,spontaneous,3,120.0,0,True
sub08,test,14,42,21.221520833333333,21.1981875,22.0,-0.023333333333333428,32.246938107247686,-23.333333333333428,False,0.0,spontaneous,3,120.0,0,True
sub08,test,14,43,21.721520833333333,21.67575,23.0,-0.045770833333332206,50.13500092271705,-45.770833333332206,False,1.0,spontaneous,3,120.0,0,True
sub08,test,14,44,22.221520833333333,,,,,,True,,spontaneous,3,120.0,0,True
sub08,test,14,45,22.721520833333333,22.705854166666665,24.0,-0.01566666666666805,41.60086650670345,-15.66666666666805,False,0.0,spontaneous,3,120.0,0,True
sub08,test,14,46,23.221520833333333,,,,,,True,,spontaneous,3,120.0,0,True
sub08,test,14,47,23.721520833333333,23.678208333333334,25.0,-0.04331249999999898,43.12362388361138,-43.31249999999898,False,1.0,spontaneous,3,120.0,0,True
sub08,test,14,48,24.221520833333333,,,,,,True,,spontaneous,3,120.0,0,True
sub08,test,14,49,24.721520833333333,24.675875,26.0,-0.04564583333333161,43.048787902967554,-45.64583333333161,False,1.0,spontaneous,3,120.0,0,True
sub08,test,14,50,25.221520833333333,,,,,,True,,spontaneous,3,120.0,0,True
sub08,test,14,51,25.721520833333333,25.683583333333335,27.0,-0.03793749999999818,45.20850593688003,-37.93749999999818,False,1.0,spontaneous,3,120.0,0,True
sub08,test,14,52,26.221520833333333,,,,,,True,,spontaneous,3,120.0,0,True
sub08,test,14,53,26.721520833333333,26.691666666666666,28.0,-0.029854166666666515,46.830501480184815,-29.854166666666515,False,1.0,spontaneous,3,120.0,0,True
sub08,test,14,54,27.221520833333333,,,,,,True,,spontaneous,3,120.0,0,True
sub08,test,14,55,27.721520833333333,27.6713125,29.0,-0.050208333333333854,43.894952749337804,-50.208333333333854,False,1.0,spontaneous,3,120.0,0,True
sub08,test,14,56,28.221520833333333,,,,,,True,,spontaneous,3,120.0,0,True
sub08,test,14,57,28.721520833333333,28.709625,30.0,-0.011895833333333883,41.90630600811349,-11.895833333333883,False,0.0,spontaneous,3,120.0,0,True
sub08,test,14,58,29.221520833333333,29.2008125,31.0,-0.020708333333331552,20.423840691873238,-20.708333333331552,False,0.0,spontaneous,3,120.0,0,True
sub08,test,14,59,29.721520833333333,29.674583333333334,32.0,-0.04693749999999852,-3.9343950744536116,-46.93749999999852,False,0.0,spontaneous,3,120.0,0,True
sub08,test,15,0,0.21479166666666666,,,,,,True,,cued,3,112.0,12,True
sub08,test,15,1,0.749375,0.6845833333333333,0.0,-0.06479166666666669,24.788189190138546,-64.79166666666669,False,0.0,cued,3,112.0,12,True
sub08,test,15,2,1.2850833333333334,1.2128125,1.0,-0.07227083333333328,56.34562115977304,-72.27083333333329,False,1.0,cued,3,112.0,12,True
sub08,test,15,3,1.8219375,,,,,,True,,cued,3,112.0,12,True
sub08,test,15,4,2.3565,2.293625,2.0,-0.06287500000000001,0.2717966275912565,-62.875000000000014,False,0.0,cued,3,112.0,12,True
sub08,test,15,5,2.8922083333333335,2.816125,3.0,-0.0760833333333335,57.63449624550158,-76.0833333333335,False,1.0,cued,3,112.0,12,True
sub08,test,15,6,3.4279166666666665,,,,,,True,,cued,3,112.0,12,True
sub08,test,15,7,3.963625,,,,,,True,,cued,3,112.0,12,True
sub08,test,15,8,4.499333333333333,4.4374375,4.0,-0.061895833333333705,48.40802943656479,-61.895833333333705,False,1.0,cued,3,112.0,12,True
sub08,test,15,9,5.035041666666666,,,,,,True,,cued,3,112.0,12,True
sub08,test,15,10,5.57075,,,,,,True,,cued,3,112.0,12,True
sub08,test,15,11,6.106458333333333,6.0505,5.0,-0.05595833333333289,47.75304434018423,-55.95833333333289,False,1.0,cued,3,112.0,12,True
sub08,test,15,12,6.643291666666666,,,,,,True,,cued,3,112.0,12,True
sub08,test,15,13,7.177875,,,,,,True,,cued,3,112.0,12,True
sub08,test,15,14,7.713583333333333,7.650833333333333,6.0,-0.0627500000000003,45.484969034649616,-62.750000000000306,False,1.0,cued,3,112.0,12,True
sub08,test,15,15,8.249291666666666,,,,,,True,,cued,3,112.0,12,True
sub08,test,15,16,8.785,,,,,,True,,cued,3,112.0,12,True
sub08,test,15,17,9.320708333333334,9.2568125,7.0,-0.06389583333333348,50.680294844892586,-63.895833333333485,False,1.0,cued,3,112.0,12,True
sub08,test,15,18,9.856416666666666,,,,,,True,,cued,3,112.0,12,True
sub08,test,15,19,10.392125,10.339583333333334,8.0,-0.05254166666666649,-2.099495263166486,-52.54166666666649,False,0.0,cued,3,112.0,12,True
sub08,test,15,20,10.927833333333334,10.863354166666667,9.0,-0.06447916666666664,56.17494252253424,-64.47916666666664,False,1.0,cued,3,112.0,12,True
sub08,test,15,21,11.463541666666666,,,,,,True,,cued,3,112.0,12,True
sub08,test,15,22,11.99925,,,,,,True,,cued,3,112.0,12,True
sub08,test,15,23,12.534958333333334,12.474708333333334,10.0,-0.060249999999999915,56.93353596583436,-60.249999999999915,False,1.0,cued,3,112.0,12,True
sub08,test,15,24,13.070666666666666,13.0119375,11.0,-0.05872916666666583,41.778152791137,-58.72916666666583,False,0.0,cued,3,112.0,12,True
sub08,test,15,25,13.606375,13.544291666666666,12.0,-0.06208333333333371,43.31659651077422,-62.08333333333371,False,1.0,cued,3,112.0,12,True
sub08,test,15,26,14.142083333333334,,,,,,True,,cued,3,112.0,12,True
sub08,test,15,27,14.677791666666666,14.633625,13.0,-0.04416666666666558,35.80754118308469,-44.16666666666558,False,0.0,cued,3,112.0,12,True
sub08,test,15,28,15.2135,,,,,,True,,cued,3,112.0,12,True
sub08,test,15,29,15.749208333333334,15.6694375,14.0,-0.0797708333333329,35.23959877474504,-79.7708333333329,False,0.0,cued,3,112.0,12,True
sub08,test,15,30,16.284916666666668,,,,,,True,,cued,3,112.0,12,True
sub08,test,15,31,16.820625,16.77425,15.0,-0.046375000000001165,26.94795861582719,-46.375000000001165,False,0.0,cued,3,112.0,12,True
sub08,test,15,32,17.356333333333332,,,,,,True,,cued,3,112.0,12,True
sub08,test,15,33,17.892041666666668,17.836729166666668,16.0,-0.05531249999999943,30.629150453711766,-55.31249999999943,False,0.0,cued,3,112.0,12,True
sub08,test,15,34,18.42775,,,,,,True,,cued,3,112.0,12,True
sub08,test,15,35,18.96345833333333,18.895395833333332,17.0,-0.06806249999999991,48.837371895943704,-68.06249999999991,False,1.0,cued,3,112.0,12,True
sub08,test,15,36,19.499166666666667,,,,,,True,,cued,3,112.0,12,True
sub08,test,15,37,20.034875,20.000583333333335,18.0,-0.03429166666666461,44.660455721327864,-34.29166666666461,False,1.0,cued,3,112.0,12,True
sub08,test,15,38,20.57058333333333,,,,,,True,,cued,3,112.0,12,True
sub08,test,15,39,21.106291666666667,21.042145833333333,19.0,-0.06414583333333468,53.89992958826656,-64.14583333333468,False,1.0,cued,3,112.0,12,True
sub08,test,15,40,21.642,,,,,,True,,cued,3,112.0,12,True
sub08,test,15,41,22.17770833333333,22.1573125,20.0,-0.020395833333331836,34.494912555536686,-20.395833333331836,False,0.0,cued,3,112.0,12,True
sub08,test,15,42,22.713416666666667,,,,,,True,,cued,3,112.0,12,True
sub08,test,15,43,23.249125,23.204395833333333,21.0,-0.04472916666666649,14.325239062779886,-44.72916666666649,False,0.0,cued,3,112.0,12,True
sub08,test,15,44,23.784833333333335,,,,,,True,,cued,3,112.0,12,True
sub08,test,15,45,24.320541666666667,24.274479166666666,22.0,-0.04606250000000145,51.248422220317316,-46.06250000000145,False,1.0,cued,3,112.0,12,True
sub08,test,15,46,24.85625,,,,,,True,,cued,3,112.0,12,True
sub08,test,15,47,25.391958333333335,25.36595833333333,23.0,-0.026000000000003354,27.10566289636061,-26.000000000003354,False,0.0,cued,3,112.0,12,True
sub08,test,15,48,25.9288125,,,,,,True,,cued,3,112.0,12,True
sub08,test,15,49,26.464520833333335,26.476979166666666,24.0,0.01245833333333124,36.83769760120611,12.45833333333124,False,0.0,cued,3,112.0,12,True
sub08,test,15,50,26.999083333333335,,,,,,True,,cued,3,112.0,12,True
sub08,test,15,51,27.534791666666667,27.496791666666667,25.0,-0.038000000000000256,33.926815680611746,-38.000000000000256,False,0.0,cued,3,112.0,12,True
sub08,test,15,52,28.0705,,,,,,True,,cued,3,112.0,12,True
sub08,test,15,53,28.606208333333335,28.5635,26.0,-0.04270833333333357,34.30567162578675,-42.70833333333357,False,0.0,cued,3,112.0,12,True
sub08,test,15,54,29.141916666666667,,,,,,True,,cued,3,112.0,12,True
sub08,test,15,55,29.677625,29.634979166666668,27.0,-0.042645833333331495,43.25329835812836,-42.645833333331495,False,1.0,cued,3,112.0,12,True
sub08,test,16,0,0.21866666666666668,,,,,,True,,spontaneous,2,100.0,0,True
sub08,test,16,1,0.8175208333333334,0.8026458333333333,0.0,-0.014875000000000083,41.18953870052178,-14.875000000000082,False,1.0,spontaneous,2,100.0,0,True
sub08,test,16,2,1.4186666666666667,,,,,,True,,spontaneous,2,100.0,0,True
sub08,test,16,3,2.017520833333333,2.016375,1.0,-0.0011458333333331794,39.77521204840896,-1.1458333333331794,False,1.0,spontaneous,2,100.0,0,True
sub08,test,16,4,2.6175208333333333,,,,,,True,,spontaneous,2,100.0,0,True
sub08,test,16,5,3.2175208333333334,3.192458333333333,2.0,-0.02506250000000021,-0.3614661382242304,-25.06250000000021,False,0.0,spontaneous,2,100.0,0,True
sub08,test,16,6,3.8175208333333335,,,,,,True,,spontaneous,2,100.0,0,True
sub08,test,16,7,4.417520833333334,4.3665416666666665,3.0,-0.05097916666666702,-1.9269052087514287,-50.97916666666702,False,0.0,spontaneous,2,100.0,0,True
sub08,test,16,8,5.017520833333333,,,,,,True,,spontaneous,2,100.0,0,True
sub08,test,16,9,5.618666666666667,5.584604166666667,4.0,-0.03406250000000011,-2.7130811404429274,-34.06250000000011,False,0.0,spontaneous,2,100.0,0,True
sub08,test,16,10,6.217520833333333,,,,,,True,,spontaneous,2,100.0,0,True
sub08,test,16,11,6.817520833333333,6.793458333333334,5.0,-0.02406249999999943,34.05169258033331,-24.06249999999943,False,1.0,spontaneous,2,100.0,0,True
sub08,test,16,12,7.417520833333334,,,,,,True,,spontaneous,2,100.0,0,True
sub08,test,16,13,8.017520833333334,7.9613125,6.0,-0.05620833333333408,27.29611885493746,-56.20833333333408,False,0.0,spontaneous,2,100.0,0,True
sub08,test,16,14,8.617520833333334,,,,,,True,,spontaneous,2,100.0,0,True
sub08,test,16,15,9.217520833333333,9.151729166666666,7.0,-0.06579166666666758,37.63856460739364,-65.79166666666758,False,1.0,spontaneous,2,100.0,0,True
sub08,test,16,16,9.817520833333333,,,,,,True,,spontaneous,2,100.0,0,True
sub08,test,16,17,10.617520833333334,,,,,,True,,spontaneous,2,100.0,0,True
sub08,test,16,18,11.217520833333333,,,,,,True,,spontaneous,2,100.0,0,True
sub08,test,16,19,12.017520833333334,11.860833333333334,8.0,-0.1566875000000003,23.025128088402127,-156.6875000000003,False,0.0,spontaneous,2,100.0,0,True
sub08,test,16,20,12.817520833333333,,,,,,True,,spontaneous,2,100.0,0,True
sub08,test,16,21,13.417520833333333,,,,,,True,,spontaneous,2,100.0,0,True
sub08,test,16,22,14.217520833333333,,,,,,True,,spontaneous,2,100.0,0,True
sub08,test,16,23,14.817520833333333,,,,,,True,,spontaneous,2,100.0,0,True
sub08,test,16,24,15.617520833333334,,,,,,True,,spontaneous,2,100.0,0,True
sub08,test,16,25,16.21752083333333,,,,,,True,,spontaneous,2,100.0,0,True
sub08,test,16,26,17.017520833333332,,,,,,True,,spontaneous,2,100.0,0,True
sub08,test,16,27,17.817520833333333,,,,,,True,,spontaneous,2,100.0,0,True
sub08,test,16,28,18.417520833333334,18.313833333333335,9.0,-0.10368749999999949,50.23986828632737,-103.68749999999949,False,1.0,spontaneous,2,100.0,0,True
sub08,test,16,29,19.218666666666667,19.184875,10.0,-0.033791666666665776,31.90937186741081,-33.791666666665776,False,1.0,spontaneous,2,100.0,0,True
sub08,test,16,30,19.817520833333333,19.799583333333334,11.0,-0.017937499999998607,10.20786988265899,-17.937499999998607,False,0.0,spontaneous,2,100.0,0,True
sub08,test,16,31,20.617520833333334,20.557375,12.0,-0.06014583333333334,9.865540349976008,-60.14583333333334,False,0.0,spontaneous,2,100.0,0,True
sub08,test,16,32,21.21752083333333,21.144645833333332,13.0,-0.0728749999999998,44.782878782321625,-72.8749999999998,False,1.0,spontaneous,2,100.0,0,True
sub08,test,16,33,22.017520833333332,,,,,,True,,spontaneous,2,100.0,0,True
sub08,test,16,34,22.817520833333333,,,,,,True,,spontaneous,2,100.0,0,True
sub08,test,16,35,23.417520833333334,,,,,,True,,spontaneous,2,100.0,0,True
sub08,test,16,36,24.21752083333333,,,,,,True,,spontaneous,2,100.0,0,True
sub08,test,16,37,24.817520833333333,,,,,,True,,spontaneous,2,100.0,0,True
sub08,test,16,38,25.617520833333334,,,,,,True,,spontaneous,2,100.0,0,True
sub08,test,16,39,26.21752083333333,,,,,,True,,spontaneous,2,100.0,0,True
sub08,test,16,40,27.017520833333332,,,,,,True,,spontaneous,2,100.0,0,True
sub08,test,16,41,27.817520833333333,,,,,,True,,spontaneous,2,100.0,0,True
sub08,test,16,42,28.417520833333334,,,,,,True,,spontaneous,2,100.0,0,True
sub08,test,16,43,29.21752083333333,,,,,,True,,spontaneous,2,100.0,0,True
sub08,test,16,44,29.817520833333333,29.985833333333332,14.0,0.16831249999999898,-2.873736783346743,168.31249999999898,False,0.0,spontaneous,2,100.0,0,True
sub08,test,17,0,0.2228125,,,,,,True,,spontaneous,2,100.0,0,True
sub08,test,17,1,0.8216666666666667,0.793125,0.0,-0.028541666666666687,22.286640837064795,-28.541666666666686,False,0.0,spontaneous,2,100.0,0,True
sub08,test,17,2,1.4216666666666666,1.3791666666666667,1.0,-0.04249999999999998,-3.361944127272321,-42.499999999999986,False,0.0,spontaneous,2,100.0,0,True
sub08,test,17,3,2.0216666666666665,1.9740833333333334,2.0,-0.04758333333333309,39.94168438919345,-47.58333333333309,False,1.0,spontaneous,2,100.0,0,True
sub08,test,17,4,2.6216666666666666,2.5944166666666666,3.0,-0.027249999999999996,-2.109287702081989,-27.249999999999996,False,0.0,spontaneous,2,100.0,0,True
sub08,test,17,5,3.2216666666666667,3.1983333333333333,4.0,-0.023333333333333428,36.98395209358078,-23.333333333333428,False,1.0,spontaneous,2,100.0,0,True
sub08,test,17,6,3.8216666666666668,3.7786458333333335,5.0,-0.043020833333333286,-0.10995384301463206,-43.020833333333286,False,0.0,spontaneous,2,100.0,0,True
sub08,test,17,7,4.421666666666667,4.369270833333333,6.0,-0.05239583333333364,51.40433423907356,-52.39583333333364,False,1.0,spontaneous,2,100.0,0,True
sub08,test,17,8,5.0216666666666665,4.9895,7.0,-0.0321666666666669,40.016801196011485,-32.1666666666669,False,1.0,spontaneous,2,100.0,0,True
sub08,test,17,9,5.621666666666667,5.569583333333333,8.0,-0.052083333333333925,45.37821184367387,-52.083333333333925,False,1.0,spontaneous,2,100.0,0,True
sub08,test,17,10,6.221666666666667,6.200708333333333,9.0,-0.020958333333333634,10.849236539881964,-20.958333333333634,False,0.0,spontaneous,2,100.0,0,True
sub08,test,17,11,6.821666666666666,6.8015,10.0,-0.020166666666666444,39.362904571114235,-20.166666666666444,False,1.0,spontaneous,2,100.0,0,True
sub08,test,17,12,7.421666666666667,7.401,11.0,-0.020666666666667055,-1.9694139802880142,-20.666666666667055,False,0.0,spontaneous,2,100.0,0,True
sub08,test,17,13,8.021666666666667,7.953854166666667,12.0,-0.06781249999999961,40.2094238188203,-67.8124999999996,False,1.0,spontaneous,2,100.0,0,True
sub08,test,17,14,8.621666666666666,,,,,,True,,spontaneous,2,100.0,0,True
sub08,test,17,15,9.221666666666666,9.142375,13.0,-0.07929166666666632,47.83937403043197,-79.29166666666632,False,1.0,spontaneous,2,100.0,0,True
sub08,test,17,16,9.821666666666667,9.783208333333333,14.0,-0.03845833333333459,24.901536416453048,-38.45833333333459,False,0.0,spontaneous,2,100.0,0,True
sub08,test,17,17,10.421666666666667,10.370708333333333,15.0,-0.05095833333333388,43.89550095279229,-50.95833333333388,False,1.0,spontaneous,2,100.0,0,True
sub08,test,17,18,11.021666666666667,,,,,,True,,spontaneous,2,100.0,0,True
sub08,test,17,19,11.621666666666666,11.591020833333333,16.0,-0.030645833333332817,42.385284717375015,-30.645833333332817,False,1.0,spontaneous,2,100.0,0,True
sub08,test,17,20,12.221666666666666,,,,,,True,,spontaneous,2,100.0,0,True
sub08,test,17,21,12.821666666666667,,,,,,True,,spontaneous,2,100.0,0,True
sub08,test,17,22,13.421666666666667,13.384875,17.0,-0.036791666666667666,48.67987369920277,-36.791666666667666,False,1.0,spontaneous,2,100.0,0,True
sub08,test,17,23,14.021666666666667,13.984479166666667,18.0,-0.03718749999999993,28.574619109773273,-37.18749999999993,False,0.0,spontaneous,2,100.0,0,True
sub08,test,17,24,14.6228125,14.572020833333333,19.0,-0.05079166666666701,18.847403108187596,-50.79166666666701,False,0.0,spontaneous,2,100.0,0,True
sub08,test,17,25,15.221666666666666,15.158645833333333,20.0,-0.06302083333333286,24.749635319403342,-63.02083333333286,False,0.0,spontaneous,2,100.0,0,True
sub08,test,17,26,15.821666666666667,,,,,,True,,spontaneous,2,100.0,0,True
sub08,test,17,27,16.421666666666667,,,,,,True,,spontaneous,2,100.0,0,True
sub08,test,17,28,17.02166666666667,16.985708333333335,21.0,-0.035958333333333314,37.90861230888749,-35.958333333333314,False,1.0,spontaneous,2,100.0,0,True
sub08,test,17,29,17.621666666666666,,,,,,True,,spontaneous,2,100.0,0,True
sub08,test,17,30,18.221666666666668,,,,,,True,,spontaneous,2,100.0,0,True
sub08,test,17,31,18.821666666666665,18.775166666666667,22.0,-0.04649999999999821,46.87060774722558,-46.49999999999821,False,1.0,spontaneous,2,100.0,0,True
sub08,test,17,32,19.421666666666667,,,,,,True,,spontaneous,2,100.0,0,True
sub08,test,17,33,20.02166666666667,,,,,,True,,spontaneous,2,100.0,0,True
sub08,test,17,34,20.621666666666666,20.588854166666668,23.0,-0.03281249999999858,30.378557104927616,-32.81249999999858,False,0.0,spontaneous,2,100.0,0,True
sub08,test,17,35,21.221666666666668,21.188854166666665,24.0,-0.03281250000000213,17.604172473952904,-32.81250000000213,False,0.0,spontaneous,2,100.0,0,True
sub08,test,17,36,21.821666666666665,21.768020833333335,25.0,-0.05364583333333073,38.62520417910175,-53.64583333333073,False,1.0,spontaneous,2,100.0,0,True
sub08,test,17,37,22.421666666666667,22.391916666666667,26.0,-0.029749999999999943,43.99902475684417,-29.749999999999943,False,1.0,spontaneous,2,100.0,0,True
sub08,test,17,38,23.02166666666667,22.986375,27.0,-0.035291666666669386,-3.610949512645332,-35.291666666669386,False,0.0,spontaneous,2,100.0,0,True
sub08,test,17,39,23.621666666666666,,,,,,True,,spontaneous,2,100.0,0,True
sub08,test,17,40,24.221666666666668,24.1806875,28.0,-0.040979166666666345,26.901683817931076,-40.979166666666345,False,0.0,spontaneous,2,100.0,0,True
sub08,test,17,41,24.821666666666665,,,,,,True,,spontaneous,2,100.0,0,True
sub08,test,17,42,25.421666666666667,25.37225,29.0,-0.049416666666665776,22.108645009280757,-49.416666666665776,False,0.0,spontaneous,2,100.0,0,True
sub08,test,17,43,26.02166666666667,25.981270833333333,30.0,-0.04039583333333496,22.897096969698367,-40.39583333333496,False,0.0,spontaneous,2,100.0,0,True
sub08,test,17,44,26.621666666666666,,,,,,True,,spontaneous,2,100.0,0,True
sub08,test,17,45,27.221666666666668,27.158833333333334,31.0,-0.06283333333333374,40.55926985520649,-62.83333333333374,False,1.0,spontaneous,2,100.0,0,True
sub08,test,17,46,27.821666666666665,27.770083333333332,32.0,-0.051583333333333314,30.960910788261593,-51.583333333333314,False,0.0,spontaneous,2,100.0,0,True
sub08,test,17,47,28.421666666666667,28.388666666666666,33.0,-0.03300000000000125,37.114912902368246,-33.00000000000125,False,1.0,spontaneous,2,100.0,0,True
sub08,test,17,48,29.02166666666667,28.979604166666668,34.0,-0.042062500000000114,39.001355418314304,-42.062500000000114,False,1.0,spontaneous,2,100.0,0,True
sub08,test,17,49,29.621666666666666,29.575729166666665,35.0,-0.04593750000000085,31.692857393201717,-45.93750000000085,False,0.0,spontaneous,2,100.0,0,True
sub08,test,18,0,0.22279166666666667,,,,,,True,,cued,2,120.0,18,True
sub08,test,18,1,0.7227916666666667,0.6655833333333333,0.0,-0.057208333333333417,40.270386712295846,-57.208333333333414,False,1.0,cued,2,120.0,18,True
sub08,test,18,2,1.2216458333333333,,,,,,True,,cued,2,120.0,18,True
sub08,test,18,3,1.7216458333333333,1.6569791666666667,1.0,-0.06466666666666665,35.42665440656566,-64.66666666666666,False,1.0,cued,2,120.0,18,True
sub08,test,18,4,2.2216458333333335,2.1760208333333333,2.0,-0.04562500000000025,-1.1500021407412007,-45.62500000000025,False,0.0,cued,2,120.0,18,True
sub08,test,18,5,2.7216458333333335,2.6655625,3.0,-0.056083333333333485,29.39091264509819,-56.083333333333485,False,1.0,cued,2,120.0,18,True
sub08,test,18,6,3.2216458333333335,,,,,,True,,cued,2,120.0,18,True
sub08,test,18,7,3.7216458333333335,3.671479166666667,4.0,-0.05016666666666669,23.475847700547583,-50.16666666666669,False,0.0,cued,2,120.0,18,True
sub08,test,18,8,4.2216458333333335,,,,,,True,,cued,2,120.0,18,True
sub08,test,18,9,4.7216458333333335,4.68,5.0,-0.041645833333333826,25.888985684694823,-41.645833333333826,False,1.0,cued,2,120.0,18,True
sub08,test,18,10,5.222770833333334,,,,,,True,,cued,2,120.0,18,True
sub08,test,18,11,5.7216458333333335,5.667895833333334,6.0,-0.053749999999999964,5.910646070264992,-53.749999999999964,False,0.0,cued,2,120.0,18,True
sub08,test,18,12,6.2216458333333335,,,,,,True,,cued,2,120.0,18,True
sub08,test,18,13,6.7216458333333335,6.701666666666667,7.0,-0.019979166666666437,27.49486167883992,-19.979166666666437,False,1.0,cued,2,120.0,18,True
sub08,test,18,14,7.2216458333333335,,,,,,True,,cued,2,120.0,18,True
sub08,test,18,15,7.7216458333333335,7.7031875,8.0,-0.018458333333333243,17.593215298863335,-18.458333333333243,False,0.0,cued,2,120.0,18,True
sub08,test,18,16,8.221645833333334,,,,,,True,,cued,2,120.0,18,True
sub08,test,18,17,8.721645833333334,8.701729166666667,9.0,-0.019916666666667027,22.721930544509338,-19.916666666667027,False,0.0,cued,2,120.0,18,True
sub08,test,18,18,9.221645833333334,,,,,,True,,cued,2,120.0,18,True
sub08,test,18,19,9.722791666666666,,,,,,True,,cued,2,120.0,18,True
sub08,test,18,20,10.221645833333334,,,,,,True,,cued,2,120.0,18,True
sub08,test,18,21,10.721645833333334,10.703479166666666,10.0,-0.018166666666667552,14.55236225911255,-18.166666666667552,False,0.0,cued,2,120.0,18,True
sub08,test,18,22,11.221645833333334,,,,,,True,,cued,2,120.0,18,True
sub08,test,18,23,11.721645833333334,11.700791666666667,11.0,-0.020854166666666174,17.052517829669277,-20.854166666666174,False,0.0,cued,2,120.0,18,True
sub08,test,18,24,12.221645833333334,,,,,,True,,cued,2,120.0,18,True
sub08,test,18,25,12.721645833333334,,,,,,True,,cued,2,120.0,18,True
sub08,test,18,26,13.221645833333334,,,,,,True,,cued,2,120.0,18,True
sub08,test,18,27,13.721645833333334,13.689041666666666,12.0,-0.03260416666666721,36.262841090777286,-32.60416666666721,False,1.0,cued,2,120.0,18,True
sub08,test,18,28,14.221645833333334,,,,,,True,,cued,2,120.0,18,True
sub08,test,18,29,14.721645833333334,,,,,,True,,cued,2,120.0,18,True
sub08,test,18,30,15.221645833333334,,,,,,True,,cued,2,120.0,18,True
sub08,test,18,31,15.721645833333334,15.6801875,13.0,-0.04145833333333293,23.152704347785914,-41.45833333333293,False,0.0,cued,2,120.0,18,True
sub08,test,18,32,16.222791666666666,,,,,,True,,cued,2,120.0,18,True
sub08,test,18,33,16.721645833333334,16.695208333333333,14.0,-0.026437500000000114,13.035560197137055,-26.437500000000114,False,0.0,cued,2,120.0,18,True
sub08,test,18,34,17.221645833333334,,,,,,True,,cued,2,120.0,18,True
sub08,test,18,35,17.721645833333334,17.6766875,15.0,-0.044958333333333655,8.750210490778693,-44.958333333333655,False,0.0,cued,2,120.0,18,True
sub08,test,18,36,18.221645833333334,,,,,,True,,cued,2,120.0,18,True
sub08,test,18,37,18.721645833333334,18.6725,16.0,-0.04914583333333411,31.061384636107377,-49.14583333333411,False,1.0,cued,2,120.0,18,True
sub08,test,18,38,19.221645833333334,19.197395833333335,17.0,-0.02424999999999855,-2.2588872741809647,-24.24999999999855,False,0.0,cued,2,120.0,18,True
sub08,test,18,39,19.721645833333334,19.6951875,18.0,-0.02645833333333414,-2.962311127822125,-26.45833333333414,False,0.0,cued,2,120.0,18,True
sub08,test,18,40,20.221645833333334,20.188833333333335,19.0,-0.03281249999999858,25.414214854204765,-32.81249999999858,False,0.0,cued,2,120.0,18,True
sub08,test,18,41,20.721645833333334,,,,,,True,,cued,2,120.0,18,True
sub08,test,18,42,21.221645833333334,,,,,,True,,cued,2,120.0,18,True
sub08,test,18,43,21.721645833333334,21.6704375,20.0,-0.05120833333333508,48.25867180303737,-51.20833333333508,False,1.0,cued,2,120.0,18,True
sub08,test,18,44,22.221645833333334,,,,,,True,,cued,2,120.0,18,True
sub08,test,18,45,22.721645833333334,,,,,,True,,cued,2,120.0,18,True
sub08,test,18,46,23.221645833333334,23.164666666666665,21.0,-0.056979166666668135,39.446380334978464,-56.979166666668135,False,1.0,cued,2,120.0,18,True
sub08,test,18,47,23.721645833333334,,,,,,True,,cued,2,120.0,18,True
sub08,test,18,48,24.221645833333334,,,,,,True,,cued,2,120.0,18,True
sub08,test,18,49,24.721645833333334,24.680791666666668,22.0,-0.04085416666666575,31.698154132260974,-40.85416666666575,False,1.0,cued,2,120.0,18,True
sub08,test,18,50,25.221645833333334,,,,,,True,,cued,2,120.0,18,True
sub08,test,18,51,25.721645833333334,,,,,,True,,cued,2,120.0,18,True
sub08,test,18,52,26.221645833333334,26.163520833333333,23.0,-0.058125000000000426,42.31344297827707,-58.125000000000426,False,1.0,cued,2,120.0,18,True
sub08,test,18,53,26.721645833333334,26.678604166666666,24.0,-0.04304166666666731,24.465857040700065,-43.04166666666731,False,0.0,cued,2,120.0,18,True
sub08,test,18,54,27.221645833333334,27.217270833333334,25.0,-0.004374999999999574,26.743654286265382,-4.374999999999574,False,1.0,cued,2,120.0,18,True
sub08,test,18,55,27.721645833333334,27.64870833333333,26.0,-0.07293750000000188,54.81203911958032,-72.93750000000188,False,1.0,cued,2,120.0,18,True
sub08,test,18,56,28.221645833333334,,,,,,True,,cued,2,120.0,18,True
sub08,test,18,57,28.721645833333334,,,,,,True,,cued,2,120.0,18,True
sub08,test,18,58,29.221645833333334,29.199,27.0,-0.02264583333333192,37.24607723127252,-22.64583333333192,False,1.0,cued,2,120.0,18,True
sub08,test,18,59,29.721645833333334,,,,,,True,,cued,2,120.0,18,True
sub08,test,19,0,0.21864583333333334,,,,,,True,,cued,3,108.0,18,True
sub08,test,19,1,0.7730833333333333,,,,,,True,,cued,3,108.0,18,True
sub08,test,19,2,1.3286458333333333,1.2941875,0.0,-0.03445833333333326,44.527885613582335,-34.45833333333326,False,1.0,cued,3,108.0,18,True
sub08,test,19,3,1.8842083333333333,,,,,,True,,cued,3,108.0,18,True
sub08,test,19,4,2.439770833333333,2.3674166666666667,1.0,-0.0723541666666665,0.5515526490105518,-72.3541666666665,False,0.0,cued,3,108.0,18,True
sub08,test,19,5,2.9953333333333334,2.9230833333333335,2.0,-0.07224999999999993,42.68677554532217,-72.24999999999993,False,1.0,cued,3,108.0,18,True
sub08,test,19,6,3.550895833333333,3.5127916666666668,3.0,-0.038104166666666384,-1.4426217057562902,-38.10416666666639,False,0.0,cued,3,108.0,18,True
sub08,test,19,7,4.106458333333333,,,,,,True,,cued,3,108.0,18,True
sub08,test,19,8,4.662020833333333,4.601916666666667,4.0,-0.06010416666666618,52.497167341584145,-60.10416666666618,False,1.0,cued,3,108.0,18,True
sub08,test,19,9,5.217583333333334,,,,,,True,,cued,3,108.0,18,True
sub08,test,19,10,5.773145833333333,,,,,,True,,cued,3,108.0,18,True
sub08,test,19,11,6.328708333333333,6.269020833333333,5.0,-0.05968749999999989,54.90040458239734,-59.68749999999989,False,1.0,cued,3,108.0,18,True
sub08,test,19,12,6.884270833333333,,,,,,True,,cued,3,108.0,18,True
sub08,test,19,13,7.4398333333333335,,,,,,True,,cued,3,108.0,18,True
sub08,test,19,14,7.995395833333333,7.94125,6.0,-0.054145833333333115,51.950878114852884,-54.145833333333115,False,1.0,cued,3,108.0,18,True
sub08,test,19,15,8.550958333333334,8.4984375,7.0,-0.05252083333333424,8.906228104754613,-52.52083333333424,False,0.0,cued,3,108.0,18,True
sub08,test,19,16,9.106520833333333,9.0903125,8.0,-0.016208333333333158,-2.844608942307883,-16.208333333333158,False,0.0,cued,3,108.0,18,True
sub08,test,19,17,9.662083333333333,9.615729166666666,9.0,-0.04635416666666714,34.25349421271607,-46.35416666666714,False,0.0,cued,3,108.0,18,True
sub08,test,19,18,10.217645833333334,,,,,,True,,cued,3,108.0,18,True
sub08,test,19,19,10.773208333333333,,,,,,True,,cued,3,108.0,18,True
sub08,test,19,20,11.328770833333333,11.25325,10.0,-0.07552083333333393,56.32939550550719,-75.52083333333393,False,1.0,cued,3,108.0,18,True
sub08,test,19,21,11.884333333333334,,,,,,True,,cued,3,108.0,18,True
sub08,test,19,22,12.439895833333333,12.423083333333333,11.0,-0.01681250000000034,20.53537263538179,-16.81250000000034,False,0.0,cued,3,108.0,18,True
sub08,test,19,23,12.995458333333334,12.9706875,12.0,-0.024770833333333186,28.023969263565746,-24.770833333333186,False,0.0,cued,3,108.0,18,True
sub08,test,19,24,13.551020833333334,,,,,,True,,cued,3,108.0,18,True
sub08,test,19,25,14.106583333333333,14.085020833333333,13.0,-0.02156249999999993,3.011807661851633,-21.56249999999993,False,0.0,cued,3,108.0,18,True
sub08,test,19,26,14.662145833333334,14.608791666666667,14.0,-0.053354166666666814,38.65763522843112,-53.35416666666681,False,0.0,cued,3,108.0,18,True
sub08,test,19,27,15.218854166666667,,,,,,True,,cued,3,108.0,18,True
sub08,test,19,28,15.773270833333333,,,,,,True,,cued,3,108.0,18,True
sub08,test,19,29,16.328833333333332,16.293625,15.0,-0.035208333333333286,55.39823010277093,-35.208333333333286,False,1.0,cued,3,108.0,18,True
sub08,test,19,30,16.884395833333333,,,,,,True,,cued,3,108.0,18,True
sub08,test,19,31,17.439958333333333,,,,,,True,,cued,3,108.0,18,True
sub08,test,19,32,17.995520833333334,17.950395833333335,16.0,-0.04512499999999875,59.080813559800504,-45.12499999999875,False,1.0,cued,3,108.0,18,True
sub08,test,19,33,18.551083333333334,,,,,,True,,cued,3,108.0,18,True
sub08,test,19,34,19.106645833333335,19.0376875,17.0,-0.06895833333333456,35.374011215956486,-68.95833333333456,False,0.0,cued,3,108.0,18,True
sub08,test,19,35,19.662208333333332,,,,,,True,,cued,3,108.0,18,True
sub08,test,19,36,20.217770833333333,20.193791666666666,18.0,-0.023979166666666885,28.899561532509853,-23.979166666666885,False,0.0,cued,3,108.0,18,True
sub08,test,19,37,20.773333333333333,20.77775,19.0,0.0044166666666676235,8.021082854390492,4.4166666666676235,False,0.0,cued,3,108.0,18,True
sub08,test,19,38,21.328895833333334,21.288854166666667,20.0,-0.0400416666666672,49.25695955497587,-40.0416666666672,False,1.0,cued,3,108.0,18,True
sub08,test,19,39,21.884458333333335,21.859875,21.0,-0.024583333333335844,6.5166829431058995,-24.583333333335844,False,0.0,cued,3,108.0,18,True
sub08,test,19,40,22.44002083333333,22.419229166666668,22.0,-0.0207916666666641,44.65508593555788,-20.7916666666641,False,1.0,cued,3,108.0,18,True
sub08,test,19,41,22.995583333333332,,,,,,True,,cued,3,108.0,18,True
sub08,test,19,42,23.551145833333333,23.504395833333334,23.0,-0.0467499999999994,53.1473346031879,-46.7499999999994,False,1.0,cued,3,108.0,18,True
sub08,test,19,43,24.106708333333334,24.067291666666666,24.0,-0.039416666666667766,22.84823802359311,-39.416666666667766,False,0.0,cued,3,108.0,18,True
sub08,test,19,44,24.662270833333334,24.6126875,25.0,-0.04958333333333442,49.80116951643851,-49.58333333333442,False,1.0,cued,3,108.0,18,True
sub08,test,19,45,25.217833333333335,25.157666666666668,26.0,-0.06016666666666737,15.969558054037126,-60.16666666666737,False,0.0,cued,3,108.0,18,True
sub08,test,19,46,25.773395833333332,25.718604166666665,27.0,-0.05479166666666657,47.36940728128536,-54.79166666666657,False,1.0,cued,3,108.0,18,True
sub08,test,19,47,26.328958333333333,26.326729166666667,28.0,-0.0022291666666660603,19.680416846608285,-2.2291666666660603,False,0.0,cued,3,108.0,18,True
sub08,test,19,48,26.884520833333333,26.827354166666666,29.0,-0.057166666666667254,43.52167210301513,-57.166666666667254,False,1.0,cued,3,108.0,18,True
sub08,test,19,49,27.440083333333334,,,,,,True,,cued,3,108.0,18,True
sub08,test,19,50,27.995645833333334,27.90747916666667,30.0,-0.08816666666666606,52.04667478032953,-88.16666666666606,False,1.0,cued,3,108.0,18,True
sub08,test,19,51,28.551208333333335,,,,,,True,,cued,3,108.0,18,True
sub08,test,19,52,29.106770833333332,29.061875,31.0,-0.04489583333333158,40.85633248377614,-44.89583333333158,False,1.0,cued,3,108.0,18,True
sub08,test,19,53,29.662333333333333,29.632645833333335,32.0,-0.02968749999999787,17.4901124252752,-29.68749999999787,False,0.0,cued,3,108.0,18,True
sub08,test,20,0,0.22277083333333333,,,,,,True,,spontaneous,3,100.0,0,True
sub08,test,20,1,0.8216458333333333,,,,,,True,,spontaneous,3,100.0,0,True
sub08,test,20,2,1.4216458333333333,1.3779375,0.0,-0.04370833333333324,55.103844919051994,-43.708333333333236,False,1.0,spontaneous,3,100.0,0,True
sub08,test,20,3,2.0216458333333334,,,,,,True,,spontaneous,3,100.0,0,True
sub08,test,20,4,2.6216458333333335,,,,,,True,,spontaneous,3,100.0,0,True
sub08,test,20,5,3.2216458333333335,3.1523958333333333,1.0,-0.06925000000000026,14.179212555530077,-69.25000000000026,False,0.0,spontaneous,3,100.0,0,True
sub08,test,20,6,3.821645833333333,,,,,,True,,spontaneous,3,100.0,0,True
sub08,test,20,7,4.421645833333334,4.374770833333334,2.0,-0.046875,-2.891307723642735,-46.875,False,0.0,spontaneous,3,100.0,0,True
sub08,test,20,8,5.021645833333333,4.9268125,3.0,-0.09483333333333377,46.52167126891853,-94.83333333333377,False,1.0,spontaneous,3,100.0,0,True
sub08,test,20,9,5.621645833333333,,,,,,True,,spontaneous,3,100.0,0,True
sub08,test,20,10,6.2216458333333335,6.2169791666666665,4.0,-0.004666666666667041,13.540417098198104,-4.666666666667041,False,0.0,spontaneous,3,100.0,0,True
sub08,test,20,11,6.821645833333333,6.798375,5.0,-0.02327083333333313,51.57312522936689,-23.27083333333313,False,1.0,spontaneous,3,100.0,0,True
sub08,test,20,12,7.421645833333334,,,,,,True,,spontaneous,3,100.0,0,True
sub08,test,20,13,8.021645833333332,8.000791666666666,6.0,-0.020854166666666174,0.9594384023603592,-20.854166666666174,False,0.0,spontaneous,3,100.0,0,True
sub08,test,20,14,8.621645833333334,8.574270833333333,7.0,-0.04737500000000061,52.300028344295846,-47.37500000000061,False,1.0,spontaneous,3,100.0,0,True
sub08,test,20,15,9.221645833333334,9.204791666666667,8.0,-0.016854166666666615,8.062270953946538,-16.854166666666615,False,0.0,spontaneous,3,100.0,0,True
sub08,test,20,16,9.821645833333333,,,,,,True,,spontaneous,3,100.0,0,True
sub08,test,20,17,10.421645833333333,10.368916666666667,9.0,-0.052729166666665606,55.727389469758386,-52.729166666665606,False,1.0,spontaneous,3,100.0,0,True
sub08,test,20,18,11.021645833333332,,,,,,True,,spontaneous,3,100.0,0,True
sub08,test,20,19,11.621645833333334,,,,,,True,,spontaneous,3,100.0,0,True
sub08,test,20,20,12.221645833333334,12.165916666666666,10.0,-0.055729166666667496,57.98739864291104,-55.729166666667496,False,1.0,spontaneous,3,100.0,0,True
sub08,test,20,21,12.821645833333333,12.810291666666666,11.0,-0.011354166666666998,-1.0682410157992224,-11.354166666666998,False,0.0,spontaneous,3,100.0,0,True
sub08,test,20,22,13.421645833333333,,,,,,True,,spontaneous,3,100.0,0,True
sub08,test,20,23,14.021645833333332,13.9664375,12.0,-0.05520833333333286,57.14189593434086,-55.20833333333286,False,1.0,spontaneous,3,100.0,0,True
sub08,test,20,24,14.621645833333334,,,,,,True,,spontaneous,3,100.0,0,True
sub08,test,20,25,15.221645833333334,,,,,,True,,spontaneous,3,100.0,0,True
sub08,test,20,26,15.821645833333333,15.780958333333333,13.0,-0.040687500000000654,59.005762046964065,-40.687500000000654,False,1.0,spontaneous,3,100.0,0,True
sub08,test,20,27,16.421645833333333,,,,,,True,,spontaneous,3,100.0,0,True
sub08,test,20,28,17.021645833333334,,,,,,True,,spontaneous,3,100.0,0,True
sub08,test,20,29,17.621645833333332,17.579916666666666,14.0,-0.04172916666666637,39.34329455931074,-41.72916666666637,False,1.0,spontaneous,3,100.0,0,True
sub08,test,20,30,18.221645833333334,,,,,,True,,spontaneous,3,100.0,0,True
sub08,test,20,31,18.821645833333335,,,,,,True,,spontaneous,3,100.0,0,True
sub08,test,20,32,19.421645833333333,19.370291666666667,15.0,-0.051354166666666146,30.250349157547145,-51.354166666666146,False,0.0,spontaneous,3,100.0,0,True
sub08,test,20,33,20.021645833333334,,,,,,True,,spontaneous,3,100.0,0,True
sub08,test,20,34,20.621645833333332,,,,,,True,,spontaneous,3,100.0,0,True
sub08,test,20,35,21.221645833333334,21.205395833333334,16.0,-0.01624999999999943,37.15354839893601,-16.24999999999943,False,1.0,spontaneous,3,100.0,0,True
sub08,test,20,36,21.821645833333335,,,,,,True,,spontaneous,3,100.0,0,True
sub08,test,20,37,22.421645833333333,22.410625,17.0,-0.011020833333333258,31.629788477680435,-11.020833333333258,False,0.0,spontaneous,3,100.0,0,True
sub08,test,20,38,23.021645833333334,,,,,,True,,spontaneous,3,100.0,0,True
sub08,test,20,39,23.621645833333332,23.588645833333334,18.0,-0.0329999999999977,19.57327882485105,-32.9999999999977,False,0.0,spontaneous,3,100.0,0,True
sub08,test,20,40,24.221645833333334,,,,,,True,,spontaneous,3,100.0,0,True
sub08,test,20,41,24.821645833333335,24.774729166666667,19.0,-0.04691666666666805,36.77635337053166,-46.91666666666805,False,1.0,spontaneous,3,100.0,0,True
sub08,test,20,42,25.421645833333333,,,,,,True,,spontaneous,3,100.0,0,True
sub08,test,20,43,26.021645833333334,25.997229166666667,20.0,-0.024416666666667197,35.02379127944327,-24.416666666667197,False,0.0,spontaneous,3,100.0,0,True
sub08,test,20,44,26.621645833333332,,,,,,True,,spontaneous,3,100.0,0,True
sub08,test,20,45,27.221645833333334,27.168,21.0,-0.05364583333333428,0.9666867125030164,-53.64583333333428,False,0.0,spontaneous,3,100.0,0,True
sub08,test,20,46,27.821645833333335,,,,,,True,,spontaneous,3,100.0,0,True
sub08,test,20,47,28.421645833333333,28.418770833333333,22.0,-0.002874999999999517,34.088601449359615,-2.874999999999517,False,0.0,spontaneous,3,100.0,0,True
sub08,test,20,48,29.021645833333334,,,,,,True,,spontaneous,3,100.0,0,True
sub08,test,20,49,29.621645833333332,,,,,,True,,spontaneous,3,100.0,0,True
