subject,phase,trial,click_idx,click_time_s,matched_tap_time_s,matched_tap_idx,asynchrony_s,rms_db,asynchrony_ms,missed_beat,accented,condition,meter,bpm,switch_time,low_confidence_trial
sub02,test,1,0,0.0244375,,,,,,True,,spontaneous,2,120.0,0,False
sub02,test,1,1,0.5244375,0.6235208333333333,1.0,0.0990833333333333,-52.39813531463014,99.0833333333333,False,0.0,spontaneous,2,120.0,0,False
sub02,test,1,2,1.0244375,1.0134791666666667,2.0,-0.010958333333333181,-46.076529266500046,-10.958333333333181,False,1.0,spontaneous,2,120.0,0,False
sub02,test,1,3,1.5244375,1.5334791666666667,3.0,0.009041666666666837,-52.88545104618528,9.041666666666837,False,0.0,spontaneous,2,120.0,0,False
sub02,test,1,4,2.0244375,2.0233125,4.0,-0.0011250000000000426,-46.04365543915081,-1.1250000000000426,False,1.0,spontaneous,2,120.0,0,False
sub02,test,1,5,2.5244375,2.550145833333333,5.0,0.025708333333333222,-55.71363739366676,25.708333333333222,False,0.0,spontaneous,2,120.0,0,False
sub02,test,1,6,3.0244375,3.050895833333333,7.0,0.02645833333333325,-45.893866865948006,26.45833333333325,False,1.0,spontaneous,2,120.0,0,False
sub02,test,1,7,3.5244375,3.5711458333333335,8.0,0.046708333333333574,-54.16942053916381,46.70833333333357,False,0.0,spontaneous,2,120.0,0,False
sub02,test,1,8,4.0244375,4.054541666666666,9.0,0.030104166666665932,-45.093527639686755,30.104166666665932,False,1.0,spontaneous,2,120.0,0,False
sub02,test,1,9,4.5244375,4.5626875,10.0,0.03824999999999967,-50.91182580651782,38.24999999999967,False,0.0,spontaneous,2,120.0,0,False
sub02,test,1,10,5.0244375,5.0259583333333335,11.0,0.0015208333333331936,-45.068369845187995,1.5208333333331936,False,1.0,spontaneous,2,120.0,0,False
sub02,test,1,11,5.5244375,5.550291666666666,12.0,0.025854166666666067,-53.3653372037039,25.854166666666067,False,0.0,spontaneous,2,120.0,0,False
sub02,test,1,12,6.0244375,6.0296666666666665,13.0,0.005229166666666174,-44.572411968000615,5.229166666666174,False,1.0,spontaneous,2,120.0,0,False
sub02,test,1,13,6.5244375,6.562354166666666,15.0,0.03791666666666593,-55.17504955894978,37.91666666666593,False,0.0,spontaneous,2,120.0,0,False
sub02,test,1,14,7.0244375,7.035520833333333,16.0,0.011083333333332668,-45.11158727657183,11.083333333332668,False,1.0,spontaneous,2,120.0,0,False
sub02,test,1,15,7.5244375,7.5764375,17.0,0.0519999999999996,-52.81713729681733,51.9999999999996,False,0.0,spontaneous,2,120.0,0,False
sub02,test,1,16,8.0244375,8.052979166666667,18.0,0.028541666666667354,-45.3751828828329,28.541666666667354,False,1.0,spontaneous,2,120.0,0,False
sub02,test,1,17,8.5244375,8.580854166666667,19.0,0.056416666666667226,-54.69627921250101,56.416666666667226,False,0.0,spontaneous,2,120.0,0,False
sub02,test,1,18,9.0244375,9.031791666666667,20.0,0.007354166666667439,-47.34926645703088,7.354166666667439,False,1.0,spontaneous,2,120.0,0,False
sub02,test,1,19,9.5244375,9.551041666666666,21.0,0.026604166666666984,-48.90993348280154,26.604166666666984,False,1.0,spontaneous,2,120.0,0,False
sub02,test,1,20,10.0244375,10.072708333333333,22.0,0.048270833333333485,-46.48993831703148,48.270833333333485,False,1.0,spontaneous,2,120.0,0,False
sub02,test,1,21,10.5244375,10.598395833333333,24.0,0.07395833333333357,-51.930318793544565,73.95833333333357,False,0.0,spontaneous,2,120.0,0,False
sub02,test,1,22,11.0244375,11.0679375,25.0,0.04349999999999987,-50.3808419932335,43.49999999999987,False,1.0,spontaneous,2,120.0,0,False
sub02,test,1,23,11.5244375,11.547354166666667,26.0,0.02291666666666714,-46.19409250177749,22.91666666666714,False,1.0,spontaneous,2,120.0,0,False
sub02,test,1,24,12.0244375,12.05575,27.0,0.0313125000000003,-51.05104399760315,31.3125000000003,False,0.0,spontaneous,2,120.0,0,False
sub02,test,1,25,12.5244375,12.5411875,28.0,0.016750000000000043,-51.63652973566569,16.750000000000043,False,0.0,spontaneous,2,120.0,0,False
sub02,test,1,26,13.0244375,13.035270833333334,30.0,0.010833333333334139,-46.71841799874757,10.833333333334139,False,1.0,spontaneous,2,120.0,0,False
sub02,test,1,27,13.5244375,13.541,31.0,0.016562500000000924,-50.89476113186745,16.562500000000924,False,0.0,spontaneous,2,120.0,0,False
sub02,test,1,28,14.0244375,13.988916666666666,32.0,-0.035520833333333,-49.023614159090094,-35.520833333333,False,1.0,spontaneous,2,120.0,0,False
sub02,test,1,29,14.5244375,14.542104166666666,33.0,0.01766666666666694,-46.53140958954012,17.66666666666694,False,1.0,spontaneous,2,120.0,0,False
sub02,test,1,30,15.0244375,15.026479166666666,34.0,0.0020416666666669414,-51.41346143920747,2.0416666666669414,False,0.0,spontaneous,2,120.0,0,False
sub02,test,1,31,15.5244375,15.54875,35.0,0.024312500000000625,-52.31560445519774,24.312500000000625,False,0.0,spontaneous,2,120.0,0,False
sub02,test,1,32,16.0244375,16.03708333333333,36.0,0.012645833333330359,-44.68268895113974,12.645833333330359,False,1.0,spontaneous,2,120.0,0,False
sub02,test,1,33,16.5244375,16.552416666666666,37.0,0.027979166666664668,-49.71670975913678,27.979166666664668,False,1.0,spontaneous,2,120.0,0,False
sub02,test,1,34,17.0244375,17.043166666666668,38.0,0.018729166666666686,-53.727402155795275,18.729166666666686,False,0.0,spontaneous,2,120.0,0,False
sub02,test,1,35,17.5244375,17.533083333333334,39.0,0.008645833333332575,-46.28833040824837,8.645833333332575,False,1.0,spontaneous,2,120.0,0,False
sub02,test,1,36,18.0244375,18.025708333333334,40.0,0.001270833333332888,-51.03086330997125,1.270833333332888,False,0.0,spontaneous,2,120.0,0,False
sub02,test,1,37,18.5244375,18.53152083333333,41.0,0.007083333333330444,-50.35280682285966,7.083333333330444,False,1.0,spontaneous,2,120.0,0,False
sub02,test,1,38,19.0244375,19.026291666666665,42.0,0.0018541666666642698,-46.523002454408,1.8541666666642698,False,1.0,spontaneous,2,120.0,0,False
sub02,test,1,39,19.5244375,19.5071875,44.0,-0.017250000000000654,-55.38236301603632,-17.250000000000654,False,0.0,spontaneous,2,120.0,0,False
sub02,test,1,40,20.0244375,20.021958333333334,45.0,-0.002479166666667254,-47.226133822764105,-2.479166666667254,False,1.0,spontaneous,2,120.0,0,False
sub02,test,1,41,20.5244375,20.575291666666665,46.0,0.05085416666666376,-44.54093418956846,50.85416666666376,False,1.0,spontaneous,2,120.0,0,False
sub02,test,1,42,21.0244375,21.011791666666667,47.0,-0.012645833333333911,-53.48066428372252,-12.645833333333911,False,0.0,spontaneous,2,120.0,0,False
sub02,test,1,43,21.5244375,21.551479166666667,48.0,0.02704166666666552,-52.84503138527373,27.04166666666552,False,0.0,spontaneous,2,120.0,0,False
sub02,test,1,44,22.0244375,22.0393125,49.0,0.014874999999999972,-45.806750596482416,14.874999999999972,False,1.0,spontaneous,2,120.0,0,False
sub02,test,1,45,22.5244375,22.5251875,50.0,0.0007500000000000284,-57.58661848569858,0.7500000000000284,False,0.0,spontaneous,2,120.0,0,False
sub02,test,1,46,23.0244375,23.027375,51.0,0.002937499999998039,-51.84391636154607,2.937499999998039,False,0.0,spontaneous,2,120.0,0,False
sub02,test,1,47,23.5244375,23.554395833333334,52.0,0.029958333333333087,-46.3869427220132,29.958333333333087,False,1.0,spontaneous,2,120.0,0,False
sub02,test,1,48,24.0244375,24.0323125,54.0,0.007874999999998522,-59.2656590764406,7.874999999998522,False,0.0,spontaneous,2,120.0,0,False
sub02,test,1,49,24.5244375,24.519958333333335,56.0,-0.004479166666666146,-54.02449237766932,-4.479166666666146,False,0.0,spontaneous,2,120.0,0,False
sub02,test,1,50,25.0244375,24.9831875,58.0,-0.04125000000000156,-45.79967378735752,-41.25000000000156,False,1.0,spontaneous,2,120.0,0,False
sub02,test,1,51,25.5244375,25.517270833333335,59.0,-0.0071666666666665435,-52.07852109655826,-7.1666666666665435,False,0.0,spontaneous,2,120.0,0,False
sub02,test,1,52,26.0244375,26.024583333333332,60.0,0.00014583333333106907,-50.76118804278126,0.14583333333106907,False,0.0,spontaneous,2,120.0,0,False
sub02,test,1,53,26.5244375,26.525541666666665,61.0,0.0011041666666642413,-45.60282382948852,1.1041666666642413,False,1.0,spontaneous,2,120.0,0,False
sub02,test,1,54,27.0244375,26.998625,62.0,-0.025812500000000682,-51.73108983208167,-25.812500000000682,False,0.0,spontaneous,2,120.0,0,False
sub02,test,1,55,27.5244375,27.564708333333332,64.0,0.04027083333333081,-55.07237928430331,40.27083333333081,False,0.0,spontaneous,2,120.0,0,False
sub02,test,1,56,28.0244375,28.022770833333333,66.0,-0.0016666666666687036,-45.37892895899014,-1.6666666666687036,False,1.0,spontaneous,2,120.0,0,False
sub02,test,1,57,28.5244375,28.55075,68.0,0.026312499999999517,-51.795038258377105,26.312499999999517,False,0.0,spontaneous,2,120.0,0,False
sub02,test,1,58,29.0244375,29.053958333333334,69.0,0.029520833333332774,-55.32882747154816,29.520833333332774,False,0.0,spontaneous,2,120.0,0,False
sub02,test,1,59,29.5244375,29.533208333333334,70.0,0.008770833333333172,-46.2900282914898,8.770833333333172,False,1.0,spontaneous,2,120.0,0,False
sub02,test,2,0,0.0244375,,,,,,True,,spontaneous,3,104.0,0,False
sub02,test,2,1,0.6013541666666666,,,,,,True,,spontaneous,3,104.0,0,False
sub02,test,2,2,1.1782708333333334,1.0573333333333332,1.0,-0.12093750000000014,-48.79620082276225,-120.93750000000014,False,1.0,spontaneous,3,104.0,0,False
sub02,test,2,3,1.7551875,1.6475625,2.0,-0.10762499999999986,-50.32014750328341,-107.62499999999986,False,0.0,spontaneous,3,104.0,0,False
sub02,test,2,4,2.332104166666667,2.2761666666666667,3.0,-0.055937500000000195,-52.04936602769085,-55.9375000000002,False,0.0,spontaneous,3,104.0,0,False
sub02,test,2,5,2.9090208333333334,2.842229166666667,4.0,-0.06679166666666658,-46.62691309792349,-66.79166666666659,False,1.0,spontaneous,3,104.0,0,False
sub02,test,2,6,3.4859375,3.4257916666666666,5.0,-0.06014583333333334,-53.03754559444373,-60.14583333333334,False,0.0,spontaneous,3,104.0,0,False
sub02,test,2,7,4.062854166666667,4.034458333333333,6.0,-0.02839583333333362,-52.063794667472756,-28.39583333333362,False,0.0,spontaneous,3,104.0,0,False
sub02,test,2,8,4.639770833333333,4.609395833333333,7.0,-0.030375000000000263,-47.1642197680267,-30.375000000000263,False,1.0,spontaneous,3,104.0,0,False
sub02,test,2,9,5.2166875,5.160333333333333,8.0,-0.05635416666666693,-50.29924752554113,-56.35416666666693,False,0.0,spontaneous,3,104.0,0,False
sub02,test,2,10,5.793604166666666,5.747270833333333,9.0,-0.046333333333333115,-51.46529850843085,-46.333333333333115,False,0.0,spontaneous,3,104.0,0,False
sub02,test,2,11,6.370520833333333,6.3098125,10.0,-0.060708333333333364,-46.896555804484315,-60.708333333333364,False,1.0,spontaneous,3,104.0,0,False
sub02,test,2,12,6.9474375,6.912166666666667,11.0,-0.035270833333333584,-52.621564733283236,-35.270833333333584,False,0.0,spontaneous,3,104.0,0,False
sub02,test,2,13,7.524354166666667,7.502208333333333,12.0,-0.022145833333333975,-52.07165804889938,-22.145833333333975,False,0.0,spontaneous,3,104.0,0,False
sub02,test,2,14,8.101270833333333,8.010479166666666,13.0,-0.09079166666666616,-46.718013891942434,-90.79166666666616,False,1.0,spontaneous,3,104.0,0,False
sub02,test,2,15,8.6781875,8.670854166666667,14.0,-0.007333333333333414,-50.716909999356865,-7.333333333333414,False,0.0,spontaneous,3,104.0,0,False
sub02,test,2,16,9.255104166666667,9.283583333333333,15.0,0.02847916666666528,-49.91273417412565,28.47916666666528,False,0.0,spontaneous,3,104.0,0,False
sub02,test,2,17,9.832020833333333,9.965041666666666,16.0,0.13302083333333314,-47.67237178875032,133.02083333333314,False,1.0,spontaneous,3,104.0,0,False
sub02,test,2,18,10.4089375,10.514791666666667,17.0,0.10585416666666703,-48.6985622715419,105.85416666666703,False,1.0,spontaneous,3,104.0,0,False
sub02,test,2,19,10.985854166666666,11.026708333333334,18.0,0.040854166666667524,-46.8892906133818,40.854166666667524,False,1.0,spontaneous,3,104.0,0,False
sub02,test,2,20,11.562770833333333,11.552541666666666,19.0,-0.010229166666666956,-51.10384160783489,-10.229166666666956,False,0.0,spontaneous,3,104.0,0,False
sub02,test,2,21,12.1396875,12.163375,20.0,0.023687499999999417,-45.65559413456063,23.687499999999417,False,1.0,spontaneous,3,104.0,0,False
sub02,test,2,22,12.716604166666666,12.7085625,21.0,-0.008041666666667169,-52.42441867855591,-8.041666666667169,False,0.0,spontaneous,3,104.0,0,False
sub02,test,2,23,13.293520833333334,13.265291666666666,22.0,-0.028229166666667638,-47.285369269278334,-28.229166666667638,False,1.0,spontaneous,3,104.0,0,False
sub02,test,2,24,13.8704375,13.866104166666666,23.0,-0.0043333333333333,-50.368773610388935,-4.3333333333333,False,0.0,spontaneous,3,104.0,0,False
sub02,test,2,25,14.447354166666667,14.42,24.0,-0.027354166666667012,-46.32653996948826,-27.354166666667012,False,1.0,spontaneous,3,104.0,0,False
sub02,test,2,26,15.024270833333333,15.0078125,25.0,-0.016458333333332575,-56.64244126260013,-16.458333333332575,False,0.0,spontaneous,3,104.0,0,False
sub02,test,2,27,15.6011875,15.570104166666667,26.0,-0.03108333333333313,-47.01273701493528,-31.08333333333313,False,1.0,spontaneous,3,104.0,0,False
sub02,test,2,28,16.178104166666667,16.137541666666667,27.0,-0.04056250000000006,-55.17992866151069,-40.56250000000006,False,0.0,spontaneous,3,104.0,0,False
sub02,test,2,29,16.755020833333333,16.726375,29.0,-0.02864583333333215,-48.382173245034906,-28.64583333333215,False,1.0,spontaneous,3,104.0,0,False
sub02,test,2,30,17.3319375,17.274166666666666,30.0,-0.05777083333333266,-58.30969419788148,-57.77083333333266,False,0.0,spontaneous,3,104.0,0,False
sub02,test,2,31,17.908854166666668,17.87125,31.0,-0.03760416666666799,-44.38619033135006,-37.60416666666799,False,1.0,spontaneous,3,104.0,0,False
sub02,test,2,32,18.485770833333333,18.4149375,32.0,-0.07083333333333286,-52.86335720068563,-70.83333333333286,False,0.0,spontaneous,3,104.0,0,False
sub02,test,2,33,19.0626875,19.058833333333332,33.0,-0.003854166666666714,-46.972903005755306,-3.854166666666714,False,1.0,spontaneous,3,104.0,0,False
sub02,test,2,34,19.63960416666667,19.57058333333333,34.0,-0.06902083333333664,-51.329816946252116,-69.02083333333664,False,0.0,spontaneous,3,104.0,0,False
sub02,test,2,35,20.216520833333334,20.210270833333333,35.0,-0.006250000000001421,-45.88887611298638,-6.250000000001421,False,1.0,spontaneous,3,104.0,0,False
sub02,test,2,36,20.7934375,20.768291666666666,36.0,-0.0251458333333332,-45.99709915621603,-25.1458333333332,False,1.0,spontaneous,3,104.0,0,False
sub02,test,2,37,21.370354166666665,21.3536875,37.0,-0.01666666666666572,-47.77951270665561,-16.66666666666572,False,1.0,spontaneous,3,104.0,0,False
sub02,test,2,38,21.947270833333334,21.9614375,38.0,0.01416666666666444,-57.06027605311087,14.16666666666444,False,0.0,spontaneous,3,104.0,0,False
sub02,test,2,39,22.5241875,22.4835625,40.0,-0.04062499999999858,-46.73444401602811,-40.62499999999858,False,1.0,spontaneous,3,104.0,0,False
sub02,test,2,40,23.101104166666666,23.071520833333334,41.0,-0.029583333333331296,-53.18154629543382,-29.583333333331296,False,0.0,spontaneous,3,104.0,0,False
sub02,test,2,41,23.678020833333335,23.676375,42.0,-0.0016458333333346786,-47.251226922073286,-1.6458333333346786,False,1.0,spontaneous,3,104.0,0,False
sub02,test,2,42,24.2549375,24.2620625,43.0,0.007124999999998494,-56.17802846166039,7.124999999998494,False,0.0,spontaneous,3,104.0,0,False
sub02,test,2,43,24.831854166666666,24.803020833333335,44.0,-0.028833333333331268,-45.76504360607068,-28.833333333331268,False,1.0,spontaneous,3,104.0,0,False
sub02,test,2,44,25.40877083333333,25.400916666666667,45.0,-0.007854166666664497,-54.226929356206824,-7.854166666664497,False,0.0,spontaneous,3,104.0,0,False
sub02,test,2,45,25.9856875,26.000875,46.0,0.015187499999999687,-46.207923256398225,15.187499999999687,False,1.0,spontaneous,3,104.0,0,False
sub02,test,2,46,26.562604166666667,26.582708333333333,47.0,0.020104166666666146,-58.143787952002334,20.104166666666146,False,0.0,spontaneous,3,104.0,0,False
sub02,test,2,47,27.139520833333332,27.1023125,48.0,-0.03720833333333218,-45.786528758436916,-37.20833333333218,False,1.0,spontaneous,3,104.0,0,False
sub02,test,2,48,27.7164375,27.7043125,50.0,-0.012125000000001052,-56.319241125461026,-12.125000000001052,False,0.0,spontaneous,3,104.0,0,False
sub02,test,2,49,28.293354166666667,28.268875,51.0,-0.02447916666666572,-46.46336536930869,-24.47916666666572,False,1.0,spontaneous,3,104.0,0,False
sub02,test,2,50,28.870270833333333,28.809270833333333,52.0,-0.06099999999999994,-55.27924919277969,-60.99999999999994,False,0.0,spontaneous,3,104.0,0,False
sub02,test,2,51,29.4471875,29.442895833333335,53.0,-0.004291666666663474,-46.678525910319486,-4.291666666663474,False,1.0,spontaneous,3,104.0,0,False
sub02,test,3,0,0.0244375,0.0705625,0.0,0.046125,-51.45157889771582,46.125,False,0.0,cued,3,108.0,14,False
sub02,test,3,1,0.58,0.6096875,1.0,0.02968750000000009,-51.96022471000633,29.68750000000009,False,0.0,cued,3,108.0,14,False
sub02,test,3,2,1.1355625,1.083125,2.0,-0.05243750000000014,-45.357718527166085,-52.437500000000135,False,1.0,cued,3,108.0,14,False
sub02,test,3,3,1.691125,1.6087291666666668,3.0,-0.08239583333333322,-50.72834555565226,-82.39583333333323,False,1.0,cued,3,108.0,14,False
sub02,test,3,4,2.2466875,2.2394583333333333,4.0,-0.007229166666666842,-50.51614675259528,-7.229166666666842,False,1.0,cued,3,108.0,14,False
sub02,test,3,5,2.80225,2.7484166666666665,6.0,-0.0538333333333334,-46.219273714714156,-53.8333333333334,False,1.0,cued,3,108.0,14,False
sub02,test,3,6,3.3578125,3.3519375,8.0,-0.005875000000000075,-53.198107637843464,-5.875000000000075,False,0.0,cued,3,108.0,14,False
sub02,test,3,7,3.913375,3.8817291666666667,9.0,-0.03164583333333315,-54.31276329795813,-31.64583333333315,False,0.0,cued,3,108.0,14,False
sub02,test,3,8,4.4689375,4.454270833333333,10.0,-0.014666666666666828,-45.9831737051201,-14.666666666666828,False,1.0,cued,3,108.0,14,False
sub02,test,3,9,5.0245,5.023833333333333,11.0,-0.0006666666666665932,-56.7405275371615,-0.6666666666665932,False,0.0,cued,3,108.0,14,False
sub02,test,3,10,5.5800625,5.523,12.0,-0.05706250000000068,-53.32528362660342,-57.06250000000068,False,0.0,cued,3,108.0,14,False
sub02,test,3,11,6.135625,6.0725625,13.0,-0.06306250000000002,-45.03489285023157,-63.06250000000002,False,1.0,cued,3,108.0,14,False
sub02,test,3,12,6.6911875,6.685895833333333,14.0,-0.0052916666666664725,-52.797530010986726,-5.2916666666664725,False,0.0,cued,3,108.0,14,False
sub02,test,3,13,7.24675,7.185020833333334,15.0,-0.06172916666666595,-54.36171490879421,-61.72916666666595,False,0.0,cued,3,108.0,14,False
sub02,test,3,14,7.8023125,7.714958333333334,16.0,-0.08735416666666662,-45.696604628927666,-87.35416666666663,False,1.0,cued,3,108.0,14,False
sub02,test,3,15,8.357875,8.326458333333333,17.0,-0.03141666666666687,-52.68267648944082,-31.41666666666687,False,0.0,cued,3,108.0,14,False
sub02,test,3,16,8.9134375,8.862583333333333,18.0,-0.05085416666666731,-52.60600906712366,-50.85416666666731,False,0.0,cued,3,108.0,14,False
sub02,test,3,17,9.469,9.454270833333334,19.0,-0.01472916666666535,-46.83613847828205,-14.72916666666535,False,1.0,cued,3,108.0,14,False
sub02,test,3,18,10.0245625,10.039604166666667,20.0,0.015041666666666842,-55.64360101040266,15.041666666666842,False,0.0,cued,3,108.0,14,False
sub02,test,3,19,10.580125,10.542791666666666,21.0,-0.03733333333333455,-54.45801988261286,-37.33333333333455,False,0.0,cued,3,108.0,14,False
sub02,test,3,20,11.1356875,11.051666666666666,22.0,-0.08402083333333366,-45.26922569596511,-84.02083333333366,False,1.0,cued,3,108.0,14,False
sub02,test,3,21,11.69125,11.713145833333334,23.0,0.02189583333333367,-54.21533298407476,21.89583333333367,False,0.0,cued,3,108.0,14,False
sub02,test,3,22,12.2468125,12.2429375,24.0,-0.003875000000000739,-52.98103424861196,-3.875000000000739,False,0.0,cued,3,108.0,14,False
sub02,test,3,23,12.802375,12.740479166666667,25.0,-0.06189583333333282,-45.71079590557541,-61.89583333333282,False,1.0,cued,3,108.0,14,False
sub02,test,3,24,13.3579375,13.323458333333333,26.0,-0.03447916666666728,-53.17374422772045,-34.47916666666728,False,0.0,cued,3,108.0,14,False
sub02,test,3,25,13.9135,13.860729166666667,28.0,-0.052770833333333655,-53.04584100283178,-52.770833333333655,False,0.0,cued,3,108.0,14,False
sub02,test,3,26,14.4690625,14.407791666666666,29.0,-0.061270833333333385,-45.81624272742321,-61.270833333333385,False,1.0,cued,3,108.0,14,False
sub02,test,3,27,15.024625,15.112229166666667,30.0,0.08760416666666693,-52.39630731938063,87.60416666666693,False,0.0,cued,3,108.0,14,False
sub02,test,3,28,15.5801875,15.636479166666666,31.0,0.05629166666666663,-46.4639025192069,56.29166666666663,False,1.0,cued,3,108.0,14,False
sub02,test,3,29,16.13575,16.165354166666667,32.0,0.02960416666666532,-50.990374699784326,29.60416666666532,False,0.0,cued,3,108.0,14,False
sub02,test,3,30,16.6913125,16.683125,33.0,-0.008187499999998238,-44.67021847389589,-8.187499999998238,False,1.0,cued,3,108.0,14,False
sub02,test,3,31,17.246875,17.2508125,34.0,0.003937499999999261,-51.36387788477724,3.937499999999261,False,0.0,cued,3,108.0,14,False
sub02,test,3,32,17.8024375,17.7923125,35.0,-0.010124999999998607,-45.55985275416498,-10.124999999998607,False,1.0,cued,3,108.0,14,False
sub02,test,3,33,18.358,18.358833333333333,36.0,0.0008333333333325754,-50.6809986099305,0.8333333333325754,False,1.0,cued,3,108.0,14,False
sub02,test,3,34,18.9135625,18.901833333333332,37.0,-0.011729166666668789,-45.22229248449774,-11.729166666668789,False,1.0,cued,3,108.0,14,False
sub02,test,3,35,19.469125,19.457729166666667,38.0,-0.011395833333331495,-51.053994425745906,-11.395833333331495,False,0.0,cued,3,108.0,14,False
sub02,test,3,36,20.0246875,20.0351875,39.0,0.010500000000000398,-46.01221063489872,10.500000000000398,False,1.0,cued,3,108.0,14,False
sub02,test,3,37,20.58025,20.575145833333334,40.0,-0.005104166666665577,-54.17438603006787,-5.104166666665577,False,0.0,cued,3,108.0,14,False
sub02,test,3,38,21.1358125,21.131708333333332,41.0,-0.004104166666667908,-45.18273886112102,-4.104166666667908,False,1.0,cued,3,108.0,14,False
sub02,test,3,39,21.691375,21.745041666666665,42.0,0.05366666666666475,-50.689434960126505,53.66666666666475,False,1.0,cued,3,108.0,14,False
sub02,test,3,40,22.2469375,22.275395833333334,43.0,0.02845833333333303,-43.70020672814899,28.45833333333303,False,1.0,cued,3,108.0,14,False
sub02,test,3,41,22.8025,22.787520833333332,45.0,-0.014979166666666544,-51.9794586752533,-14.979166666666544,False,0.0,cued,3,108.0,14,False
sub02,test,3,42,23.3580625,23.313041666666667,47.0,-0.04502083333333218,-45.52795523099009,-45.02083333333218,False,1.0,cued,3,108.0,14,False
sub02,test,3,43,23.913625,23.86975,48.0,-0.043874999999999886,-52.4820127544141,-43.874999999999886,False,0.0,cued,3,108.0,14,False
sub02,test,3,44,24.4691875,24.430041666666668,49.0,-0.03914583333333255,-44.65462026062519,-39.14583333333255,False,1.0,cued,3,108.0,14,False
sub02,test,3,45,25.02475,24.957958333333334,50.0,-0.06679166666666703,-52.29829335951158,-66.79166666666703,False,0.0,cued,3,108.0,14,False
sub02,test,3,46,25.5803125,25.564791666666668,51.0,-0.015520833333333428,-46.838920145950354,-15.520833333333428,False,1.0,cued,3,108.0,14,False
sub02,test,3,47,26.135875,26.084083333333332,52.0,-0.05179166666666646,-52.5034140704762,-51.79166666666646,False,0.0,cued,3,108.0,14,False
sub02,test,3,48,26.6914375,26.698354166666668,53.0,0.0069166666666689025,-46.39783183431204,6.9166666666689025,False,1.0,cued,3,108.0,14,False
sub02,test,3,49,27.247,27.205333333333332,54.0,-0.04166666666666785,-50.78898099582082,-41.66666666666785,False,1.0,cued,3,108.0,14,False
sub02,test,3,50,27.8025625,27.806145833333332,56.0,0.0035833333333314954,-46.50624249764502,3.5833333333314954,False,1.0,cued,3,108.0,14,False
sub02,test,3,51,28.358125,28.323020833333334,58.0,-0.035104166666666714,-54.20771568230027,-35.104166666666714,False,0.0,cued,3,108.0,14,False
sub02,test,3,52,28.9136875,28.910958333333333,59.0,-0.0027291666666684478,-45.3630798402785,-2.7291666666684478,False,1.0,cued,3,108.0,14,False
sub02,test,3,53,29.46925,29.463791666666665,61.0,-0.005458333333333343,-54.797749429409556,-5.458333333333343,False,0.0,cued,3,108.0,14,False
sub02,test,4,0,0.0244375,,,,,,True,,spontaneous,3,108.0,0,False
sub02,test,4,1,0.58,,,,,,True,,spontaneous,3,108.0,0,False
sub02,test,4,2,1.1355625,1.05725,0.0,-0.07831250000000001,-46.25761979042856,-78.3125,False,1.0,spontaneous,3,108.0,0,False
sub02,test,4,3,1.691125,1.6053958333333334,1.0,-0.08572916666666663,-53.30106076780361,-85.72916666666663,False,0.0,spontaneous,3,108.0,0,False
sub02,test,4,4,2.2466875,2.2169583333333334,2.0,-0.029729166666666806,-48.724552645112176,-29.729166666666806,False,1.0,spontaneous,3,108.0,0,False
sub02,test,4,5,2.80225,2.771333333333333,3.0,-0.030916666666666703,-46.96989402118752,-30.916666666666703,False,1.0,spontaneous,3,108.0,0,False
sub02,test,4,6,3.3578125,3.3074583333333334,4.0,-0.0503541666666667,-53.08858984633331,-50.3541666666667,False,0.0,spontaneous,3,108.0,0,False
sub02,test,4,7,3.913375,3.8691458333333335,5.0,-0.04422916666666632,-49.79546066437738,-44.229166666666316,False,0.0,spontaneous,3,108.0,0,False
sub02,test,4,8,4.4689375,4.427895833333333,6.0,-0.04104166666666664,-46.370533122122524,-41.04166666666664,False,1.0,spontaneous,3,108.0,0,False
sub02,test,4,9,5.0245,4.9625208333333335,7.0,-0.06197916666666625,-50.026693714746926,-61.97916666666625,False,0.0,spontaneous,3,108.0,0,False
sub02,test,4,10,5.5800625,5.507666666666666,8.0,-0.0723958333333341,-48.957971721729024,-72.39583333333411,False,1.0,spontaneous,3,108.0,0,False
sub02,test,4,11,6.135625,6.086708333333333,9.0,-0.04891666666666694,-45.5309756329296,-48.91666666666694,False,1.0,spontaneous,3,108.0,0,False
sub02,test,4,12,6.6911875,6.641020833333333,10.0,-0.05016666666666669,-50.615080625352455,-50.16666666666669,False,0.0,spontaneous,3,108.0,0,False
sub02,test,4,13,7.24675,7.2138333333333335,11.0,-0.03291666666666604,-49.76587833344595,-32.91666666666604,False,0.0,spontaneous,3,108.0,0,False
sub02,test,4,14,7.8023125,7.750729166666667,12.0,-0.051583333333333314,-45.8254154058157,-51.583333333333314,False,1.0,spontaneous,3,108.0,0,False
sub02,test,4,15,8.357875,8.374583333333334,13.0,0.01670833333333377,-52.55139610019852,16.70833333333377,False,0.0,spontaneous,3,108.0,0,False
sub02,test,4,16,8.9134375,8.8525,14.0,-0.06093750000000142,-55.91510712458565,-60.93750000000142,False,0.0,spontaneous,3,108.0,0,False
sub02,test,4,17,9.469,9.391770833333334,15.0,-0.07722916666666535,-44.9802091787444,-77.22916666666535,False,1.0,spontaneous,3,108.0,0,False
sub02,test,4,18,10.0245625,9.991541666666667,16.0,-0.0330208333333335,-51.213758002448806,-33.0208333333335,False,0.0,spontaneous,3,108.0,0,False
sub02,test,4,19,10.580125,10.546833333333334,17.0,-0.03329166666666694,-51.4172558039029,-33.29166666666694,False,0.0,spontaneous,3,108.0,0,False
sub02,test,4,20,11.1356875,11.082645833333334,19.0,-0.05304166666666532,-49.48296093120489,-53.04166666666532,False,0.0,spontaneous,3,108.0,0,False
sub02,test,4,21,11.69125,11.760708333333334,20.0,0.0694583333333334,-48.85579052892369,69.4583333333334,False,1.0,spontaneous,3,108.0,0,False
sub02,test,4,22,12.2468125,12.259666666666666,21.0,0.012854166666665279,-44.221318187303666,12.854166666665279,False,1.0,spontaneous,3,108.0,0,False
sub02,test,4,23,12.802375,12.790541666666666,22.0,-0.011833333333333584,-51.34571957364295,-11.833333333333584,False,0.0,spontaneous,3,108.0,0,False
sub02,test,4,24,13.3579375,13.356875,23.0,-0.0010624999999997442,-45.85299725943151,-1.0624999999997442,False,1.0,spontaneous,3,108.0,0,False
sub02,test,4,25,13.9135,13.901645833333333,24.0,-0.01185416666666761,-48.41582668494097,-11.85416666666761,False,1.0,spontaneous,3,108.0,0,False
sub02,test,4,26,14.4690625,14.474229166666667,25.0,0.005166666666667652,-45.87407057137304,5.166666666667652,False,1.0,spontaneous,3,108.0,0,False
sub02,test,4,27,15.024625,15.00825,28.0,-0.01637500000000003,-51.69621950087041,-16.37500000000003,False,0.0,spontaneous,3,108.0,0,False
sub02,test,4,28,15.5801875,15.553083333333333,30.0,-0.02710416666666582,-45.27424387718856,-27.10416666666582,False,1.0,spontaneous,3,108.0,0,False
sub02,test,4,29,16.13575,16.1205,31.0,-0.015250000000001762,-53.46177133585784,-15.250000000001762,False,0.0,spontaneous,3,108.0,0,False
sub02,test,4,30,16.6913125,16.69475,32.0,0.0034375000000004263,-44.90964305130661,3.4375000000004263,False,1.0,spontaneous,3,108.0,0,False
sub02,test,4,31,17.246875,17.203958333333333,34.0,-0.042916666666666714,-53.586629843850304,-42.916666666666714,False,0.0,spontaneous,3,108.0,0,False
sub02,test,4,32,17.8024375,17.791520833333333,36.0,-0.010916666666666686,-45.663964295359264,-10.916666666666686,False,1.0,spontaneous,3,108.0,0,False
sub02,test,4,33,18.358,18.324854166666668,39.0,-0.03314583333333232,-52.33371728901968,-33.14583333333232,False,0.0,spontaneous,3,108.0,0,False
sub02,test,4,34,18.9135625,18.86075,41.0,-0.052812500000001705,-45.62925358272223,-52.812500000001705,False,1.0,spontaneous,3,108.0,0,False
sub02,test,4,35,19.469125,19.417708333333334,42.0,-0.05141666666666467,-53.390006670540046,-51.41666666666467,False,0.0,spontaneous,3,108.0,0,False
sub02,test,4,36,20.0246875,19.965375,43.0,-0.059312499999997215,-45.270394268024994,-59.312499999997215,False,1.0,spontaneous,3,108.0,0,False
sub02,test,4,37,20.58025,20.516166666666667,45.0,-0.0640833333333326,-52.82946396858284,-64.0833333333326,False,0.0,spontaneous,3,108.0,0,False
sub02,test,4,38,21.1358125,21.089645833333332,46.0,-0.04616666666666802,-45.49214451750746,-46.16666666666802,False,1.0,spontaneous,3,108.0,0,False
sub02,test,4,39,21.691375,21.6658125,47.0,-0.02556249999999949,-56.38567570546469,-25.56249999999949,False,0.0,spontaneous,3,108.0,0,False
sub02,test,4,40,22.2469375,22.232354166666667,48.0,-0.01458333333333428,-45.4369635677286,-14.58333333333428,False,1.0,spontaneous,3,108.0,0,False
sub02,test,4,41,22.8025,22.750416666666666,50.0,-0.05208333333333215,-53.97900027096291,-52.08333333333215,False,0.0,spontaneous,3,108.0,0,False
sub02,test,4,42,23.3580625,23.339479166666667,51.0,-0.018583333333332064,-45.18748094129312,-18.583333333332064,False,1.0,spontaneous,3,108.0,0,False
sub02,test,4,43,23.913625,23.887270833333332,52.0,-0.026354166666667567,-57.20754652105347,-26.354166666667567,False,0.0,spontaneous,3,108.0,0,False
sub02,test,4,44,24.4691875,24.466416666666667,53.0,-0.002770833333332945,-44.545025807389095,-2.770833333332945,False,1.0,spontaneous,3,108.0,0,False
sub02,test,4,45,25.02475,25.020875,54.0,-0.003875000000000739,-53.36326283113778,-3.875000000000739,False,0.0,spontaneous,3,108.0,0,False
sub02,test,4,46,25.5803125,25.575354166666667,55.0,-0.004958333333334508,-44.40092206508857,-4.958333333334508,False,1.0,spontaneous,3,108.0,0,False
sub02,test,4,47,26.135875,26.162270833333334,56.0,0.026395833333335617,-61.397051921365104,26.395833333335617,False,0.0,spontaneous,3,108.0,0,False
sub02,test,4,48,26.6914375,26.666270833333332,57.0,-0.025166666666667226,-44.98824019445021,-25.166666666667226,False,1.0,spontaneous,3,108.0,0,False
sub02,test,4,49,27.247,27.21925,59.0,-0.02775000000000105,-52.11041017106075,-27.75000000000105,False,0.0,spontaneous,3,108.0,0,False
sub02,test,4,50,27.8025625,27.810541666666666,60.0,0.007979166666665094,-45.234797863645895,7.979166666665094,False,1.0,spontaneous,3,108.0,0,False
sub02,test,4,51,28.358125,28.304104166666665,61.0,-0.05402083333333607,-51.55264987299796,-54.02083333333607,False,0.0,spontaneous,3,108.0,0,False
sub02,test,4,52,28.9136875,28.884541666666667,63.0,-0.029145833333334537,-45.64417558654018,-29.145833333334537,False,1.0,spontaneous,3,108.0,0,False
sub02,test,4,53,29.46925,29.44975,64.0,-0.019499999999997186,-56.67046934748362,-19.499999999997186,False,0.0,spontaneous,3,108.0,0,False
sub02,test,5,0,0.0244375,0.22185416666666666,0.0,0.19741666666666666,-49.21855450180641,197.41666666666666,False,1.0,cued,2,104.0,12,False
sub02,test,5,1,0.6013541666666666,0.459125,1.0,-0.14222916666666663,-59.90385164368191,-142.22916666666663,False,0.0,cued,2,104.0,12,False
sub02,test,5,2,1.1782708333333334,1.0292291666666666,2.0,-0.14904166666666674,-43.41223051030914,-149.04166666666674,False,1.0,cued,2,104.0,12,False
sub02,test,5,3,1.7551875,1.6721666666666666,4.0,-0.08302083333333332,-52.9262522544749,-83.02083333333331,False,0.0,cued,2,104.0,12,False
sub02,test,5,4,2.332104166666667,2.2525833333333334,5.0,-0.07952083333333348,-43.51690843313081,-79.52083333333348,False,1.0,cued,2,104.0,12,False
sub02,test,5,5,2.9090208333333334,2.8725833333333335,8.0,-0.0364374999999999,-48.338557697484376,-36.4374999999999,False,1.0,cued,2,104.0,12,False
sub02,test,5,6,3.4859375,3.3881666666666668,9.0,-0.09777083333333314,-63.25660535225612,-97.77083333333314,False,0.0,cued,2,104.0,12,False
sub02,test,5,7,4.062854166666667,4.042208333333333,11.0,-0.02064583333333392,-56.962089700964995,-20.64583333333392,False,0.0,cued,2,104.0,12,False
sub02,test,5,8,4.639770833333333,4.5614791666666665,13.0,-0.07829166666666687,-42.855497538342895,-78.29166666666687,False,1.0,cued,2,104.0,12,False
sub02,test,5,9,5.2166875,5.167354166666667,14.0,-0.04933333333333323,-50.94762148445737,-49.33333333333323,False,0.0,cued,2,104.0,12,False
sub02,test,5,10,5.793604166666666,5.757104166666666,15.0,-0.0365000000000002,-44.679771378492575,-36.5000000000002,False,1.0,cued,2,104.0,12,False
sub02,test,5,11,6.370520833333333,6.3075625,16.0,-0.06295833333333256,-54.43807021754673,-62.95833333333256,False,0.0,cued,2,104.0,12,False
sub02,test,5,12,6.9474375,6.880083333333333,17.0,-0.06735416666666705,-44.407692966640894,-67.35416666666706,False,1.0,cued,2,104.0,12,False
sub02,test,5,13,7.524354166666667,7.4835416666666665,18.0,-0.04081250000000036,-51.89610153498566,-40.81250000000036,False,0.0,cued,2,104.0,12,False
sub02,test,5,14,8.101270833333333,8.057791666666667,19.0,-0.04347916666666585,-44.227253583096996,-43.47916666666585,False,1.0,cued,2,104.0,12,False
sub02,test,5,15,8.6781875,8.646958333333334,20.0,-0.031229166666665975,-54.709380887139844,-31.229166666665975,False,0.0,cued,2,104.0,12,False
sub02,test,5,16,9.255104166666667,9.208708333333334,21.0,-0.046395833333333414,-43.51234132497773,-46.395833333333414,False,1.0,cued,2,104.0,12,False
sub02,test,5,17,9.832020833333333,9.7374375,22.0,-0.09458333333333258,-50.126985458396476,-94.58333333333258,False,0.0,cued,2,104.0,12,False
sub02,test,5,18,10.4089375,10.342208333333334,23.0,-0.06672916666666673,-43.13095966215383,-66.72916666666673,False,1.0,cued,2,104.0,12,False
sub02,test,5,19,10.985854166666666,10.910354166666666,24.0,-0.0754999999999999,-50.50321608810775,-75.4999999999999,False,0.0,cued,2,104.0,12,False
sub02,test,5,20,11.562770833333333,11.497041666666666,26.0,-0.06572916666666728,-44.64642213009157,-65.72916666666728,False,1.0,cued,2,104.0,12,False
sub02,test,5,21,12.1396875,12.137770833333333,27.0,-0.001916666666668121,-50.83826348564045,-1.916666666668121,False,0.0,cued,2,104.0,12,False
sub02,test,5,22,12.716604166666666,12.758145833333334,28.0,0.041541666666667254,-48.323227591466534,41.541666666667254,False,1.0,cued,2,104.0,12,False
sub02,test,5,23,13.293520833333334,13.324270833333333,30.0,0.03074999999999939,-49.19651947314422,30.74999999999939,False,1.0,cued,2,104.0,12,False
sub02,test,5,24,13.8704375,13.883166666666666,33.0,0.012729166666666458,-41.85615590123453,12.729166666666458,False,1.0,cued,2,104.0,12,False
sub02,test,5,25,14.447354166666667,14.418208333333334,35.0,-0.02914583333333276,-35.77495583311857,-29.14583333333276,False,1.0,cued,2,104.0,12,False
sub02,test,5,26,15.024270833333333,14.988645833333333,37.0,-0.035624999999999574,-46.627811792909874,-35.624999999999574,False,1.0,cued,2,104.0,12,False
sub02,test,5,27,15.6011875,15.550604166666666,38.0,-0.05058333333333387,-45.5567018968254,-50.58333333333387,False,1.0,cued,2,104.0,12,False
sub02,test,5,28,16.178104166666667,16.108,39.0,-0.07010416666666686,-50.81485260612354,-70.10416666666686,False,0.0,cued,2,104.0,12,False
sub02,test,5,29,16.755020833333333,16.718979166666667,40.0,-0.03604166666666586,-54.00460322978131,-36.04166666666586,False,0.0,cued,2,104.0,12,False
sub02,test,5,30,17.3319375,17.290375,41.0,-0.041562499999997726,-44.03427581508117,-41.562499999997726,False,1.0,cued,2,104.0,12,False
sub02,test,5,31,17.908854166666668,17.854583333333334,42.0,-0.05427083333333371,-49.54411350089017,-54.27083333333371,False,1.0,cued,2,104.0,12,False
sub02,test,5,32,18.485770833333333,18.4276875,43.0,-0.058083333333332376,-49.9575292904261,-58.08333333333238,False,0.0,cued,2,104.0,12,False
sub02,test,5,33,19.0626875,19.015333333333334,44.0,-0.04735416666666481,-47.79290485299671,-47.35416666666481,False,1.0,cued,2,104.0,12,False
sub02,test,5,34,19.63960416666667,19.558,45.0,-0.08160416666666848,-50.69668412772653,-81.60416666666848,False,0.0,cued,2,104.0,12,False
sub02,test,5,35,20.216520833333334,20.140708333333333,46.0,-0.07581250000000139,-49.6613628811243,-75.81250000000139,False,0.0,cued,2,104.0,12,False
sub02,test,5,36,20.7934375,20.742041666666665,47.0,-0.051395833333334195,-44.188705521863056,-51.395833333334195,False,1.0,cued,2,104.0,12,False
sub02,test,5,37,21.370354166666665,21.302083333333332,48.0,-0.06827083333333306,-54.98650104568193,-68.27083333333306,False,0.0,cued,2,104.0,12,False
sub02,test,5,38,21.947270833333334,21.875041666666668,49.0,-0.07222916666666634,-51.32384001144629,-72.22916666666634,False,0.0,cued,2,104.0,12,False
sub02,test,5,39,22.5241875,22.485083333333332,50.0,-0.03910416666666805,-44.856821529389336,-39.10416666666805,False,1.0,cued,2,104.0,12,False
sub02,test,5,40,23.101104166666666,23.082166666666666,51.0,-0.01893749999999983,-53.54194548134871,-18.93749999999983,False,0.0,cued,2,104.0,12,False
sub02,test,5,41,23.678020833333335,23.636,52.0,-0.04202083333333562,-49.99748457472946,-42.02083333333562,False,0.0,cued,2,104.0,12,False
sub02,test,5,42,24.2549375,24.237208333333335,53.0,-0.017729166666665463,-45.10707867628479,-17.729166666665463,False,1.0,cued,2,104.0,12,False
sub02,test,5,43,24.831854166666666,24.793229166666666,54.0,-0.03862499999999969,-54.30987268556419,-38.62499999999969,False,0.0,cued,2,104.0,12,False
sub02,test,5,44,25.40877083333333,25.3395625,55.0,-0.0692083333333322,-51.014411471611886,-69.2083333333322,False,0.0,cued,2,104.0,12,False
sub02,test,5,45,25.9856875,25.975291666666667,56.0,-0.010395833333333826,-45.29063065671358,-10.395833333333826,False,1.0,cued,2,104.0,12,False
sub02,test,5,46,26.562604166666667,26.5588125,57.0,-0.003791666666668192,-53.16669870229771,-3.791666666668192,False,0.0,cued,2,104.0,12,False
sub02,test,5,47,27.139520833333332,27.114104166666667,58.0,-0.025416666666664867,-52.40642300533765,-25.416666666664867,False,0.0,cued,2,104.0,12,False
sub02,test,5,48,27.7164375,27.694729166666665,59.0,-0.021708333333336327,-44.09576955658764,-21.708333333336327,False,1.0,cued,2,104.0,12,False
sub02,test,5,49,28.293354166666667,28.224854166666667,60.0,-0.06850000000000023,-52.64215053338985,-68.50000000000023,False,0.0,cued,2,104.0,12,False
sub02,test,5,50,28.870270833333333,28.8376875,61.0,-0.03258333333333141,-53.538665444378644,-32.58333333333141,False,0.0,cued,2,104.0,12,False
sub02,test,5,51,29.4471875,29.3810625,62.0,-0.06612499999999955,-43.330603898108365,-66.12499999999955,False,1.0,cued,2,104.0,12,False
sub02,test,6,0,0.0244375,,,,,,True,,cued,3,100.0,18,False
sub02,test,6,1,0.6244375,,,,,,True,,cued,3,100.0,18,False
sub02,test,6,2,1.2244375,1.143,0.0,-0.08143750000000005,-42.51856841001267,-81.43750000000006,False,1.0,cued,3,100.0,18,False
sub02,test,6,3,1.8244375,1.7122083333333333,1.0,-0.1122291666666666,-47.35387532405593,-112.2291666666666,False,1.0,cued,3,100.0,18,False
sub02,test,6,4,2.4244375,2.406791666666667,2.0,-0.017645833333332916,-54.2368677516317,-17.645833333332916,False,0.0,cued,3,100.0,18,False
sub02,test,6,5,3.0244375,2.978125,3.0,-0.04631249999999998,-43.96803693290367,-46.31249999999998,False,1.0,cued,3,100.0,18,False
sub02,test,6,6,3.6244375,3.57925,4.0,-0.045187499999999936,-50.95626739852079,-45.187499999999936,False,0.0,cued,3,100.0,18,False
sub02,test,6,7,4.2244375,4.177604166666667,5.0,-0.04683333333333284,-49.96385996928402,-46.83333333333284,False,1.0,cued,3,100.0,18,False
sub02,test,6,8,4.8244375,4.800208333333333,6.0,-0.02422916666666719,-44.233462360972034,-24.22916666666719,False,1.0,cued,3,100.0,18,False
sub02,test,6,9,5.4244375,5.342645833333333,7.0,-0.0817916666666667,-50.93509462068346,-81.79166666666671,False,0.0,cued,3,100.0,18,False
sub02,test,6,10,6.0244375,6.00325,9.0,-0.021187499999999915,-50.25642530334251,-21.187499999999915,False,0.0,cued,3,100.0,18,False
sub02,test,6,11,6.6244375,6.585729166666667,10.0,-0.03870833333333312,-43.72174944884617,-38.70833333333312,False,1.0,cued,3,100.0,18,False
sub02,test,6,12,7.2244375,7.213479166666667,11.0,-0.010958333333332959,-53.03367336510716,-10.95833333333296,False,0.0,cued,3,100.0,18,False
sub02,test,6,13,7.8244375,7.812020833333333,12.0,-0.012416666666666742,-53.86887806578141,-12.416666666666742,False,0.0,cued,3,100.0,18,False
sub02,test,6,14,8.4244375,8.355979166666666,13.0,-0.06845833333333395,-44.096389854564,-68.45833333333395,False,1.0,cued,3,100.0,18,False
sub02,test,6,15,9.0244375,8.963770833333333,14.0,-0.0606666666666662,-54.66209747414017,-60.6666666666662,False,0.0,cued,3,100.0,18,False
sub02,test,6,16,9.6244375,9.606270833333333,15.0,-0.018166666666667552,-51.84120523387928,-18.166666666667552,False,0.0,cued,3,100.0,18,False
sub02,test,6,17,10.2244375,10.183770833333334,16.0,-0.04066666666666663,-44.99133080384266,-40.66666666666663,False,1.0,cued,3,100.0,18,False
sub02,test,6,18,10.8244375,10.798625,17.0,-0.025812500000000682,-53.41815911907219,-25.812500000000682,False,0.0,cued,3,100.0,18,False
sub02,test,6,19,11.4244375,11.404479166666667,18.0,-0.0199583333333333,-51.601731677719954,-19.9583333333333,False,0.0,cued,3,100.0,18,False
sub02,test,6,20,12.0244375,11.953958333333333,19.0,-0.07047916666666687,-44.53767237570129,-70.47916666666687,False,1.0,cued,3,100.0,18,False
sub02,test,6,21,12.6244375,12.591833333333334,20.0,-0.03260416666666721,-54.669337975446275,-32.60416666666721,False,0.0,cued,3,100.0,18,False
sub02,test,6,22,13.2244375,13.1895625,21.0,-0.03487500000000132,-54.75503781791386,-34.87500000000132,False,0.0,cued,3,100.0,18,False
sub02,test,6,23,13.8244375,13.781979166666666,22.0,-0.04245833333333415,-46.453520385935974,-42.45833333333415,False,1.0,cued,3,100.0,18,False
sub02,test,6,24,14.4244375,14.3935625,23.0,-0.030874999999999986,-54.29699769768932,-30.874999999999986,False,0.0,cued,3,100.0,18,False
sub02,test,6,25,15.0244375,14.990895833333333,24.0,-0.03354166666666636,-51.7508848570495,-33.54166666666636,False,0.0,cued,3,100.0,18,False
sub02,test,6,26,15.6244375,15.5769375,25.0,-0.04750000000000121,-46.041773922095295,-47.50000000000121,False,1.0,cued,3,100.0,18,False
sub02,test,6,27,16.2244375,16.189916666666665,26.0,-0.03452083333333533,-51.4114004865051,-34.52083333333533,False,0.0,cued,3,100.0,18,False
sub02,test,6,28,16.8244375,16.8179375,27.0,-0.006499999999999062,-49.14456983724904,-6.499999999999062,False,1.0,cued,3,100.0,18,False
sub02,test,6,29,17.4244375,17.355958333333334,28.0,-0.0684791666666662,-44.103563120098876,-68.4791666666662,False,1.0,cued,3,100.0,18,False
sub02,test,6,30,18.0244375,18.018291666666666,29.0,-0.006145833333334849,-52.33425275720294,-6.145833333334849,False,0.0,cued,3,100.0,18,False
sub02,test,6,31,18.6244375,18.595354166666667,30.0,-0.02908333333333246,-50.215735179809464,-29.08333333333246,False,0.0,cued,3,100.0,18,False
sub02,test,6,32,19.2244375,19.172020833333335,31.0,-0.05241666666666589,-48.419993364045894,-52.41666666666589,False,1.0,cued,3,100.0,18,False
sub02,test,6,33,19.8244375,19.841854166666668,32.0,0.0174166666666693,-50.60522468838474,17.4166666666693,False,0.0,cued,3,100.0,18,False
sub02,test,6,34,20.4244375,20.4228125,33.0,-0.0016250000000006537,-42.86086815640647,-1.6250000000006537,False,1.0,cued,3,100.0,18,False
sub02,test,6,35,21.0244375,21.022354166666666,34.0,-0.0020833333333349913,-51.08238833424589,-2.0833333333349913,False,0.0,cued,3,100.0,18,False
sub02,test,6,36,21.6244375,21.596166666666665,35.0,-0.02827083333333391,-43.733500994027864,-28.27083333333391,False,1.0,cued,3,100.0,18,False
sub02,test,6,37,22.2244375,22.229395833333335,36.0,0.004958333333334508,-50.11936442117793,4.958333333334508,False,1.0,cued,3,100.0,18,False
sub02,test,6,38,22.8244375,22.769083333333334,38.0,-0.05535416666666393,-44.5469747119234,-55.35416666666393,False,1.0,cued,3,100.0,18,False
sub02,test,6,39,23.4244375,23.352875,39.0,-0.07156249999999886,-50.58637891486039,-71.56249999999886,False,0.0,cued,3,100.0,18,False
sub02,test,6,40,24.0244375,23.956041666666668,40.0,-0.06839583333333366,-45.86061877424329,-68.39583333333366,False,1.0,cued,3,100.0,18,False
sub02,test,6,41,24.6244375,24.551291666666668,42.0,-0.07314583333333147,-47.93866845591051,-73.14583333333147,False,1.0,cued,3,100.0,18,False
sub02,test,6,42,25.2244375,25.219395833333333,43.0,-0.005041666666667055,-44.967488626048365,-5.041666666667055,False,1.0,cued,3,100.0,18,False
sub02,test,6,43,25.8244375,25.80516666666667,44.0,-0.019270833333330017,-51.11553304314181,-19.270833333330017,False,0.0,cued,3,100.0,18,False
sub02,test,6,44,26.4244375,26.381833333333333,45.0,-0.042604166666667,-45.07995633449583,-42.604166666667,False,1.0,cued,3,100.0,18,False
sub02,test,6,45,27.0244375,27.0015625,46.0,-0.022875000000002643,-52.62471589455487,-22.875000000002643,False,0.0,cued,3,100.0,18,False
sub02,test,6,46,27.6244375,27.61766666666667,47.0,-0.006770833333330728,-46.59972041323182,-6.770833333330728,False,1.0,cued,3,100.0,18,False
sub02,test,6,47,28.2244375,28.158583333333333,48.0,-0.06585416666666788,-51.19796499989887,-65.85416666666788,False,0.0,cued,3,100.0,18,False
sub02,test,6,48,28.8244375,28.808958333333333,50.0,-0.015479166666665378,-46.13887304278717,-15.479166666665378,False,1.0,cued,3,100.0,18,False
sub02,test,6,49,29.4244375,29.427125,51.0,0.002687500000000398,-51.67591094127885,2.687500000000398,False,0.0,cued,3,100.0,18,False
sub02,test,7,0,0.0244375,0.1861875,0.0,0.16175,-52.12708168358403,161.75,False,0.0,spontaneous,2,116.0,0,False
sub02,test,7,1,0.5416875,0.6933541666666667,1.0,0.15166666666666673,-61.129536825126216,151.6666666666667,False,0.0,spontaneous,2,116.0,0,False
sub02,test,7,2,1.0589375,1.0628125,2.0,0.003874999999999851,-44.46312333633786,3.874999999999851,False,1.0,spontaneous,2,116.0,0,False
sub02,test,7,3,1.5761875,1.5456458333333334,3.0,-0.03054166666666669,-54.39352449248214,-30.54166666666669,False,0.0,spontaneous,2,116.0,0,False
sub02,test,7,4,2.0934375,2.076979166666667,4.0,-0.01645833333333302,-46.646651126899634,-16.45833333333302,False,1.0,spontaneous,2,116.0,0,False
sub02,test,7,5,2.6106875,2.617125,5.0,0.006437500000000096,-56.05572046343423,6.437500000000096,False,0.0,spontaneous,2,116.0,0,False
sub02,test,7,6,3.1279375,3.1084375,6.0,-0.01949999999999985,-45.31324197139118,-19.49999999999985,False,1.0,spontaneous,2,116.0,0,False
sub02,test,7,7,3.6451875,3.6490625,7.0,0.003874999999999851,-54.28056762169074,3.874999999999851,False,0.0,spontaneous,2,116.0,0,False
sub02,test,7,8,4.1624375,4.1397916666666665,8.0,-0.022645833333333698,-43.91439185939863,-22.645833333333698,False,1.0,spontaneous,2,116.0,0,False
sub02,test,7,9,4.6796875,4.662520833333334,9.0,-0.01716666666666633,-54.98040565719962,-17.16666666666633,False,0.0,spontaneous,2,116.0,0,False
sub02,test,7,10,5.1969375,5.1723333333333334,10.0,-0.024604166666666316,-44.367287603691274,-24.604166666666316,False,1.0,spontaneous,2,116.0,0,False
sub02,test,7,11,5.7141875,5.705625,11.0,-0.008562500000000028,-52.25477919252488,-8.562500000000028,False,0.0,spontaneous,2,116.0,0,False
sub02,test,7,12,6.2314375,6.2225625,12.0,-0.008874999999999744,-45.36767081207486,-8.874999999999744,False,1.0,spontaneous,2,116.0,0,False
sub02,test,7,13,6.7486875,6.757583333333334,13.0,0.00889583333333377,-53.85229474597098,8.89583333333377,False,0.0,spontaneous,2,116.0,0,False
sub02,test,7,14,7.2659375,7.25125,14.0,-0.014687499999999964,-43.63157994955717,-14.687499999999964,False,1.0,spontaneous,2,116.0,0,False
sub02,test,7,15,7.7831875,7.7756875,15.0,-0.007500000000000284,-51.474440044491985,-7.500000000000284,False,0.0,spontaneous,2,116.0,0,False
sub02,test,7,16,8.3004375,8.288125,16.0,-0.012312499999998394,-44.046733388806956,-12.312499999998394,False,1.0,spontaneous,2,116.0,0,False
sub02,test,7,17,8.8176875,8.859270833333333,17.0,0.04158333333333353,-49.854983394558914,41.58333333333353,False,1.0,spontaneous,2,116.0,0,False
sub02,test,7,18,9.3349375,9.3420625,18.0,0.00712500000000027,-48.37990844882438,7.12500000000027,False,1.0,spontaneous,2,116.0,0,False
sub02,test,7,19,9.8521875,9.901770833333334,20.0,0.04958333333333442,-50.90205535662606,49.58333333333442,False,0.0,spontaneous,2,116.0,0,False
sub02,test,7,20,10.3694375,10.408270833333333,21.0,0.03883333333333283,-46.78618927198271,38.83333333333283,False,1.0,spontaneous,2,116.0,0,False
sub02,test,7,21,10.8866875,10.941416666666667,24.0,0.054729166666666273,-48.770706581880845,54.72916666666627,False,1.0,spontaneous,2,116.0,0,False
sub02,test,7,22,11.4039375,11.419854166666667,26.0,0.015916666666667467,-46.223610041716164,15.916666666667467,False,1.0,spontaneous,2,116.0,0,False
sub02,test,7,23,11.9211875,11.912291666666667,28.0,-0.00889583333333377,-49.0359192292574,-8.89583333333377,False,1.0,spontaneous,2,116.0,0,False
sub02,test,7,24,12.4384375,12.4289375,30.0,-0.009499999999999176,-54.89776279334534,-9.499999999999176,False,0.0,spontaneous,2,116.0,0,False
sub02,test,7,25,12.9556875,12.931708333333333,31.0,-0.023979166666666885,-43.572478534485285,-23.979166666666885,False,1.0,spontaneous,2,116.0,0,False
sub02,test,7,26,13.4729375,13.488270833333333,32.0,0.015333333333332533,-50.75579275478492,15.333333333332533,False,1.0,spontaneous,2,116.0,0,False
sub02,test,7,27,13.9901875,13.9921875,33.0,0.002000000000000668,-51.43852995095156,2.000000000000668,False,0.0,spontaneous,2,116.0,0,False
sub02,test,7,28,14.5074375,14.499270833333334,34.0,-0.00816666666666599,-45.27336723045991,-8.16666666666599,False,1.0,spontaneous,2,116.0,0,False
sub02,test,7,29,15.0246875,15.003916666666667,35.0,-0.020770833333333627,-53.59750938102298,-20.770833333333627,False,0.0,spontaneous,2,116.0,0,False
sub02,test,7,30,15.5419375,15.5256875,37.0,-0.01624999999999943,-54.570927438625716,-16.24999999999943,False,0.0,spontaneous,2,116.0,0,False
sub02,test,7,31,16.0591875,16.044583333333332,38.0,-0.014604166666668306,-43.99618140012072,-14.604166666668306,False,1.0,spontaneous,2,116.0,0,False
sub02,test,7,32,16.5764375,16.560291666666668,39.0,-0.01614583333333286,-53.62831668988883,-16.14583333333286,False,0.0,spontaneous,2,116.0,0,False
sub02,test,7,33,17.0936875,17.044208333333334,40.0,-0.04947916666666785,-51.014549471806234,-49.47916666666785,False,0.0,spontaneous,2,116.0,0,False
sub02,test,7,34,17.6109375,17.60033333333333,41.0,-0.01060416666666697,-44.55545873462753,-10.60416666666697,False,1.0,spontaneous,2,116.0,0,False
sub02,test,7,35,18.1281875,18.1496875,42.0,0.02149999999999963,-53.814331175861085,21.49999999999963,False,0.0,spontaneous,2,116.0,0,False
sub02,test,7,36,18.6454375,18.633958333333332,43.0,-0.011479166666667595,-55.247805183369636,-11.479166666667595,False,0.0,spontaneous,2,116.0,0,False
sub02,test,7,37,19.1626875,19.166166666666665,44.0,0.0034791666666649235,-43.19752148716306,3.4791666666649235,False,1.0,spontaneous,2,116.0,0,False
sub02,test,7,38,19.6799375,19.6953125,45.0,0.015374999999998806,-54.942749530772225,15.374999999998806,False,0.0,spontaneous,2,116.0,0,False
sub02,test,7,39,20.1971875,20.1766875,46.0,-0.02049999999999841,-53.2090994758805,-20.49999999999841,False,0.0,spontaneous,2,116.0,0,False
sub02,test,7,40,20.7144375,20.680479166666668,47.0,-0.03395833333333087,-44.714846401723456,-33.95833333333087,False,1.0,spontaneous,2,116.0,0,False
sub02,test,7,41,21.2316875,21.2209375,48.0,-0.010749999999998039,-51.419067386532106,-10.749999999998039,False,0.0,spontaneous,2,116.0,0,False
sub02,test,7,42,21.7489375,21.706083333333332,49.0,-0.04285416666666819,-51.346934523490106,-42.85416666666819,False,0.0,spontaneous,2,116.0,0,False
sub02,test,7,43,22.2661875,22.216083333333334,50.0,-0.05010416666666728,-44.6316007223468,-50.10416666666728,False,1.0,spontaneous,2,116.0,0,False
sub02,test,7,44,22.7834375,22.749604166666668,51.0,-0.033833333333333826,-50.462197109556556,-33.833333333333826,False,1.0,spontaneous,2,116.0,0,False
sub02,test,7,45,23.3006875,23.263229166666665,52.0,-0.03745833333333337,-55.222786983875274,-37.45833333333337,False,0.0,spontaneous,2,116.0,0,False
sub02,test,7,46,23.8179375,23.802270833333335,54.0,-0.015666666666664497,-44.9180458091339,-15.666666666664497,False,1.0,spontaneous,2,116.0,0,False
sub02,test,7,47,24.3351875,24.333333333333332,55.0,-0.0018541666666678225,-51.92120828918783,-1.8541666666678225,False,0.0,spontaneous,2,116.0,0,False
sub02,test,7,48,24.8524375,24.7946875,56.0,-0.05775000000000219,-53.776899303697014,-57.75000000000219,False,0.0,spontaneous,2,116.0,0,False
sub02,test,7,49,25.3696875,25.335708333333333,57.0,-0.03397916666666845,-44.79267660461389,-33.97916666666845,False,1.0,spontaneous,2,116.0,0,False
sub02,test,7,50,25.8869375,25.841520833333334,58.0,-0.04541666666666444,-49.83341205288237,-45.41666666666444,False,1.0,spontaneous,2,116.0,0,False
sub02,test,7,51,26.4041875,26.39425,59.0,-0.009937499999999488,-52.85886233214681,-9.937499999999488,False,0.0,spontaneous,2,116.0,0,False
sub02,test,7,52,26.9214375,26.903395833333335,60.0,-0.01804166666666518,-43.21022424078262,-18.04166666666518,False,1.0,spontaneous,2,116.0,0,False
sub02,test,7,53,27.4386875,27.435583333333334,61.0,-0.0031041666666666856,-53.28500596253714,-3.1041666666666856,False,0.0,spontaneous,2,116.0,0,False
sub02,test,7,54,27.9559375,27.942875,62.0,-0.013062500000000199,-54.52973480120902,-13.062500000000199,False,0.0,spontaneous,2,116.0,0,False
sub02,test,7,55,28.4731875,28.433479166666668,63.0,-0.039708333333333456,-44.23650715255539,-39.70833333333346,False,1.0,spontaneous,2,116.0,0,False
sub02,test,7,56,28.9904375,28.996229166666666,64.0,0.0057916666666670835,-51.21241888455509,5.7916666666670835,False,0.0,spontaneous,2,116.0,0,False
sub02,test,8,0,0.0244375,,,,,,True,,spontaneous,2,108.0,0,False
sub02,test,8,1,0.58,,,,,,True,,spontaneous,2,108.0,0,False
sub02,test,8,2,1.1355625,0.9871458333333333,0.0,-0.14841666666666675,-48.080115930548374,-148.41666666666674,False,1.0,spontaneous,2,108.0,0,False
sub02,test,8,3,1.691125,1.6348541666666667,1.0,-0.05627083333333327,-53.13715285847931,-56.27083333333327,False,0.0,spontaneous,2,108.0,0,False
sub02,test,8,4,2.2466875,2.1958125,2.0,-0.050875000000000004,-44.891666294379235,-50.875,False,1.0,spontaneous,2,108.0,0,False
sub02,test,8,5,2.80225,2.808104166666667,3.0,0.005854166666666938,-56.9928309020697,5.854166666666938,False,0.0,spontaneous,2,108.0,0,False
sub02,test,8,6,3.3578125,3.3348958333333334,4.0,-0.022916666666666696,-43.65819361424447,-22.916666666666696,False,1.0,spontaneous,2,108.0,0,False
sub02,test,8,7,3.913375,3.94975,5.0,0.036375000000000046,-61.40914970748918,36.37500000000004,False,0.0,spontaneous,2,108.0,0,False
sub02,test,8,8,4.4689375,4.454416666666667,6.0,-0.014520833333333094,-44.133924040809596,-14.520833333333094,False,1.0,spontaneous,2,108.0,0,False
sub02,test,8,9,5.0245,5.003333333333333,7.0,-0.021166666666666778,-54.234590087548035,-21.166666666666778,False,0.0,spontaneous,2,108.0,0,False
sub02,test,8,10,5.5800625,5.510354166666667,8.0,-0.0697083333333337,-44.26630662022136,-69.70833333333371,False,1.0,spontaneous,2,108.0,0,False
sub02,test,8,11,6.135625,6.1334375,9.0,-0.002187499999999787,-58.78212405953437,-2.187499999999787,False,0.0,spontaneous,2,108.0,0,False
sub02,test,8,12,6.6911875,6.630541666666667,10.0,-0.060645833333333066,-45.621301529838306,-60.645833333333066,False,1.0,spontaneous,2,108.0,0,False
sub02,test,8,13,7.24675,7.250083333333333,11.0,0.0033333333333338544,-50.57556868377954,3.3333333333338544,False,0.0,spontaneous,2,108.0,0,False
sub02,test,8,14,7.8023125,7.815333333333333,12.0,0.013020833333333037,-45.60992640170269,13.020833333333037,False,1.0,spontaneous,2,108.0,0,False
sub02,test,8,15,8.357875,8.338916666666666,13.0,-0.018958333333333854,-54.68775941970898,-18.958333333333854,False,0.0,spontaneous,2,108.0,0,False
sub02,test,8,16,8.9134375,8.858708333333333,14.0,-0.05472916666666805,-45.10192760670463,-54.72916666666805,False,1.0,spontaneous,2,108.0,0,False
sub02,test,8,17,9.469,9.489666666666666,15.0,0.020666666666667055,-54.12427334641514,20.666666666667055,False,0.0,spontaneous,2,108.0,0,False
sub02,test,8,18,10.0245625,10.0021875,16.0,-0.022375000000000256,-46.23669173743771,-22.375000000000256,False,1.0,spontaneous,2,108.0,0,False
sub02,test,8,19,10.580125,10.568145833333332,18.0,-0.011979166666668206,-49.03388939373349,-11.979166666668206,False,1.0,spontaneous,2,108.0,0,False
sub02,test,8,20,11.1356875,11.161833333333334,20.0,0.026145833333334423,-45.562242737530866,26.145833333334423,False,1.0,spontaneous,2,108.0,0,False
sub02,test,8,21,11.69125,11.692895833333333,21.0,0.0016458333333329023,-55.518839003060734,1.6458333333329023,False,0.0,spontaneous,2,108.0,0,False
sub02,test,8,22,12.2468125,12.252458333333333,22.0,0.005645833333332462,-44.56038929826575,5.645833333332462,False,1.0,spontaneous,2,108.0,0,False
sub02,test,8,23,12.802375,12.8465,23.0,0.04412500000000108,-50.450005135637554,44.12500000000108,False,0.0,spontaneous,2,108.0,0,False
sub02,test,8,24,13.3579375,13.357166666666666,25.0,-0.0007708333333340533,-49.784618120150945,-0.7708333333340533,False,0.0,spontaneous,2,108.0,0,False
sub02,test,8,25,13.9135,13.9180625,26.0,0.004562499999998693,-48.53799763292045,4.562499999998693,False,1.0,spontaneous,2,108.0,0,False
sub02,test,8,26,14.4690625,14.439395833333334,27.0,-0.02966666666666562,-45.10602069608546,-29.66666666666562,False,1.0,spontaneous,2,108.0,0,False
sub02,test,8,27,15.024625,15.00575,28.0,-0.01887499999999953,-50.074799789185285,-18.87499999999953,False,0.0,spontaneous,2,108.0,0,False
sub02,test,8,28,15.5801875,15.560520833333333,29.0,-0.019666666666665833,-54.78789759437386,-19.666666666665833,False,0.0,spontaneous,2,108.0,0,False
sub02,test,8,29,16.13575,16.110270833333335,30.0,-0.02547916666666694,-44.06366535785001,-25.47916666666694,False,1.0,spontaneous,2,108.0,0,False
sub02,test,8,30,16.6913125,16.679270833333334,31.0,-0.012041666666664952,-51.123301150205634,-12.041666666664952,False,0.0,spontaneous,2,108.0,0,False
sub02,test,8,31,17.246875,17.215416666666666,32.0,-0.031458333333333144,-49.122867722932696,-31.458333333333144,False,1.0,spontaneous,2,108.0,0,False
sub02,test,8,32,17.8024375,17.814833333333333,33.0,0.012395833333332718,-44.644207075011586,12.395833333332718,False,1.0,spontaneous,2,108.0,0,False
sub02,test,8,33,18.358,18.3475625,34.0,-0.010437500000001876,-55.96393379207555,-10.437500000001876,False,0.0,spontaneous,2,108.0,0,False
sub02,test,8,34,18.9135625,18.850395833333334,35.0,-0.06316666666666748,-52.651841654626416,-63.16666666666748,False,0.0,spontaneous,2,108.0,0,False
sub02,test,8,35,19.469125,19.428333333333335,36.0,-0.04079166666666367,-43.69731697774639,-40.79166666666367,False,1.0,spontaneous,2,108.0,0,False
sub02,test,8,36,20.0246875,19.9704375,37.0,-0.05424999999999969,-51.87300684593612,-54.24999999999969,False,0.0,spontaneous,2,108.0,0,False
sub02,test,8,37,20.58025,20.528895833333333,38.0,-0.051354166666666146,-53.714875645680955,-51.354166666666146,False,0.0,spontaneous,2,108.0,0,False
sub02,test,8,38,21.1358125,21.086791666666667,39.0,-0.04902083333333351,-43.30820948942858,-49.02083333333351,False,1.0,spontaneous,2,108.0,0,False
sub02,test,8,39,21.691375,21.6571875,40.0,-0.03418750000000159,-51.67310209342403,-34.18750000000159,False,0.0,spontaneous,2,108.0,0,False
sub02,test,8,40,22.2469375,22.208083333333335,41.0,-0.038854166666666856,-49.207269940800785,-38.854166666666856,False,0.0,spontaneous,2,108.0,0,False
sub02,test,8,41,22.8025,22.770104166666666,43.0,-0.03239583333333229,-45.59133273008826,-32.39583333333229,False,1.0,spontaneous,2,108.0,0,False
sub02,test,8,42,23.3580625,23.332916666666666,44.0,-0.0251458333333332,-50.34351333029267,-25.1458333333332,False,0.0,spontaneous,2,108.0,0,False
sub02,test,8,43,23.913625,23.919,45.0,0.005375000000000796,-48.697890097992214,5.375000000000796,False,1.0,spontaneous,2,108.0,0,False
sub02,test,8,44,24.4691875,24.4669375,46.0,-0.0022500000000000853,-44.72878231314179,-2.2500000000000853,False,1.0,spontaneous,2,108.0,0,False
sub02,test,8,45,25.02475,25.0206875,47.0,-0.004062499999999858,-51.77215469296687,-4.062499999999858,False,0.0,spontaneous,2,108.0,0,False
sub02,test,8,46,25.5803125,25.54375,48.0,-0.036562500000002274,-58.92933990780057,-36.562500000002274,False,0.0,spontaneous,2,108.0,0,False
sub02,test,8,47,26.135875,26.116083333333332,49.0,-0.01979166666666643,-45.822065539978766,-19.79166666666643,False,1.0,spontaneous,2,108.0,0,False
sub02,test,8,48,26.6914375,26.704479166666665,50.0,0.013041666666666174,-51.14061485836129,13.041666666666174,False,0.0,spontaneous,2,108.0,0,False
sub02,test,8,49,27.247,27.2126875,51.0,-0.034312499999998636,-50.78966664715984,-34.312499999998636,False,0.0,spontaneous,2,108.0,0,False
sub02,test,8,50,27.8025625,27.771333333333335,53.0,-0.031229166666665975,-44.84349117222311,-31.229166666665975,False,1.0,spontaneous,2,108.0,0,False
sub02,test,8,51,28.358125,28.3429375,54.0,-0.015187499999999687,-49.22247443754702,-15.187499999999687,False,0.0,spontaneous,2,108.0,0,False
sub02,test,8,52,28.9136875,28.889729166666665,55.0,-0.023958333333336412,-49.037310114990674,-23.958333333336412,False,1.0,spontaneous,2,108.0,0,False
sub02,test,8,53,29.46925,29.43375,56.0,-0.03549999999999898,-47.22150955300019,-35.49999999999898,False,1.0,spontaneous,2,108.0,0,False
sub02,test,9,0,0.0244375,,,,,,True,,spontaneous,2,120.0,0,False
sub02,test,9,1,0.5244375,0.446375,0.0,-0.07806249999999998,-47.85796589752582,-78.06249999999999,False,1.0,spontaneous,2,120.0,0,False
sub02,test,9,2,1.0244375,0.9966041666666666,1.0,-0.027833333333333266,-51.59758838490595,-27.833333333333265,False,0.0,spontaneous,2,120.0,0,False
sub02,test,9,3,1.5244375,1.4546875,2.0,-0.06974999999999998,-44.319745744259464,-69.74999999999997,False,1.0,spontaneous,2,120.0,0,False
sub02,test,9,4,2.0244375,1.9765208333333333,3.0,-0.04791666666666661,-49.16167961182352,-47.91666666666661,False,0.0,spontaneous,2,120.0,0,False
sub02,test,9,5,2.5244375,2.4760625,4.0,-0.04837500000000006,-42.84673799666167,-48.37500000000006,False,1.0,spontaneous,2,120.0,0,False
sub02,test,9,6,3.0244375,3.0433541666666666,5.0,0.018916666666666693,-55.31077503359445,18.916666666666693,False,0.0,spontaneous,2,120.0,0,False
sub02,test,9,7,3.5244375,3.5009791666666668,6.0,-0.023458333333333137,-44.17286545657379,-23.458333333333137,False,1.0,spontaneous,2,120.0,0,False
sub02,test,9,8,4.0244375,4.013916666666667,7.0,-0.010520833333333535,-51.80359856180549,-10.520833333333535,False,0.0,spontaneous,2,120.0,0,False
sub02,test,9,9,4.5244375,4.487895833333333,8.0,-0.03654166666666736,-44.902941060460826,-36.54166666666736,False,1.0,spontaneous,2,120.0,0,False
sub02,test,9,10,5.0244375,4.995229166666666,10.0,-0.029208333333333947,-50.9497329306383,-29.208333333333947,False,0.0,spontaneous,2,120.0,0,False
sub02,test,9,11,5.5244375,5.469541666666666,11.0,-0.05489583333333403,-43.0981591172909,-54.89583333333403,False,1.0,spontaneous,2,120.0,0,False
sub02,test,9,12,6.0244375,6.045125,12.0,0.020687499999999304,-47.87069685706843,20.687499999999304,False,1.0,spontaneous,2,120.0,0,False
sub02,test,9,13,6.5244375,6.5085625,13.0,-0.015875000000000306,-46.167571319820404,-15.875000000000306,False,1.0,spontaneous,2,120.0,0,False
sub02,test,9,14,7.0244375,7.031333333333333,14.0,0.006895833333333101,-47.584118741014336,6.895833333333101,False,1.0,spontaneous,2,120.0,0,False
sub02,test,9,15,7.5244375,7.552333333333333,15.0,0.02789583333333301,-45.17999354698185,27.89583333333301,False,1.0,spontaneous,2,120.0,0,False
sub02,test,9,16,8.0244375,8.0405625,16.0,0.01612500000000061,-45.24595454160072,16.12500000000061,False,1.0,spontaneous,2,120.0,0,False
sub02,test,9,17,8.5244375,8.547625,17.0,0.023187500000000583,-45.30516713958947,23.187500000000583,False,1.0,spontaneous,2,120.0,0,False
sub02,test,9,18,9.0244375,9.037854166666667,18.0,0.013416666666667965,-46.94620155226191,13.416666666667965,False,1.0,spontaneous,2,120.0,0,False
sub02,test,9,19,9.5244375,9.488291666666667,19.0,-0.03614583333333243,-44.56062041233505,-36.14583333333243,False,1.0,spontaneous,2,120.0,0,False
sub02,test,9,20,10.0244375,10.035729166666666,20.0,0.0112916666666667,-47.811688615052475,11.2916666666667,False,1.0,spontaneous,2,120.0,0,False
sub02,test,9,21,10.5244375,10.505666666666666,21.0,-0.01877083333333296,-45.30944361452133,-18.77083333333296,False,1.0,spontaneous,2,120.0,0,False
sub02,test,9,22,11.0244375,11.001916666666666,22.0,-0.0225208333333331,-48.291296572731,-22.5208333333331,False,0.0,spontaneous,2,120.0,0,False
sub02,test,9,23,11.5244375,11.523604166666667,23.0,-0.0008333333333325754,-48.854376279970424,-0.8333333333325754,False,0.0,spontaneous,2,120.0,0,False
sub02,test,9,24,12.0244375,12.010041666666666,24.0,-0.014395833333333385,-43.19157656323016,-14.395833333333385,False,1.0,spontaneous,2,120.0,0,False
sub02,test,9,25,12.5244375,12.514291666666667,25.0,-0.010145833333332632,-46.44806502132394,-10.145833333332632,False,1.0,spontaneous,2,120.0,0,False
sub02,test,9,26,13.0244375,13.027229166666666,26.0,0.00279166666666697,-48.93758248759271,2.79166666666697,False,0.0,spontaneous,2,120.0,0,False
sub02,test,9,27,13.5244375,13.51,27.0,-0.014437499999999659,-42.43373891600573,-14.437499999999659,False,1.0,spontaneous,2,120.0,0,False
sub02,test,9,28,14.0244375,14.011666666666667,28.0,-0.012770833333332732,-53.909412110524634,-12.770833333332732,False,0.0,spontaneous,2,120.0,0,False
sub02,test,9,29,14.5244375,14.499729166666667,29.0,-0.024708333333332888,-49.20695414430039,-24.708333333332888,False,0.0,spontaneous,2,120.0,0,False
sub02,test,9,30,15.0244375,15.0044375,30.0,-0.019999999999999574,-43.40392083993078,-19.999999999999574,False,1.0,spontaneous,2,120.0,0,False
sub02,test,9,31,15.5244375,15.5210625,31.0,-0.003375000000000128,-50.3896939362742,-3.375000000000128,False,0.0,spontaneous,2,120.0,0,False
sub02,test,9,32,16.0244375,16.0240625,32.0,-0.00037500000000179057,-51.85237064439405,-0.37500000000179057,False,0.0,spontaneous,2,120.0,0,False
sub02,test,9,33,16.5244375,16.4933125,33.0,-0.031125000000002956,-43.15546580984733,-31.125000000002956,False,1.0,spontaneous,2,120.0,0,False
sub02,test,9,34,17.0244375,17.006083333333333,34.0,-0.018354166666668448,-51.326518022033135,-18.354166666668448,False,0.0,spontaneous,2,120.0,0,False
sub02,test,9,35,17.5244375,17.482458333333334,35.0,-0.04197916666666757,-52.078382986289895,-41.97916666666757,False,0.0,spontaneous,2,120.0,0,False
sub02,test,9,36,18.0244375,17.9740625,36.0,-0.0503750000000025,-43.73156781733802,-50.3750000000025,False,1.0,spontaneous,2,120.0,0,False
sub02,test,9,37,18.5244375,18.485833333333332,37.0,-0.038604166666669215,-50.56377415450573,-38.604166666669215,False,0.0,spontaneous,2,120.0,0,False
sub02,test,9,38,19.0244375,18.9971875,38.0,-0.027250000000002217,-53.13384325862831,-27.250000000002217,False,0.0,spontaneous,2,120.0,0,False
sub02,test,9,39,19.5244375,19.478770833333332,39.0,-0.04566666666666919,-43.585915050024404,-45.66666666666919,False,1.0,spontaneous,2,120.0,0,False
sub02,test,9,40,20.0244375,19.994645833333333,40.0,-0.029791666666667993,-49.58826063347766,-29.791666666667993,False,0.0,spontaneous,2,120.0,0,False
sub02,test,9,41,20.5244375,20.504041666666666,41.0,-0.02039583333333539,-50.734545701358726,-20.39583333333539,False,0.0,spontaneous,2,120.0,0,False
sub02,test,9,42,21.0244375,20.986416666666667,42.0,-0.03802083333333428,-44.5297419072306,-38.02083333333428,False,1.0,spontaneous,2,120.0,0,False
sub02,test,9,43,21.5244375,21.487083333333334,43.0,-0.0373541666666668,-53.92792717419805,-37.3541666666668,False,0.0,spontaneous,2,120.0,0,False
sub02,test,9,44,22.0244375,22.005875,44.0,-0.01856250000000159,-52.93756257013928,-18.56250000000159,False,0.0,spontaneous,2,120.0,0,False
sub02,test,9,45,22.5244375,22.4693125,45.0,-0.05512500000000031,-42.980233444298044,-55.12500000000031,False,1.0,spontaneous,2,120.0,0,False
sub02,test,9,46,23.0244375,23.0058125,46.0,-0.018625000000000114,-50.38368023744333,-18.625000000000114,False,0.0,spontaneous,2,120.0,0,False
sub02,test,9,47,23.5244375,23.4936875,47.0,-0.030750000000001165,-50.14216181226893,-30.750000000001165,False,0.0,spontaneous,2,120.0,0,False
sub02,test,9,48,24.0244375,23.972041666666666,48.0,-0.05239583333333542,-44.02824183447816,-52.39583333333542,False,1.0,spontaneous,2,120.0,0,False
sub02,test,9,49,24.5244375,24.465104166666666,49.0,-0.05933333333333479,-49.96826373382824,-59.33333333333479,False,0.0,spontaneous,2,120.0,0,False
sub02,test,9,50,25.0244375,24.957104166666667,50.0,-0.06733333333333391,-53.94658353188814,-67.33333333333391,False,0.0,spontaneous,2,120.0,0,False
sub02,test,9,51,25.5244375,25.497458333333334,51.0,-0.026979166666666998,-44.024594142810045,-26.979166666667,False,1.0,spontaneous,2,120.0,0,False
sub02,test,9,52,26.0244375,26.043125,52.0,0.018687499999998636,-63.13957934562933,18.687499999998636,False,0.0,spontaneous,2,120.0,0,False
sub02,test,9,53,26.5244375,26.520479166666668,53.0,-0.003958333333333286,-51.820552876824664,-3.958333333333286,False,0.0,spontaneous,2,120.0,0,False
sub02,test,9,54,27.0244375,27.0016875,54.0,-0.022750000000002046,-44.18044775186188,-22.750000000002046,False,1.0,spontaneous,2,120.0,0,False
sub02,test,9,55,27.5244375,27.5005,55.0,-0.023937500000002387,-53.06337554774593,-23.937500000002387,False,0.0,spontaneous,2,120.0,0,False
sub02,test,9,56,28.0244375,28.002958333333332,56.0,-0.02147916666666916,-50.18756831778553,-21.47916666666916,False,0.0,spontaneous,2,120.0,0,False
sub02,test,9,57,28.5244375,28.492041666666665,57.0,-0.032395833333335844,-43.27765876822043,-32.395833333335844,False,1.0,spontaneous,2,120.0,0,False
sub02,test,9,58,29.0244375,28.982375,58.0,-0.042062500000000114,-55.56492944489298,-42.062500000000114,False,0.0,spontaneous,2,120.0,0,False
sub02,test,9,59,29.5244375,29.509416666666667,60.0,-0.015020833333334593,-53.320745772409836,-15.020833333334593,False,0.0,spontaneous,2,120.0,0,False
sub02,test,10,0,0.0244375,0.13983333333333334,0.0,0.11539583333333334,-47.975817231511826,115.39583333333334,False,1.0,cued,3,112.0,12,False
sub02,test,10,1,0.5601458333333333,0.5916041666666667,1.0,0.031458333333333366,-53.14565054951487,31.458333333333364,False,0.0,cued,3,112.0,12,False
sub02,test,10,2,1.0958541666666666,1.0243333333333333,2.0,-0.07152083333333326,-46.24951576045538,-71.52083333333326,False,1.0,cued,3,112.0,12,False
sub02,test,10,3,1.6315625,1.5337916666666667,3.0,-0.09777083333333336,-52.523581177850204,-97.77083333333336,False,0.0,cued,3,112.0,12,False
sub02,test,10,4,2.1672708333333333,2.1234583333333332,4.0,-0.04381250000000003,-50.6296256152234,-43.81250000000003,False,0.0,cued,3,112.0,12,False
sub02,test,10,5,2.7029791666666667,2.647479166666667,5.0,-0.05549999999999988,-45.018459931103706,-55.499999999999886,False,1.0,cued,3,112.0,12,False
sub02,test,10,6,3.2386875,3.2079375,7.0,-0.030750000000000277,-51.81767558429186,-30.750000000000277,False,0.0,cued,3,112.0,12,False
sub02,test,10,7,3.774395833333333,3.7188541666666666,9.0,-0.0555416666666666,-51.909469652177705,-55.5416666666666,False,0.0,cued,3,112.0,12,False
sub02,test,10,8,4.310104166666667,4.278625,11.0,-0.03147916666666717,-44.983978222170144,-31.47916666666717,False,1.0,cued,3,112.0,12,False
sub02,test,10,9,4.8458125,4.781333333333333,12.0,-0.06447916666666664,-50.4443756050903,-64.47916666666664,False,0.0,cued,3,112.0,12,False
sub02,test,10,10,5.381520833333333,5.2954791666666665,13.0,-0.08604166666666657,-48.59189699309745,-86.04166666666657,False,1.0,cued,3,112.0,12,False
sub02,test,10,11,5.917229166666667,5.877208333333333,14.0,-0.04002083333333406,-44.615310574328916,-40.02083333333406,False,1.0,cued,3,112.0,12,False
sub02,test,10,12,6.4529375,6.398604166666667,15.0,-0.05433333333333312,-48.105322786497936,-54.33333333333312,False,1.0,cued,3,112.0,12,False
sub02,test,10,13,6.988645833333333,6.948895833333333,16.0,-0.03974999999999973,-52.99220948749798,-39.74999999999973,False,0.0,cued,3,112.0,12,False
sub02,test,10,14,7.524354166666667,7.454041666666667,17.0,-0.0703125,-44.60112396260081,-70.3125,False,1.0,cued,3,112.0,12,False
sub02,test,10,15,8.0600625,8.023645833333333,18.0,-0.03641666666666765,-56.11647845161067,-36.41666666666765,False,0.0,cued,3,112.0,12,False
sub02,test,10,16,8.595770833333333,8.529791666666666,19.0,-0.0659791666666667,-51.683356222227914,-65.9791666666667,False,0.0,cued,3,112.0,12,False
sub02,test,10,17,9.131479166666667,9.098104166666667,20.0,-0.03337499999999949,-45.912784738010984,-33.37499999999949,False,1.0,cued,3,112.0,12,False
sub02,test,10,18,9.6671875,9.638291666666667,21.0,-0.028895833333333343,-50.023105967030304,-28.895833333333343,False,0.0,cued,3,112.0,12,False
sub02,test,10,19,10.202895833333333,10.154083333333332,22.0,-0.04881250000000037,-48.908636728575914,-48.81250000000037,False,1.0,cued,3,112.0,12,False
sub02,test,10,20,10.738604166666667,10.652979166666666,23.0,-0.08562500000000028,-43.6451747351895,-85.62500000000028,False,1.0,cued,3,112.0,12,False
sub02,test,10,21,11.2743125,11.251375,24.0,-0.022937500000001165,-50.319708256258025,-22.937500000001165,False,0.0,cued,3,112.0,12,False
sub02,test,10,22,11.810020833333333,11.813,25.0,0.002979166666667865,-53.60158909280321,2.979166666667865,False,0.0,cued,3,112.0,12,False
sub02,test,10,23,12.345729166666667,12.269020833333334,26.0,-0.07670833333333249,-44.28729019170353,-76.70833333333249,False,1.0,cued,3,112.0,12,False
sub02,test,10,24,12.8814375,12.904958333333333,28.0,0.023520833333332547,-52.601356336518535,23.520833333332547,False,0.0,cued,3,112.0,12,False
sub02,test,10,25,13.417145833333333,13.412625,29.0,-0.004520833333332419,-44.578040717065676,-4.520833333332419,False,1.0,cued,3,112.0,12,False
sub02,test,10,26,13.952854166666667,13.9586875,30.0,0.005833333333333357,-52.339499581456586,5.833333333333357,False,0.0,cued,3,112.0,12,False
sub02,test,10,27,14.4885625,14.444979166666666,31.0,-0.043583333333334195,-43.62078827219775,-43.583333333334195,False,1.0,cued,3,112.0,12,False
sub02,test,10,28,15.024270833333333,15.0025,33.0,-0.021770833333333073,-50.26016939925875,-21.770833333333073,False,0.0,cued,3,112.0,12,False
sub02,test,10,29,15.559979166666666,15.511208333333334,34.0,-0.04877083333333232,-44.42234751196339,-48.77083333333232,False,1.0,cued,3,112.0,12,False
sub02,test,10,30,16.0956875,16.067,35.0,-0.0286875000000002,-49.36665426350825,-28.6875000000002,False,0.0,cued,3,112.0,12,False
sub02,test,10,31,16.631395833333332,16.593541666666667,36.0,-0.037854166666665634,-43.23674587744267,-37.854166666665634,False,1.0,cued,3,112.0,12,False
sub02,test,10,32,17.167104166666668,17.1108125,37.0,-0.05629166666666663,-51.95841927550977,-56.29166666666663,False,0.0,cued,3,112.0,12,False
sub02,test,10,33,17.7028125,17.652166666666666,38.0,-0.05064583333333417,-43.86766230252615,-50.64583333333417,False,1.0,cued,3,112.0,12,False
sub02,test,10,34,18.238520833333332,18.156375,40.0,-0.08214583333333181,-50.60773666386961,-82.14583333333181,False,0.0,cued,3,112.0,12,False
sub02,test,10,35,18.774229166666668,18.726875,42.0,-0.04735416666666836,-45.063495257062456,-47.35416666666836,False,1.0,cued,3,112.0,12,False
sub02,test,10,36,19.3099375,19.252145833333334,43.0,-0.057791666666666686,-51.21209535051718,-57.791666666666686,False,0.0,cued,3,112.0,12,False
sub02,test,10,37,19.845645833333332,19.7844375,44.0,-0.06120833333333309,-43.94829657134374,-61.20833333333309,False,1.0,cued,3,112.0,12,False
sub02,test,10,38,20.381354166666668,20.308125,46.0,-0.07322916666666757,-52.32197875341639,-73.22916666666757,False,0.0,cued,3,112.0,12,False
sub02,test,10,39,20.9170625,20.870166666666666,47.0,-0.046895833333334025,-46.80041247801029,-46.895833333334025,False,1.0,cued,3,112.0,12,False
sub02,test,10,40,21.452770833333332,21.365854166666665,48.0,-0.0869166666666672,-51.91711873530453,-86.9166666666672,False,0.0,cued,3,112.0,12,False
sub02,test,10,41,21.988479166666668,21.911229166666665,50.0,-0.07725000000000293,-44.942695596127834,-77.25000000000293,False,1.0,cued,3,112.0,12,False
sub02,test,10,42,22.5241875,22.4586875,51.0,-0.06550000000000011,-53.579171940046145,-65.50000000000011,False,0.0,cued,3,112.0,12,False
sub02,test,10,43,23.059895833333332,22.979229166666666,52.0,-0.08066666666666578,-45.28802203958348,-80.66666666666578,False,1.0,cued,3,112.0,12,False
sub02,test,10,44,23.595604166666668,23.541541666666667,53.0,-0.05406250000000057,-51.1082121548528,-54.06250000000057,False,0.0,cued,3,112.0,12,False
sub02,test,10,45,24.1313125,24.0791875,54.0,-0.0521250000000002,-44.304859459881065,-52.1250000000002,False,1.0,cued,3,112.0,12,False
sub02,test,10,46,24.667020833333332,24.636020833333333,55.0,-0.030999999999998806,-55.45042579417889,-30.999999999998806,False,0.0,cued,3,112.0,12,False
sub02,test,10,47,25.202729166666668,25.150395833333334,56.0,-0.05233333333333334,-46.51067744678918,-52.33333333333334,False,1.0,cued,3,112.0,12,False
sub02,test,10,48,25.7384375,25.684354166666665,57.0,-0.05408333333333459,-52.21942820363456,-54.08333333333459,False,0.0,cued,3,112.0,12,False
sub02,test,10,49,26.274145833333332,26.225875,58.0,-0.048270833333333485,-48.026881047484586,-48.270833333333485,False,1.0,cued,3,112.0,12,False
sub02,test,10,50,26.809854166666668,26.743708333333334,59.0,-0.06614583333333357,-52.537214134688774,-66.14583333333357,False,0.0,cued,3,112.0,12,False
sub02,test,10,51,27.3455625,27.288229166666667,60.0,-0.05733333333333235,-43.69055486870479,-57.33333333333235,False,1.0,cued,3,112.0,12,False
sub02,test,10,52,27.881270833333332,27.838833333333334,61.0,-0.04243749999999835,-51.885483651857854,-42.43749999999835,False,0.0,cued,3,112.0,12,False
sub02,test,10,53,28.416979166666668,28.3823125,62.0,-0.0346666666666664,-45.497110401878345,-34.6666666666664,False,1.0,cued,3,112.0,12,False
sub02,test,10,54,28.9526875,28.919916666666666,64.0,-0.03277083333333408,-50.39965370865535,-32.77083333333408,False,0.0,cued,3,112.0,12,False
sub02,test,10,55,29.488395833333332,29.437604166666667,66.0,-0.050791666666665236,-46.75396960483739,-50.791666666665236,False,1.0,cued,3,112.0,12,False
sub02,test,11,0,0.0244375,0.19764583333333333,0.0,0.17320833333333333,-48.024392694752365,173.20833333333331,False,1.0,spontaneous,3,104.0,0,False
sub02,test,11,1,0.6013541666666666,0.7224583333333333,1.0,0.12110416666666668,-55.489995095649775,121.10416666666669,False,0.0,spontaneous,3,104.0,0,False
sub02,test,11,2,1.1782708333333334,1.10025,2.0,-0.07802083333333343,-43.39857349067172,-78.02083333333343,False,1.0,spontaneous,3,104.0,0,False
sub02,test,11,3,1.7551875,1.7179166666666668,3.0,-0.03727083333333314,-49.92975664716805,-37.270833333333144,False,0.0,spontaneous,3,104.0,0,False
sub02,test,11,4,2.332104166666667,2.305833333333333,4.0,-0.026270833333333687,-49.17176145614582,-26.270833333333687,False,1.0,spontaneous,3,104.0,0,False
sub02,test,11,5,2.9090208333333334,2.8681041666666665,5.0,-0.040916666666666934,-46.73636315339286,-40.916666666666934,False,1.0,spontaneous,3,104.0,0,False
sub02,test,11,6,3.4859375,3.4459791666666666,6.0,-0.03995833333333332,-51.252043519975565,-39.958333333333314,False,0.0,spontaneous,3,104.0,0,False
sub02,test,11,7,4.062854166666667,4.0435625,7.0,-0.019291666666666707,-53.55915327017921,-19.291666666666707,False,0.0,spontaneous,3,104.0,0,False
sub02,test,11,8,4.639770833333333,4.5961875,9.0,-0.04358333333333331,-45.538938748434646,-43.58333333333331,False,1.0,spontaneous,3,104.0,0,False
sub02,test,11,9,5.2166875,5.143916666666667,10.0,-0.07277083333333323,-52.02373243335196,-72.77083333333323,False,0.0,spontaneous,3,104.0,0,False
sub02,test,11,10,5.793604166666666,5.751625,11.0,-0.04197916666666668,-50.45954885947377,-41.97916666666668,False,0.0,spontaneous,3,104.0,0,False
sub02,test,11,11,6.370520833333333,6.3138958333333335,12.0,-0.05662499999999948,-44.54354343098739,-56.62499999999948,False,1.0,spontaneous,3,104.0,0,False
sub02,test,11,12,6.9474375,6.9368541666666665,13.0,-0.010583333333333833,-50.06662116175045,-10.583333333333833,False,0.0,spontaneous,3,104.0,0,False
sub02,test,11,13,7.524354166666667,7.495666666666667,14.0,-0.0286875000000002,-55.315889620983725,-28.6875000000002,False,0.0,spontaneous,3,104.0,0,False
sub02,test,11,14,8.101270833333333,8.061020833333334,15.0,-0.040249999999998565,-43.90687076713429,-40.249999999998565,False,1.0,spontaneous,3,104.0,0,False
sub02,test,11,15,8.6781875,8.664270833333333,16.0,-0.0139166666666668,-54.701544322591104,-13.9166666666668,False,0.0,spontaneous,3,104.0,0,False
sub02,test,11,16,9.255104166666667,9.216604166666666,17.0,-0.03850000000000087,-55.02001743695034,-38.50000000000087,False,0.0,spontaneous,3,104.0,0,False
sub02,test,11,17,9.832020833333333,9.757916666666667,18.0,-0.07410416666666642,-45.0714738741151,-74.10416666666642,False,1.0,spontaneous,3,104.0,0,False
sub02,test,11,18,10.4089375,10.397625,19.0,-0.011312500000000725,-52.64816273407747,-11.312500000000725,False,0.0,spontaneous,3,104.0,0,False
sub02,test,11,19,10.985854166666666,10.996041666666667,20.0,0.010187500000000682,-53.40903090334359,10.187500000000682,False,0.0,spontaneous,3,104.0,0,False
sub02,test,11,20,11.562770833333333,11.544333333333332,21.0,-0.018437500000000995,-45.94714306018278,-18.437500000000995,False,1.0,spontaneous,3,104.0,0,False
sub02,test,11,21,12.1396875,12.125916666666667,22.0,-0.013770833333333954,-56.740690813318935,-13.770833333333954,False,0.0,spontaneous,3,104.0,0,False
sub02,test,11,22,12.716604166666666,12.667208333333333,23.0,-0.04939583333333353,-51.13449702407629,-49.39583333333353,False,0.0,spontaneous,3,104.0,0,False
sub02,test,11,23,13.293520833333334,13.262270833333334,24.0,-0.03125,-45.4368833931879,-31.25,False,1.0,spontaneous,3,104.0,0,False
sub02,test,11,24,13.8704375,13.821104166666666,25.0,-0.04933333333333323,-55.07254556642956,-49.33333333333323,False,0.0,spontaneous,3,104.0,0,False
sub02,test,11,25,14.447354166666667,14.4254375,26.0,-0.021916666666667695,-55.631465844986124,-21.916666666667695,False,0.0,spontaneous,3,104.0,0,False
sub02,test,11,26,15.024270833333333,15.006645833333334,27.0,-0.01762499999999889,-45.2751035371222,-17.62499999999889,False,1.0,spontaneous,3,104.0,0,False
sub02,test,11,27,15.6011875,15.579645833333334,28.0,-0.021541666666665904,-54.45690822836272,-21.541666666665904,False,0.0,spontaneous,3,104.0,0,False
sub02,test,11,28,16.178104166666667,16.168104166666666,29.0,-0.010000000000001563,-50.35198897465002,-10.000000000001563,False,0.0,spontaneous,3,104.0,0,False
sub02,test,11,29,16.755020833333333,16.697916666666668,30.0,-0.05710416666666518,-44.79202419902116,-57.10416666666518,False,1.0,spontaneous,3,104.0,0,False
sub02,test,11,30,17.3319375,17.28152083333333,31.0,-0.050416666666667,-52.03301743846944,-50.416666666667,False,0.0,spontaneous,3,104.0,0,False
sub02,test,11,31,17.908854166666668,17.881145833333335,32.0,-0.027708333333333002,-51.283222236957954,-27.708333333333,False,0.0,spontaneous,3,104.0,0,False
sub02,test,11,32,18.485770833333333,18.4480625,33.0,-0.037708333333334565,-46.25824828703741,-37.708333333334565,False,1.0,spontaneous,3,104.0,0,False
sub02,test,11,33,19.0626875,19.0873125,34.0,0.02462500000000034,-49.10271624374754,24.62500000000034,False,1.0,spontaneous,3,104.0,0,False
sub02,test,11,34,19.63960416666667,19.658645833333335,35.0,0.0190416666666664,-45.46844457531573,19.0416666666664,False,1.0,spontaneous,3,104.0,0,False
sub02,test,11,35,20.216520833333334,20.232895833333334,36.0,0.01637500000000003,-49.39298148214067,16.37500000000003,False,1.0,spontaneous,3,104.0,0,False
sub02,test,11,36,20.7934375,20.788875,37.0,-0.004562499999998693,-44.07338941019118,-4.562499999998693,False,1.0,spontaneous,3,104.0,0,False
sub02,test,11,37,21.370354166666665,21.377666666666666,38.0,0.007312500000001165,-49.006560605600455,7.312500000001165,False,1.0,spontaneous,3,104.0,0,False
sub02,test,11,38,21.947270833333334,21.960625,39.0,0.01335416666666589,-46.78159023923756,13.35416666666589,False,1.0,spontaneous,3,104.0,0,False
sub02,test,11,39,22.5241875,22.5053125,40.0,-0.018875000000001307,-48.40013044872993,-18.875000000001307,False,1.0,spontaneous,3,104.0,0,False
sub02,test,11,40,23.101104166666666,23.125604166666665,41.0,0.024499999999999744,-45.770925720772404,24.499999999999744,False,1.0,spontaneous,3,104.0,0,False
sub02,test,11,41,23.678020833333335,23.7178125,42.0,0.039791666666666003,-54.36578986333764,39.791666666666,False,0.0,spontaneous,3,104.0,0,False
sub02,test,11,42,24.2549375,24.246708333333334,43.0,-0.008229166666666288,-45.498975054733215,-8.229166666666288,False,1.0,spontaneous,3,104.0,0,False
sub02,test,11,43,24.831854166666666,24.821395833333334,44.0,-0.010458333333332348,-50.631530475460224,-10.458333333332348,False,0.0,spontaneous,3,104.0,0,False
sub02,test,11,44,25.40877083333333,25.35183333333333,45.0,-0.056937500000000085,-46.330626712243145,-56.937500000000085,False,1.0,spontaneous,3,104.0,0,False
sub02,test,11,45,25.9856875,25.950958333333332,46.0,-0.034729166666668476,-50.47808331722919,-34.729166666668476,False,0.0,spontaneous,3,104.0,0,False
sub02,test,11,46,26.562604166666667,26.527104166666668,47.0,-0.03549999999999898,-46.7849975469522,-35.49999999999898,False,1.0,spontaneous,3,104.0,0,False
sub02,test,11,47,27.139520833333332,27.082395833333333,48.0,-0.057124999999999204,-50.68137074102058,-57.124999999999204,False,0.0,spontaneous,3,104.0,0,False
sub02,test,11,48,27.7164375,27.693354166666666,49.0,-0.023083333333335787,-47.48966604012885,-23.083333333335787,False,1.0,spontaneous,3,104.0,0,False
sub02,test,11,49,28.293354166666667,28.292520833333334,51.0,-0.0008333333333325754,-49.60085591388384,-0.8333333333325754,False,0.0,spontaneous,3,104.0,0,False
sub02,test,11,50,28.870270833333333,28.860666666666667,52.0,-0.009604166666665748,-46.055080615759564,-9.604166666665748,False,1.0,spontaneous,3,104.0,0,False
sub02,test,11,51,29.4471875,29.415020833333333,53.0,-0.03216666666666512,-51.66015452364849,-32.16666666666512,False,0.0,spontaneous,3,104.0,0,False
sub02,test,12,0,0.0244375,0.02033333333333333,0.0,-0.004104166666666669,-63.2125250115342,-4.104166666666669,False,0.0,cued,2,100.0,14,False
sub02,test,12,1,0.6244375,0.6353333333333333,1.0,0.010895833333333327,-50.148317589880975,10.895833333333327,False,0.0,cued,2,100.0,14,False
sub02,test,12,2,1.2244375,1.15975,2.0,-0.06468750000000001,-45.99407598043448,-64.68750000000001,False,1.0,cued,2,100.0,14,False
sub02,test,12,3,1.8244375,1.7852083333333333,3.0,-0.03922916666666665,-57.09290548950144,-39.22916666666665,False,0.0,cued,2,100.0,14,False
sub02,test,12,4,2.4244375,2.3851666666666667,4.0,-0.039270833333333144,-47.22842596470105,-39.270833333333144,False,1.0,cued,2,100.0,14,False
sub02,test,12,5,3.0244375,2.9964791666666666,5.0,-0.027958333333333307,-51.15948099079549,-27.958333333333307,False,0.0,cued,2,100.0,14,False
sub02,test,12,6,3.6244375,3.5561875,6.0,-0.06824999999999992,-45.792789492356086,-68.24999999999991,False,1.0,cued,2,100.0,14,False
sub02,test,12,7,4.2244375,4.192,7.0,-0.03243749999999945,-50.79526383808709,-32.43749999999945,False,0.0,cued,2,100.0,14,False
sub02,test,12,8,4.8244375,4.7974375,8.0,-0.027000000000000135,-47.06618772061879,-27.000000000000135,False,1.0,cued,2,100.0,14,False
sub02,test,12,9,5.4244375,5.441895833333334,9.0,0.017458333333333798,-53.34108334267508,17.458333333333798,False,0.0,cued,2,100.0,14,False
sub02,test,12,10,6.0244375,5.9959375,12.0,-0.028500000000000192,-46.340384501336935,-28.500000000000192,False,1.0,cued,2,100.0,14,False
sub02,test,12,11,6.6244375,6.562520833333333,13.0,-0.06191666666666684,-48.15378508266163,-61.91666666666684,False,1.0,cued,2,100.0,14,False
sub02,test,12,12,7.2244375,7.187833333333334,14.0,-0.03660416666666588,-47.06526257807357,-36.60416666666588,False,1.0,cued,2,100.0,14,False
sub02,test,12,13,7.8244375,7.8393125,15.0,0.014874999999999972,-51.01256592975547,14.874999999999972,False,0.0,cued,2,100.0,14,False
sub02,test,12,14,8.4244375,8.399645833333333,16.0,-0.02479166666666721,-45.39057336411954,-24.79166666666721,False,1.0,cued,2,100.0,14,False
sub02,test,12,15,9.0244375,9.0299375,17.0,0.005500000000001393,-49.11327378639601,5.500000000001393,False,1.0,cued,2,100.0,14,False
sub02,test,12,16,9.6244375,9.606604166666667,18.0,-0.017833333333333812,-45.96496688729458,-17.83333333333381,False,1.0,cued,2,100.0,14,False
sub02,test,12,17,10.2244375,10.168520833333334,19.0,-0.055916666666666615,-48.99467980654119,-55.916666666666615,False,1.0,cued,2,100.0,14,False
sub02,test,12,18,10.8244375,10.8315625,20.0,0.00712500000000027,-48.03762521651709,7.12500000000027,False,1.0,cued,2,100.0,14,False
sub02,test,12,19,11.4244375,11.414583333333333,21.0,-0.009854166666666941,-52.645126195677875,-9.854166666666941,False,0.0,cued,2,100.0,14,False
sub02,test,12,20,12.0244375,11.9801875,22.0,-0.0442499999999999,-46.764225623199465,-44.2499999999999,False,1.0,cued,2,100.0,14,False
sub02,test,12,21,12.6244375,12.641104166666667,23.0,0.01666666666666572,-51.96771971189308,16.66666666666572,False,0.0,cued,2,100.0,14,False
sub02,test,12,22,13.2244375,13.238125,24.0,0.01368749999999963,-48.40929259094479,13.68749999999963,False,1.0,cued,2,100.0,14,False
sub02,test,12,23,13.8244375,13.8295,25.0,0.005062499999999304,-55.66697424435417,5.062499999999304,False,0.0,cued,2,100.0,14,False
sub02,test,12,24,14.4244375,14.4065,26.0,-0.017937500000000384,-49.41965313682278,-17.937500000000384,False,1.0,cued,2,100.0,14,False
sub02,test,12,25,15.0244375,15.065395833333334,27.0,0.040958333333334096,-50.154400265068205,40.958333333334096,False,0.0,cued,2,100.0,14,False
sub02,test,12,26,15.6244375,15.606958333333333,28.0,-0.017479166666667822,-44.579872319555605,-17.479166666667822,False,1.0,cued,2,100.0,14,False
sub02,test,12,27,16.2244375,16.234666666666666,29.0,0.01022916666666518,-49.533869741629395,10.22916666666518,False,0.0,cued,2,100.0,14,False
sub02,test,12,28,16.8244375,16.797208333333334,31.0,-0.02722916666666464,-49.22432891164017,-27.22916666666464,False,1.0,cued,2,100.0,14,False
sub02,test,12,29,17.4244375,17.366416666666666,32.0,-0.058020833333333854,-44.28949559186697,-58.020833333333854,False,1.0,cued,2,100.0,14,False
sub02,test,12,30,18.0244375,17.971229166666667,33.0,-0.05320833333333397,-52.644141131649874,-53.20833333333397,False,0.0,cued,2,100.0,14,False
sub02,test,12,31,18.6244375,18.6186875,34.0,-0.005749999999999034,-51.48928664915253,-5.749999999999034,False,0.0,cued,2,100.0,14,False
sub02,test,12,32,19.2244375,19.208354166666666,35.0,-0.016083333333334338,-45.06992788409839,-16.083333333334338,False,1.0,cued,2,100.0,14,False
sub02,test,12,33,19.8244375,19.7831875,36.0,-0.04124999999999801,-53.22281391239496,-41.24999999999801,False,0.0,cued,2,100.0,14,False
sub02,test,12,34,20.4244375,20.383145833333334,38.0,-0.04129166666666606,-51.60099805788704,-41.29166666666606,False,0.0,cued,2,100.0,14,False
sub02,test,12,35,21.0244375,20.966854166666668,40.0,-0.05758333333333354,-46.36732664701426,-57.58333333333354,False,1.0,cued,2,100.0,14,False
sub02,test,12,36,21.6244375,21.547666666666668,41.0,-0.07677083333333101,-51.7655866146277,-76.77083333333101,False,0.0,cued,2,100.0,14,False
sub02,test,12,37,22.2244375,22.199354166666666,42.0,-0.02508333333333468,-51.8675942141536,-25.08333333333468,False,0.0,cued,2,100.0,14,False
sub02,test,12,38,22.8244375,22.80875,44.0,-0.015687499999998522,-43.46580595134639,-15.687499999998522,False,1.0,cued,2,100.0,14,False
sub02,test,12,39,23.4244375,23.409604166666668,45.0,-0.014833333333331922,-49.66195767150129,-14.833333333331922,False,0.0,cued,2,100.0,14,False
sub02,test,12,40,24.0244375,24.0088125,47.0,-0.015625,-50.76018005366902,-15.625,False,0.0,cued,2,100.0,14,False
sub02,test,12,41,24.6244375,24.587875,49.0,-0.03656249999999872,-44.80890066725724,-36.56249999999872,False,1.0,cued,2,100.0,14,False
sub02,test,12,42,25.2244375,25.13329166666667,50.0,-0.09114583333333215,-51.545848301144886,-91.14583333333215,False,0.0,cued,2,100.0,14,False
sub02,test,12,43,25.8244375,25.817354166666668,51.0,-0.007083333333330444,-52.399394655483064,-7.083333333330444,False,0.0,cued,2,100.0,14,False
sub02,test,12,44,26.4244375,26.356166666666667,52.0,-0.06827083333333306,-44.601659132251015,-68.27083333333306,False,1.0,cued,2,100.0,14,False
sub02,test,12,45,27.0244375,26.981520833333335,53.0,-0.042916666666666714,-53.835382995076806,-42.916666666666714,False,0.0,cued,2,100.0,14,False
sub02,test,12,46,27.6244375,27.585208333333334,54.0,-0.039229166666665094,-51.03456401291376,-39.229166666665094,False,0.0,cued,2,100.0,14,False
sub02,test,12,47,28.2244375,28.131291666666666,55.0,-0.0931458333333346,-45.96931075255203,-93.1458333333346,False,1.0,cued,2,100.0,14,False
sub02,test,12,48,28.8244375,28.784229166666666,56.0,-0.04020833333333229,-48.74693266687176,-40.20833333333229,False,1.0,cued,2,100.0,14,False
sub02,test,12,49,29.4244375,29.411791666666666,57.0,-0.012645833333333911,-50.50730608334079,-12.645833333333911,False,0.0,cued,2,100.0,14,False
sub02,test,13,0,0.0244375,0.1025625,0.0,0.078125,-65.89134941306116,78.125,False,0.0,spontaneous,2,108.0,0,False
sub02,test,13,1,0.58,0.47733333333333333,1.0,-0.10266666666666663,-48.103941791619214,-102.66666666666663,False,1.0,spontaneous,2,108.0,0,False
sub02,test,13,2,1.1355625,1.036625,3.0,-0.09893750000000012,-44.663222587928445,-98.93750000000013,False,1.0,spontaneous,2,108.0,0,False
sub02,test,13,3,1.691125,1.62775,4.0,-0.06337499999999996,-48.38160526550218,-63.37499999999996,False,1.0,spontaneous,2,108.0,0,False
sub02,test,13,4,2.2466875,2.222583333333333,5.0,-0.024104166666667037,-43.84180742039995,-24.104166666667037,False,1.0,spontaneous,2,108.0,0,False
sub02,test,13,5,2.80225,2.8034375,6.0,0.001187499999999897,-56.34329641665707,1.187499999999897,False,0.0,spontaneous,2,108.0,0,False
sub02,test,13,6,3.3578125,3.3492291666666665,7.0,-0.00858333333333361,-44.40407919240006,-8.58333333333361,False,1.0,spontaneous,2,108.0,0,False
sub02,test,13,7,3.913375,3.9191666666666665,8.0,0.005791666666666639,-51.168889205642955,5.791666666666639,False,0.0,spontaneous,2,108.0,0,False
sub02,test,13,8,4.4689375,4.437604166666667,9.0,-0.031333333333333435,-42.72128256389767,-31.333333333333435,False,1.0,spontaneous,2,108.0,0,False
sub02,test,13,9,5.0245,5.030270833333334,10.0,0.005770833333333947,-49.67336066909717,5.770833333333947,False,0.0,spontaneous,2,108.0,0,False
sub02,test,13,10,5.5800625,5.566479166666666,12.0,-0.013583333333333947,-42.60166875997111,-13.583333333333947,False,1.0,spontaneous,2,108.0,0,False
sub02,test,13,11,6.135625,6.126520833333333,13.0,-0.009104166666666913,-50.43911834319776,-9.104166666666913,False,0.0,spontaneous,2,108.0,0,False
sub02,test,13,12,6.6911875,6.70275,14.0,0.011562500000000142,-44.76169059434886,11.562500000000142,False,1.0,spontaneous,2,108.0,0,False
sub02,test,13,13,7.24675,7.257625,15.0,0.010875000000000412,-50.391722174878055,10.875000000000412,False,0.0,spontaneous,2,108.0,0,False
sub02,test,13,14,7.8023125,7.8233125,16.0,0.020999999999999908,-42.54940143795962,20.999999999999908,False,1.0,spontaneous,2,108.0,0,False
sub02,test,13,15,8.357875,8.383666666666667,17.0,0.025791666666666657,-52.48070563994874,25.791666666666657,False,0.0,spontaneous,2,108.0,0,False
sub02,test,13,16,8.9134375,8.930125,18.0,0.016687499999999744,-45.03644778432679,16.687499999999744,False,1.0,spontaneous,2,108.0,0,False
sub02,test,13,17,9.469,9.545541666666667,20.0,0.0765416666666674,-53.11004708523895,76.5416666666674,False,0.0,spontaneous,2,108.0,0,False
sub02,test,13,18,10.0245625,10.0553125,22.0,0.03074999999999939,-47.06522699763575,30.74999999999939,False,1.0,spontaneous,2,108.0,0,False
sub02,test,13,19,10.580125,10.603333333333333,23.0,0.02320833333333283,-49.783782815218416,23.20833333333283,False,0.0,spontaneous,2,108.0,0,False
sub02,test,13,20,11.1356875,11.147166666666667,25.0,0.011479166666667595,-46.098858659007945,11.479166666667595,False,1.0,spontaneous,2,108.0,0,False
sub02,test,13,21,11.69125,11.6799375,26.0,-0.011312500000000725,-47.327838330180285,-11.312500000000725,False,1.0,spontaneous,2,108.0,0,False
sub02,test,13,22,12.2468125,12.244708333333334,27.0,-0.00210416666666724,-48.467925455584165,-2.10416666666724,False,1.0,spontaneous,2,108.0,0,False
sub02,test,13,23,12.802375,12.792541666666667,28.0,-0.009833333333332916,-44.18126983742282,-9.833333333332916,False,1.0,spontaneous,2,108.0,0,False
sub02,test,13,24,13.3579375,13.336958333333333,29.0,-0.02097916666666677,-49.40481462554199,-20.97916666666677,False,1.0,spontaneous,2,108.0,0,False
sub02,test,13,25,13.9135,13.914,31.0,0.0004999999999988347,-49.85807514498336,0.4999999999988347,False,0.0,spontaneous,2,108.0,0,False
sub02,test,13,26,14.4690625,14.447604166666666,33.0,-0.021458333333333357,-45.399316170802265,-21.458333333333357,False,1.0,spontaneous,2,108.0,0,False
sub02,test,13,27,15.024625,14.993229166666667,34.0,-0.031395833333332845,-51.923175183186444,-31.395833333332845,False,0.0,spontaneous,2,108.0,0,False
sub02,test,13,28,15.5801875,15.5770625,36.0,-0.003124999999998934,-50.14279045619883,-3.124999999998934,False,0.0,spontaneous,2,108.0,0,False
sub02,test,13,29,16.13575,16.100041666666666,37.0,-0.03570833333333567,-43.91043952369039,-35.70833333333567,False,1.0,spontaneous,2,108.0,0,False
sub02,test,13,30,16.6913125,16.7273125,38.0,0.036000000000001364,-51.664411432265005,36.000000000001364,False,0.0,spontaneous,2,108.0,0,False
sub02,test,13,31,17.246875,17.25375,39.0,0.006875000000000853,-51.19747390374144,6.875000000000853,False,0.0,spontaneous,2,108.0,0,False
sub02,test,13,32,17.8024375,17.754354166666666,40.0,-0.048083333333334366,-43.49435873754243,-48.083333333334366,False,1.0,spontaneous,2,108.0,0,False
sub02,test,13,33,18.358,18.367604166666666,41.0,0.009604166666665748,-53.68907670699865,9.604166666665748,False,0.0,spontaneous,2,108.0,0,False
sub02,test,13,34,18.9135625,18.935041666666667,42.0,0.021479166666665606,-55.35369322802452,21.479166666665606,False,0.0,spontaneous,2,108.0,0,False
sub02,test,13,35,19.469125,19.454958333333334,43.0,-0.01416666666666444,-47.14147826684872,-14.16666666666444,False,1.0,spontaneous,2,108.0,0,False
sub02,test,13,36,20.0246875,20.000791666666668,45.0,-0.023895833333330785,-49.286613312694776,-23.895833333330785,False,1.0,spontaneous,2,108.0,0,False
sub02,test,13,37,20.58025,20.5626875,47.0,-0.01756250000000037,-51.37201370511089,-17.56250000000037,False,0.0,spontaneous,2,108.0,0,False
sub02,test,13,38,21.1358125,21.079020833333335,48.0,-0.056791666666665463,-44.297296517918355,-56.79166666666546,False,1.0,spontaneous,2,108.0,0,False
sub02,test,13,39,21.691375,21.67845833333333,49.0,-0.01291666666666913,-50.174535928941154,-12.91666666666913,False,0.0,spontaneous,2,108.0,0,False
sub02,test,13,40,22.2469375,22.228729166666668,50.0,-0.018208333333333826,-52.333392677505515,-18.208333333333826,False,0.0,spontaneous,2,108.0,0,False
sub02,test,13,41,22.8025,22.793208333333332,51.0,-0.009291666666666032,-44.757153628372315,-9.291666666666032,False,1.0,spontaneous,2,108.0,0,False
sub02,test,13,42,23.3580625,23.31908333333333,52.0,-0.03897916666666745,-52.91830199592421,-38.97916666666745,False,0.0,spontaneous,2,108.0,0,False
sub02,test,13,43,23.913625,23.894895833333333,53.0,-0.018729166666666686,-50.89100258333622,-18.729166666666686,False,0.0,spontaneous,2,108.0,0,False
sub02,test,13,44,24.4691875,24.410958333333333,55.0,-0.058229166666667,-42.93371853300968,-58.229166666667,False,1.0,spontaneous,2,108.0,0,False
sub02,test,13,45,25.02475,25.028395833333335,56.0,0.00364583333333357,-51.45339236186524,3.64583333333357,False,0.0,spontaneous,2,108.0,0,False
sub02,test,13,46,25.5803125,25.615333333333332,57.0,0.035020833333330614,-53.76399250909952,35.020833333330614,False,0.0,spontaneous,2,108.0,0,False
sub02,test,13,47,26.135875,26.134833333333333,58.0,-0.0010416666666657193,-44.25795694919255,-1.0416666666657193,False,1.0,spontaneous,2,108.0,0,False
sub02,test,13,48,26.6914375,26.700854166666666,59.0,0.009416666666666629,-51.2602925873411,9.416666666666629,False,0.0,spontaneous,2,108.0,0,False
sub02,test,13,49,27.247,27.268854166666667,60.0,0.021854166666667396,-55.168972360990864,21.854166666667396,False,0.0,spontaneous,2,108.0,0,False
sub02,test,13,50,27.8025625,27.7864375,61.0,-0.016124999999998835,-46.3631334075764,-16.124999999998835,False,1.0,spontaneous,2,108.0,0,False
sub02,test,13,51,28.358125,28.372458333333334,62.0,0.014333333333333087,-55.65708577011975,14.333333333333087,False,0.0,spontaneous,2,108.0,0,False
sub02,test,13,52,28.9136875,28.917770833333332,63.0,0.00408333333333033,-58.42164277724472,4.08333333333033,False,0.0,spontaneous,2,108.0,0,False
sub02,test,13,53,29.46925,29.418875,64.0,-0.05037499999999895,-46.6826603577925,-50.37499999999895,False,1.0,spontaneous,2,108.0,0,False
sub02,test,14,0,0.0244375,0.06958333333333333,0.0,0.04514583333333333,-63.56217964222928,45.14583333333333,False,0.0,cued,3,104.0,16,False
sub02,test,14,1,0.6013541666666666,0.5100625,2.0,-0.09129166666666666,-50.37937478349682,-91.29166666666666,False,1.0,cued,3,104.0,16,False
sub02,test,14,2,1.1782708333333334,1.0988541666666667,4.0,-0.07941666666666669,-43.40219606933403,-79.41666666666669,False,1.0,cued,3,104.0,16,False
sub02,test,14,3,1.7551875,1.6801666666666666,6.0,-0.07502083333333331,-51.42750005679062,-75.02083333333331,False,0.0,cued,3,104.0,16,False
sub02,test,14,4,2.332104166666667,2.245416666666667,7.0,-0.08668750000000003,-50.06931277887371,-86.68750000000003,False,1.0,cued,3,104.0,16,False
sub02,test,14,5,2.9090208333333334,2.8198541666666666,8.0,-0.08916666666666684,-44.81442643451801,-89.16666666666684,False,1.0,cued,3,104.0,16,False
sub02,test,14,6,3.4859375,3.427625,10.0,-0.05831249999999999,-51.1085231234945,-58.312499999999986,False,0.0,cued,3,104.0,16,False
sub02,test,14,7,4.062854166666667,4.0085,11.0,-0.05435416666666715,-53.07985055378612,-54.35416666666715,False,0.0,cued,3,104.0,16,False
sub02,test,14,8,4.639770833333333,4.535625,12.0,-0.10414583333333383,-44.45681718210145,-104.14583333333383,False,1.0,cued,3,104.0,16,False
sub02,test,14,9,5.2166875,5.1255,13.0,-0.0911875000000002,-51.333299054036985,-91.1875000000002,False,0.0,cued,3,104.0,16,False
sub02,test,14,10,5.793604166666666,5.724895833333333,14.0,-0.06870833333333337,-54.55730218770668,-68.70833333333337,False,0.0,cued,3,104.0,16,False
sub02,test,14,11,6.370520833333333,6.300729166666667,15.0,-0.06979166666666625,-46.09030196270691,-69.79166666666626,False,1.0,cued,3,104.0,16,False
sub02,test,14,12,6.9474375,6.915291666666667,16.0,-0.03214583333333376,-51.888496364628374,-32.14583333333376,False,0.0,cued,3,104.0,16,False
sub02,test,14,13,7.524354166666667,7.456833333333333,17.0,-0.06752083333333392,-53.22518411310034,-67.52083333333391,False,0.0,cued,3,104.0,16,False
sub02,test,14,14,8.101270833333333,8.00875,18.0,-0.09252083333333339,-44.98147371829592,-92.52083333333339,False,1.0,cued,3,104.0,16,False
sub02,test,14,15,8.6781875,8.5858125,19.0,-0.09237500000000054,-56.983029457981445,-92.37500000000054,False,0.0,cued,3,104.0,16,False
sub02,test,14,16,9.255104166666667,9.1840625,20.0,-0.07104166666666778,-51.34050923942435,-71.04166666666778,False,0.0,cued,3,104.0,16,False
sub02,test,14,17,9.832020833333333,9.795354166666666,21.0,-0.03666666666666707,-44.77215598773028,-36.66666666666707,False,1.0,cued,3,104.0,16,False
sub02,test,14,18,10.4089375,10.37425,22.0,-0.034687500000000426,-53.274790372679874,-34.687500000000426,False,0.0,cued,3,104.0,16,False
sub02,test,14,19,10.985854166666666,10.923979166666667,23.0,-0.06187499999999879,-54.1329277141144,-61.87499999999879,False,0.0,cued,3,104.0,16,False
sub02,test,14,20,11.562770833333333,11.485916666666666,24.0,-0.07685416666666711,-46.623576768914006,-76.85416666666711,False,1.0,cued,3,104.0,16,False
sub02,test,14,21,12.1396875,12.066604166666666,25.0,-0.07308333333333472,-54.13870963933697,-73.08333333333472,False,0.0,cued,3,104.0,16,False
sub02,test,14,22,12.716604166666666,12.641895833333333,26.0,-0.0747083333333336,-56.373501313130944,-74.7083333333336,False,0.0,cued,3,104.0,16,False
sub02,test,14,23,13.293520833333334,13.262125,28.0,-0.03139583333333462,-45.27176188247209,-31.395833333334622,False,1.0,cued,3,104.0,16,False
sub02,test,14,24,13.8704375,13.847166666666666,29.0,-0.02327083333333313,-52.82678045879806,-23.27083333333313,False,0.0,cued,3,104.0,16,False
sub02,test,14,25,14.447354166666667,14.453,30.0,0.005645833333332462,-52.84507575401709,5.645833333332462,False,0.0,cued,3,104.0,16,False
sub02,test,14,26,15.024270833333333,14.968375,31.0,-0.05589583333333259,-44.121029505019,-55.89583333333259,False,1.0,cued,3,104.0,16,False
sub02,test,14,27,15.6011875,15.60975,32.0,0.008562500000000028,-54.61908225411057,8.562500000000028,False,0.0,cued,3,104.0,16,False
sub02,test,14,28,16.178104166666667,16.146291666666666,33.0,-0.03181250000000091,-53.062565719381645,-31.81250000000091,False,0.0,cued,3,104.0,16,False
sub02,test,14,29,16.755020833333333,16.796770833333333,34.0,0.0417500000000004,-46.678111439476204,41.7500000000004,False,1.0,cued,3,104.0,16,False
sub02,test,14,30,17.3319375,17.409291666666668,35.0,0.0773541666666695,-47.76553692560037,77.3541666666695,False,1.0,cued,3,104.0,16,False
sub02,test,14,31,17.908854166666668,17.925520833333334,36.0,0.01666666666666572,-46.41581772020143,16.66666666666572,False,1.0,cued,3,104.0,16,False
sub02,test,14,32,18.485770833333333,18.473416666666665,37.0,-0.01235416666666822,-48.33524505323009,-12.35416666666822,False,1.0,cued,3,104.0,16,False
sub02,test,14,33,19.0626875,19.030479166666666,38.0,-0.03220833333333317,-45.073002006126465,-32.20833333333317,False,1.0,cued,3,104.0,16,False
sub02,test,14,34,19.63960416666667,19.610458333333334,39.0,-0.029145833333334537,-51.01238340915209,-29.145833333334537,False,0.0,cued,3,104.0,16,False
sub02,test,14,35,20.216520833333334,20.161,41.0,-0.055520833333332575,-46.56810714605661,-55.520833333332575,False,1.0,cued,3,104.0,16,False
sub02,test,14,36,20.7934375,20.762145833333335,42.0,-0.0312916666666645,-54.331462828446526,-31.291666666664497,False,0.0,cued,3,104.0,16,False
sub02,test,14,37,21.370354166666665,21.344625,43.0,-0.025729166666664582,-44.42641258609109,-25.729166666664582,False,1.0,cued,3,104.0,16,False
sub02,test,14,38,21.947270833333334,21.944041666666667,45.0,-0.0032291666666672825,-52.46348134870593,-3.2291666666672825,False,0.0,cued,3,104.0,16,False
sub02,test,14,39,22.5241875,22.520208333333333,46.0,-0.003979166666667311,-41.84309500737995,-3.979166666667311,False,1.0,cued,3,104.0,16,False
sub02,test,14,40,23.101104166666666,23.084395833333332,47.0,-0.01670833333333377,-55.147338832472315,-16.70833333333377,False,0.0,cued,3,104.0,16,False
sub02,test,14,41,23.678020833333335,23.6535,48.0,-0.02452083333333377,-45.29312251348582,-24.52083333333377,False,1.0,cued,3,104.0,16,False
sub02,test,14,42,24.2549375,24.22525,49.0,-0.02968750000000142,-53.50375204701804,-29.68750000000142,False,0.0,cued,3,104.0,16,False
sub02,test,14,43,24.831854166666666,24.841958333333334,50.0,0.010104166666668135,-44.481279244080255,10.104166666668135,False,1.0,cued,3,104.0,16,False
sub02,test,14,44,25.40877083333333,25.417666666666666,51.0,0.00889583333333377,-54.65819001319972,8.89583333333377,False,0.0,cued,3,104.0,16,False
sub02,test,14,45,25.9856875,25.9729375,52.0,-0.012750000000000483,-42.7148812075515,-12.750000000000483,False,1.0,cued,3,104.0,16,False
sub02,test,14,46,26.562604166666667,26.574708333333334,53.0,0.012104166666667027,-50.757608256913535,12.104166666667027,False,1.0,cued,3,104.0,16,False
sub02,test,14,47,27.139520833333332,27.156479166666667,55.0,0.016958333333334963,-43.420982909203516,16.958333333334963,False,1.0,cued,3,104.0,16,False
sub02,test,14,48,27.7164375,27.721791666666668,56.0,0.005354166666666771,-53.372799431341164,5.354166666666771,False,0.0,cued,3,104.0,16,False
sub02,test,14,49,28.293354166666667,28.267166666666668,58.0,-0.02618749999999892,-43.841860925487104,-26.18749999999892,False,1.0,cued,3,104.0,16,False
sub02,test,14,50,28.870270833333333,28.858916666666666,59.0,-0.011354166666666998,-57.812647476844425,-11.354166666666998,False,0.0,cued,3,104.0,16,False
sub02,test,14,51,29.4471875,29.416208333333334,60.0,-0.03097916666666478,-43.43693996561815,-30.97916666666478,False,1.0,cued,3,104.0,16,False
sub02,test,15,0,0.0244375,,,,,,True,,cued,2,112.0,12,False
sub02,test,15,1,0.5601458333333333,,,,,,True,,cued,2,112.0,12,False
sub02,test,15,2,1.0958541666666666,0.9629375,0.0,-0.13291666666666657,-43.63052751647623,-132.91666666666657,False,1.0,cued,2,112.0,12,False
sub02,test,15,3,1.6315625,1.5512291666666667,1.0,-0.08033333333333337,-50.19168164654931,-80.33333333333337,False,0.0,cued,2,112.0,12,False
sub02,test,15,4,2.1672708333333333,2.1384375,2.0,-0.028833333333333044,-46.43879926705055,-28.833333333333044,False,1.0,cued,2,112.0,12,False
sub02,test,15,5,2.7029791666666667,2.708375,3.0,0.0053958333333334885,-48.90765991935781,5.3958333333334885,False,0.0,cued,2,112.0,12,False
sub02,test,15,6,3.2386875,3.2421875,4.0,0.0034999999999998366,-42.248445552015916,3.4999999999998366,False,1.0,cued,2,112.0,12,False
sub02,test,15,7,3.774395833333333,3.7849791666666666,5.0,0.010583333333333389,-51.782294081540115,10.583333333333389,False,0.0,cued,2,112.0,12,False
sub02,test,15,8,4.310104166666667,4.276375,6.0,-0.033729166666667254,-43.139148564625074,-33.729166666667254,False,1.0,cued,2,112.0,12,False
sub02,test,15,9,4.8458125,4.833458333333334,7.0,-0.012354166666666444,-51.965782001281596,-12.354166666666444,False,0.0,cued,2,112.0,12,False
sub02,test,15,10,5.381520833333333,5.3409375,8.0,-0.040583333333333194,-44.40601485994457,-40.583333333333194,False,1.0,cued,2,112.0,12,False
sub02,test,15,11,5.917229166666667,5.852854166666667,9.0,-0.06437500000000007,-54.060135507783784,-64.37500000000007,False,0.0,cued,2,112.0,12,False
sub02,test,15,12,6.4529375,6.4404375,10.0,-0.012500000000000178,-42.859942745647,-12.500000000000178,False,1.0,cued,2,112.0,12,False
sub02,test,15,13,6.988645833333333,6.984770833333333,11.0,-0.003874999999999851,-55.68856128112132,-3.874999999999851,False,0.0,cued,2,112.0,12,False
sub02,test,15,14,7.524354166666667,7.500395833333333,12.0,-0.023958333333333748,-44.28470578838759,-23.958333333333748,False,1.0,cued,2,112.0,12,False
sub02,test,15,15,8.0600625,8.038979166666667,13.0,-0.021083333333333343,-51.802956305353135,-21.083333333333343,False,0.0,cued,2,112.0,12,False
sub02,test,15,16,8.595770833333333,8.581,14.0,-0.0147708333333334,-43.45762254975959,-14.7708333333334,False,1.0,cued,2,112.0,12,False
sub02,test,15,17,9.131479166666667,9.137166666666667,15.0,0.005687500000000512,-53.14432324174356,5.687500000000512,False,0.0,cued,2,112.0,12,False
sub02,test,15,18,9.6671875,9.605479166666667,16.0,-0.0617083333333337,-43.4121987583123,-61.7083333333337,False,1.0,cued,2,112.0,12,False
sub02,test,15,19,10.202895833333333,10.2385625,17.0,0.035666666666667624,-53.19456872289146,35.66666666666762,False,0.0,cued,2,112.0,12,False
sub02,test,15,20,10.738604166666667,10.738395833333334,18.0,-0.00020833333333314386,-44.454823551605635,-0.20833333333314386,False,1.0,cued,2,112.0,12,False
sub02,test,15,21,11.2743125,11.245625,19.0,-0.0286875000000002,-50.061288087967206,-28.6875000000002,False,0.0,cued,2,112.0,12,False
sub02,test,15,22,11.810020833333333,11.781291666666666,20.0,-0.028729166666666472,-42.242669128094654,-28.729166666666472,False,1.0,cued,2,112.0,12,False
sub02,test,15,23,12.345729166666667,12.32575,21.0,-0.019979166666667325,-50.028085215579516,-19.979166666667325,False,0.0,cued,2,112.0,12,False
sub02,test,15,24,12.8814375,12.8446875,22.0,-0.03675000000000139,-47.91124137119385,-36.75000000000139,False,1.0,cued,2,112.0,12,False
sub02,test,15,25,13.417145833333333,13.419833333333333,23.0,0.002687500000000398,-45.26570683237192,2.687500000000398,False,1.0,cued,2,112.0,12,False
sub02,test,15,26,13.952854166666667,13.942041666666666,24.0,-0.010812500000000114,-43.59743577788655,-10.812500000000114,False,1.0,cued,2,112.0,12,False
sub02,test,15,27,14.4885625,14.487208333333333,25.0,-0.0013541666666672114,-48.307442924226066,-1.3541666666672114,False,1.0,cued,2,112.0,12,False
sub02,test,15,28,15.024270833333333,15.026104166666666,26.0,0.0018333333333337976,-50.11848916627202,1.8333333333337976,False,0.0,cued,2,112.0,12,False
sub02,test,15,29,15.559979166666666,15.545,27.0,-0.014979166666666544,-42.31929524009548,-14.979166666666544,False,1.0,cued,2,112.0,12,False
sub02,test,15,30,16.0956875,16.072625,29.0,-0.023062500000001762,-50.24116454354713,-23.062500000001762,False,0.0,cued,2,112.0,12,False
sub02,test,15,31,16.631395833333332,16.6125625,30.0,-0.018833333333333258,-47.75404240273245,-18.833333333333258,False,1.0,cued,2,112.0,12,False
sub02,test,15,32,17.167104166666668,17.13625,31.0,-0.030854166666667737,-43.16527613165246,-30.854166666667737,False,1.0,cued,2,112.0,12,False
sub02,test,15,33,17.7028125,17.682083333333335,32.0,-0.020729166666665577,-52.058473418916634,-20.729166666665577,False,0.0,cued,2,112.0,12,False
sub02,test,15,34,18.238520833333332,18.21622916666667,33.0,-0.022291666666664156,-50.03567085717438,-22.291666666664156,False,0.0,cued,2,112.0,12,False
sub02,test,15,35,18.774229166666668,18.7335,34.0,-0.040729166666668704,-44.217995400201666,-40.729166666668704,False,1.0,cued,2,112.0,12,False
sub02,test,15,36,19.3099375,19.268625,35.0,-0.041312500000000085,-47.865415365070405,-41.312500000000085,False,1.0,cued,2,112.0,12,False
sub02,test,15,37,19.845645833333332,19.8399375,36.0,-0.005708333333330984,-52.801792808632435,-5.708333333330984,False,0.0,cued,2,112.0,12,False
sub02,test,15,38,20.381354166666668,20.325145833333334,37.0,-0.05620833333333408,-41.61192732812893,-56.20833333333408,False,1.0,cued,2,112.0,12,False
sub02,test,15,39,20.9170625,20.9223125,38.0,0.005250000000000199,-52.58238200397807,5.250000000000199,False,0.0,cued,2,112.0,12,False
sub02,test,15,40,21.452770833333332,21.444979166666666,39.0,-0.007791666666665975,-54.124077994879194,-7.791666666665975,False,0.0,cued,2,112.0,12,False
sub02,test,15,41,21.988479166666668,21.923979166666665,40.0,-0.06450000000000244,-43.2769485756711,-64.50000000000244,False,1.0,cued,2,112.0,12,False
sub02,test,15,42,22.5241875,22.495041666666665,41.0,-0.029145833333334537,-53.352366854608334,-29.145833333334537,False,0.0,cued,2,112.0,12,False
sub02,test,15,43,23.059895833333332,23.020958333333333,42.0,-0.0389374999999994,-52.93478359491914,-38.9374999999994,False,0.0,cued,2,112.0,12,False
sub02,test,15,44,23.595604166666668,23.539625,43.0,-0.05597916666666691,-45.00506505298347,-55.97916666666691,False,1.0,cued,2,112.0,12,False
sub02,test,15,45,24.1313125,24.081666666666667,44.0,-0.049645833333332945,-54.082396027866146,-49.645833333332945,False,0.0,cued,2,112.0,12,False
sub02,test,15,46,24.667020833333332,24.6405,45.0,-0.02652083333333266,-51.192246808644555,-26.52083333333266,False,0.0,cued,2,112.0,12,False
sub02,test,15,47,25.202729166666668,25.12525,46.0,-0.07747916666666654,-44.963816262548654,-77.47916666666654,False,1.0,cued,2,112.0,12,False
sub02,test,15,48,25.7384375,25.709229166666667,47.0,-0.02920833333333306,-51.66142433078848,-29.20833333333306,False,0.0,cued,2,112.0,12,False
sub02,test,15,49,26.274145833333332,26.269416666666668,49.0,-0.004729166666663787,-55.907451816222384,-4.729166666663787,False,0.0,cued,2,112.0,12,False
sub02,test,15,50,26.809854166666668,26.783916666666666,50.0,-0.02593750000000128,-45.327733469142544,-25.93750000000128,False,1.0,cued,2,112.0,12,False
sub02,test,15,51,27.3455625,27.337125,52.0,-0.008437499999999432,-54.56463375078863,-8.437499999999432,False,0.0,cued,2,112.0,12,False
sub02,test,15,52,27.881270833333332,27.858166666666666,53.0,-0.02310416666666626,-53.591908343978446,-23.10416666666626,False,0.0,cued,2,112.0,12,False
sub02,test,15,53,28.416979166666668,28.379520833333334,54.0,-0.03745833333333337,-44.27418200782081,-37.45833333333337,False,1.0,cued,2,112.0,12,False
sub02,test,15,54,28.9526875,28.938125,55.0,-0.014562500000000256,-52.66668421331808,-14.562500000000256,False,0.0,cued,2,112.0,12,False
sub02,test,15,55,29.488395833333332,29.452416666666668,56.0,-0.03597916666666379,-48.100552446900224,-35.97916666666379,False,1.0,cued,2,112.0,12,False
sub02,test,16,0,0.0244375,0.0015,0.0,-0.0229375,-61.924644313331086,-22.9375,False,0.0,spontaneous,3,100.0,0,False
sub02,test,16,1,0.6244375,0.6246666666666667,2.0,0.0002291666666667247,-49.08677269215367,0.2291666666667247,False,1.0,spontaneous,3,100.0,0,False
sub02,test,16,2,1.2244375,1.18025,3.0,-0.044187500000000046,-44.91704408760142,-44.18750000000004,False,1.0,spontaneous,3,100.0,0,False
sub02,test,16,3,1.8244375,1.776875,4.0,-0.04756249999999995,-51.50267899282465,-47.56249999999995,False,0.0,spontaneous,3,100.0,0,False
sub02,test,16,4,2.4244375,2.3679791666666667,5.0,-0.056458333333333055,-53.016113545895095,-56.45833333333306,False,0.0,spontaneous,3,100.0,0,False
sub02,test,16,5,3.0244375,2.932354166666667,6.0,-0.09208333333333307,-43.67420635258945,-92.08333333333307,False,1.0,spontaneous,3,100.0,0,False
sub02,test,16,6,3.6244375,3.5498333333333334,7.0,-0.07460416666666658,-53.08964670988064,-74.60416666666659,False,0.0,spontaneous,3,100.0,0,False
sub02,test,16,7,4.2244375,4.162395833333333,8.0,-0.06204166666666655,-50.71492938487335,-62.04166666666655,False,0.0,spontaneous,3,100.0,0,False
sub02,test,16,8,4.8244375,4.744083333333333,9.0,-0.08035416666666695,-43.82096803772595,-80.35416666666694,False,1.0,spontaneous,3,100.0,0,False
sub02,test,16,9,5.4244375,5.3603958333333335,11.0,-0.06404166666666633,-48.146110084777376,-64.04166666666633,False,1.0,spontaneous,3,100.0,0,False
sub02,test,16,10,6.0244375,6.010354166666667,12.0,-0.01408333333333367,-51.22824116016771,-14.08333333333367,False,0.0,spontaneous,3,100.0,0,False
sub02,test,16,11,6.6244375,6.5650208333333335,13.0,-0.05941666666666645,-44.65437211667047,-59.41666666666645,False,1.0,spontaneous,3,100.0,0,False
sub02,test,16,12,7.2244375,7.208270833333334,14.0,-0.016166666666665996,-53.5178978986164,-16.166666666665996,False,0.0,spontaneous,3,100.0,0,False
sub02,test,16,13,7.8244375,7.806708333333333,15.0,-0.01772916666666724,-55.82940869571735,-17.72916666666724,False,0.0,spontaneous,3,100.0,0,False
sub02,test,16,14,8.4244375,8.342104166666667,16.0,-0.0823333333333327,-44.352370422700496,-82.3333333333327,False,1.0,spontaneous,3,100.0,0,False
sub02,test,16,15,9.0244375,8.996833333333333,17.0,-0.02760416666666643,-57.172668128991546,-27.60416666666643,False,0.0,spontaneous,3,100.0,0,False
sub02,test,16,16,9.6244375,9.576354166666667,18.0,-0.048083333333334366,-51.36571653645304,-48.083333333334366,False,0.0,spontaneous,3,100.0,0,False
sub02,test,16,17,10.2244375,10.190104166666666,19.0,-0.03433333333333444,-43.149659447608755,-34.33333333333444,False,1.0,spontaneous,3,100.0,0,False
sub02,test,16,18,10.8244375,10.761770833333333,20.0,-0.06266666666666687,-50.30279093637772,-62.66666666666687,False,0.0,spontaneous,3,100.0,0,False
sub02,test,16,19,11.4244375,11.430854166666666,21.0,0.006416666666666515,-54.945157414809714,6.416666666666515,False,0.0,spontaneous,3,100.0,0,False
sub02,test,16,20,12.0244375,11.983666666666666,22.0,-0.0407708333333332,-44.58752153171463,-40.7708333333332,False,1.0,spontaneous,3,100.0,0,False
sub02,test,16,21,12.6244375,12.571979166666667,23.0,-0.05245833333333394,-52.05634680436671,-52.45833333333394,False,0.0,spontaneous,3,100.0,0,False
sub02,test,16,22,13.2244375,13.244541666666667,24.0,0.020104166666666146,-50.97277675190039,20.104166666666146,False,0.0,spontaneous,3,100.0,0,False
sub02,test,16,23,13.8244375,13.820916666666667,25.0,-0.0035208333333329733,-43.84514550996662,-3.5208333333329733,False,1.0,spontaneous,3,100.0,0,False
sub02,test,16,24,14.4244375,14.3634375,26.0,-0.06099999999999994,-48.234991881486515,-60.99999999999994,False,1.0,spontaneous,3,100.0,0,False
sub02,test,16,25,15.0244375,15.0136875,27.0,-0.010749999999999815,-51.634820445412856,-10.749999999999815,False,0.0,spontaneous,3,100.0,0,False
sub02,test,16,26,15.6244375,15.551645833333334,28.0,-0.07279166666666725,-47.42179381112746,-72.79166666666725,False,1.0,spontaneous,3,100.0,0,False
sub02,test,16,27,16.2244375,16.22554166666667,29.0,0.001104166666667794,-50.85205084542794,1.104166666667794,False,0.0,spontaneous,3,100.0,0,False
sub02,test,16,28,16.8244375,16.840666666666667,30.0,0.01622916666666896,-44.830660880907985,16.22916666666896,False,1.0,spontaneous,3,100.0,0,False
sub02,test,16,29,17.4244375,17.375375,31.0,-0.04906250000000156,-51.60587617849372,-49.06250000000156,False,0.0,spontaneous,3,100.0,0,False
sub02,test,16,30,18.0244375,17.987041666666666,32.0,-0.03739583333333485,-46.20607523837635,-37.39583333333485,False,1.0,spontaneous,3,100.0,0,False
sub02,test,16,31,18.6244375,18.5634375,33.0,-0.06099999999999994,-48.605778564899246,-60.99999999999994,False,1.0,spontaneous,3,100.0,0,False
sub02,test,16,32,19.2244375,19.1625625,35.0,-0.06187500000000057,-43.61226756592365,-61.87500000000057,False,1.0,spontaneous,3,100.0,0,False
sub02,test,16,33,19.8244375,19.812458333333332,36.0,-0.01197916666666643,-57.882602608287634,-11.97916666666643,False,0.0,spontaneous,3,100.0,0,False
sub02,test,16,34,20.4244375,20.3663125,37.0,-0.058125000000000426,-43.04557177436636,-58.125000000000426,False,1.0,spontaneous,3,100.0,0,False
sub02,test,16,35,21.0244375,20.9593125,39.0,-0.06512500000000188,-50.19932912932974,-65.12500000000188,False,0.0,spontaneous,3,100.0,0,False
sub02,test,16,36,21.6244375,21.586791666666667,40.0,-0.03764583333333249,-45.86288325799197,-37.64583333333249,False,1.0,spontaneous,3,100.0,0,False
sub02,test,16,37,22.2244375,22.165104166666666,41.0,-0.05933333333333479,-53.38300072998639,-59.33333333333479,False,0.0,spontaneous,3,100.0,0,False
sub02,test,16,38,22.8244375,22.7643125,42.0,-0.06012499999999932,-43.5347828734379,-60.12499999999932,False,1.0,spontaneous,3,100.0,0,False
sub02,test,16,39,23.4244375,23.379354166666666,44.0,-0.04508333333333425,-52.61587771835323,-45.08333333333425,False,0.0,spontaneous,3,100.0,0,False
sub02,test,16,40,24.0244375,23.936125,46.0,-0.08831250000000068,-45.01480774637369,-88.31250000000068,False,1.0,spontaneous,3,100.0,0,False
sub02,test,16,41,24.6244375,24.565729166666667,48.0,-0.05870833333333181,-49.32285983996094,-58.70833333333181,False,1.0,spontaneous,3,100.0,0,False
sub02,test,16,42,25.2244375,25.1675625,50.0,-0.05687500000000156,-44.23605461437886,-56.87500000000156,False,1.0,spontaneous,3,100.0,0,False
sub02,test,16,43,25.8244375,25.8300625,51.0,0.0056250000000019895,-53.30007698635399,5.6250000000019895,False,0.0,spontaneous,3,100.0,0,False
sub02,test,16,44,26.4244375,26.366375,53.0,-0.05806249999999835,-42.86854960943958,-58.06249999999835,False,1.0,spontaneous,3,100.0,0,False
sub02,test,16,45,27.0244375,27.03152083333333,55.0,0.007083333333330444,-57.04763669245133,7.083333333330444,False,0.0,spontaneous,3,100.0,0,False
sub02,test,16,46,27.6244375,27.595458333333333,58.0,-0.02897916666666589,-44.447049320017115,-28.97916666666589,False,1.0,spontaneous,3,100.0,0,False
sub02,test,16,47,28.2244375,28.159375,59.0,-0.0650624999999998,-54.63211315353814,-65.0624999999998,False,0.0,spontaneous,3,100.0,0,False
sub02,test,16,48,28.8244375,28.757625,60.0,-0.0668124999999975,-44.102339056746615,-66.8124999999975,False,1.0,spontaneous,3,100.0,0,False
sub02,test,16,49,29.4244375,29.361020833333335,62.0,-0.06341666666666512,-52.94322819169758,-63.41666666666512,False,0.0,spontaneous,3,100.0,0,False
sub02,test,17,0,0.0244375,0.1565,0.0,0.1320625,-50.22769571669911,132.0625,False,0.0,cued,3,112.0,12,False
sub02,test,17,1,0.5601458333333333,0.5426458333333334,1.0,-0.01749999999999996,-51.10878396792703,-17.49999999999996,False,0.0,cued,3,112.0,12,False
sub02,test,17,2,1.0958541666666666,1.0257291666666666,3.0,-0.07012499999999999,-41.168188365573364,-70.125,False,1.0,cued,3,112.0,12,False
sub02,test,17,3,1.6315625,1.5738541666666668,4.0,-0.05770833333333325,-49.74898048268806,-57.70833333333325,False,0.0,cued,3,112.0,12,False
sub02,test,17,4,2.1672708333333333,2.120041666666667,6.0,-0.04722916666666643,-49.04278653088327,-47.22916666666643,False,0.0,cued,3,112.0,12,False
sub02,test,17,5,2.7029791666666667,2.657583333333333,7.0,-0.045395833333333524,-44.13088050052016,-45.39583333333353,False,1.0,cued,3,112.0,12,False
sub02,test,17,6,3.2386875,3.1982291666666667,8.0,-0.040458333333333485,-49.463370216385634,-40.458333333333485,False,0.0,cued,3,112.0,12,False
sub02,test,17,7,3.774395833333333,3.7369375,10.0,-0.03745833333333337,-49.1585955761746,-37.45833333333337,False,0.0,cued,3,112.0,12,False
sub02,test,17,8,4.310104166666667,4.279645833333333,13.0,-0.030458333333333698,-44.22404232180672,-30.458333333333698,False,1.0,cued,3,112.0,12,False
sub02,test,17,9,4.8458125,4.814020833333333,14.0,-0.031791666666666885,-51.26241117610691,-31.791666666666885,False,0.0,cued,3,112.0,12,False
sub02,test,17,10,5.381520833333333,5.3570416666666665,15.0,-0.024479166666666607,-50.88989085231315,-24.479166666666607,False,0.0,cued,3,112.0,12,False
sub02,test,17,11,5.917229166666667,5.878791666666666,16.0,-0.03843750000000057,-42.94905081563152,-38.43750000000057,False,1.0,cued,3,112.0,12,False
sub02,test,17,12,6.4529375,6.430166666666667,17.0,-0.022770833333333407,-51.06374800283583,-22.770833333333407,False,0.0,cued,3,112.0,12,False
sub02,test,17,13,6.988645833333333,6.940854166666667,19.0,-0.04779166666666601,-49.468695523365376,-47.79166666666601,False,0.0,cued,3,112.0,12,False
sub02,test,17,14,7.524354166666667,7.4785625,21.0,-0.04579166666666712,-43.97663916016957,-45.79166666666712,False,1.0,cued,3,112.0,12,False
sub02,test,17,15,8.0600625,8.0349375,22.0,-0.025125000000000952,-49.92521448081713,-25.125000000000952,False,0.0,cued,3,112.0,12,False
sub02,test,17,16,8.595770833333333,8.544,23.0,-0.05177083333333243,-50.5936507368049,-51.77083333333243,False,0.0,cued,3,112.0,12,False
sub02,test,17,17,9.131479166666667,9.054125,24.0,-0.07735416666666595,-44.24844633679129,-77.35416666666595,False,1.0,cued,3,112.0,12,False
sub02,test,17,18,9.6671875,9.664833333333334,25.0,-0.002354166666666657,-48.19907723243371,-2.354166666666657,False,1.0,cued,3,112.0,12,False
sub02,test,17,19,10.202895833333333,10.233166666666667,26.0,0.03027083333333458,-52.16773701703651,30.27083333333458,False,0.0,cued,3,112.0,12,False
sub02,test,17,20,10.738604166666667,10.683916666666667,28.0,-0.0546875,-42.93831458250026,-54.6875,False,1.0,cued,3,112.0,12,False
sub02,test,17,21,11.2743125,11.230854166666667,29.0,-0.0434583333333336,-51.09198023702534,-43.4583333333336,False,0.0,cued,3,112.0,12,False
sub02,test,17,22,11.810020833333333,11.744520833333333,31.0,-0.06550000000000011,-49.5861304706201,-65.50000000000011,False,0.0,cued,3,112.0,12,False
sub02,test,17,23,12.345729166666667,12.2750625,32.0,-0.07066666666666599,-45.42568287389608,-70.66666666666599,False,1.0,cued,3,112.0,12,False
sub02,test,17,24,12.8814375,12.908625,34.0,0.027187500000000142,-53.871022863034995,27.187500000000142,False,0.0,cued,3,112.0,12,False
sub02,test,17,25,13.417145833333333,13.474895833333333,35.0,0.05775000000000041,-45.78093824395392,57.75000000000041,False,1.0,cued,3,112.0,12,False
sub02,test,17,26,13.952854166666667,14.0045,36.0,0.05164583333333361,-45.656189851927195,51.64583333333361,False,1.0,cued,3,112.0,12,False
sub02,test,17,27,14.4885625,14.503291666666666,37.0,0.01472916666666535,-43.836488771431505,14.72916666666535,False,1.0,cued,3,112.0,12,False
sub02,test,17,28,15.024270833333333,15.034458333333333,38.0,0.010187500000000682,-51.29245530303045,10.187500000000682,False,0.0,cued,3,112.0,12,False
sub02,test,17,29,15.559979166666666,15.555583333333333,39.0,-0.004395833333333599,-44.16786437295265,-4.395833333333599,False,1.0,cued,3,112.0,12,False
sub02,test,17,30,16.0956875,16.0954375,41.0,-0.0002500000000011937,-46.37290674339474,-0.2500000000011937,False,1.0,cued,3,112.0,12,False
sub02,test,17,31,16.631395833333332,16.614354166666665,42.0,-0.01704166666666751,-43.74853788674659,-17.04166666666751,False,1.0,cued,3,112.0,12,False
sub02,test,17,32,17.167104166666668,17.160020833333334,43.0,-0.0070833333333339965,-52.94824016531762,-7.0833333333339965,False,0.0,cued,3,112.0,12,False
sub02,test,17,33,17.7028125,17.676625,44.0,-0.02618749999999892,-43.66513965790016,-26.18749999999892,False,1.0,cued,3,112.0,12,False
sub02,test,17,34,18.238520833333332,18.201125,45.0,-0.037395833333331296,-52.98807685222557,-37.395833333331296,False,0.0,cued,3,112.0,12,False
sub02,test,17,35,18.774229166666668,18.741875,46.0,-0.032354166666667794,-42.576419673674636,-32.354166666667794,False,1.0,cued,3,112.0,12,False
sub02,test,17,36,19.3099375,19.268395833333333,47.0,-0.041541666666667254,-53.01346132535423,-41.541666666667254,False,0.0,cued,3,112.0,12,False
sub02,test,17,37,19.845645833333332,19.839041666666667,48.0,-0.006604166666665634,-44.813250040512536,-6.604166666665634,False,1.0,cued,3,112.0,12,False
sub02,test,17,38,20.381354166666668,20.387791666666665,49.0,0.006437499999996987,-54.76863155831785,6.437499999996987,False,0.0,cued,3,112.0,12,False
sub02,test,17,39,20.9170625,20.891604166666667,50.0,-0.025458333333332916,-44.63291479756543,-25.458333333332916,False,1.0,cued,3,112.0,12,False
sub02,test,17,40,21.452770833333332,21.392791666666668,52.0,-0.059979166666664696,-54.40734488804082,-59.979166666664696,False,0.0,cued,3,112.0,12,False
sub02,test,17,41,21.988479166666668,21.934416666666667,54.0,-0.05406250000000057,-40.892967833245244,-54.06250000000057,False,1.0,cued,3,112.0,12,False
sub02,test,17,42,22.5241875,22.523395833333332,55.0,-0.0007916666666680783,-53.41651940731248,-0.7916666666680783,False,0.0,cued,3,112.0,12,False
sub02,test,17,43,23.059895833333332,23.03654166666667,57.0,-0.0233541666666639,-43.81518141892749,-23.3541666666639,False,1.0,cued,3,112.0,12,False
sub02,test,17,44,23.595604166666668,23.552645833333333,58.0,-0.042958333333334764,-51.957115717468334,-42.958333333334764,False,0.0,cued,3,112.0,12,False
sub02,test,17,45,24.1313125,24.1259375,59.0,-0.005375000000000796,-45.43318028726992,-5.375000000000796,False,1.0,cued,3,112.0,12,False
sub02,test,17,46,24.667020833333332,24.649229166666668,60.0,-0.017791666666663986,-48.66779255066109,-17.791666666663986,False,1.0,cued,3,112.0,12,False
sub02,test,17,47,25.202729166666668,25.180854166666666,61.0,-0.02187500000000142,-44.33805463632035,-21.87500000000142,False,1.0,cued,3,112.0,12,False
sub02,test,17,48,25.7384375,25.7136875,62.0,-0.024750000000000938,-50.488284376912645,-24.750000000000938,False,0.0,cued,3,112.0,12,False
sub02,test,17,49,26.274145833333332,26.260645833333335,63.0,-0.013499999999996959,-44.96145075308903,-13.499999999996959,False,1.0,cued,3,112.0,12,False
sub02,test,17,50,26.809854166666668,26.804645833333332,64.0,-0.005208333333335702,-48.992441471844295,-5.208333333335702,False,0.0,cued,3,112.0,12,False
sub02,test,17,51,27.3455625,27.371479166666667,65.0,0.025916666666667254,-42.81254325147425,25.916666666667254,False,1.0,cued,3,112.0,12,False
sub02,test,17,52,27.881270833333332,27.892041666666668,66.0,0.010770833333335617,-55.64501444474903,10.770833333335617,False,0.0,cued,3,112.0,12,False
sub02,test,17,53,28.416979166666668,28.415895833333334,67.0,-0.0010833333333337691,-43.13537636994457,-1.0833333333337691,False,1.0,cued,3,112.0,12,False
sub02,test,17,54,28.9526875,28.943354166666666,68.0,-0.009333333333334082,-50.94238930758986,-9.333333333334082,False,0.0,cued,3,112.0,12,False
sub02,test,17,55,29.488395833333332,29.494270833333335,69.0,0.005875000000003183,-41.50905511168591,5.875000000003183,False,1.0,cued,3,112.0,12,False
sub02,test,18,0,0.0244375,0.04025,0.0,0.0158125,-59.55876557801005,15.8125,False,0.0,spontaneous,3,100.0,0,False
sub02,test,18,1,0.6244375,0.5764375,1.0,-0.04799999999999993,-55.10526178534457,-47.99999999999993,False,0.0,spontaneous,3,100.0,0,False
sub02,test,18,2,1.2244375,1.0750416666666667,3.0,-0.1493958333333334,-46.59320813029894,-149.3958333333334,False,1.0,spontaneous,3,100.0,0,False
sub02,test,18,3,1.8244375,1.6977291666666667,5.0,-0.1267083333333332,-51.17271361100137,-126.7083333333332,False,0.0,spontaneous,3,100.0,0,False
sub02,test,18,4,2.4244375,2.3235625,6.0,-0.10087499999999983,-51.100322508180945,-100.87499999999983,False,0.0,spontaneous,3,100.0,0,False
sub02,test,18,5,3.0244375,2.947395833333333,8.0,-0.07704166666666667,-45.52021981213006,-77.04166666666667,False,1.0,spontaneous,3,100.0,0,False
sub02,test,18,6,3.6244375,3.5387291666666667,10.0,-0.08570833333333328,-48.55427659543021,-85.70833333333327,False,1.0,spontaneous,3,100.0,0,False
sub02,test,18,7,4.2244375,4.199395833333333,12.0,-0.02504166666666663,-50.569783457183604,-25.04166666666663,False,0.0,spontaneous,3,100.0,0,False
sub02,test,18,8,4.8244375,4.721708333333333,14.0,-0.1027291666666672,-46.54114317829138,-102.7291666666672,False,1.0,spontaneous,3,100.0,0,False
sub02,test,18,9,5.4244375,5.344875,16.0,-0.07956249999999976,-50.862509569629836,-79.56249999999976,False,0.0,spontaneous,3,100.0,0,False
sub02,test,18,10,6.0244375,6.006625,18.0,-0.017812500000000675,-51.627310194935525,-17.812500000000675,False,0.0,spontaneous,3,100.0,0,False
sub02,test,18,11,6.6244375,6.540854166666667,20.0,-0.08358333333333334,-47.14782279323838,-83.58333333333334,False,1.0,spontaneous,3,100.0,0,False
sub02,test,18,12,7.2244375,7.162895833333334,22.0,-0.06154166666666594,-52.38762096282081,-61.54166666666594,False,0.0,spontaneous,3,100.0,0,False
sub02,test,18,13,7.8244375,7.792291666666666,23.0,-0.03214583333333376,-50.75149832138597,-32.14583333333376,False,0.0,spontaneous,3,100.0,0,False
sub02,test,18,14,8.4244375,8.362958333333333,24.0,-0.06147916666666653,-46.20803401773067,-61.47916666666653,False,1.0,spontaneous,3,100.0,0,False
sub02,test,18,15,9.0244375,9.016583333333333,25.0,-0.007854166666666273,-52.47008327178201,-7.8541666666662735,False,0.0,spontaneous,3,100.0,0,False
sub02,test,18,16,9.6244375,9.636541666666666,26.0,0.01210416666666525,-48.71586785580249,12.10416666666525,False,1.0,spontaneous,3,100.0,0,False
sub02,test,18,17,10.2244375,10.162645833333332,27.0,-0.06179166666666802,-49.46940781645576,-61.79166666666802,False,1.0,spontaneous,3,100.0,0,False
sub02,test,18,18,10.8244375,10.751979166666667,28.0,-0.07245833333333351,-52.9489504961986,-72.45833333333351,False,0.0,spontaneous,3,100.0,0,False
sub02,test,18,19,11.4244375,11.342583333333334,29.0,-0.08185416666666612,-54.31395333525251,-81.85416666666612,False,0.0,spontaneous,3,100.0,0,False
sub02,test,18,20,12.0244375,11.9931875,30.0,-0.03125,-50.72414738707429,-31.25,False,0.0,spontaneous,3,100.0,0,False
sub02,test,18,21,12.6244375,12.554354166666666,31.0,-0.07008333333333461,-52.08490012143041,-70.08333333333461,False,0.0,spontaneous,3,100.0,0,False
sub02,test,18,22,13.2244375,13.130291666666666,32.0,-0.09414583333333404,-49.18674430054119,-94.14583333333404,False,1.0,spontaneous,3,100.0,0,False
sub02,test,18,23,13.8244375,13.7484375,33.0,-0.07600000000000051,-45.14193876291706,-76.00000000000051,False,1.0,spontaneous,3,100.0,0,False
sub02,test,18,24,14.4244375,14.4164375,34.0,-0.007999999999999119,-52.506932318377466,-7.999999999999119,False,0.0,spontaneous,3,100.0,0,False
sub02,test,18,25,15.0244375,14.9628125,35.0,-0.061624999999999375,-45.62220937143997,-61.624999999999375,False,1.0,spontaneous,3,100.0,0,False
sub02,test,18,26,15.6244375,15.570333333333334,36.0,-0.05410416666666684,-49.431102804349834,-54.10416666666684,False,1.0,spontaneous,3,100.0,0,False
sub02,test,18,27,16.2244375,16.143604166666666,38.0,-0.08083333333333442,-43.08494461342359,-80.83333333333442,False,1.0,spontaneous,3,100.0,0,False
sub02,test,18,28,16.8244375,16.7630625,39.0,-0.06137499999999818,-52.87065030683448,-61.37499999999818,False,0.0,spontaneous,3,100.0,0,False
sub02,test,18,29,17.4244375,17.311708333333332,41.0,-0.11272916666666788,-44.42113825203368,-112.72916666666788,False,1.0,spontaneous,3,100.0,0,False
sub02,test,18,30,18.0244375,17.98925,44.0,-0.035187500000002814,-49.19016342757931,-35.187500000002814,False,1.0,spontaneous,3,100.0,0,False
sub02,test,18,31,18.6244375,18.581645833333333,45.0,-0.04279166666666612,-47.38939120388107,-42.79166666666612,False,1.0,spontaneous,3,100.0,0,False
sub02,test,18,32,19.2244375,19.183083333333332,47.0,-0.041354166666668135,-49.65379347255283,-41.354166666668135,False,0.0,spontaneous,3,100.0,0,False
sub02,test,18,33,19.8244375,19.809020833333335,48.0,-0.015416666666663303,-44.989369410969786,-15.416666666663303,False,1.0,spontaneous,3,100.0,0,False
sub02,test,18,34,20.4244375,20.430625,49.0,0.006187499999999346,-53.113442811276514,6.187499999999346,False,0.0,spontaneous,3,100.0,0,False
sub02,test,18,35,21.0244375,20.949875,50.0,-0.07456250000000253,-43.242593730219944,-74.56250000000253,False,1.0,spontaneous,3,100.0,0,False
sub02,test,18,36,21.6244375,21.594791666666666,51.0,-0.02964583333333337,-53.11520479287679,-29.64583333333337,False,0.0,spontaneous,3,100.0,0,False
sub02,test,18,37,22.2244375,22.2073125,53.0,-0.017125000000000057,-43.34996379057776,-17.125000000000057,False,1.0,spontaneous,3,100.0,0,False
sub02,test,18,38,22.8244375,22.813645833333332,54.0,-0.010791666666666089,-55.272606964731416,-10.791666666666089,False,0.0,spontaneous,3,100.0,0,False
sub02,test,18,39,23.4244375,23.375083333333333,55.0,-0.049354166666667254,-44.75069123328105,-49.354166666667254,False,1.0,spontaneous,3,100.0,0,False
sub02,test,18,40,24.0244375,23.965291666666666,56.0,-0.05914583333333567,-54.76123703614056,-59.14583333333567,False,0.0,spontaneous,3,100.0,0,False
sub02,test,18,41,24.6244375,24.572375,57.0,-0.052062499999998124,-42.39442106412061,-52.062499999998124,False,1.0,spontaneous,3,100.0,0,False
sub02,test,18,42,25.2244375,25.213791666666665,58.0,-0.01064583333333502,-53.28754726522458,-10.64583333333502,False,0.0,spontaneous,3,100.0,0,False
sub02,test,18,43,25.8244375,25.791104166666667,59.0,-0.03333333333333144,-46.245880419912204,-33.33333333333144,False,1.0,spontaneous,3,100.0,0,False
sub02,test,18,44,26.4244375,26.470645833333332,61.0,0.04620833333333252,-52.918926651447514,46.20833333333252,False,0.0,spontaneous,3,100.0,0,False
sub02,test,18,45,27.0244375,27.032354166666668,62.0,0.007916666666666572,-43.93799095902358,7.916666666666572,False,1.0,spontaneous,3,100.0,0,False
sub02,test,18,46,27.6244375,27.6513125,63.0,0.026875000000000426,-53.44557769374142,26.875000000000426,False,0.0,spontaneous,3,100.0,0,False
sub02,test,18,47,28.2244375,28.187958333333334,64.0,-0.036479166666666174,-44.30508984936338,-36.479166666666174,False,1.0,spontaneous,3,100.0,0,False
sub02,test,18,48,28.8244375,28.747083333333332,65.0,-0.07735416666666595,-52.64225716101818,-77.35416666666595,False,0.0,spontaneous,3,100.0,0,False
sub02,test,18,49,29.4244375,29.398583333333335,67.0,-0.02585416666666518,-46.79981163665309,-25.85416666666518,False,1.0,spontaneous,3,100.0,0,False
sub02,test,19,0,0.0244375,0.050958333333333335,0.0,0.026520833333333334,-59.85088637609372,26.520833333333332,False,0.0,cued,2,100.0,16,False
sub02,test,19,1,0.6244375,0.5872291666666667,1.0,-0.03720833333333329,-51.48389846518488,-37.208333333333286,False,0.0,cued,2,100.0,16,False
sub02,test,19,2,1.2244375,1.1568125,2.0,-0.06762500000000005,-43.91055055545501,-67.62500000000004,False,1.0,cued,2,100.0,16,False
sub02,test,19,3,1.8244375,1.8545208333333334,5.0,0.030083333333333462,-55.59802428606279,30.083333333333464,False,0.0,cued,2,100.0,16,False
sub02,test,19,4,2.4244375,2.4090416666666665,7.0,-0.015395833333333275,-44.02687529776578,-15.395833333333275,False,1.0,cued,2,100.0,16,False
sub02,test,19,5,3.0244375,2.977104166666667,9.0,-0.047333333333333005,-51.683898863720394,-47.333333333333,False,0.0,cued,2,100.0,16,False
sub02,test,19,6,3.6244375,3.5904375,10.0,-0.03399999999999981,-43.438496783360854,-33.99999999999981,False,1.0,cued,2,100.0,16,False
sub02,test,19,7,4.2244375,4.2117708333333335,11.0,-0.01266666666666616,-57.13620058273861,-12.66666666666616,False,0.0,cued,2,100.0,16,False
sub02,test,19,8,4.8244375,4.806395833333333,12.0,-0.018041666666666956,-43.82038468131736,-18.041666666666956,False,1.0,cued,2,100.0,16,False
sub02,test,19,9,5.4244375,5.363291666666667,13.0,-0.06114583333333279,-53.66843561100932,-61.14583333333279,False,0.0,cued,2,100.0,16,False
sub02,test,19,10,6.0244375,6.00725,14.0,-0.017187500000000355,-41.11277467219288,-17.187500000000355,False,1.0,cued,2,100.0,16,False
sub02,test,19,11,6.6244375,6.5829375,16.0,-0.04150000000000009,-53.87404624899719,-41.50000000000009,False,0.0,cued,2,100.0,16,False
sub02,test,19,12,7.2244375,7.259895833333333,19.0,0.03545833333333359,-43.24014357802259,35.45833333333359,False,1.0,cued,2,100.0,16,False
sub02,test,19,13,7.8244375,7.803625,22.0,-0.0208124999999999,-62.25026352642071,-20.8124999999999,False,0.0,cued,2,100.0,16,False
sub02,test,19,14,8.4244375,8.402020833333333,23.0,-0.02241666666666653,-42.54491116658944,-22.41666666666653,False,1.0,cued,2,100.0,16,False
sub02,test,19,15,9.0244375,8.9665625,24.0,-0.05787499999999923,-54.84547303328636,-57.87499999999923,False,0.0,cued,2,100.0,16,False
sub02,test,19,16,9.6244375,9.597520833333334,25.0,-0.0269166666666667,-44.94910584760171,-26.9166666666667,False,1.0,cued,2,100.0,16,False
sub02,test,19,17,10.2244375,10.194229166666666,28.0,-0.03020833333333428,-53.24929175354188,-30.20833333333428,False,0.0,cued,2,100.0,16,False
sub02,test,19,18,10.8244375,10.762229166666666,29.0,-0.06220833333333431,-47.82942514470281,-62.20833333333431,False,1.0,cued,2,100.0,16,False
sub02,test,19,19,11.4244375,11.360354166666667,30.0,-0.0640833333333326,-60.1814287868534,-64.0833333333326,False,0.0,cued,2,100.0,16,False
sub02,test,19,20,12.0244375,11.9575,32.0,-0.06693749999999987,-43.12044819777839,-66.93749999999987,False,1.0,cued,2,100.0,16,False
sub02,test,19,21,12.6244375,12.575625,33.0,-0.04881250000000037,-55.02762312875113,-48.81250000000037,False,0.0,cued,2,100.0,16,False
sub02,test,19,22,13.2244375,13.142791666666668,34.0,-0.08164583333333297,-42.38709639132971,-81.64583333333297,False,1.0,cued,2,100.0,16,False
sub02,test,19,23,13.8244375,13.770458333333334,37.0,-0.053979166666666245,-59.34776594484437,-53.979166666666245,False,0.0,cued,2,100.0,16,False
sub02,test,19,24,14.4244375,14.321875,38.0,-0.10256249999999945,-43.94079128092776,-102.56249999999945,False,1.0,cued,2,100.0,16,False
sub02,test,19,25,15.0244375,14.9305,39.0,-0.09393749999999912,-54.66261597636422,-93.93749999999912,False,0.0,cued,2,100.0,16,False
sub02,test,19,26,15.6244375,15.570041666666667,40.0,-0.05439583333333431,-43.544468076490865,-54.39583333333431,False,1.0,cued,2,100.0,16,False
sub02,test,19,27,16.2244375,16.172375,41.0,-0.05206250000000168,-52.95845170330976,-52.06250000000168,False,0.0,cued,2,100.0,16,False
sub02,test,19,28,16.8244375,16.814145833333335,42.0,-0.010291666666663701,-45.73698362283491,-10.291666666663701,False,1.0,cued,2,100.0,16,False
sub02,test,19,29,17.4244375,17.4755,43.0,0.051062500000000455,-50.81401817084775,51.062500000000455,False,0.0,cued,2,100.0,16,False
sub02,test,19,30,18.0244375,17.981208333333335,44.0,-0.04322916666666643,-35.82710705276982,-43.22916666666643,False,1.0,cued,2,100.0,16,False
sub02,test,19,31,18.6244375,18.584729166666666,46.0,-0.039708333333333456,-46.84997563440085,-39.70833333333346,False,1.0,cued,2,100.0,16,False
sub02,test,19,32,19.2244375,19.186,47.0,-0.03843750000000057,-51.571303921133655,-38.43750000000057,False,0.0,cued,2,100.0,16,False
sub02,test,19,33,19.8244375,19.7710625,48.0,-0.05337499999999906,-43.191894301928954,-53.37499999999906,False,1.0,cued,2,100.0,16,False
sub02,test,19,34,20.4244375,20.391125,49.0,-0.033312500000000966,-51.08118447757093,-33.312500000000966,False,0.0,cued,2,100.0,16,False
sub02,test,19,35,21.0244375,21.0235625,51.0,-0.0008750000000006253,-51.7175560217087,-0.8750000000006253,False,0.0,cued,2,100.0,16,False
sub02,test,19,36,21.6244375,21.555,52.0,-0.06943749999999937,-43.57578672381668,-69.43749999999937,False,1.0,cued,2,100.0,16,False
sub02,test,19,37,22.2244375,22.178875,53.0,-0.04556249999999906,-51.378587514326895,-45.56249999999906,False,0.0,cued,2,100.0,16,False
sub02,test,19,38,22.8244375,22.744020833333334,54.0,-0.08041666666666458,-51.28103556867488,-80.41666666666458,False,0.0,cued,2,100.0,16,False
sub02,test,19,39,23.4244375,23.330416666666668,55.0,-0.09402083333333167,-42.00200389053233,-94.02083333333167,False,1.0,cued,2,100.0,16,False
sub02,test,19,40,24.0244375,23.9534375,56.0,-0.0710000000000015,-51.748853342910195,-71.0000000000015,False,0.0,cued,2,100.0,16,False
sub02,test,19,41,24.6244375,24.560958333333332,57.0,-0.0634791666666672,-49.851289834073796,-63.4791666666672,False,1.0,cued,2,100.0,16,False
sub02,test,19,42,25.2244375,25.157645833333333,58.0,-0.06679166666666703,-42.1281194266988,-66.79166666666703,False,1.0,cued,2,100.0,16,False
sub02,test,19,43,25.8244375,25.808270833333335,59.0,-0.016166666666663332,-51.18067005028021,-16.166666666663332,False,0.0,cued,2,100.0,16,False
sub02,test,19,44,26.4244375,26.406666666666666,61.0,-0.017770833333333513,-48.05886914015625,-17.770833333333513,False,1.0,cued,2,100.0,16,False
sub02,test,19,45,27.0244375,26.983020833333335,62.0,-0.04141666666666666,-42.577017696923434,-41.41666666666666,False,1.0,cued,2,100.0,16,False
sub02,test,19,46,27.6244375,27.5386875,64.0,-0.08574999999999733,-47.81711758807646,-85.74999999999733,False,1.0,cued,2,100.0,16,False
sub02,test,19,47,28.2244375,28.186604166666665,65.0,-0.03783333333333516,-51.86609491532299,-37.83333333333516,False,0.0,cued,2,100.0,16,False
sub02,test,19,48,28.8244375,28.778479166666667,66.0,-0.045958333333331325,-44.938638025260865,-45.958333333331325,False,1.0,cued,2,100.0,16,False
sub02,test,19,49,29.4244375,29.365458333333333,67.0,-0.05897916666666703,-50.185615936463094,-58.97916666666703,False,0.0,cued,2,100.0,16,False
sub02,test,20,0,0.0244375,0.0017291666666666666,0.0,-0.022708333333333334,-57.58518795730404,-22.708333333333332,False,0.0,cued,2,100.0,18,False
sub02,test,20,1,0.6244375,0.6437083333333333,2.0,0.019270833333333348,-58.42739836246582,19.27083333333335,False,0.0,cued,2,100.0,18,False
sub02,test,20,2,1.2244375,1.13075,3.0,-0.09368750000000015,-42.832228412035846,-93.68750000000014,False,1.0,cued,2,100.0,18,False
sub02,test,20,3,1.8244375,1.7523333333333333,4.0,-0.07210416666666664,-54.13376552535229,-72.10416666666663,False,0.0,cued,2,100.0,18,False
sub02,test,20,4,2.4244375,2.379625,5.0,-0.04481249999999992,-44.02103473202828,-44.81249999999992,False,1.0,cued,2,100.0,18,False
sub02,test,20,5,3.0244375,3.012125,6.0,-0.012312499999999726,-57.692015738487264,-12.312499999999726,False,0.0,cued,2,100.0,18,False
sub02,test,20,6,3.6244375,3.550291666666667,7.0,-0.07414583333333313,-44.089981596253615,-74.14583333333313,False,1.0,cued,2,100.0,18,False
sub02,test,20,7,4.2244375,4.16125,8.0,-0.06318749999999973,-54.023185342249334,-63.18749999999973,False,0.0,cued,2,100.0,18,False
sub02,test,20,8,4.8244375,4.748333333333333,9.0,-0.07610416666666708,-44.50606588038185,-76.10416666666708,False,1.0,cued,2,100.0,18,False
sub02,test,20,9,5.4244375,5.358125,10.0,-0.06631249999999955,-56.35519123856204,-66.31249999999955,False,0.0,cued,2,100.0,18,False
sub02,test,20,10,6.0244375,5.990104166666667,11.0,-0.03433333333333355,-45.13254253269936,-34.33333333333355,False,1.0,cued,2,100.0,18,False
sub02,test,20,11,6.6244375,6.586020833333333,13.0,-0.038416666666666544,-62.637022201773895,-38.41666666666654,False,0.0,cued,2,100.0,18,False
sub02,test,20,12,7.2244375,7.165666666666667,15.0,-0.058770833333332995,-44.568454576008776,-58.770833333332995,False,1.0,cued,2,100.0,18,False
sub02,test,20,13,7.8244375,7.748916666666666,16.0,-0.07552083333333393,-56.767619137213366,-75.52083333333393,False,0.0,cued,2,100.0,18,False
sub02,test,20,14,8.4244375,8.381708333333334,17.0,-0.04272916666666582,-45.89493201619228,-42.72916666666582,False,1.0,cued,2,100.0,18,False
sub02,test,20,15,9.0244375,8.9920625,18.0,-0.03237500000000004,-57.33889657144657,-32.37500000000004,False,0.0,cued,2,100.0,18,False
sub02,test,20,16,9.6244375,9.578958333333333,19.0,-0.04547916666666829,-44.71821304589362,-45.47916666666829,False,1.0,cued,2,100.0,18,False
sub02,test,20,17,10.2244375,10.159270833333334,20.0,-0.06516666666666637,-56.191434339842345,-65.16666666666637,False,0.0,cued,2,100.0,18,False
sub02,test,20,18,10.8244375,10.809375,22.0,-0.015062500000000867,-45.44758794392579,-15.062500000000867,False,1.0,cued,2,100.0,18,False
sub02,test,20,19,11.4244375,11.368708333333334,23.0,-0.05572916666666572,-53.76796269912741,-55.72916666666572,False,0.0,cued,2,100.0,18,False
sub02,test,20,20,12.0244375,11.986166666666668,24.0,-0.03827083333333192,-44.99859181100607,-38.27083333333192,False,1.0,cued,2,100.0,18,False
sub02,test,20,21,12.6244375,12.5595625,25.0,-0.06487500000000068,-56.42050540775656,-64.87500000000068,False,0.0,cued,2,100.0,18,False
sub02,test,20,22,13.2244375,13.179041666666667,26.0,-0.04539583333333397,-44.211052157821854,-45.39583333333397,False,1.0,cued,2,100.0,18,False
sub02,test,20,23,13.8244375,13.7423125,27.0,-0.08212499999999956,-51.7953881834951,-82.12499999999956,False,1.0,cued,2,100.0,18,False
sub02,test,20,24,14.4244375,14.404895833333333,28.0,-0.019541666666667012,-41.898110608038614,-19.541666666667012,False,1.0,cued,2,100.0,18,False
sub02,test,20,25,15.0244375,14.983583333333334,29.0,-0.04085416666666575,-55.1447846322735,-40.85416666666575,False,0.0,cued,2,100.0,18,False
sub02,test,20,26,15.6244375,15.5949375,30.0,-0.029500000000000526,-43.4744640917485,-29.500000000000526,False,1.0,cued,2,100.0,18,False
sub02,test,20,27,16.2244375,16.205875,31.0,-0.01856250000000159,-60.07472200838877,-18.56250000000159,False,0.0,cued,2,100.0,18,False
sub02,test,20,28,16.8244375,16.760583333333333,33.0,-0.06385416666666544,-43.690374857029575,-63.854166666665435,False,1.0,cued,2,100.0,18,False
sub02,test,20,29,17.4244375,17.429916666666667,35.0,0.005479166666667368,-55.95953566026456,5.479166666667368,False,0.0,cued,2,100.0,18,False
sub02,test,20,30,18.0244375,17.986604166666666,36.0,-0.03783333333333516,-45.64403615460981,-37.83333333333516,False,1.0,cued,2,100.0,18,False
sub02,test,20,31,18.6244375,18.624375,37.0,-6.249999999852207e-05,-52.44711246771626,-0.06249999999852207,False,0.0,cued,2,100.0,18,False
sub02,test,20,32,19.2244375,19.2180625,39.0,-0.006375000000002018,-46.60083336625234,-6.375000000002018,False,1.0,cued,2,100.0,18,False
sub02,test,20,33,19.8244375,19.8836875,41.0,0.059250000000002245,-56.29842974725824,59.250000000002245,False,0.0,cued,2,100.0,18,False
sub02,test,20,34,20.4244375,20.377479166666667,43.0,-0.04695833333333255,-44.77532764374527,-46.95833333333255,False,1.0,cued,2,100.0,18,False
sub02,test,20,35,21.0244375,20.952708333333334,44.0,-0.07172916666666751,-48.80508338566682,-71.72916666666751,False,1.0,cued,2,100.0,18,False
sub02,test,20,36,21.6244375,21.619854166666666,45.0,-0.0045833333333327175,-53.2578338494519,-4.5833333333327175,False,0.0,cued,2,100.0,18,False
sub02,test,20,37,22.2244375,22.175479166666666,47.0,-0.04895833333333499,-42.81939415801634,-48.95833333333499,False,1.0,cued,2,100.0,18,False
sub02,test,20,38,22.8244375,22.783645833333335,48.0,-0.04079166666666367,-55.94037605239148,-40.79166666666367,False,0.0,cued,2,100.0,18,False
sub02,test,20,39,23.4244375,23.370791666666666,50.0,-0.05364583333333428,-54.37078060042477,-53.64583333333428,False,0.0,cued,2,100.0,18,False
sub02,test,20,40,24.0244375,24.002791666666667,51.0,-0.021645833333334252,-44.411394277409684,-21.645833333334252,False,1.0,cued,2,100.0,18,False
sub02,test,20,41,24.6244375,24.5693125,53.0,-0.05512500000000031,-52.714528487425305,-55.12500000000031,False,0.0,cued,2,100.0,18,False
sub02,test,20,42,25.2244375,25.16375,54.0,-0.06068750000000023,-52.412187223336076,-60.68750000000023,False,0.0,cued,2,100.0,18,False
sub02,test,20,43,25.8244375,25.726104166666666,55.0,-0.09833333333333272,-43.96778976556931,-98.33333333333272,False,1.0,cued,2,100.0,18,False
sub02,test,20,44,26.4244375,26.32839583333333,56.0,-0.09604166666666814,-50.35262832824462,-96.04166666666814,False,1.0,cued,2,100.0,18,False
sub02,test,20,45,27.0244375,26.976625,58.0,-0.0478125000000027,-53.24919600021674,-47.8125000000027,False,0.0,cued,2,100.0,18,False
sub02,test,20,46,27.6244375,27.540895833333334,59.0,-0.08354166666666529,-45.00673054549868,-83.5416666666653,False,1.0,cued,2,100.0,18,False
sub02,test,20,47,28.2244375,28.210416666666667,60.0,-0.014020833333333371,-52.22281839153301,-14.020833333333371,False,0.0,cued,2,100.0,18,False
sub02,test,20,48,28.8244375,28.786375,61.0,-0.03806249999999878,-53.7347918611714,-38.06249999999878,False,0.0,cued,2,100.0,18,False
sub02,test,20,49,29.4244375,29.436166666666665,63.0,0.011729166666665236,-45.738396178167946,11.729166666665236,False,1.0,cued,2,100.0,18,False
