subject,phase,trial,click_idx,click_time_s,matched_tap_time_s,matched_tap_idx,asynchrony_s,rms_db,asynchrony_ms,missed_beat,accented,condition,meter,bpm,switch_time,low_confidence_trial
sub07,test,1,0,0.22279166666666667,,,,,,True,,spontaneous,2,104.0,0,True
sub07,test,1,1,0.7985833333333333,0.7842083333333333,1.0,-0.014375000000000027,-64.31227482625344,-14.375000000000027,False,1.0,spontaneous,2,104.0,0,True
sub07,test,1,2,1.0870416666666667,,,,,,True,,spontaneous,2,104.0,0,True
sub07,test,1,3,1.3755,,,,,,True,,spontaneous,2,104.0,0,True
sub07,test,1,4,1.9524166666666667,,,,,,True,,spontaneous,2,104.0,0,True
sub07,test,1,5,2.529333333333333,2.452625,4.0,-0.07670833333333338,-58.92379231652451,-76.70833333333337,False,1.0,spontaneous,2,104.0,0,True
sub07,test,1,6,3.10625,3.0371875,5.0,-0.06906250000000025,-66.06369819016811,-69.06250000000026,False,0.0,spontaneous,2,104.0,0,True
sub07,test,1,7,3.6831666666666667,3.592229166666667,6.0,-0.0909374999999999,-61.12772267031809,-90.93749999999989,False,1.0,spontaneous,2,104.0,0,True
sub07,test,1,8,3.971625,4.17225,7.0,0.20062500000000005,-46.09065750798675,200.62500000000006,False,1.0,spontaneous,2,104.0,0,True
sub07,test,1,9,4.260083333333333,,,,,,True,,spontaneous,2,104.0,0,True
sub07,test,1,10,4.837,4.775083333333333,8.0,-0.06191666666666684,-61.389282432559085,-61.91666666666684,False,1.0,spontaneous,2,104.0,0,True
sub07,test,1,11,5.1254583333333334,5.325333333333333,9.0,0.19987499999999958,-72.57646848972085,199.87499999999957,False,0.0,spontaneous,2,104.0,0,True
sub07,test,1,12,5.413916666666666,,,,,,True,,spontaneous,2,104.0,0,True
sub07,test,1,13,5.990833333333334,5.9151875,10.0,-0.07564583333333363,-64.79743910466937,-75.64583333333363,False,1.0,spontaneous,2,104.0,0,True
sub07,test,1,14,6.56775,6.5175625,11.0,-0.05018749999999983,-52.84542538764456,-50.18749999999983,False,1.0,spontaneous,2,104.0,0,True
sub07,test,1,15,7.144666666666667,6.976708333333334,12.0,-0.167958333333333,-52.016571305108535,-167.95833333333297,False,1.0,spontaneous,2,104.0,0,True
sub07,test,1,16,7.721583333333333,7.7761875,14.0,0.054604166666666565,-69.74188220095412,54.604166666666565,False,0.0,spontaneous,2,104.0,0,True
sub07,test,1,17,8.010041666666666,,,,,,True,,spontaneous,2,104.0,0,True
sub07,test,1,18,8.2985,8.47375,15.0,0.17525000000000013,-64.97776871453964,175.2500000000001,False,0.0,spontaneous,2,104.0,0,True
sub07,test,1,19,8.586958333333333,,,,,,True,,spontaneous,2,104.0,0,True
sub07,test,1,20,8.875416666666666,8.903166666666667,16.0,0.02775000000000105,-69.46552054376377,27.75000000000105,False,0.0,spontaneous,2,104.0,0,True
sub07,test,1,21,9.163875,9.253333333333334,17.0,0.08945833333333297,-74.348834122852,89.45833333333297,False,0.0,spontaneous,2,104.0,0,True
sub07,test,1,22,9.452333333333334,9.401166666666667,18.0,-0.05116666666666703,-70.0766167669573,-51.16666666666703,False,0.0,spontaneous,2,104.0,0,True
sub07,test,1,23,10.02925,9.958041666666666,19.0,-0.07120833333333287,-68.10443110450582,-71.20833333333287,False,0.0,spontaneous,2,104.0,0,True
sub07,test,1,24,10.606166666666667,10.501104166666666,20.0,-0.10506250000000072,-68.00825444130437,-105.06250000000072,False,0.0,spontaneous,2,104.0,0,True
sub07,test,1,25,11.183083333333334,11.10375,21.0,-0.07933333333333437,-51.053753993679116,-79.33333333333437,False,1.0,spontaneous,2,104.0,0,True
sub07,test,1,26,11.76,11.721479166666667,22.0,-0.038520833333333115,-51.149781445957856,-38.520833333333115,False,1.0,spontaneous,2,104.0,0,True
sub07,test,1,27,12.048458333333333,12.176125,23.0,0.12766666666666815,-55.731078588245964,127.66666666666815,False,1.0,spontaneous,2,104.0,0,True
sub07,test,1,28,12.336916666666667,,,,,,True,,spontaneous,2,104.0,0,True
sub07,test,1,29,12.913833333333333,12.709041666666666,24.0,-0.20479166666666693,-74.06775428186,-204.7916666666669,False,0.0,spontaneous,2,104.0,0,True
sub07,test,1,30,13.2025625,13.235729166666667,25.0,0.033166666666666345,-73.25630250913088,33.166666666666345,False,0.0,spontaneous,2,104.0,0,True
sub07,test,1,31,13.491895833333333,13.6993125,26.0,0.20741666666666703,-56.75628148896014,207.41666666666703,False,1.0,spontaneous,2,104.0,0,True
sub07,test,1,32,14.067666666666666,14.2453125,27.0,0.17764583333333483,-54.081992883690035,177.64583333333485,False,1.0,spontaneous,2,104.0,0,True
sub07,test,1,33,14.644583333333333,14.715104166666666,28.0,0.07052083333333314,-69.77215989200403,70.52083333333314,False,0.0,spontaneous,2,104.0,0,True
sub07,test,1,34,15.2215,15.0995625,30.0,-0.12193750000000136,-57.25083028053103,-121.93750000000136,False,1.0,spontaneous,2,104.0,0,True
sub07,test,1,35,15.798416666666666,15.95475,32.0,0.15633333333333432,-74.16676630835889,156.33333333333434,False,0.0,spontaneous,2,104.0,0,True
sub07,test,1,36,16.086875,16.168208333333332,33.0,0.08133333333333326,-68.07299416589682,81.33333333333326,False,0.0,spontaneous,2,104.0,0,True
sub07,test,1,37,16.375333333333334,16.31,34.0,-0.06533333333333502,-72.68591317910682,-65.33333333333502,False,0.0,spontaneous,2,104.0,0,True
sub07,test,1,38,16.95225,16.964854166666665,36.0,0.012604166666665861,-75.26306310968187,12.604166666665861,False,0.0,spontaneous,2,104.0,0,True
sub07,test,1,39,17.529166666666665,17.667770833333332,38.0,0.13860416666666708,-52.40451819424101,138.60416666666708,False,1.0,spontaneous,2,104.0,0,True
sub07,test,1,40,18.106083333333334,18.0300625,40.0,-0.07602083333333454,-50.216321964682635,-76.02083333333454,False,1.0,spontaneous,2,104.0,0,True
sub07,test,1,41,18.683,18.505020833333333,41.0,-0.1779791666666668,-68.13370244058189,-177.9791666666668,False,0.0,spontaneous,2,104.0,0,True
sub07,test,1,42,18.971458333333334,19.012333333333334,42.0,0.04087499999999977,-49.49353451245756,40.87499999999977,False,1.0,spontaneous,2,104.0,0,True
sub07,test,1,43,19.259916666666665,19.405833333333334,43.0,0.14591666666666825,-55.804316606221334,145.91666666666825,False,1.0,spontaneous,2,104.0,0,True
sub07,test,1,44,19.836833333333335,19.887875,44.0,0.05104166666666643,-66.96243686104052,51.04166666666643,False,0.0,spontaneous,2,104.0,0,True
sub07,test,1,45,20.125291666666666,,,,,,True,,spontaneous,2,104.0,0,True
sub07,test,1,46,20.41375,20.359979166666665,45.0,-0.05377083333333488,-47.39885602943409,-53.77083333333488,False,1.0,spontaneous,2,104.0,0,True
sub07,test,1,47,20.990666666666666,21.089770833333333,48.0,0.09910416666666677,-73.27095178773659,99.10416666666677,False,0.0,spontaneous,2,104.0,0,True
sub07,test,1,48,21.567583333333335,21.667395833333334,50.0,0.09981249999999875,-62.57898591402114,99.81249999999875,False,1.0,spontaneous,2,104.0,0,True
sub07,test,1,49,21.856041666666666,21.8094375,51.0,-0.04660416666666478,-70.01175138416298,-46.60416666666478,False,0.0,spontaneous,2,104.0,0,True
sub07,test,1,50,22.1445,22.182854166666665,53.0,0.03835416666666447,-63.759089416247946,38.35416666666447,False,1.0,spontaneous,2,104.0,0,True
sub07,test,1,51,22.721416666666666,22.522020833333332,55.0,-0.19939583333333388,-53.76302687493717,-199.39583333333388,False,1.0,spontaneous,2,104.0,0,True
sub07,test,1,52,23.009875,22.949166666666667,56.0,-0.06070833333333425,-71.59395876567838,-60.70833333333425,False,0.0,spontaneous,2,104.0,0,True
sub07,test,1,53,23.298333333333332,23.343916666666665,57.0,0.04558333333333309,-55.35424996604818,45.58333333333309,False,1.0,spontaneous,2,104.0,0,True
sub07,test,1,54,23.586791666666667,23.66225,58.0,0.07545833333333363,-74.32900166248672,75.45833333333363,False,0.0,spontaneous,2,104.0,0,True
sub07,test,1,55,23.87525,23.765375,59.0,-0.10987500000000239,-67.00614387288763,-109.87500000000239,False,0.0,spontaneous,2,104.0,0,True
sub07,test,1,56,24.452166666666667,24.25604166666667,60.0,-0.19612499999999855,-62.65117545593039,-196.12499999999855,False,1.0,spontaneous,2,104.0,0,True
sub07,test,1,57,25.029083333333332,25.08575,63.0,0.05666666666666842,-71.40412898279574,56.66666666666842,False,0.0,spontaneous,2,104.0,0,True
sub07,test,1,58,25.317541666666667,25.520958333333333,64.0,0.2034166666666657,-59.691867205925945,203.4166666666657,False,1.0,spontaneous,2,104.0,0,True
sub07,test,1,59,25.606,25.665416666666665,65.0,0.05941666666666379,-69.85587793900012,59.41666666666379,False,0.0,spontaneous,2,104.0,0,True
sub07,test,1,60,26.182916666666667,26.2111875,68.0,0.02827083333333391,-73.05152671550627,28.27083333333391,False,0.0,spontaneous,2,104.0,0,True
sub07,test,1,61,26.4720625,26.5041875,70.0,0.032125000000000625,-62.97482456642541,32.125000000000625,False,1.0,spontaneous,2,104.0,0,True
sub07,test,1,62,26.760979166666665,26.915625,71.0,0.15464583333333337,-65.8545032108181,154.64583333333337,False,0.0,spontaneous,2,104.0,0,True
sub07,test,1,63,27.33675,27.329375,72.0,-0.007374999999999687,-51.68000331005043,-7.374999999999687,False,1.0,spontaneous,2,104.0,0,True
sub07,test,1,64,27.913666666666668,27.787229166666666,73.0,-0.12643750000000153,-68.66154695999836,-126.43750000000153,False,0.0,spontaneous,2,104.0,0,True
sub07,test,1,65,28.490583333333333,28.3430625,75.0,-0.14752083333333488,-71.84214936771154,-147.52083333333488,False,0.0,spontaneous,2,104.0,0,True
sub07,test,1,66,29.0675,,,,,,True,,spontaneous,2,104.0,0,True
sub07,test,1,67,29.644416666666668,29.72525,78.0,0.08083333333333087,-63.65896356460881,80.83333333333087,False,1.0,spontaneous,2,104.0,0,True
sub07,test,1,68,29.9665625,,,,,,True,,spontaneous,2,104.0,0,True
sub07,test,2,0,0.22279166666666667,,,,,,True,,spontaneous,2,112.0,0,True
sub07,test,2,1,0.7573541666666667,0.7637916666666666,0.0,0.006437499999999985,-39.52363785373749,6.437499999999985,False,1.0,spontaneous,2,112.0,0,True
sub07,test,2,2,1.2930625,1.2472708333333333,1.0,-0.045791666666666675,-63.56991723180328,-45.79166666666667,False,0.0,spontaneous,2,112.0,0,True
sub07,test,2,3,1.8287708333333332,1.7912083333333333,3.0,-0.03756249999999994,-68.04638380197642,-37.56249999999994,False,0.0,spontaneous,2,112.0,0,True
sub07,test,2,4,2.096625,,,,,,True,,spontaneous,2,112.0,0,True
sub07,test,2,5,2.3644791666666665,2.3220833333333335,4.0,-0.042395833333332966,-67.03050141741255,-42.395833333332966,False,0.0,spontaneous,2,112.0,0,True
sub07,test,2,6,2.9001875,2.8259791666666665,5.0,-0.07420833333333343,-48.73589191813576,-74.20833333333343,False,1.0,spontaneous,2,112.0,0,True
sub07,test,2,7,3.4358958333333334,3.3803958333333335,6.0,-0.05549999999999988,-61.96172369420342,-55.499999999999886,False,1.0,spontaneous,2,112.0,0,True
sub07,test,2,8,3.971604166666667,3.938833333333333,7.0,-0.03277083333333364,-62.97388323273087,-32.77083333333364,False,0.0,spontaneous,2,112.0,0,True
sub07,test,2,9,4.239458333333333,,,,,,True,,spontaneous,2,112.0,0,True
sub07,test,2,10,4.5073125,4.461270833333334,8.0,-0.046041666666666536,-68.06142059644458,-46.041666666666536,False,0.0,spontaneous,2,112.0,0,True
sub07,test,2,11,5.043020833333333,4.9703333333333335,9.0,-0.0726874999999998,-63.45431811594186,-72.6874999999998,False,0.0,spontaneous,2,112.0,0,True
sub07,test,2,12,5.310875,,,,,,True,,spontaneous,2,112.0,0,True
sub07,test,2,13,5.578729166666666,5.5325625,10.0,-0.046166666666666245,-72.85879311815589,-46.166666666666245,False,0.0,spontaneous,2,112.0,0,True
sub07,test,2,14,6.1144375,6.045166666666667,11.0,-0.06927083333333339,-61.33088050778057,-69.2708333333334,False,1.0,spontaneous,2,112.0,0,True
sub07,test,2,15,6.382291666666666,6.552645833333333,12.0,0.1703541666666668,-62.9140442526314,170.3541666666668,False,0.0,spontaneous,2,112.0,0,True
sub07,test,2,16,6.650145833333333,,,,,,True,,spontaneous,2,112.0,0,True
sub07,test,2,17,7.185854166666667,7.098645833333333,13.0,-0.08720833333333378,-52.504129892416316,-87.20833333333377,False,1.0,spontaneous,2,112.0,0,True
sub07,test,2,18,7.7215625,7.621479166666667,14.0,-0.10008333333333308,-50.10086604807927,-100.08333333333309,False,1.0,spontaneous,2,112.0,0,True
sub07,test,2,19,8.257270833333333,8.184145833333334,15.0,-0.07312499999999922,-62.655620112770706,-73.12499999999922,False,0.0,spontaneous,2,112.0,0,True
sub07,test,2,20,8.525125,8.728625,16.0,0.20350000000000001,-63.770457866331675,203.5,False,0.0,spontaneous,2,112.0,0,True
sub07,test,2,21,8.792979166666667,,,,,,True,,spontaneous,2,112.0,0,True
sub07,test,2,22,9.3286875,9.233770833333333,17.0,-0.09491666666666632,-54.96529348064426,-94.91666666666632,False,1.0,spontaneous,2,112.0,0,True
sub07,test,2,23,9.864395833333333,9.781333333333333,19.0,-0.08306250000000048,-60.03629544747202,-83.06250000000048,False,1.0,spontaneous,2,112.0,0,True
sub07,test,2,24,10.400104166666667,10.207354166666667,20.0,-0.1927500000000002,-53.46032339640593,-192.7500000000002,False,1.0,spontaneous,2,112.0,0,True
sub07,test,2,25,10.9358125,10.9854375,22.0,0.04962499999999892,-68.40361999757022,49.62499999999892,False,0.0,spontaneous,2,112.0,0,True
sub07,test,2,26,11.471520833333333,11.651125,24.0,0.17960416666666745,-60.367911651389036,179.60416666666745,False,1.0,spontaneous,2,112.0,0,True
sub07,test,2,27,11.740520833333333,,,,,,True,,spontaneous,2,112.0,0,True
sub07,test,2,28,12.008375,11.970520833333333,25.0,-0.037854166666665634,-69.85172283754142,-37.854166666665634,False,0.0,spontaneous,2,112.0,0,True
sub07,test,2,29,12.5429375,12.5104375,27.0,-0.03250000000000064,-55.321138209678196,-32.50000000000064,False,1.0,spontaneous,2,112.0,0,True
sub07,test,2,30,13.078645833333333,12.999145833333333,30.0,-0.07949999999999946,-68.85267603874458,-79.49999999999946,False,0.0,spontaneous,2,112.0,0,True
sub07,test,2,31,13.614354166666667,13.474708333333334,31.0,-0.1396458333333328,-68.89204054532698,-139.6458333333328,False,0.0,spontaneous,2,112.0,0,True
sub07,test,2,32,14.1500625,,,,,,True,,spontaneous,2,112.0,0,True
sub07,test,2,33,14.417916666666667,14.386125,33.0,-0.031791666666666885,-72.74475084634601,-31.791666666666885,False,0.0,spontaneous,2,112.0,0,True
sub07,test,2,34,14.685770833333333,14.636854166666666,34.0,-0.04891666666666694,-70.48801428794982,-48.91666666666694,False,0.0,spontaneous,2,112.0,0,True
sub07,test,2,35,15.221479166666667,15.238354166666667,36.0,0.01687500000000064,-55.92219881785968,16.87500000000064,False,1.0,spontaneous,2,112.0,0,True
sub07,test,2,36,15.7571875,15.6595,39.0,-0.09768750000000104,-64.06464486181933,-97.68750000000104,False,0.0,spontaneous,2,112.0,0,True
sub07,test,2,37,16.292895833333333,16.249541666666666,41.0,-0.04335416666666703,-67.96024206267776,-43.35416666666703,False,0.0,spontaneous,2,112.0,0,True
sub07,test,2,38,16.56075,16.534666666666666,42.0,-0.026083333333332348,-37.36929212102456,-26.083333333332348,False,1.0,spontaneous,2,112.0,0,True
sub07,test,2,39,16.82860416666667,16.992604166666666,43.0,0.16399999999999793,-55.10703352721058,163.99999999999793,False,1.0,spontaneous,2,112.0,0,True
sub07,test,2,40,17.3643125,17.4171875,44.0,0.05287500000000023,-53.97793966654439,52.87500000000023,False,1.0,spontaneous,2,112.0,0,True
sub07,test,2,41,17.900020833333333,17.943625,46.0,0.04360416666666822,-61.73182147486716,43.60416666666822,False,1.0,spontaneous,2,112.0,0,True
sub07,test,2,42,18.43572916666667,18.49191666666667,48.0,0.05618750000000006,-68.21859858399853,56.18750000000006,False,0.0,spontaneous,2,112.0,0,True
sub07,test,2,43,18.703583333333334,18.694416666666665,49.0,-0.009166666666668988,-62.071702895986974,-9.166666666668988,False,0.0,spontaneous,2,112.0,0,True
sub07,test,2,44,18.9714375,19.105354166666668,50.0,0.1339166666666678,-54.191614592874274,133.9166666666678,False,1.0,spontaneous,2,112.0,0,True
sub07,test,2,45,19.507145833333333,19.580729166666668,52.0,0.07358333333333533,-65.1701209317895,73.58333333333533,False,0.0,spontaneous,2,112.0,0,True
sub07,test,2,46,19.775,19.963770833333335,53.0,0.18877083333333644,-61.74153332120135,188.77083333333644,False,1.0,spontaneous,2,112.0,0,True
sub07,test,2,47,20.042854166666668,,,,,,True,,spontaneous,2,112.0,0,True
sub07,test,2,48,20.311604166666665,20.372083333333332,54.0,0.060479166666667084,-53.68296776399474,60.47916666666708,False,1.0,spontaneous,2,112.0,0,True
sub07,test,2,49,20.5796875,20.64741666666667,56.0,0.06772916666666973,-68.9541381474294,67.72916666666973,False,0.0,spontaneous,2,112.0,0,True
sub07,test,2,50,21.114270833333332,21.13179166666667,58.0,0.017520833333335872,-70.85752868774594,17.520833333335872,False,0.0,spontaneous,2,112.0,0,True
sub07,test,2,51,21.649979166666668,21.734395833333334,60.0,0.08441666666666592,-57.110175018953896,84.41666666666592,False,1.0,spontaneous,2,112.0,0,True
sub07,test,2,52,22.1856875,22.142958333333333,61.0,-0.042729166666667595,-59.894890915805206,-42.729166666667595,False,1.0,spontaneous,2,112.0,0,True
sub07,test,2,53,22.721395833333332,22.635020833333332,63.0,-0.08637500000000031,-61.0169034097947,-86.37500000000031,False,1.0,spontaneous,2,112.0,0,True
sub07,test,2,54,22.98925,23.11625,64.0,0.12700000000000244,-56.1671892049852,127.00000000000244,False,1.0,spontaneous,2,112.0,0,True
sub07,test,2,55,23.257104166666668,23.216604166666666,65.0,-0.040500000000001535,-62.163535585571886,-40.500000000001535,False,0.0,spontaneous,2,112.0,0,True
sub07,test,2,56,23.7928125,23.60910416666667,66.0,-0.1837083333333318,-58.16218846709245,-183.7083333333318,False,1.0,spontaneous,2,112.0,0,True
sub07,test,2,57,24.328520833333332,24.168458333333334,67.0,-0.16006249999999866,-56.13913575758687,-160.06249999999866,False,1.0,spontaneous,2,112.0,0,True
sub07,test,2,58,24.596375,24.71270833333333,68.0,0.1163333333333334,-57.23767534613412,116.3333333333334,False,1.0,spontaneous,2,112.0,0,True
sub07,test,2,59,24.864229166666668,24.813375,69.0,-0.05085416666666731,-62.37292837078277,-50.85416666666731,False,0.0,spontaneous,2,112.0,0,True
sub07,test,2,60,25.3999375,,,,,,True,,spontaneous,2,112.0,0,True
sub07,test,2,61,25.935645833333332,25.859520833333335,73.0,-0.07612499999999756,-73.95674489606267,-76.12499999999756,False,0.0,spontaneous,2,112.0,0,True
sub07,test,2,62,26.471354166666668,26.611270833333332,75.0,0.13991666666666447,-61.68896069559015,139.91666666666447,False,1.0,spontaneous,2,112.0,0,True
sub07,test,2,63,27.0070625,27.1486875,76.0,0.14162500000000122,-75.5823480561858,141.62500000000122,False,0.0,spontaneous,2,112.0,0,True
sub07,test,2,64,27.274916666666666,,,,,,True,,spontaneous,2,112.0,0,True
sub07,test,2,65,27.542770833333332,27.589125,77.0,0.04635416666666714,-57.279094508868845,46.35416666666714,False,1.0,spontaneous,2,112.0,0,True
sub07,test,2,66,28.078479166666668,28.085625,78.0,0.007145833333332519,-65.92302561808798,7.145833333332519,False,0.0,spontaneous,2,112.0,0,True
sub07,test,2,67,28.6141875,28.545395833333334,79.0,-0.06879166666666592,-64.3128812081336,-68.79166666666592,False,0.0,spontaneous,2,112.0,0,True
sub07,test,2,68,29.149895833333332,29.0164375,80.0,-0.13345833333333346,-38.15218707268961,-133.45833333333346,False,1.0,spontaneous,2,112.0,0,True
sub07,test,2,69,29.685604166666668,29.480291666666666,81.0,-0.20531250000000156,-67.30993215670465,-205.31250000000156,False,0.0,spontaneous,2,112.0,0,True
sub07,test,2,70,29.985375,29.95841666666667,82.0,-0.026958333333332973,-59.923796306053475,-26.958333333332973,False,1.0,spontaneous,2,112.0,0,True
sub07,test,3,0,0.2188125,0.3879375,0.0,0.169125,-35.09286165484587,169.125,False,1.0,cued,2,116.0,14,True
sub07,test,3,1,0.7349166666666667,0.7911041666666667,1.0,0.05618750000000006,-62.78361130237059,56.18750000000006,False,0.0,cued,2,116.0,14,True
sub07,test,3,2,0.9935208333333333,1.1983958333333333,2.0,0.20487500000000003,-54.60404419029536,204.87500000000003,False,1.0,cued,2,116.0,14,True
sub07,test,3,3,1.2521666666666667,,,,,,True,,cued,2,116.0,14,True
sub07,test,3,4,1.5107916666666668,1.716125,3.0,0.20533333333333315,-73.25879982835363,205.33333333333314,False,0.0,cued,2,116.0,14,True
sub07,test,3,5,1.7694166666666666,,,,,,True,,cued,2,116.0,14,True
sub07,test,3,6,2.02875,2.1738958333333334,4.0,0.1451458333333333,-58.51168789810889,145.14583333333331,False,1.0,cued,2,116.0,14,True
sub07,test,3,7,2.2878125,,,,,,True,,cued,2,116.0,14,True
sub07,test,3,8,2.803916666666667,2.693583333333333,5.0,-0.11033333333333362,-62.04235368207824,-110.33333333333361,False,0.0,cued,2,116.0,14,True
sub07,test,3,9,3.0625625,3.2009791666666665,6.0,0.13841666666666663,-57.45506216738526,138.41666666666663,False,1.0,cued,2,116.0,14,True
sub07,test,3,10,3.3211666666666666,,,,,,True,,cued,2,116.0,14,True
sub07,test,3,11,3.838416666666667,3.693229166666667,7.0,-0.14518750000000002,-60.94885918197119,-145.18750000000003,False,0.0,cued,2,116.0,14,True
sub07,test,3,12,4.0970625,4.266354166666667,8.0,0.16929166666666706,-59.159335072046595,169.29166666666706,False,1.0,cued,2,116.0,14,True
sub07,test,3,13,4.355666666666667,,,,,,True,,cued,2,116.0,14,True
sub07,test,3,14,4.6142916666666665,4.7860625,9.0,0.17177083333333343,-59.96824324990631,171.77083333333343,False,0.0,cued,2,116.0,14,True
sub07,test,3,15,4.872916666666667,,,,,,True,,cued,2,116.0,14,True
sub07,test,3,16,5.131541666666666,5.2748125,10.0,0.14327083333333412,-35.750302393518886,143.2708333333341,False,1.0,cued,2,116.0,14,True
sub07,test,3,17,5.3901666666666666,,,,,,True,,cued,2,116.0,14,True
sub07,test,3,18,5.907416666666666,5.778875,11.0,-0.1285416666666661,-59.121345064055404,-128.54166666666612,False,1.0,cued,2,116.0,14,True
sub07,test,3,19,6.424666666666667,6.3178125,12.0,-0.10685416666666736,-36.82193807540152,-106.85416666666737,False,1.0,cued,2,116.0,14,True
sub07,test,3,20,6.683270833333333,6.8298125,13.0,0.1465416666666668,-55.772800585105585,146.5416666666668,False,1.0,cued,2,116.0,14,True
sub07,test,3,21,6.941916666666667,,,,,,True,,cued,2,116.0,14,True
sub07,test,3,22,7.2005625,7.363333333333333,14.0,0.1627708333333331,-35.64782999559809,162.7708333333331,False,1.0,cued,2,116.0,14,True
sub07,test,3,23,7.4591666666666665,,,,,,True,,cued,2,116.0,14,True
sub07,test,3,24,7.717791666666667,7.855479166666667,15.0,0.13768750000000018,-57.54069595879471,137.68750000000017,False,1.0,cued,2,116.0,14,True
sub07,test,3,25,7.976416666666666,,,,,,True,,cued,2,116.0,14,True
sub07,test,3,26,8.493666666666666,8.399791666666667,16.0,-0.09387499999999882,-36.66278522590718,-93.87499999999882,False,1.0,cued,2,116.0,14,True
sub07,test,3,27,8.752270833333334,8.9184375,17.0,0.16616666666666546,-60.58442462870524,166.16666666666546,False,0.0,cued,2,116.0,14,True
sub07,test,3,28,9.010916666666667,,,,,,True,,cued,2,116.0,14,True
sub07,test,3,29,9.2695625,9.433979166666667,18.0,0.16441666666666777,-58.319569055168614,164.41666666666777,False,1.0,cued,2,116.0,14,True
sub07,test,3,30,9.528166666666667,,,,,,True,,cued,2,116.0,14,True
sub07,test,3,31,9.786791666666666,9.933645833333333,19.0,0.1468541666666674,-74.3716781692528,146.8541666666674,False,0.0,cued,2,116.0,14,True
sub07,test,3,32,10.045416666666666,,,,,,True,,cued,2,116.0,14,True
sub07,test,3,33,10.304020833333333,10.456208333333333,20.0,0.15218750000000014,-39.63699251794454,152.18750000000014,False,1.0,cued,2,116.0,14,True
sub07,test,3,34,10.562666666666667,,,,,,True,,cued,2,116.0,14,True
sub07,test,3,35,10.821333333333333,10.988291666666667,21.0,0.16695833333333354,-69.18713900411123,166.95833333333354,False,0.0,cued,2,116.0,14,True
sub07,test,3,36,11.0810625,,,,,,True,,cued,2,116.0,14,True
sub07,test,3,37,11.597166666666666,11.461458333333333,22.0,-0.13570833333333354,-59.20821974272621,-135.70833333333354,False,0.0,cued,2,116.0,14,True
sub07,test,3,38,11.855770833333333,12.023854166666666,23.0,0.16808333333333358,-68.3041038500191,168.0833333333336,False,0.0,cued,2,116.0,14,True
sub07,test,3,39,12.114416666666667,,,,,,True,,cued,2,116.0,14,True
sub07,test,3,40,12.3730625,12.492229166666666,24.0,0.11916666666666664,-58.121325177396145,119.16666666666664,False,1.0,cued,2,116.0,14,True
sub07,test,3,41,12.631666666666666,,,,,,True,,cued,2,116.0,14,True
sub07,test,3,42,13.148916666666667,12.999520833333333,25.0,-0.14939583333333317,-71.05383684451814,-149.39583333333317,False,0.0,cued,2,116.0,14,True
sub07,test,3,43,13.408666666666667,13.509041666666667,26.0,0.10037499999999966,-65.69918611351504,100.37499999999966,False,0.0,cued,2,116.0,14,True
sub07,test,3,44,13.6673125,,,,,,True,,cued,2,116.0,14,True
sub07,test,3,45,14.183416666666666,14.038458333333333,27.0,-0.1449583333333333,-62.61114444463043,-144.95833333333331,False,0.0,cued,2,116.0,14,True
sub07,test,3,46,14.442041666666666,14.533395833333334,28.0,0.09135416666666707,-60.545906478371414,91.35416666666707,False,0.0,cued,2,116.0,14,True
sub07,test,3,47,14.700666666666667,,,,,,True,,cued,2,116.0,14,True
sub07,test,3,48,14.959291666666667,,,,,,True,,cued,2,116.0,14,True
sub07,test,3,49,15.217916666666667,15.21675,29.0,-0.0011666666666680925,-61.221278661366625,-1.1666666666680925,False,0.0,cued,2,116.0,14,True
sub07,test,3,50,15.735166666666666,15.6070625,30.0,-0.12810416666666669,-61.16150986386357,-128.10416666666669,False,0.0,cued,2,116.0,14,True
sub07,test,3,51,15.993791666666667,16.039104166666668,31.0,0.04531250000000142,-60.39334819886852,45.31250000000142,False,0.0,cued,2,116.0,14,True
sub07,test,3,52,16.252416666666665,,,,,,True,,cued,2,116.0,14,True
sub07,test,3,53,16.511020833333333,16.476333333333333,32.0,-0.034687500000000426,-65.16625175013432,-34.687500000000426,False,0.0,cued,2,116.0,14,True
sub07,test,3,54,16.769666666666666,16.917583333333333,33.0,0.14791666666666714,-62.18855532921773,147.91666666666714,False,0.0,cued,2,116.0,14,True
sub07,test,3,55,17.0283125,,,,,,True,,cued,2,116.0,14,True
sub07,test,3,56,17.286916666666666,17.31975,34.0,0.032833333333332604,-33.02051615547289,32.833333333332604,False,1.0,cued,2,116.0,14,True
sub07,test,3,57,17.545520833333335,,,,,,True,,cued,2,116.0,14,True
sub07,test,3,58,17.804166666666667,17.762229166666668,35.0,-0.04193749999999952,-64.55189345887982,-41.93749999999952,False,0.0,cued,2,116.0,14,True
sub07,test,3,59,18.06277083333333,17.97375,36.0,-0.08902083333333266,-68.47129996048237,-89.02083333333266,False,0.0,cued,2,116.0,14,True
sub07,test,3,60,18.321416666666668,18.189208333333333,37.0,-0.1322083333333346,-64.65724607876807,-132.2083333333346,False,0.0,cued,2,116.0,14,True
sub07,test,3,61,18.580020833333332,18.7408125,38.0,0.16079166666666822,-36.537613105457076,160.79166666666822,False,1.0,cued,2,116.0,14,True
sub07,test,3,62,18.838666666666665,,,,,,True,,cued,2,116.0,14,True
sub07,test,3,63,19.097270833333333,19.216854166666668,39.0,0.11958333333333471,-69.12036075019198,119.5833333333347,False,0.0,cued,2,116.0,14,True
sub07,test,3,64,19.355916666666666,,,,,,True,,cued,2,116.0,14,True
sub07,test,3,65,19.614541666666668,19.67920833333333,40.0,0.06466666666666399,-68.98853701566438,64.66666666666399,False,0.0,cued,2,116.0,14,True
sub07,test,3,66,19.873166666666666,,,,,,True,,cued,2,116.0,14,True
sub07,test,3,67,20.13179166666667,20.099458333333335,41.0,-0.03233333333333377,-33.587081774440335,-32.33333333333377,False,1.0,cued,2,116.0,14,True
sub07,test,3,68,20.390416666666667,20.5695625,43.0,0.17914583333333312,-62.62170836788647,179.14583333333312,False,0.0,cued,2,116.0,14,True
sub07,test,3,69,20.6495,20.7835,44.0,0.13400000000000034,-66.69757231572915,134.00000000000034,False,0.0,cued,2,116.0,14,True
sub07,test,3,70,20.9088125,21.018375,45.0,0.10956249999999912,-45.627765883982114,109.56249999999912,False,1.0,cued,2,116.0,14,True
sub07,test,3,71,21.424916666666668,21.427291666666665,46.0,0.0023749999999971294,-33.626288463483895,2.3749999999971294,False,1.0,cued,2,116.0,14,True
sub07,test,3,72,21.942166666666665,21.8696875,47.0,-0.07247916666666399,-68.93772212257116,-72.47916666666399,False,0.0,cued,2,116.0,14,True
sub07,test,3,73,22.201645833333334,22.3085625,48.0,0.10691666666666677,-58.37679759007202,106.91666666666677,False,1.0,cued,2,116.0,14,True
sub07,test,3,74,22.4605625,,,,,,True,,cued,2,116.0,14,True
sub07,test,3,75,22.976666666666667,22.9731875,50.0,-0.0034791666666649235,-50.00840617023335,-3.4791666666649235,False,1.0,cued,2,116.0,14,True
sub07,test,3,76,23.235291666666665,23.364583333333332,51.0,0.12929166666666703,-63.02102665653406,129.29166666666703,False,0.0,cued,2,116.0,14,True
sub07,test,3,77,23.493916666666667,,,,,,True,,cued,2,116.0,14,True
sub07,test,3,78,23.75252083333333,23.893583333333332,52.0,0.1410625000000003,-45.435254346305015,141.0625000000003,False,1.0,cued,2,116.0,14,True
sub07,test,3,79,24.011166666666668,,,,,,True,,cued,2,116.0,14,True
sub07,test,3,80,24.528416666666665,24.4058125,53.0,-0.12260416666666529,-35.08910967663683,-122.6041666666653,False,1.0,cued,2,116.0,14,True
sub07,test,3,81,24.787041666666667,24.874958333333332,54.0,0.08791666666666487,-56.45009883870249,87.91666666666487,False,1.0,cued,2,116.0,14,True
sub07,test,3,82,25.045666666666666,,,,,,True,,cued,2,116.0,14,True
sub07,test,3,83,25.304291666666668,25.390479166666665,55.0,0.08618749999999764,-59.644662223058404,86.18749999999764,False,0.0,cued,2,116.0,14,True
sub07,test,3,84,25.562916666666666,,,,,,True,,cued,2,116.0,14,True
sub07,test,3,85,25.8215625,25.87175,56.0,0.05018749999999983,-39.309329016152795,50.18749999999983,False,1.0,cued,2,116.0,14,True
sub07,test,3,86,26.080166666666667,,,,,,True,,cued,2,116.0,14,True
sub07,test,3,87,26.338770833333335,26.382520833333334,57.0,0.04374999999999929,-60.82998338038527,43.74999999999929,False,0.0,cued,2,116.0,14,True
sub07,test,3,88,26.597416666666668,,,,,,True,,cued,2,116.0,14,True
sub07,test,3,89,26.8560625,26.813895833333333,58.0,-0.042166666666666686,-61.887020744212094,-42.166666666666686,False,0.0,cued,2,116.0,14,True
sub07,test,3,90,27.11466666666667,27.23389583333333,59.0,0.11922916666666339,-34.22918669622914,119.22916666666339,False,1.0,cued,2,116.0,14,True
sub07,test,3,91,27.3733125,,,,,,True,,cued,2,116.0,14,True
sub07,test,3,92,27.631916666666665,27.69429166666667,60.0,0.062375000000002956,-60.23633188761441,62.375000000002956,False,0.0,cued,2,116.0,14,True
sub07,test,3,93,28.149166666666666,28.142583333333334,61.0,-0.006583333333331609,-43.116604204978316,-6.583333333331609,False,1.0,cued,2,116.0,14,True
sub07,test,3,94,28.407791666666668,28.5775,62.0,0.16970833333333246,-33.4830285555417,169.70833333333246,False,1.0,cued,2,116.0,14,True
sub07,test,3,95,28.666416666666667,28.680395833333332,63.0,0.013979166666665321,-52.584513095127235,13.979166666665321,False,1.0,cued,2,116.0,14,True
sub07,test,3,96,28.925041666666665,29.040166666666668,64.0,0.11512500000000259,-58.41516050400547,115.12500000000259,False,1.0,cued,2,116.0,14,True
sub07,test,3,97,29.183666666666667,,,,,,True,,cued,2,116.0,14,True
sub07,test,3,98,29.584854166666666,29.56447916666667,65.0,-0.02037499999999781,-58.02329106301439,-20.37499999999781,False,1.0,cued,2,116.0,14,True
sub07,test,3,99,29.856645833333335,,,,,,True,,cued,2,116.0,14,True
sub07,test,4,0,0.22752083333333334,,,,,,True,,cued,2,108.0,12,True
sub07,test,4,1,0.5053125,,,,,,True,,cued,2,108.0,12,True
sub07,test,4,2,0.7830833333333334,0.8422708333333333,0.0,0.05918749999999995,-71.46080871286782,59.18749999999995,False,0.0,cued,2,108.0,12,True
sub07,test,4,3,1.0611666666666666,0.9432291666666667,1.0,-0.11793749999999992,-57.881952057100506,-117.93749999999991,False,0.0,cued,2,108.0,12,True
sub07,test,4,4,1.3397916666666667,1.2841458333333333,2.0,-0.055645833333333394,-62.259260743011005,-55.64583333333339,False,0.0,cued,2,108.0,12,True
sub07,test,4,5,1.8942083333333333,1.7516041666666666,3.0,-0.14260416666666664,-34.975957248738595,-142.60416666666663,False,1.0,cued,2,108.0,12,True
sub07,test,4,6,2.1719791666666666,2.2812916666666667,4.0,0.10931250000000015,-58.89369715759278,109.31250000000014,False,0.0,cued,2,108.0,12,True
sub07,test,4,7,2.4497708333333335,,,,,,True,,cued,2,108.0,12,True
sub07,test,4,8,2.7275416666666668,2.847354166666667,5.0,0.1198125000000001,-35.836507621249076,119.8125000000001,False,1.0,cued,2,108.0,12,True
sub07,test,4,9,3.005333333333333,,,,,,True,,cued,2,108.0,12,True
sub07,test,4,10,3.2831041666666665,3.4091458333333335,6.0,0.12604166666666705,-60.87742825094718,126.04166666666706,False,0.0,cued,2,108.0,12,True
sub07,test,4,11,3.5608958333333334,,,,,,True,,cued,2,108.0,12,True
sub07,test,4,12,3.8386666666666667,3.958625,7.0,0.11995833333333339,-34.02347519036426,119.95833333333339,False,1.0,cued,2,108.0,12,True
sub07,test,4,13,4.116458333333333,,,,,,True,,cued,2,108.0,12,True
sub07,test,4,14,4.672020833333334,4.53325,8.0,-0.13877083333333395,-43.92633721453195,-138.77083333333394,False,1.0,cued,2,108.0,12,True
sub07,test,4,15,4.9498125,5.0477083333333335,9.0,0.0978958333333333,-36.3505747060135,97.89583333333329,False,1.0,cued,2,108.0,12,True
sub07,test,4,16,5.2275833333333335,,,,,,True,,cued,2,108.0,12,True
sub07,test,4,17,5.505354166666667,5.584875,10.0,0.07952083333333348,-61.06575705292329,79.52083333333348,False,0.0,cued,2,108.0,12,True
sub07,test,4,18,5.783145833333333,,,,,,True,,cued,2,108.0,12,True
sub07,test,4,19,6.338708333333333,6.1197083333333335,11.0,-0.21899999999999942,-39.11009000210377,-218.99999999999943,False,1.0,cued,2,108.0,12,True
sub07,test,4,20,6.6165,6.6496458333333335,12.0,0.03314583333333321,-59.61487398878512,33.14583333333321,False,0.0,cued,2,108.0,12,True
sub07,test,4,21,6.894270833333334,,,,,,True,,cued,2,108.0,12,True
sub07,test,4,22,7.172041666666667,7.237354166666667,13.0,0.0653125000000001,-35.13636242520528,65.31250000000011,False,1.0,cued,2,108.0,12,True
sub07,test,4,23,7.449833333333333,,,,,,True,,cued,2,108.0,12,True
sub07,test,4,24,8.005395833333333,7.787645833333333,14.0,-0.21774999999999967,-59.94035667658097,-217.74999999999966,False,0.0,cued,2,108.0,12,True
sub07,test,4,25,8.560958333333334,8.394645833333334,15.0,-0.16631250000000009,-40.82033549853895,-166.31250000000009,False,1.0,cued,2,108.0,12,True
sub07,test,4,26,8.83875,8.914166666666667,16.0,0.07541666666666735,-65.54844571552347,75.41666666666735,False,0.0,cued,2,108.0,12,True
sub07,test,4,27,9.116520833333333,,,,,,True,,cued,2,108.0,12,True
sub07,test,4,28,9.394291666666666,9.523375,17.0,0.12908333333333388,-36.968969333106976,129.08333333333388,False,1.0,cued,2,108.0,12,True
sub07,test,4,29,9.672083333333333,,,,,,True,,cued,2,108.0,12,True
sub07,test,4,30,9.949854166666666,10.0441875,18.0,0.09433333333333316,-39.95902969247454,94.33333333333316,False,1.0,cued,2,108.0,12,True
sub07,test,4,31,10.227645833333334,,,,,,True,,cued,2,108.0,12,True
sub07,test,4,32,10.783208333333333,10.751291666666667,19.0,-0.031916666666665705,-46.65136365504054,-31.916666666665705,False,1.0,cued,2,108.0,12,True
sub07,test,4,33,11.338770833333333,11.2341875,20.0,-0.10458333333333236,-63.06995131663222,-104.58333333333236,False,0.0,cued,2,108.0,12,True
sub07,test,4,34,11.894333333333334,11.694375,21.0,-0.19995833333333302,-35.86742121811945,-199.95833333333303,False,1.0,cued,2,108.0,12,True
sub07,test,4,35,12.172125,12.2419375,22.0,0.06981250000000117,-59.11556209549758,69.81250000000117,False,0.0,cued,2,108.0,12,True
sub07,test,4,36,12.449895833333333,,,,,,True,,cued,2,108.0,12,True
sub07,test,4,37,12.727833333333333,12.899458333333333,23.0,0.17162500000000058,-37.89494600180292,171.62500000000057,False,1.0,cued,2,108.0,12,True
sub07,test,4,38,13.006604166666667,,,,,,True,,cued,2,108.0,12,True
sub07,test,4,39,13.561020833333334,13.371541666666667,24.0,-0.18947916666666664,-60.46450365240696,-189.47916666666663,False,0.0,cued,2,108.0,12,True
sub07,test,4,40,14.116583333333333,14.289354166666667,26.0,0.17277083333333465,-34.28218504476662,172.77083333333465,False,1.0,cued,2,108.0,12,True
sub07,test,4,41,14.394375,,,,,,True,,cued,2,108.0,12,True
sub07,test,4,42,14.672145833333333,14.78375,27.0,0.11160416666666606,-67.8709219521927,111.60416666666606,False,0.0,cued,2,108.0,12,True
sub07,test,4,43,14.949916666666667,,,,,,True,,cued,2,108.0,12,True
sub07,test,4,44,15.227708333333334,15.241958333333333,28.0,0.014249999999998764,-44.99375765260184,14.249999999998764,False,1.0,cued,2,108.0,12,True
sub07,test,4,45,15.5055,15.631958333333333,29.0,0.12645833333333378,-34.933704631846226,126.45833333333378,False,1.0,cued,2,108.0,12,True
sub07,test,4,46,15.783270833333333,,,,,,True,,cued,2,108.0,12,True
sub07,test,4,47,16.061041666666668,16.160166666666665,30.0,0.09912499999999724,-45.804153518891304,99.12499999999724,False,1.0,cued,2,108.0,12,True
sub07,test,4,48,16.338833333333334,,,,,,True,,cued,2,108.0,12,True
sub07,test,4,49,16.894395833333334,16.726875,31.0,-0.16752083333333445,-45.39767909472515,-167.52083333333445,False,1.0,cued,2,108.0,12,True
sub07,test,4,50,17.449958333333335,17.256333333333334,32.0,-0.19362500000000082,-35.04777071404661,-193.62500000000082,False,1.0,cued,2,108.0,12,True
sub07,test,4,51,17.727729166666666,17.726145833333334,33.0,-0.0015833333333326038,-64.2344933081278,-1.5833333333326038,False,0.0,cued,2,108.0,12,True
sub07,test,4,52,18.005520833333332,,,,,,True,,cued,2,108.0,12,True
sub07,test,4,53,18.283291666666667,18.228979166666665,34.0,-0.05431250000000176,-64.40242175890904,-54.31250000000176,False,0.0,cued,2,108.0,12,True
sub07,test,4,54,18.561083333333332,18.650854166666665,35.0,0.08977083333333269,-56.9368321577,89.77083333333269,False,1.0,cued,2,108.0,12,True
sub07,test,4,55,18.83925,,,,,,True,,cued,2,108.0,12,True
sub07,test,4,56,19.117791666666665,19.1234375,36.0,0.0056458333333360144,-59.185858523945505,5.6458333333360144,False,0.0,cued,2,108.0,12,True
sub07,test,4,57,19.673354166666666,19.577875,37.0,-0.09547916666666723,-70.24288266350074,-95.47916666666723,False,0.0,cued,2,108.0,12,True
sub07,test,4,58,20.227770833333334,20.13104166666667,39.0,-0.09672916666666609,-58.342873607909176,-96.72916666666609,False,0.0,cued,2,108.0,12,True
sub07,test,4,59,20.5065,20.561791666666668,40.0,0.05529166666666896,-60.88908013449888,55.29166666666896,False,0.0,cued,2,108.0,12,True
sub07,test,4,60,20.784458333333333,,,,,,True,,cued,2,108.0,12,True
sub07,test,4,61,21.338895833333332,21.481958333333335,42.0,0.14306250000000276,-56.98700060160643,143.06250000000276,False,1.0,cued,2,108.0,12,True
sub07,test,4,62,21.6166875,,,,,,True,,cued,2,108.0,12,True
sub07,test,4,63,21.894458333333333,21.942416666666666,43.0,0.04795833333333377,-76.2263633548347,47.95833333333377,False,0.0,cued,2,108.0,12,True
sub07,test,4,64,22.17225,,,,,,True,,cued,2,108.0,12,True
sub07,test,4,65,22.450020833333333,22.411875,44.0,-0.03814583333333488,-64.5701015589121,-38.14583333333488,False,0.0,cued,2,108.0,12,True
sub07,test,4,66,23.005583333333334,22.8763125,45.0,-0.129270833333333,-36.364457619661074,-129.270833333333,False,1.0,cued,2,108.0,12,True
sub07,test,4,67,23.561145833333335,23.3654375,46.0,-0.19570833333333582,-67.34589739342907,-195.70833333333582,False,0.0,cued,2,108.0,12,True
sub07,test,4,68,24.11670833333333,24.267520833333332,48.0,0.15081250000000068,-35.757798295810986,150.81250000000068,False,1.0,cued,2,108.0,12,True
sub07,test,4,69,24.3945,,,,,,True,,cued,2,108.0,12,True
sub07,test,4,70,24.672270833333332,24.735479166666668,49.0,0.06320833333333553,-63.71017327545424,63.20833333333553,False,0.0,cued,2,108.0,12,True
sub07,test,4,71,24.9500625,25.136875,50.0,0.1868124999999985,-65.91626409574913,186.8124999999985,False,0.0,cued,2,108.0,12,True
sub07,test,4,72,25.227833333333333,,,,,,True,,cued,2,108.0,12,True
sub07,test,4,73,25.783395833333334,25.648770833333334,51.0,-0.13462499999999977,-34.36386349431664,-134.62499999999977,False,1.0,cued,2,108.0,12,True
sub07,test,4,74,26.061166666666665,26.130875,52.0,0.0697083333333346,-61.428409335700984,69.7083333333346,False,0.0,cued,2,108.0,12,True
sub07,test,4,75,26.338958333333334,,,,,,True,,cued,2,108.0,12,True
sub07,test,4,76,26.61675,26.65675,53.0,0.03999999999999915,-41.377984032571845,39.99999999999915,False,1.0,cued,2,108.0,12,True
sub07,test,4,77,26.894520833333335,,,,,,True,,cued,2,108.0,12,True
sub07,test,4,78,27.450083333333332,27.586583333333333,55.0,0.13650000000000162,-62.60711836696373,136.50000000000162,False,0.0,cued,2,108.0,12,True
sub07,test,4,79,27.727854166666667,,,,,,True,,cued,2,108.0,12,True
sub07,test,4,80,28.005645833333332,28.045479166666667,56.0,0.03983333333333405,-60.04305051560075,39.83333333333405,False,0.0,cued,2,108.0,12,True
sub07,test,4,81,28.2834375,28.490166666666667,57.0,0.20672916666666552,-57.077215696950425,206.72916666666552,False,0.0,cued,2,108.0,12,True
sub07,test,4,82,28.561208333333333,28.597895833333332,58.0,0.03668749999999932,-53.142842775078364,36.68749999999932,False,1.0,cued,2,108.0,12,True
sub07,test,4,83,29.116770833333334,28.942833333333333,59.0,-0.17393750000000097,-47.81542558038261,-173.93750000000097,False,1.0,cued,2,108.0,12,True
sub07,test,4,84,29.394541666666665,29.37625,60.0,-0.018291666666666373,-45.904351043583,-18.291666666666373,False,1.0,cued,2,108.0,12,True
sub07,test,4,85,29.672333333333334,29.76514583333333,61.0,0.0928124999999973,-58.2595623434662,92.8124999999973,False,0.0,cued,2,108.0,12,True
sub07,test,4,86,29.968354166666668,,,,,,True,,cued,2,108.0,12,True
sub07,test,5,0,0.22266666666666668,0.38608333333333333,0.0,0.16341666666666665,-63.54105322177361,163.41666666666666,False,0.0,cued,3,112.0,14,True
sub07,test,5,1,0.7572291666666666,0.7417916666666666,1.0,-0.015437499999999993,-61.023187430280515,-15.437499999999993,False,1.0,cued,3,112.0,14,True
sub07,test,5,2,1.2929375,1.1586666666666667,2.0,-0.13427083333333334,-56.99120669078536,-134.27083333333334,False,1.0,cued,3,112.0,14,True
sub07,test,5,3,1.8286458333333333,1.6330208333333334,3.0,-0.19562499999999994,-53.3649019400537,-195.62499999999994,False,1.0,cued,3,112.0,14,True
sub07,test,5,4,2.3643541666666668,,,,,,True,,cued,3,112.0,14,True
sub07,test,5,5,2.9000625,2.8151875,6.0,-0.08487500000000026,-71.2709797221709,-84.87500000000026,False,0.0,cued,3,112.0,14,True
sub07,test,5,6,3.1679166666666667,3.0942291666666666,7.0,-0.07368750000000013,-54.526150249196064,-73.68750000000013,False,1.0,cued,3,112.0,14,True
sub07,test,5,7,3.435770833333333,3.4645,8.0,0.028729166666666917,-70.7531899993536,28.729166666666917,False,0.0,cued,3,112.0,14,True
sub07,test,5,8,3.9714791666666667,4.051541666666667,11.0,0.08006250000000037,-69.60787574401779,80.06250000000037,False,0.0,cued,3,112.0,14,True
sub07,test,5,9,4.5071875,4.447708333333333,12.0,-0.05947916666666675,-58.14762195792596,-59.47916666666675,False,1.0,cued,3,112.0,14,True
sub07,test,5,10,5.042895833333334,4.923333333333333,13.0,-0.11956250000000068,-70.66211471010776,-119.56250000000068,False,0.0,cued,3,112.0,14,True
sub07,test,5,11,5.578604166666667,5.4373125,14.0,-0.1412916666666666,-61.62556277449681,-141.2916666666666,False,1.0,cued,3,112.0,14,True
sub07,test,5,12,6.1143125,5.945270833333334,16.0,-0.16904166666666587,-58.70537475078105,-169.04166666666586,False,1.0,cued,3,112.0,14,True
sub07,test,5,13,6.6500208333333335,6.763,18.0,0.11297916666666641,-62.509633324509366,112.9791666666664,False,1.0,cued,3,112.0,14,True
sub07,test,5,14,7.1857291666666665,7.195229166666667,19.0,0.009500000000000064,-54.18713789515496,9.500000000000064,False,1.0,cued,3,112.0,14,True
sub07,test,5,15,7.4535833333333334,7.646791666666667,20.0,0.19320833333333365,-69.43729977633251,193.20833333333366,False,0.0,cued,3,112.0,14,True
sub07,test,5,16,7.7214375,7.8732291666666665,21.0,0.1517916666666661,-68.91792895675232,151.79166666666612,False,0.0,cued,3,112.0,14,True
sub07,test,5,17,8.257145833333333,8.10625,22.0,-0.15089583333333323,-67.222643209709,-150.89583333333323,False,0.0,cued,3,112.0,14,True
sub07,test,5,18,8.792854166666666,,,,,,True,,cued,3,112.0,14,True
sub07,test,5,19,9.3285625,9.460916666666666,25.0,0.13235416666666566,-64.58472848343875,132.35416666666566,False,0.0,cued,3,112.0,14,True
sub07,test,5,20,9.596416666666666,,,,,,True,,cued,3,112.0,14,True
sub07,test,5,21,9.864270833333334,9.898625,26.0,0.03435416666666491,-38.35195484305116,34.35416666666491,False,1.0,cued,3,112.0,14,True
sub07,test,5,22,10.399979166666666,10.331895833333334,27.0,-0.06808333333333216,-73.95751330892118,-68.08333333333216,False,0.0,cued,3,112.0,14,True
sub07,test,5,23,10.667833333333334,10.758875,28.0,0.09104166666666558,-48.19727019220413,91.04166666666558,False,1.0,cued,3,112.0,14,True
sub07,test,5,24,10.9356875,,,,,,True,,cued,3,112.0,14,True
sub07,test,5,25,11.471395833333334,11.68025,30.0,0.208854166666665,-68.65091034974279,208.854166666665,False,0.0,cued,3,112.0,14,True
sub07,test,5,26,11.73925,11.931958333333334,31.0,0.19270833333333393,-73.35844044037829,192.70833333333394,False,0.0,cued,3,112.0,14,True
sub07,test,5,27,12.007104166666666,12.153625,32.0,0.14652083333333366,-51.736939792759166,146.52083333333366,False,1.0,cued,3,112.0,14,True
sub07,test,5,28,12.5428125,12.615645833333334,33.0,0.07283333333333353,-56.28595032910169,72.83333333333353,False,1.0,cued,3,112.0,14,True
sub07,test,5,29,12.810666666666666,12.902729166666667,34.0,0.09206250000000082,-70.94187217917761,92.06250000000082,False,0.0,cued,3,112.0,14,True
sub07,test,5,30,13.078520833333334,13.106625,35.0,0.028104166666665265,-64.90263646652606,28.104166666665265,False,0.0,cued,3,112.0,14,True
sub07,test,5,31,13.346375,,,,,,True,,cued,3,112.0,14,True
sub07,test,5,32,13.614229166666666,13.562229166666667,36.0,-0.0519999999999996,-62.416688637323645,-51.9999999999996,False,1.0,cued,3,112.0,14,True
sub07,test,5,33,13.882083333333334,13.975916666666667,37.0,0.09383333333333255,-34.26897055501271,93.83333333333255,False,1.0,cued,3,112.0,14,True
sub07,test,5,34,14.1499375,14.306875,38.0,0.15693749999999973,-70.08033545019555,156.93749999999972,False,0.0,cued,3,112.0,14,True
sub07,test,5,35,14.417791666666666,14.441645833333334,39.0,0.023854166666668064,-62.075252610860964,23.854166666668064,False,1.0,cued,3,112.0,14,True
sub07,test,5,36,14.685645833333334,14.886875,40.0,0.2012291666666659,-66.09976271163046,201.2291666666659,False,0.0,cued,3,112.0,14,True
sub07,test,5,37,15.221354166666666,15.325229166666666,41.0,0.10387500000000038,-62.817386793988305,103.87500000000038,False,1.0,cued,3,112.0,14,True
sub07,test,5,38,15.7570625,15.746166666666667,42.0,-0.01089583333333266,-60.24820555670136,-10.89583333333266,False,1.0,cued,3,112.0,14,True
sub07,test,5,39,16.024916666666666,16.237583333333333,43.0,0.21266666666666723,-62.320454720057874,212.66666666666723,False,1.0,cued,3,112.0,14,True
sub07,test,5,40,16.292770833333332,,,,,,True,,cued,3,112.0,14,True
sub07,test,5,41,16.828479166666668,16.718916666666665,44.0,-0.10956250000000267,-70.65877920986858,-109.56250000000267,False,0.0,cued,3,112.0,14,True
sub07,test,5,42,17.3641875,17.202145833333333,45.0,-0.16204166666666708,-62.182427533279984,-162.04166666666708,False,1.0,cued,3,112.0,14,True
sub07,test,5,43,17.899895833333332,17.715666666666667,46.0,-0.18422916666666467,-74.0896664494383,-184.22916666666467,False,0.0,cued,3,112.0,14,True
sub07,test,5,44,18.435604166666668,18.617791666666665,48.0,0.18218749999999773,-70.58038410472334,182.18749999999773,False,0.0,cued,3,112.0,14,True
sub07,test,5,45,18.9713125,19.06929166666667,49.0,0.0979791666666685,-36.15173178204853,97.9791666666685,False,1.0,cued,3,112.0,14,True
sub07,test,5,46,19.507020833333332,19.582708333333333,50.0,0.0756875000000008,-68.45566304976299,75.6875000000008,False,0.0,cued,3,112.0,14,True
sub07,test,5,47,20.042729166666668,20.004958333333335,51.0,-0.03777083333333309,-40.5738836660005,-37.77083333333309,False,1.0,cued,3,112.0,14,True
sub07,test,5,48,20.5784375,20.480791666666665,52.0,-0.09764583333333476,-62.77449289759759,-97.64583333333476,False,1.0,cued,3,112.0,14,True
sub07,test,5,49,21.114145833333332,20.930583333333335,53.0,-0.1835624999999972,-59.443390757262655,-183.5624999999972,False,1.0,cued,3,112.0,14,True
sub07,test,5,50,21.649854166666668,21.4933125,54.0,-0.15654166666666924,-65.93696705990182,-156.54166666666924,False,0.0,cued,3,112.0,14,True
sub07,test,5,51,21.917708333333334,21.910125,55.0,-0.007583333333332831,-37.81013087080322,-7.583333333332831,False,1.0,cued,3,112.0,14,True
sub07,test,5,52,22.1855625,22.36541666666667,56.0,0.17985416666666865,-45.4047680360386,179.85416666666865,False,1.0,cued,3,112.0,14,True
sub07,test,5,53,22.453416666666666,,,,,,True,,cued,3,112.0,14,True
sub07,test,5,54,22.72127083333333,22.81297916666667,57.0,0.09170833333333661,-39.09605522997986,91.70833333333661,False,1.0,cued,3,112.0,14,True
sub07,test,5,55,22.989125,,,,,,True,,cued,3,112.0,14,True
sub07,test,5,56,23.256979166666667,23.272666666666666,58.0,0.015687499999998522,-77.12387275631484,15.687499999998522,False,0.0,cued,3,112.0,14,True
sub07,test,5,57,23.7926875,23.681583333333332,59.0,-0.11110416666666723,-38.845491253397356,-111.10416666666723,False,1.0,cued,3,112.0,14,True
sub07,test,5,58,24.32839583333333,24.1725,60.0,-0.15589583333333223,-71.54000781048383,-155.89583333333223,False,0.0,cued,3,112.0,14,True
sub07,test,5,59,24.864104166666667,25.034333333333333,62.0,0.17022916666666532,-74.04196057338308,170.22916666666532,False,0.0,cued,3,112.0,14,True
sub07,test,5,60,25.3998125,25.472541666666668,63.0,0.07272916666666873,-62.46995293249752,72.72916666666873,False,1.0,cued,3,112.0,14,True
sub07,test,5,61,25.93552083333333,25.90425,64.0,-0.03127083333333047,-73.25939489411778,-31.270833333330472,False,0.0,cued,3,112.0,14,True
sub07,test,5,62,26.471229166666667,26.339020833333333,65.0,-0.1322083333333346,-36.57770514971243,-132.2083333333346,False,1.0,cued,3,112.0,14,True
sub07,test,5,63,27.0069375,26.840166666666665,66.0,-0.16677083333333442,-67.76603572659371,-166.77083333333442,False,0.0,cued,3,112.0,14,True
sub07,test,5,64,27.542645833333335,27.467083333333335,68.0,-0.0755625000000002,-71.68366771293134,-75.5625000000002,False,0.0,cued,3,112.0,14,True
sub07,test,5,65,27.8105,27.8684375,69.0,0.057937499999997755,-62.84011159149155,57.937499999997755,False,0.0,cued,3,112.0,14,True
sub07,test,5,66,28.078354166666667,,,,,,True,,cued,3,112.0,14,True
sub07,test,5,67,28.6140625,28.78247916666667,71.0,0.1684166666666691,-67.75374464267885,168.4166666666691,False,0.0,cued,3,112.0,14,True
sub07,test,5,68,29.149770833333335,29.230125,72.0,0.08035416666666606,-66.39450136238261,80.35416666666606,False,0.0,cued,3,112.0,14,True
sub07,test,5,69,29.685479166666667,29.7468125,73.0,0.061333333333333684,-72.7792895694821,61.333333333333684,False,0.0,cued,3,112.0,14,True
sub07,test,5,70,30.00825,,,,,,True,,cued,3,112.0,14,True
sub07,test,6,0,0.21866666666666668,,,,,,True,,cued,3,112.0,12,True
sub07,test,6,1,0.7532291666666666,0.64725,0.0,-0.10597916666666662,-36.8549091416189,-105.97916666666663,False,1.0,cued,3,112.0,12,True
sub07,test,6,2,1.2889375,1.1106875,2.0,-0.17825000000000002,-72.30001489583893,-178.25000000000003,False,0.0,cued,3,112.0,12,True
sub07,test,6,3,1.8246458333333333,1.9077291666666667,5.0,0.0830833333333334,-80.59057296949567,83.0833333333334,False,0.0,cued,3,112.0,12,True
sub07,test,6,4,2.0925,2.1555,7.0,0.06300000000000017,-66.21429329444315,63.00000000000017,False,1.0,cued,3,112.0,12,True
sub07,test,6,5,2.3603541666666668,2.5295833333333335,8.0,0.16922916666666676,-74.00570905919673,169.22916666666677,False,0.0,cued,3,112.0,12,True
sub07,test,6,6,2.8960625,2.969625,10.0,0.07356249999999998,-68.87221628968844,73.56249999999997,False,1.0,cued,3,112.0,12,True
sub07,test,6,7,3.431770833333333,3.4258333333333333,12.0,-0.005937499999999929,-34.746403119288,-5.937499999999929,False,1.0,cued,3,112.0,12,True
sub07,test,6,8,3.6999583333333335,3.7256875,14.0,0.02572916666666636,-80.34534116053648,25.72916666666636,False,0.0,cued,3,112.0,12,True
sub07,test,6,9,3.9686041666666667,3.939604166666667,15.0,-0.028999999999999915,-57.57945365902633,-28.999999999999915,False,1.0,cued,3,112.0,12,True
sub07,test,6,10,4.5031875,4.539333333333333,17.0,0.03614583333333332,-82.95556090905816,36.14583333333332,False,0.0,cued,3,112.0,12,True
sub07,test,6,11,5.038895833333333,4.944520833333334,19.0,-0.09437499999999943,-67.75208690329623,-94.37499999999943,False,1.0,cued,3,112.0,12,True
sub07,test,6,12,5.30675,5.2984375,20.0,-0.008312499999999723,-71.46592327894263,-8.312499999999723,False,0.0,cued,3,112.0,12,True
sub07,test,6,13,5.574604166666667,5.4799375,21.0,-0.0946666666666669,-86.42349705192328,-94.6666666666669,False,0.0,cued,3,112.0,12,True
sub07,test,6,14,5.842458333333333,5.739229166666667,22.0,-0.10322916666666604,-68.82479324109448,-103.22916666666603,False,1.0,cued,3,112.0,12,True
sub07,test,6,15,6.1103125,6.133229166666666,24.0,0.022916666666666252,-35.956597191222905,22.916666666666252,False,1.0,cued,3,112.0,12,True
sub07,test,6,16,6.646020833333333,6.606729166666667,25.0,-0.03929166666666628,-69.72505477787693,-39.29166666666628,False,1.0,cued,3,112.0,12,True
sub07,test,6,17,7.181729166666667,7.2043125,28.0,0.0225833333333334,-77.27403761987345,22.5833333333334,False,0.0,cued,3,112.0,12,True
sub07,test,6,18,7.7174375,7.645,30.0,-0.07243750000000038,-77.58719712017822,-72.43750000000037,False,0.0,cued,3,112.0,12,True
sub07,test,6,19,7.985291666666667,7.9369375,31.0,-0.04835416666666692,-71.17586492456616,-48.35416666666692,False,0.0,cued,3,112.0,12,True
sub07,test,6,20,8.253145833333333,8.406375,33.0,0.15322916666666764,-70.43432259772503,153.22916666666765,False,0.0,cued,3,112.0,12,True
sub07,test,6,21,8.788854166666667,8.772229166666667,35.0,-0.016624999999999446,-50.10017767771198,-16.624999999999446,False,1.0,cued,3,112.0,12,True
sub07,test,6,22,9.3245625,9.222333333333333,36.0,-0.10222916666666748,-72.27703661571773,-102.22916666666748,False,0.0,cued,3,112.0,12,True
sub07,test,6,23,9.593520833333333,9.7024375,37.0,0.10891666666666744,-63.107538149345224,108.91666666666744,False,1.0,cued,3,112.0,12,True
sub07,test,6,24,9.861416666666667,,,,,,True,,cued,3,112.0,12,True
sub07,test,6,25,10.395979166666667,10.325,39.0,-0.07097916666666748,-78.14074416923054,-70.97916666666748,False,0.0,cued,3,112.0,12,True
sub07,test,6,26,10.9316875,11.069041666666667,41.0,0.13735416666666644,-45.16892928583728,137.35416666666646,False,1.0,cued,3,112.0,12,True
sub07,test,6,27,11.467395833333333,11.5425625,42.0,0.07516666666666794,-57.2694603037279,75.16666666666794,False,1.0,cued,3,112.0,12,True
sub07,test,6,28,11.73525,11.742208333333334,43.0,0.0069583333333334,-70.69660132312201,6.9583333333334,False,0.0,cued,3,112.0,12,True
sub07,test,6,29,12.003104166666667,11.931083333333333,44.0,-0.0720208333333332,-33.84549821406458,-72.0208333333332,False,1.0,cued,3,112.0,12,True
sub07,test,6,30,12.271020833333333,12.161479166666666,45.0,-0.10954166666666687,-73.7416967690834,-109.54166666666687,False,0.0,cued,3,112.0,12,True
sub07,test,6,31,12.539958333333333,12.673770833333334,47.0,0.13381250000000122,-68.66978949311785,133.81250000000122,False,1.0,cued,3,112.0,12,True
sub07,test,6,32,13.074520833333333,13.153708333333332,49.0,0.07918749999999974,-74.86142974205133,79.18749999999974,False,0.0,cued,3,112.0,12,True
sub07,test,6,33,13.342375,,,,,,True,,cued,3,112.0,12,True
sub07,test,6,34,13.610229166666667,13.6099375,50.0,-0.0002916666666674672,-35.6965168925697,-0.2916666666674672,False,1.0,cued,3,112.0,12,True
sub07,test,6,35,14.1459375,14.0450625,51.0,-0.10087500000000027,-59.789623544453654,-100.87500000000027,False,1.0,cued,3,112.0,12,True
sub07,test,6,36,14.681645833333333,14.679895833333333,53.0,-0.0017499999999994742,-73.00796412154702,-1.7499999999994742,False,0.0,cued,3,112.0,12,True
sub07,test,6,37,15.217354166666667,15.158958333333333,55.0,-0.05839583333333387,-80.18355576767675,-58.39583333333387,False,0.0,cued,3,112.0,12,True
sub07,test,6,38,15.7530625,15.645,57.0,-0.10806250000000084,-72.5285923110265,-108.06250000000084,False,0.0,cued,3,112.0,12,True
sub07,test,6,39,16.288770833333334,16.418604166666668,59.0,0.1298333333333339,-49.63528078991639,129.8333333333339,False,1.0,cued,3,112.0,12,True
sub07,test,6,40,16.824479166666666,16.899958333333334,61.0,0.07547916666666765,-72.24960306305027,75.47916666666765,False,0.0,cued,3,112.0,12,True
sub07,test,6,41,17.092333333333332,17.075854166666666,62.0,-0.0164791666666666,-75.43781144367982,-16.4791666666666,False,0.0,cued,3,112.0,12,True
sub07,test,6,42,17.3601875,17.371,63.0,0.010812500000000114,-51.61143836255882,10.812500000000114,False,1.0,cued,3,112.0,12,True
sub07,test,6,43,17.895895833333334,17.854645833333333,64.0,-0.04125000000000156,-67.06388781944815,-41.25000000000156,False,1.0,cued,3,112.0,12,True
sub07,test,6,44,18.431604166666666,18.282875,66.0,-0.1487291666666657,-49.565680555406374,-148.7291666666657,False,1.0,cued,3,112.0,12,True
sub07,test,6,45,18.699458333333332,18.822395833333335,67.0,0.12293750000000259,-67.28412623419204,122.93750000000259,False,1.0,cued,3,112.0,12,True
sub07,test,6,46,18.9673125,,,,,,True,,cued,3,112.0,12,True
sub07,test,6,47,19.503020833333334,19.513770833333332,69.0,0.010749999999998039,-75.7248233833023,10.749999999998039,False,0.0,cued,3,112.0,12,True
sub07,test,6,48,19.770875,19.862395833333334,70.0,0.09152083333333394,-48.179937143319165,91.52083333333394,False,1.0,cued,3,112.0,12,True
sub07,test,6,49,20.038729166666666,,,,,,True,,cued,3,112.0,12,True
sub07,test,6,50,20.306583333333332,20.342625,71.0,0.036041666666669414,-47.69324296914107,36.041666666669414,False,1.0,cued,3,112.0,12,True
sub07,test,6,51,20.5744375,20.448375,72.0,-0.12606249999999974,-65.00535598733042,-126.06249999999974,False,1.0,cued,3,112.0,12,True
sub07,test,6,52,20.842291666666668,20.8915625,73.0,0.049270833333331154,-66.54835124905244,49.270833333331154,False,1.0,cued,3,112.0,12,True
sub07,test,6,53,21.110145833333334,21.070416666666667,74.0,-0.03972916666666748,-76.80248157705647,-39.72916666666748,False,0.0,cued,3,112.0,12,True
sub07,test,6,54,21.378,21.338395833333333,75.0,-0.039604166666666885,-50.40000795196701,-39.604166666666885,False,1.0,cued,3,112.0,12,True
sub07,test,6,55,21.645854166666666,21.831916666666668,76.0,0.18606250000000202,-67.43365607501059,186.06250000000202,False,1.0,cued,3,112.0,12,True
sub07,test,6,56,21.913708333333332,21.987,77.0,0.07329166666666609,-76.94120599188173,73.29166666666609,False,0.0,cued,3,112.0,12,True
sub07,test,6,57,22.1815625,22.2571875,78.0,0.07562500000000227,-46.95073913598279,75.62500000000227,False,1.0,cued,3,112.0,12,True
sub07,test,6,58,22.449416666666668,22.40522916666667,79.0,-0.0441874999999996,-74.28666476068959,-44.1874999999996,False,0.0,cued,3,112.0,12,True
sub07,test,6,59,22.717270833333334,22.670166666666667,80.0,-0.04710416666666717,-69.56177398522195,-47.10416666666717,False,1.0,cued,3,112.0,12,True
sub07,test,6,60,23.252979166666666,23.287395833333335,83.0,0.03441666666666876,-80.54511657467026,34.41666666666876,False,0.0,cued,3,112.0,12,True
sub07,test,6,61,23.7886875,23.858458333333335,85.0,0.06977083333333312,-79.0582547198228,69.77083333333312,False,0.0,cued,3,112.0,12,True
sub07,test,6,62,24.324395833333334,24.335729166666667,87.0,0.011333333333332973,-76.05938881853524,11.333333333332973,False,0.0,cued,3,112.0,12,True
sub07,test,6,63,24.860104166666666,24.867125,89.0,0.0070208333333354744,-77.80598461993777,7.020833333335474,False,0.0,cued,3,112.0,12,True
sub07,test,6,64,25.3958125,25.364604166666666,91.0,-0.031208333333335503,-78.83159180831478,-31.208333333335503,False,0.0,cued,3,112.0,12,True
sub07,test,6,65,25.931520833333334,25.972041666666666,93.0,0.04052083333333201,-82.50992879197159,40.52083333333201,False,0.0,cued,3,112.0,12,True
sub07,test,6,66,26.199375,26.2909375,94.0,0.09156249999999844,-45.482827252832074,91.56249999999844,False,1.0,cued,3,112.0,12,True
sub07,test,6,67,26.467229166666666,26.470375,95.0,0.0031458333333347355,-76.42707383689212,3.1458333333347355,False,0.0,cued,3,112.0,12,True
sub07,test,6,68,26.735083333333332,26.810145833333333,96.0,0.07506250000000136,-68.74870521851933,75.06250000000136,False,1.0,cued,3,112.0,12,True
sub07,test,6,69,27.0029375,26.99575,97.0,-0.0071875000000005684,-77.68514670717786,-7.187500000000568,False,0.0,cued,3,112.0,12,True
sub07,test,6,70,27.538645833333334,,,,,,True,,cued,3,112.0,12,True
sub07,test,6,71,27.8065,27.7925,99.0,-0.013999999999999346,-69.83168114950121,-13.999999999999346,False,1.0,cued,3,112.0,12,True
sub07,test,6,72,28.074354166666666,27.965875,100.0,-0.10847916666666535,-82.08940795685714,-108.47916666666535,False,0.0,cued,3,112.0,12,True
sub07,test,6,73,28.6100625,28.718604166666665,102.0,0.10854166666666387,-51.87437322781661,108.54166666666387,False,1.0,cued,3,112.0,12,True
sub07,test,6,74,28.879041666666666,28.8875625,103.0,0.008520833333335531,-74.60267780349767,8.520833333335531,False,0.0,cued,3,112.0,12,True
sub07,test,6,75,29.146895833333332,29.165270833333334,104.0,0.018375000000002473,-48.501649185538454,18.375000000002473,False,1.0,cued,3,112.0,12,True
sub07,test,6,76,29.681479166666666,29.66025,105.0,-0.021229166666664412,-49.98904816865644,-21.229166666664412,False,1.0,cued,3,112.0,12,True
sub07,test,6,77,30.010083333333334,29.82975,106.0,-0.18033333333333346,-76.67222596201053,-180.33333333333346,False,0.0,cued,3,112.0,12,True
sub07,test,7,0,0.22264583333333332,0.40239583333333334,0.0,0.17975000000000002,-37.080733170028296,179.75000000000003,False,1.0,spontaneous,2,120.0,0,True
sub07,test,7,1,0.7215208333333333,0.7908541666666666,2.0,0.06933333333333336,-74.18955413445124,69.33333333333336,False,0.0,spontaneous,2,120.0,0,True
sub07,test,7,2,0.9715208333333333,0.9747291666666666,3.0,0.0032083333333333686,-84.78721884835677,3.2083333333333686,False,0.0,spontaneous,2,120.0,0,True
sub07,test,7,3,1.2215208333333334,1.2293125,4.0,0.007791666666666641,-47.906241716944,7.791666666666641,False,1.0,spontaneous,2,120.0,0,True
sub07,test,7,4,1.4715208333333334,1.389125,5.0,-0.08239583333333345,-74.05451668057228,-82.39583333333344,False,0.0,spontaneous,2,120.0,0,True
sub07,test,7,5,1.7215208333333334,1.6779583333333334,6.0,-0.04356249999999995,-67.41786501482667,-43.56249999999995,False,0.0,spontaneous,2,120.0,0,True
sub07,test,7,6,2.2215208333333334,2.1519166666666667,8.0,-0.06960416666666669,-48.621668404745144,-69.60416666666669,False,1.0,spontaneous,2,120.0,0,True
sub07,test,7,7,2.4724791666666666,2.661020833333333,9.0,0.1885416666666666,-58.96214911668632,188.5416666666666,False,1.0,spontaneous,2,120.0,0,True
sub07,test,7,8,2.7226458333333334,,,,,,True,,spontaneous,2,120.0,0,True
sub07,test,7,9,3.2215208333333334,3.1069583333333335,10.0,-0.1145624999999999,-36.38163678936035,-114.5624999999999,False,1.0,spontaneous,2,120.0,0,True
sub07,test,7,10,3.4724166666666667,3.581875,11.0,0.10945833333333344,-69.69402909804252,109.45833333333343,False,0.0,spontaneous,2,120.0,0,True
sub07,test,7,11,3.7226458333333334,,,,,,True,,spontaneous,2,120.0,0,True
sub07,test,7,12,4.221520833333333,4.064333333333333,12.0,-0.15718750000000004,-49.878675465774506,-157.18750000000003,False,1.0,spontaneous,2,120.0,0,True
sub07,test,7,13,4.721520833333333,4.5386875,13.0,-0.18283333333333296,-68.09094557117606,-182.83333333333297,False,0.0,spontaneous,2,120.0,0,True
sub07,test,7,14,4.972520833333333,4.966666666666667,14.0,-0.005854166666666494,-49.35208519125169,-5.854166666666494,False,1.0,spontaneous,2,120.0,0,True
sub07,test,7,15,5.222666666666667,5.15325,15.0,-0.06941666666666713,-78.92597199096586,-69.41666666666713,False,0.0,spontaneous,2,120.0,0,True
sub07,test,7,16,5.721520833333333,5.8763125,17.0,0.1547916666666671,-48.38999071713785,154.7916666666671,False,1.0,spontaneous,2,120.0,0,True
sub07,test,7,17,6.221520833333333,6.3476875,18.0,0.1261666666666672,-75.12980374007556,126.1666666666672,False,0.0,spontaneous,2,120.0,0,True
sub07,test,7,18,6.721520833333333,6.793895833333333,19.0,0.07237500000000008,-50.01714270799303,72.37500000000009,False,1.0,spontaneous,2,120.0,0,True
sub07,test,7,19,7.221520833333333,7.247916666666667,20.0,0.02639583333333384,-66.7870663853472,26.39583333333384,False,1.0,spontaneous,2,120.0,0,True
sub07,test,7,20,7.471520833333333,,,,,,True,,spontaneous,2,120.0,0,True
sub07,test,7,21,7.721520833333333,7.686729166666667,21.0,-0.03479166666666611,-50.767310389264594,-34.79166666666611,False,1.0,spontaneous,2,120.0,0,True
sub07,test,7,22,8.221520833333333,8.131541666666667,22.0,-0.08997916666666583,-69.06182881328988,-89.97916666666583,False,0.0,spontaneous,2,120.0,0,True
sub07,test,7,23,8.471520833333333,8.582,23.0,0.1104791666666678,-49.3012097877288,110.4791666666678,False,1.0,spontaneous,2,120.0,0,True
sub07,test,7,24,8.721520833333333,,,,,,True,,spontaneous,2,120.0,0,True
sub07,test,7,25,9.221520833333333,9.086270833333334,24.0,-0.1352499999999992,-46.1032569534797,-135.2499999999992,False,1.0,spontaneous,2,120.0,0,True
sub07,test,7,26,9.471520833333333,9.560770833333333,25.0,0.08924999999999983,-51.02968457322683,89.24999999999983,False,1.0,spontaneous,2,120.0,0,True
sub07,test,7,27,9.721520833333333,,,,,,True,,spontaneous,2,120.0,0,True
sub07,test,7,28,10.221520833333333,,,,,,True,,spontaneous,2,120.0,0,True
sub07,test,7,29,10.721520833333333,10.877041666666667,28.0,0.155520833333334,-77.9614362411144,155.520833333334,False,0.0,spontaneous,2,120.0,0,True
sub07,test,7,30,10.971520833333333,11.030604166666667,29.0,0.0590833333333336,-78.55714356026891,59.0833333333336,False,0.0,spontaneous,2,120.0,0,True
sub07,test,7,31,11.221520833333333,11.27375,30.0,0.05222916666666677,-47.761858920948576,52.22916666666677,False,1.0,spontaneous,2,120.0,0,True
sub07,test,7,32,11.721520833333333,11.776854166666666,32.0,0.055333333333333456,-69.85128826241268,55.33333333333346,False,0.0,spontaneous,2,120.0,0,True
sub07,test,7,33,11.971520833333333,11.917208333333333,33.0,-0.054312499999999986,-81.53792576312586,-54.312499999999986,False,0.0,spontaneous,2,120.0,0,True
sub07,test,7,34,12.221520833333333,12.1869375,34.0,-0.03458333333333208,-48.64011613324412,-34.58333333333208,False,1.0,spontaneous,2,120.0,0,True
sub07,test,7,35,12.721520833333333,12.642333333333333,35.0,-0.07918749999999974,-62.89354907610746,-79.18749999999974,False,1.0,spontaneous,2,120.0,0,True
sub07,test,7,36,12.971520833333333,13.121645833333334,36.0,0.15012500000000095,-53.41284965995727,150.12500000000097,False,1.0,spontaneous,2,120.0,0,True
sub07,test,7,37,13.221520833333333,13.2245,37.0,0.002979166666667865,-73.19995459075119,2.979166666667865,False,0.0,spontaneous,2,120.0,0,True
sub07,test,7,38,13.721520833333333,13.765270833333334,39.0,0.043750000000001066,-74.57560832592377,43.750000000001066,False,0.0,spontaneous,2,120.0,0,True
sub07,test,7,39,13.971520833333333,14.034604166666666,40.0,0.06308333333333316,-35.84212237608088,63.08333333333316,False,1.0,spontaneous,2,120.0,0,True
sub07,test,7,40,14.221520833333333,,,,,,True,,spontaneous,2,120.0,0,True
sub07,test,7,41,14.721520833333333,,,,,,True,,spontaneous,2,120.0,0,True
sub07,test,7,42,15.221520833333333,15.346958333333333,44.0,0.1254375000000003,-48.35770896309615,125.43750000000031,False,1.0,spontaneous,2,120.0,0,True
sub07,test,7,43,15.721520833333333,15.803770833333333,45.0,0.08225000000000016,-66.84810541872504,82.25000000000016,False,1.0,spontaneous,2,120.0,0,True
sub07,test,7,44,15.972625,,,,,,True,,spontaneous,2,120.0,0,True
sub07,test,7,45,16.222645833333335,16.21120833333333,46.0,-0.011437500000003098,-42.02690317990579,-11.437500000003098,False,1.0,spontaneous,2,120.0,0,True
sub07,test,7,46,16.721520833333333,16.7628125,48.0,0.04129166666666606,-72.84887666718126,41.29166666666606,False,0.0,spontaneous,2,120.0,0,True
sub07,test,7,47,17.221520833333333,17.276604166666665,50.0,0.05508333333333226,-86.20356960561075,55.08333333333226,False,0.0,spontaneous,2,120.0,0,True
sub07,test,7,48,17.4723125,17.531541666666666,51.0,0.05922916666666467,-74.25984165551208,59.22916666666467,False,0.0,spontaneous,2,120.0,0,True
sub07,test,7,49,17.722666666666665,17.649416666666667,52.0,-0.07324999999999804,-74.86272046962651,-73.24999999999804,False,0.0,spontaneous,2,120.0,0,True
sub07,test,7,50,18.221520833333333,18.379041666666666,55.0,0.1575208333333329,-76.37544103462609,157.5208333333329,False,0.0,spontaneous,2,120.0,0,True
sub07,test,7,51,18.721520833333333,18.807729166666668,57.0,0.08620833333333522,-66.3696900236033,86.20833333333522,False,1.0,spontaneous,2,120.0,0,True
sub07,test,7,52,18.971854166666667,18.94625,58.0,-0.02560416666666754,-73.96009955853708,-25.60416666666754,False,0.0,spontaneous,2,120.0,0,True
sub07,test,7,53,19.222666666666665,19.1984375,59.0,-0.024229166666664526,-48.65552662204395,-24.229166666664526,False,1.0,spontaneous,2,120.0,0,True
sub07,test,7,54,19.472666666666665,19.336145833333333,60.0,-0.1365208333333321,-76.42732012397934,-136.5208333333321,False,0.0,spontaneous,2,120.0,0,True
sub07,test,7,55,19.722666666666665,19.769166666666667,62.0,0.04650000000000176,-77.85901544300455,46.50000000000176,False,0.0,spontaneous,2,120.0,0,True
sub07,test,7,56,20.221520833333333,20.149541666666668,64.0,-0.07197916666666515,-76.49245881850558,-71.97916666666515,False,0.0,spontaneous,2,120.0,0,True
sub07,test,7,57,20.472104166666668,20.52927083333333,66.0,0.0571666666666637,-78.05680355918386,57.1666666666637,False,0.0,spontaneous,2,120.0,0,True
sub07,test,7,58,20.722666666666665,20.817375,67.0,0.09470833333333317,-62.546745362650746,94.70833333333317,False,1.0,spontaneous,2,120.0,0,True
sub07,test,7,59,21.221520833333333,21.183,68.0,-0.038520833333333115,-64.17328201656979,-38.520833333333115,False,1.0,spontaneous,2,120.0,0,True
sub07,test,7,60,21.721520833333333,21.670145833333333,70.0,-0.05137500000000017,-73.5529975625059,-51.37500000000017,False,0.0,spontaneous,2,120.0,0,True
sub07,test,7,61,22.221520833333333,22.3838125,72.0,0.16229166666666828,-66.47077017465628,162.29166666666828,False,1.0,spontaneous,2,120.0,0,True
sub07,test,7,62,22.721520833333333,22.762854166666667,74.0,0.04133333333333411,-50.11992074013929,41.33333333333411,False,1.0,spontaneous,2,120.0,0,True
sub07,test,7,63,23.221520833333333,23.19225,75.0,-0.02927083333333158,-79.37380889476462,-29.27083333333158,False,0.0,spontaneous,2,120.0,0,True
sub07,test,7,64,23.721520833333333,23.701854166666667,77.0,-0.019666666666665833,-75.71434116045033,-19.666666666665833,False,0.0,spontaneous,2,120.0,0,True
sub07,test,7,65,24.221520833333333,24.072,79.0,-0.14952083333333377,-70.62199695255116,-149.52083333333377,False,0.0,spontaneous,2,120.0,0,True
sub07,test,7,66,24.721520833333333,24.766375,82.0,0.044854166666667084,-63.36915366184083,44.85416666666708,False,1.0,spontaneous,2,120.0,0,True
sub07,test,7,67,25.221520833333333,25.276333333333334,84.0,0.0548125000000006,-77.22602303984118,54.8125000000006,False,0.0,spontaneous,2,120.0,0,True
sub07,test,7,68,25.721520833333333,25.708270833333334,86.0,-0.013249999999999318,-78.15614855745838,-13.249999999999318,False,0.0,spontaneous,2,120.0,0,True
sub07,test,7,69,25.971520833333333,25.960166666666666,87.0,-0.011354166666666998,-68.46460799474715,-11.354166666666998,False,0.0,spontaneous,2,120.0,0,True
sub07,test,7,70,26.221520833333333,26.332083333333333,89.0,0.11056250000000034,-34.194937117490994,110.56250000000034,False,1.0,spontaneous,2,120.0,0,True
sub07,test,7,71,26.721520833333333,26.751708333333333,91.0,0.030187500000000256,-64.74524496590212,30.187500000000256,False,1.0,spontaneous,2,120.0,0,True
sub07,test,7,72,27.221520833333333,27.17025,93.0,-0.0512708333333336,-65.52580906002511,-51.2708333333336,False,1.0,spontaneous,2,120.0,0,True
sub07,test,7,73,27.721520833333333,27.677854166666666,96.0,-0.04366666666666674,-73.99618234961218,-43.66666666666674,False,0.0,spontaneous,2,120.0,0,True
sub07,test,7,74,28.221520833333333,28.104020833333333,98.0,-0.11749999999999972,-77.51987568311424,-117.49999999999972,False,0.0,spontaneous,2,120.0,0,True
sub07,test,7,75,28.721520833333333,28.726333333333333,100.0,0.004812499999999886,-49.35603795912905,4.812499999999886,False,1.0,spontaneous,2,120.0,0,True
sub07,test,7,76,29.221520833333333,29.170729166666668,102.0,-0.050791666666665236,-73.83700350553168,-50.791666666665236,False,0.0,spontaneous,2,120.0,0,True
sub07,test,7,77,29.721520833333333,29.625104166666667,104.0,-0.09641666666666637,-58.62109691951352,-96.41666666666637,False,1.0,spontaneous,2,120.0,0,True
sub07,test,7,78,29.99075,29.961229166666666,105.0,-0.029520833333332774,-48.687049472381446,-29.520833333332774,False,1.0,spontaneous,2,120.0,0,True
sub07,test,8,0,0.22752083333333334,0.12622916666666667,0.0,-0.10129166666666667,-36.68565516953609,-101.29166666666667,False,1.0,spontaneous,3,108.0,0,True
sub07,test,8,1,0.7830833333333334,0.626,2.0,-0.15708333333333335,-67.94956068124328,-157.08333333333334,False,1.0,spontaneous,3,108.0,0,True
sub07,test,8,2,1.3386458333333333,1.3256666666666668,4.0,-0.012979166666666542,-80.66817071934209,-12.979166666666542,False,0.0,spontaneous,3,108.0,0,True
sub07,test,8,3,1.6164375,1.6829791666666667,5.0,0.06654166666666672,-46.46591095391613,66.54166666666671,False,1.0,spontaneous,3,108.0,0,True
sub07,test,8,4,1.8942083333333333,1.9015208333333333,6.0,0.007312500000000055,-74.96662140262214,7.312500000000055,False,0.0,spontaneous,3,108.0,0,True
sub07,test,8,5,2.1719791666666666,2.2337083333333334,7.0,0.061729166666666835,-58.87545207677406,61.729166666666835,False,1.0,spontaneous,3,108.0,0,True
sub07,test,8,6,2.4497708333333335,2.4152916666666666,8.0,-0.03447916666666684,-76.20567915246453,-34.47916666666684,False,0.0,spontaneous,3,108.0,0,True
sub07,test,8,7,3.005333333333333,2.964729166666667,10.0,-0.04060416666666633,-76.20485849114202,-40.60416666666633,False,0.0,spontaneous,3,108.0,0,True
sub07,test,8,8,3.5608958333333334,3.429104166666667,13.0,-0.13179166666666653,-77.60059384052958,-131.79166666666652,False,0.0,spontaneous,3,108.0,0,True
sub07,test,8,9,3.8386666666666667,3.7403541666666666,14.0,-0.09831250000000002,-64.72967609992173,-98.31250000000003,False,1.0,spontaneous,3,108.0,0,True
sub07,test,8,10,4.116458333333333,4.219604166666667,16.0,0.10314583333333349,-70.41190558847899,103.14583333333348,False,0.0,spontaneous,3,108.0,0,True
sub07,test,8,11,4.672020833333334,4.6429375,19.0,-0.02908333333333335,-34.500356491503766,-29.08333333333335,False,1.0,spontaneous,3,108.0,0,True
sub07,test,8,12,4.949791666666667,5.116895833333333,20.0,0.1671041666666664,-65.60269932212216,167.1041666666664,False,1.0,spontaneous,3,108.0,0,True
sub07,test,8,13,5.2275833333333335,5.3390625,21.0,0.11147916666666635,-76.54208914062286,111.47916666666634,False,0.0,spontaneous,3,108.0,0,True
sub07,test,8,14,5.505375,5.6823125,22.0,0.1769375000000002,-63.381765780589404,176.9375000000002,False,1.0,spontaneous,3,108.0,0,True
sub07,test,8,15,5.783145833333333,5.8613125,23.0,0.07816666666666716,-77.05546758635359,78.16666666666717,False,0.0,spontaneous,3,108.0,0,True
sub07,test,8,16,6.0612916666666665,6.043666666666667,24.0,-0.01762499999999978,-75.86822540636577,-17.62499999999978,False,0.0,spontaneous,3,108.0,0,True
sub07,test,8,17,6.339833333333333,6.336208333333333,26.0,-0.0036249999999995453,-71.90423491829803,-3.6249999999995453,False,0.0,spontaneous,3,108.0,0,True
sub07,test,8,18,6.894270833333334,6.8770625,28.0,-0.017208333333333492,-84.91684332080958,-17.208333333333492,False,0.0,spontaneous,3,108.0,0,True
sub07,test,8,19,7.1720625,7.183166666666667,29.0,0.011104166666666693,-66.07030803957205,11.104166666666693,False,1.0,spontaneous,3,108.0,0,True
sub07,test,8,20,7.449833333333333,7.312166666666666,30.0,-0.13766666666666705,-78.1310526895115,-137.66666666666706,False,0.0,spontaneous,3,108.0,0,True
sub07,test,8,21,8.005395833333333,8.088020833333333,33.0,0.08262500000000017,-66.1146277615846,82.62500000000017,False,1.0,spontaneous,3,108.0,0,True
sub07,test,8,22,8.283166666666666,8.274020833333333,34.0,-0.009145833333333186,-75.94958234700742,-9.145833333333186,False,0.0,spontaneous,3,108.0,0,True
sub07,test,8,23,8.560958333333334,8.5845625,35.0,0.02360416666666687,-69.16724563572383,23.60416666666687,False,1.0,spontaneous,3,108.0,0,True
sub07,test,8,24,9.116520833333333,8.977354166666666,37.0,-0.13916666666666622,-47.14650028934901,-139.16666666666623,False,1.0,spontaneous,3,108.0,0,True
sub07,test,8,25,9.3943125,9.532541666666667,38.0,0.13822916666666707,-58.023521398470265,138.22916666666708,False,1.0,spontaneous,3,108.0,0,True
sub07,test,8,26,9.672083333333333,9.735354166666667,39.0,0.06327083333333405,-77.66475587569701,63.27083333333405,False,0.0,spontaneous,3,108.0,0,True
sub07,test,8,27,10.227645833333334,10.1906875,41.0,-0.036958333333334537,-74.83826287189139,-36.95833333333454,False,0.0,spontaneous,3,108.0,0,True
sub07,test,8,28,10.5054375,10.459833333333334,42.0,-0.045604166666665336,-48.56855152075917,-45.604166666665336,False,1.0,spontaneous,3,108.0,0,True
sub07,test,8,29,10.783208333333333,10.8794375,44.0,0.09622916666666725,-70.03873189397093,96.22916666666725,False,0.0,spontaneous,3,108.0,0,True
sub07,test,8,30,11.338770833333333,11.388604166666667,46.0,0.04983333333333384,-70.76657393604793,49.83333333333384,False,0.0,spontaneous,3,108.0,0,True
sub07,test,8,31,11.616541666666667,11.507229166666667,47.0,-0.1093124999999997,-80.77428759630615,-109.3124999999997,False,0.0,spontaneous,3,108.0,0,True
sub07,test,8,32,11.894333333333334,11.905708333333333,49.0,0.011374999999999247,-48.61767549230735,11.374999999999247,False,1.0,spontaneous,3,108.0,0,True
sub07,test,8,33,12.449895833333333,12.504333333333333,52.0,0.05443750000000058,-89.27286188421981,54.43750000000058,False,0.0,spontaneous,3,108.0,0,True
sub07,test,8,34,12.7276875,12.840145833333333,53.0,0.11245833333333266,-65.70181554246057,112.45833333333266,False,1.0,spontaneous,3,108.0,0,True
sub07,test,8,35,13.005458333333333,12.968208333333333,54.0,-0.03725000000000023,-80.48722924857016,-37.25000000000023,False,0.0,spontaneous,3,108.0,0,True
sub07,test,8,36,13.561020833333334,13.403833333333333,56.0,-0.15718750000000092,-76.13716642179936,-157.1875000000009,False,0.0,spontaneous,3,108.0,0,True
sub07,test,8,37,14.116583333333333,14.146604166666666,59.0,0.030020833333333385,-58.6566774333816,30.020833333333385,False,1.0,spontaneous,3,108.0,0,True
sub07,test,8,38,14.394375,14.2800625,60.0,-0.11431250000000048,-80.77428759630615,-114.31250000000048,False,0.0,spontaneous,3,108.0,0,True
sub07,test,8,39,14.672145833333333,14.548375,61.0,-0.12377083333333339,-47.74571193723257,-123.77083333333339,False,1.0,spontaneous,3,108.0,0,True
sub07,test,8,40,14.9499375,15.0161875,62.0,0.06624999999999837,-67.55566124542966,66.24999999999837,False,1.0,spontaneous,3,108.0,0,True
sub07,test,8,41,15.227708333333334,15.1815625,63.0,-0.046145833333333997,-76.61220243866366,-46.145833333334,False,0.0,spontaneous,3,108.0,0,True
sub07,test,8,42,15.505479166666667,15.48225,64.0,-0.023229166666666856,-69.02103553579691,-23.229166666666856,False,1.0,spontaneous,3,108.0,0,True
sub07,test,8,43,15.783270833333333,15.852104166666667,66.0,0.06883333333333397,-47.076255698667566,68.83333333333397,False,1.0,spontaneous,3,108.0,0,True
sub07,test,8,44,16.338833333333334,16.26460416666667,68.0,-0.07422916666666524,-68.39728438215144,-74.22916666666524,False,1.0,spontaneous,3,108.0,0,True
sub07,test,8,45,16.894395833333334,16.8601875,71.0,-0.03420833333333562,-74.93579375059912,-34.20833333333562,False,0.0,spontaneous,3,108.0,0,True
sub07,test,8,46,17.1721875,17.125895833333335,72.0,-0.046291666666665066,-45.77398464295595,-46.291666666665066,False,1.0,spontaneous,3,108.0,0,True
sub07,test,8,47,17.449958333333335,17.259958333333334,73.0,-0.19000000000000128,-74.43173315008823,-190.00000000000128,False,0.0,spontaneous,3,108.0,0,True
sub07,test,8,48,17.727729166666666,17.676125,74.0,-0.05160416666666734,-69.98158001593052,-51.60416666666734,False,0.0,spontaneous,3,108.0,0,True
sub07,test,8,49,18.005520833333332,18.1001875,76.0,0.09466666666666868,-49.087038091983885,94.66666666666868,False,1.0,spontaneous,3,108.0,0,True
sub07,test,8,50,18.283291666666667,,,,,,True,,spontaneous,3,108.0,0,True
sub07,test,8,51,18.561083333333332,18.542291666666667,77.0,-0.018791666666665208,-68.08210529208651,-18.791666666665208,False,1.0,spontaneous,3,108.0,0,True
sub07,test,8,52,19.116645833333333,19.143979166666668,80.0,0.027333333333334764,-74.0548022721863,27.333333333334764,False,0.0,spontaneous,3,108.0,0,True
sub07,test,8,53,19.672208333333334,19.727833333333333,82.0,0.05562499999999915,-77.94600584586502,55.62499999999915,False,0.0,spontaneous,3,108.0,0,True
sub07,test,8,54,19.95,19.9926875,84.0,0.042687499999999545,-47.89008416500504,42.687499999999545,False,1.0,spontaneous,3,108.0,0,True
sub07,test,8,55,20.227770833333334,,,,,,True,,spontaneous,3,108.0,0,True
sub07,test,8,56,20.5055625,20.54025,85.0,0.034687500000000426,-66.77480565936985,34.687500000000426,False,1.0,spontaneous,3,108.0,0,True
sub07,test,8,57,20.783333333333335,20.738979166666667,86.0,-0.04435416666666825,-83.55478027178741,-44.35416666666825,False,0.0,spontaneous,3,108.0,0,True
sub07,test,8,58,21.338895833333332,21.1433125,87.0,-0.19558333333333167,-48.14270941272259,-195.58333333333167,False,1.0,spontaneous,3,108.0,0,True
sub07,test,8,59,21.894458333333333,21.90575,89.0,0.011291666666668476,-83.8560045880041,11.291666666668476,False,0.0,spontaneous,3,108.0,0,True
sub07,test,8,60,22.450020833333333,22.324291666666667,91.0,-0.125729166666666,-75.61231211692682,-125.729166666666,False,0.0,spontaneous,3,108.0,0,True
sub07,test,8,61,22.72779166666667,22.830083333333334,93.0,0.102291666666666,-73.50501372292291,102.291666666666,False,0.0,spontaneous,3,108.0,0,True
sub07,test,8,62,23.005583333333334,23.07914583333333,94.0,0.07356249999999775,-47.02140691642115,73.56249999999775,False,1.0,spontaneous,3,108.0,0,True
sub07,test,8,63,23.283375,,,,,,True,,spontaneous,3,108.0,0,True
sub07,test,8,64,23.561145833333335,23.558791666666668,95.0,-0.002354166666666657,-57.16979224119371,-2.354166666666657,False,1.0,spontaneous,3,108.0,0,True
sub07,test,8,65,24.11670833333333,23.997,97.0,-0.11970833333333175,-49.33835176608746,-119.70833333333175,False,1.0,spontaneous,3,108.0,0,True
sub07,test,8,66,24.3945,24.502479166666667,98.0,0.10797916666666652,-67.73928372269243,107.97916666666652,False,1.0,spontaneous,3,108.0,0,True
sub07,test,8,67,24.672270833333332,24.718104166666667,99.0,0.04583333333333428,-75.50972860950777,45.83333333333428,False,0.0,spontaneous,3,108.0,0,True
sub07,test,8,68,25.227833333333333,,,,,,True,,spontaneous,3,108.0,0,True
sub07,test,8,69,25.783395833333334,25.692354166666668,102.0,-0.09104166666666558,-75.4479425599108,-91.04166666666558,False,0.0,spontaneous,3,108.0,0,True
sub07,test,8,70,26.338958333333334,26.3995625,104.0,0.06060416666666413,-67.5306787452815,60.60416666666413,False,1.0,spontaneous,3,108.0,0,True
sub07,test,8,71,26.616729166666666,26.575083333333332,105.0,-0.041645833333333826,-75.06711165246767,-41.645833333333826,False,0.0,spontaneous,3,108.0,0,True
sub07,test,8,72,26.894520833333335,26.799104166666666,106.0,-0.0954166666666687,-49.10085179971725,-95.4166666666687,False,1.0,spontaneous,3,108.0,0,True
sub07,test,8,73,27.172291666666666,27.276479166666668,108.0,0.10418750000000188,-71.28776077435495,104.18750000000188,False,0.0,spontaneous,3,108.0,0,True
sub07,test,8,74,27.450083333333332,27.462833333333332,109.0,0.012750000000000483,-84.39062632176793,12.750000000000483,False,0.0,spontaneous,3,108.0,0,True
sub07,test,8,75,28.005645833333332,27.907625,111.0,-0.098020833333333,-78.20529329485883,-98.020833333333,False,0.0,spontaneous,3,108.0,0,True
sub07,test,8,76,28.283416666666668,28.14591666666667,112.0,-0.1374999999999993,-65.32902535450613,-137.4999999999993,False,1.0,spontaneous,3,108.0,0,True
sub07,test,8,77,28.561208333333333,28.654104166666666,113.0,0.0928958333333334,-48.916795570050944,92.8958333333334,False,1.0,spontaneous,3,108.0,0,True
sub07,test,8,78,28.839,28.815041666666666,114.0,-0.02395833333333286,-75.03672889356535,-23.95833333333286,False,0.0,spontaneous,3,108.0,0,True
sub07,test,8,79,29.116770833333334,29.084479166666668,115.0,-0.03229166666666572,-48.41478705911757,-32.29166666666572,False,1.0,spontaneous,3,108.0,0,True
sub07,test,8,80,29.394541666666665,29.49025,117.0,0.0957083333333344,-47.89412098699419,95.7083333333344,False,1.0,spontaneous,3,108.0,0,True
sub07,test,8,81,29.672333333333334,29.6748125,118.0,0.002479166666667254,-76.76377940960096,2.479166666667254,False,0.0,spontaneous,3,108.0,0,True
sub07,test,8,82,29.992708333333333,29.9194375,119.0,-0.07327083333333206,-64.34177572507842,-73.27083333333206,False,1.0,spontaneous,3,108.0,0,True
sub07,test,9,0,0.22279166666666667,,,,,,True,,spontaneous,3,108.0,0,True
sub07,test,9,1,0.7772083333333333,0.7676458333333334,1.0,-0.009562499999999918,-74.15271233270909,-9.562499999999918,False,0.0,spontaneous,3,108.0,0,True
sub07,test,9,2,1.0549791666666666,0.9488125,2.0,-0.10616666666666663,-76.58934562742922,-106.16666666666663,False,0.0,spontaneous,3,108.0,0,True
sub07,test,9,3,1.3327708333333332,1.1859166666666667,3.0,-0.1468541666666665,-69.53433554588258,-146.85416666666652,False,0.0,spontaneous,3,108.0,0,True
sub07,test,9,4,1.6105416666666668,1.721625,4.0,0.1110833333333332,-65.33903005698787,111.0833333333332,False,1.0,spontaneous,3,108.0,0,True
sub07,test,9,5,1.8883333333333334,,,,,,True,,spontaneous,3,108.0,0,True
sub07,test,9,6,2.4438958333333334,2.425291666666667,6.0,-0.018604166666666533,-76.19537466090323,-18.604166666666533,False,0.0,spontaneous,3,108.0,0,True
sub07,test,9,7,2.722729166666667,2.8150833333333334,7.0,0.09235416666666652,-66.50530347398247,92.35416666666652,False,1.0,spontaneous,3,108.0,0,True
sub07,test,9,8,3.0006041666666667,,,,,,True,,spontaneous,3,108.0,0,True
sub07,test,9,9,3.5550208333333333,3.3413958333333333,8.0,-0.21362499999999995,-68.09022179756855,-213.62499999999994,False,0.0,spontaneous,3,108.0,0,True
sub07,test,9,10,3.8328125,3.88375,9.0,0.05093749999999986,-49.53492685323529,50.93749999999986,False,1.0,spontaneous,3,108.0,0,True
sub07,test,9,11,4.1105833333333335,4.0929166666666665,11.0,-0.01766666666666694,-75.31747601429592,-17.66666666666694,False,0.0,spontaneous,3,108.0,0,True
sub07,test,9,12,4.389125,4.3810416666666665,12.0,-0.008083333333333442,-69.12883294632009,-8.083333333333442,False,0.0,spontaneous,3,108.0,0,True
sub07,test,9,13,4.667291666666666,,,,,,True,,spontaneous,3,108.0,0,True
sub07,test,9,14,5.221708333333333,,,,,,True,,spontaneous,3,108.0,0,True
sub07,test,9,15,5.500020833333333,5.6031458333333335,14.0,0.10312500000000036,-35.685308174162365,103.12500000000036,False,1.0,spontaneous,3,108.0,0,True
sub07,test,9,16,5.778395833333334,5.7536875,15.0,-0.024708333333333776,-78.61699071468072,-24.708333333333776,False,0.0,spontaneous,3,108.0,0,True
sub07,test,9,17,6.332833333333333,6.1940625,16.0,-0.13877083333333307,-70.17386779352177,-138.77083333333306,False,0.0,spontaneous,3,108.0,0,True
sub07,test,9,18,6.888395833333333,6.730854166666667,17.0,-0.15754166666666602,-74.62828589315922,-157.54166666666603,False,0.0,spontaneous,3,108.0,0,True
sub07,test,9,19,7.443958333333334,7.401979166666667,19.0,-0.04197916666666668,-69.06613091016824,-41.97916666666668,False,0.0,spontaneous,3,108.0,0,True
sub07,test,9,20,7.999520833333333,7.8029166666666665,20.0,-0.1966041666666669,-68.76499152096554,-196.6041666666669,False,0.0,spontaneous,3,108.0,0,True
sub07,test,9,21,8.555083333333334,8.37775,21.0,-0.17733333333333334,-67.78186697927013,-177.33333333333334,False,0.0,spontaneous,3,108.0,0,True
sub07,test,9,22,8.832875,8.916479166666667,22.0,0.08360416666666737,-48.39025478586494,83.60416666666737,False,1.0,spontaneous,3,108.0,0,True
sub07,test,9,23,9.110645833333333,9.1425625,23.0,0.03191666666666748,-71.15360803571409,31.91666666666748,False,0.0,spontaneous,3,108.0,0,True
sub07,test,9,24,9.666208333333334,9.759770833333333,25.0,0.0935624999999991,-71.03073423157863,93.5624999999991,False,0.0,spontaneous,3,108.0,0,True
sub07,test,9,25,9.943979166666667,10.014145833333334,26.0,0.07016666666666715,-66.70416914601165,70.16666666666715,False,1.0,spontaneous,3,108.0,0,True
sub07,test,9,26,10.221770833333334,,,,,,True,,spontaneous,3,108.0,0,True
sub07,test,9,27,10.499541666666667,10.5179375,27.0,0.018395833333332945,-48.755364307743896,18.395833333332945,False,1.0,spontaneous,3,108.0,0,True
sub07,test,9,28,10.777333333333333,10.792541666666667,28.0,0.015208333333333712,-70.6398281939073,15.208333333333712,False,0.0,spontaneous,3,108.0,0,True
sub07,test,9,29,11.055104166666666,11.012958333333334,29.0,-0.04214583333333266,-64.95964590093207,-42.14583333333266,False,1.0,spontaneous,3,108.0,0,True
sub07,test,9,30,11.332895833333334,11.489583333333334,30.0,0.1566875000000003,-62.50364514557315,156.6875000000003,False,1.0,spontaneous,3,108.0,0,True
sub07,test,9,31,11.6106875,11.788270833333334,31.0,0.17758333333333454,-73.14716778671242,177.58333333333454,False,0.0,spontaneous,3,108.0,0,True
sub07,test,9,32,11.888458333333332,12.077604166666667,32.0,0.18914583333333468,-49.09821930730008,189.14583333333468,False,1.0,spontaneous,3,108.0,0,True
sub07,test,9,33,12.167,12.217083333333333,33.0,0.05008333333333326,-75.37393402753095,50.08333333333326,False,0.0,spontaneous,3,108.0,0,True
sub07,test,9,34,12.445166666666667,12.340604166666667,34.0,-0.10456250000000011,-72.85299243538483,-104.56250000000011,False,0.0,spontaneous,3,108.0,0,True
sub07,test,9,35,12.999583333333334,13.022708333333334,36.0,0.023125000000000284,-60.786100442160986,23.125000000000284,False,1.0,spontaneous,3,108.0,0,True
sub07,test,9,36,13.555145833333333,13.557208333333334,38.0,0.0020625000000009663,-32.619182269819675,2.0625000000009663,False,1.0,spontaneous,3,108.0,0,True
sub07,test,9,37,14.110708333333333,14.047354166666667,40.0,-0.0633541666666666,-65.03459713370457,-63.3541666666666,False,1.0,spontaneous,3,108.0,0,True
sub07,test,9,38,14.3885,14.560854166666667,41.0,0.1723541666666666,-62.786614805769716,172.35416666666657,False,1.0,spontaneous,3,108.0,0,True
sub07,test,9,39,14.666270833333334,14.79,42.0,0.12372916666666534,-78.93387520209585,123.72916666666534,False,0.0,spontaneous,3,108.0,0,True
sub07,test,9,40,14.944041666666667,15.072479166666668,43.0,0.12843750000000043,-47.99915311073738,128.43750000000043,False,1.0,spontaneous,3,108.0,0,True
sub07,test,9,41,15.221833333333333,15.263541666666667,44.0,0.041708333333334124,-81.52553681947057,41.708333333334124,False,0.0,spontaneous,3,108.0,0,True
sub07,test,9,42,15.499666666666666,15.426395833333334,45.0,-0.07327083333333206,-77.45921137345105,-73.27083333333206,False,0.0,spontaneous,3,108.0,0,True
sub07,test,9,43,15.778541666666667,15.631229166666667,46.0,-0.14731249999999996,-71.1871101051271,-147.31249999999994,False,0.0,spontaneous,3,108.0,0,True
sub07,test,9,44,16.332958333333334,16.1705625,47.0,-0.16239583333333485,-56.94771288342098,-162.39583333333485,False,1.0,spontaneous,3,108.0,0,True
sub07,test,9,45,16.888520833333335,16.928854166666667,49.0,0.04033333333333289,-79.58915647733473,40.33333333333289,False,0.0,spontaneous,3,108.0,0,True
sub07,test,9,46,17.44408333333333,17.2635625,50.0,-0.18052083333333258,-67.50678892285096,-180.52083333333258,False,1.0,spontaneous,3,108.0,0,True
sub07,test,9,47,17.999645833333332,17.804541666666665,51.0,-0.19510416666666686,-59.86539837620312,-195.10416666666686,False,1.0,spontaneous,3,108.0,0,True
sub07,test,9,48,18.555208333333333,18.558645833333333,54.0,0.0034375000000004263,-73.01296395451887,3.4375000000004263,False,0.0,spontaneous,3,108.0,0,True
sub07,test,9,49,18.833541666666665,18.947354166666667,55.0,0.11381250000000165,-70.53027093515595,113.81250000000165,False,0.0,spontaneous,3,108.0,0,True
sub07,test,9,50,19.111916666666666,,,,,,True,,spontaneous,3,108.0,0,True
sub07,test,9,51,19.666333333333334,19.505229166666666,56.0,-0.16110416666666794,-44.66322950696689,-161.10416666666794,False,1.0,spontaneous,3,108.0,0,True
sub07,test,9,52,19.944125,20.067229166666667,57.0,0.12310416666666768,-48.00306614308145,123.10416666666768,False,1.0,spontaneous,3,108.0,0,True
sub07,test,9,53,20.221895833333335,20.2476875,58.0,0.025791666666666657,-80.17682151245056,25.791666666666657,False,0.0,spontaneous,3,108.0,0,True
sub07,test,9,54,20.499666666666666,20.611333333333334,59.0,0.11166666666666814,-64.47321713120947,111.66666666666814,False,1.0,spontaneous,3,108.0,0,True
sub07,test,9,55,20.777458333333332,,,,,,True,,spontaneous,3,108.0,0,True
sub07,test,9,56,21.333020833333332,21.152145833333332,60.0,-0.18087500000000034,-65.24021044197899,-180.87500000000034,False,1.0,spontaneous,3,108.0,0,True
sub07,test,9,57,21.888583333333333,21.895125,62.0,0.006541666666667112,-82.39433401008297,6.541666666667112,False,0.0,spontaneous,3,108.0,0,True
sub07,test,9,58,22.166354166666668,22.2589375,63.0,0.09258333333333013,-53.04447165555245,92.58333333333013,False,1.0,spontaneous,3,108.0,0,True
sub07,test,9,59,22.444145833333334,,,,,,True,,spontaneous,3,108.0,0,True
sub07,test,9,60,22.999708333333334,,,,,,True,,spontaneous,3,108.0,0,True
sub07,test,9,61,23.555270833333335,23.612041666666666,66.0,0.05677083333333144,-72.99204827335772,56.77083333333144,False,0.0,spontaneous,3,108.0,0,True
sub07,test,9,62,23.8330625,23.7375625,67.0,-0.09550000000000125,-69.23602718571499,-95.50000000000125,False,0.0,spontaneous,3,108.0,0,True
sub07,test,9,63,24.110833333333332,24.192041666666668,68.0,0.08120833333333621,-65.9821218401149,81.20833333333621,False,1.0,spontaneous,3,108.0,0,True
sub07,test,9,64,24.388604166666667,,,,,,True,,spontaneous,3,108.0,0,True
sub07,test,9,65,24.666395833333333,24.672520833333333,69.0,0.006125000000000824,-35.393255003974254,6.125000000000824,False,1.0,spontaneous,3,108.0,0,True
sub07,test,9,66,24.9441875,24.839541666666666,70.0,-0.10464583333333621,-75.8611799804335,-104.64583333333621,False,0.0,spontaneous,3,108.0,0,True
sub07,test,9,67,25.221958333333333,25.16625,71.0,-0.055708333333331694,-52.27490256045328,-55.708333333331694,False,1.0,spontaneous,3,108.0,0,True
sub07,test,9,68,25.49975,25.671208333333333,72.0,0.1714583333333337,-62.68393272699774,171.4583333333337,False,1.0,spontaneous,3,108.0,0,True
sub07,test,9,69,25.777520833333334,25.856333333333332,73.0,0.07881249999999795,-78.52902715037642,78.81249999999795,False,0.0,spontaneous,3,108.0,0,True
sub07,test,9,70,26.333083333333335,26.350958333333335,75.0,0.017875000000000085,-77.25220125672107,17.875000000000085,False,0.0,spontaneous,3,108.0,0,True
sub07,test,9,71,26.610875,26.7185625,76.0,0.10768750000000082,-64.41854449641812,107.68750000000082,False,1.0,spontaneous,3,108.0,0,True
sub07,test,9,72,26.88864583333333,,,,,,True,,spontaneous,3,108.0,0,True
sub07,test,9,73,27.444208333333332,27.313020833333333,77.0,-0.13118749999999935,-60.034384665781666,-131.18749999999935,False,1.0,spontaneous,3,108.0,0,True
sub07,test,9,74,27.722,27.895520833333332,78.0,0.17352083333333113,-32.90579400397607,173.52083333333113,False,1.0,spontaneous,3,108.0,0,True
sub07,test,9,75,27.999770833333333,28.015583333333332,79.0,0.01581249999999912,-65.68283487021107,15.812499999999119,False,1.0,spontaneous,3,108.0,0,True
sub07,test,9,76,28.555333333333333,28.393333333333334,81.0,-0.16199999999999903,-65.76692543370473,-161.99999999999903,False,1.0,spontaneous,3,108.0,0,True
sub07,test,9,77,28.833125,28.9745,82.0,0.14137500000000003,-58.067181837841,141.37500000000003,False,1.0,spontaneous,3,108.0,0,True
sub07,test,9,78,29.110895833333334,,,,,,True,,spontaneous,3,108.0,0,True
sub07,test,9,79,29.666458333333335,29.535541666666667,83.0,-0.13091666666666768,-33.73684774924794,-130.91666666666768,False,1.0,spontaneous,3,108.0,0,True
sub07,test,9,80,29.9859375,29.881333333333334,84.0,-0.10460416666666461,-79.68683641199236,-104.60416666666461,False,0.0,spontaneous,3,108.0,0,True
sub07,test,10,0,0.21877083333333333,0.39458333333333334,0.0,0.1758125,-37.56168539361316,175.8125,False,1.0,spontaneous,3,104.0,0,True
sub07,test,10,1,0.7945625,0.8597083333333333,3.0,0.06514583333333335,-61.71928833232417,65.14583333333334,False,1.0,spontaneous,3,104.0,0,True
sub07,test,10,2,1.3714791666666666,1.2881875,4.0,-0.08329166666666654,-57.87751835496998,-83.29166666666654,False,1.0,spontaneous,3,104.0,0,True
sub07,test,10,3,1.6599375,1.8181875,5.0,0.15825,-46.7600231104997,158.25,False,1.0,spontaneous,3,104.0,0,True
sub07,test,10,4,1.9483958333333333,1.9939375,6.0,0.04554166666666659,-74.21512946973445,45.54166666666659,False,0.0,spontaneous,3,104.0,0,True
sub07,test,10,5,2.5253125,2.3385833333333332,7.0,-0.18672916666666683,-69.41519793465079,-186.72916666666683,False,0.0,spontaneous,3,104.0,0,True
sub07,test,10,6,2.8137708333333333,2.876145833333333,8.0,0.06237499999999985,-63.183109226216914,62.374999999999844,False,1.0,spontaneous,3,104.0,0,True
sub07,test,10,7,3.1022291666666666,,,,,,True,,spontaneous,3,104.0,0,True
sub07,test,10,8,3.3906875,3.472375,9.0,0.08168750000000014,-47.543004497832754,81.68750000000014,False,1.0,spontaneous,3,104.0,0,True
sub07,test,10,9,3.679145833333333,3.6338958333333333,10.0,-0.04524999999999979,-74.65355375615616,-45.24999999999979,False,0.0,spontaneous,3,104.0,0,True
sub07,test,10,10,4.2560625,,,,,,True,,spontaneous,3,104.0,0,True
sub07,test,10,11,4.832979166666667,4.846916666666667,13.0,0.013937499999999936,-74.97517960111357,13.937499999999936,False,0.0,spontaneous,3,104.0,0,True
sub07,test,10,12,5.409895833333334,5.263083333333333,15.0,-0.14681250000000023,-73.04500965252655,-146.81250000000023,False,0.0,spontaneous,3,104.0,0,True
sub07,test,10,13,5.9868125,6.035125,18.0,0.04831249999999976,-70.5892538217764,48.31249999999976,False,0.0,spontaneous,3,104.0,0,True
sub07,test,10,14,6.563729166666667,6.5594375,19.0,-0.004291666666667027,-61.85501670791369,-4.291666666667027,False,1.0,spontaneous,3,104.0,0,True
sub07,test,10,15,7.140645833333333,7.086375,20.0,-0.054270833333332824,-33.80417150083184,-54.270833333332824,False,1.0,spontaneous,3,104.0,0,True
sub07,test,10,16,7.429104166666667,7.345770833333333,22.0,-0.08333333333333393,-77.37460572533679,-83.33333333333393,False,0.0,spontaneous,3,104.0,0,True
sub07,test,10,17,7.7175625,7.596791666666666,23.0,-0.12077083333333327,-68.04359067208837,-120.77083333333327,False,0.0,spontaneous,3,104.0,0,True
sub07,test,10,18,8.294479166666667,8.098208333333334,25.0,-0.19627083333333317,-69.92602703829994,-196.27083333333317,False,0.0,spontaneous,3,104.0,0,True
sub07,test,10,19,8.5829375,8.544645833333334,26.0,-0.03829166666666595,-33.608771911290695,-38.29166666666595,False,1.0,spontaneous,3,104.0,0,True
sub07,test,10,20,8.871395833333333,8.701354166666667,27.0,-0.1700416666666662,-71.63641121711028,-170.0416666666662,False,0.0,spontaneous,3,104.0,0,True
sub07,test,10,21,9.4483125,9.545541666666667,29.0,0.0972291666666667,-60.4517220455169,97.2291666666667,False,1.0,spontaneous,3,104.0,0,True
sub07,test,10,22,9.737520833333333,9.954145833333333,30.0,0.2166250000000005,-47.00060135757518,216.6250000000005,False,1.0,spontaneous,3,104.0,0,True
sub07,test,10,23,10.026375,10.072979166666666,31.0,0.04660416666666656,-68.32783327849117,46.60416666666656,False,0.0,spontaneous,3,104.0,0,True
sub07,test,10,24,10.602145833333333,10.4440625,32.0,-0.1580833333333338,-65.37197892990322,-158.0833333333338,False,1.0,spontaneous,3,104.0,0,True
sub07,test,10,25,11.1790625,11.069854166666667,34.0,-0.10920833333333313,-74.73434452911603,-109.20833333333313,False,0.0,spontaneous,3,104.0,0,True
sub07,test,10,26,11.467520833333333,11.482833333333334,36.0,0.015312500000000284,-68.58599047750518,15.312500000000284,False,0.0,spontaneous,3,104.0,0,True
sub07,test,10,27,11.755979166666666,11.850375,37.0,0.09439583333333346,-73.44897008571766,94.39583333333346,False,0.0,spontaneous,3,104.0,0,True
sub07,test,10,28,12.332895833333334,12.316979166666666,38.0,-0.015916666666667467,-63.47867852806904,-15.916666666667467,False,1.0,spontaneous,3,104.0,0,True
sub07,test,10,29,12.9098125,12.915833333333333,40.0,0.006020833333334252,-77.59026038919737,6.020833333334252,False,0.0,spontaneous,3,104.0,0,True
sub07,test,10,30,13.486729166666667,,,,,,True,,spontaneous,3,104.0,0,True
sub07,test,10,31,14.063645833333334,14.03875,44.0,-0.024895833333333783,-76.86685066936057,-24.895833333333783,False,0.0,spontaneous,3,104.0,0,True
sub07,test,10,32,14.352104166666667,14.241770833333334,45.0,-0.11033333333333317,-60.41440810720766,-110.33333333333317,False,1.0,spontaneous,3,104.0,0,True
sub07,test,10,33,14.6405625,14.801666666666666,46.0,0.16110416666666616,-46.764832820908524,161.10416666666617,False,1.0,spontaneous,3,104.0,0,True
sub07,test,10,34,14.929020833333333,14.941729166666667,47.0,0.01270833333333421,-77.91756882406722,12.70833333333421,False,0.0,spontaneous,3,104.0,0,True
sub07,test,10,35,15.217479166666667,15.321916666666667,48.0,0.10443749999999952,-70.88299354206373,104.43749999999952,False,0.0,spontaneous,3,104.0,0,True
sub07,test,10,36,15.794395833333333,15.812541666666666,49.0,0.018145833333333528,-54.85889473778106,18.145833333333528,False,1.0,spontaneous,3,104.0,0,True
sub07,test,10,37,16.3713125,16.431625,51.0,0.06031250000000199,-68.93528201677884,60.31250000000199,False,0.0,spontaneous,3,104.0,0,True
sub07,test,10,38,16.948229166666668,16.858708333333333,52.0,-0.08952083333333505,-50.11758612532282,-89.52083333333505,False,1.0,spontaneous,3,104.0,0,True
sub07,test,10,39,17.525145833333333,17.6123125,55.0,0.08716666666666839,-73.04937217699734,87.16666666666839,False,0.0,spontaneous,3,104.0,0,True
sub07,test,10,40,18.1020625,17.988520833333332,57.0,-0.11354166666666643,-65.03076708821924,-113.54166666666643,False,1.0,spontaneous,3,104.0,0,True
sub07,test,10,41,18.390520833333333,18.380958333333332,58.0,-0.00956250000000125,-65.18761378473383,-9.56250000000125,False,1.0,spontaneous,3,104.0,0,True
sub07,test,10,42,18.678979166666668,18.899958333333334,59.0,0.22097916666666606,-34.41930328975186,220.97916666666606,False,1.0,spontaneous,3,104.0,0,True
sub07,test,10,43,18.9674375,19.0648125,60.0,0.09737499999999955,-80.3709634152344,97.37499999999955,False,0.0,spontaneous,3,104.0,0,True
sub07,test,10,44,19.255895833333334,19.42289583333333,61.0,0.16699999999999804,-66.4100808700351,166.99999999999804,False,1.0,spontaneous,3,104.0,0,True
sub07,test,10,45,19.54435416666667,19.691416666666665,62.0,0.147062499999997,-78.2351239775985,147.062499999997,False,0.0,spontaneous,3,104.0,0,True
sub07,test,10,46,19.8328125,19.9221875,63.0,0.08937500000000043,-33.66700567963609,89.37500000000043,False,1.0,spontaneous,3,104.0,0,True
sub07,test,10,47,20.121270833333334,20.038354166666668,64.0,-0.08291666666666586,-69.0837908118303,-82.91666666666586,False,0.0,spontaneous,3,104.0,0,True
sub07,test,10,48,20.409729166666665,20.391583333333333,65.0,-0.01814583333333175,-65.11565120991048,-18.14583333333175,False,1.0,spontaneous,3,104.0,0,True
sub07,test,10,49,20.986645833333334,21.010645833333335,67.0,0.02400000000000091,-64.27826981979167,24.00000000000091,False,1.0,spontaneous,3,104.0,0,True
sub07,test,10,50,21.5635625,21.399395833333333,68.0,-0.16416666666666657,-73.74854907592078,-164.16666666666657,False,0.0,spontaneous,3,104.0,0,True
sub07,test,10,51,21.852020833333334,21.8665,69.0,0.014479166666664156,-34.65034791723055,14.479166666664156,False,1.0,spontaneous,3,104.0,0,True
sub07,test,10,52,22.140479166666665,22.008270833333334,70.0,-0.13220833333333104,-63.50198678577456,-132.20833333333104,False,1.0,spontaneous,3,104.0,0,True
sub07,test,10,53,22.717395833333335,22.852145833333335,72.0,0.13475000000000037,-54.1306020278543,134.75000000000037,False,1.0,spontaneous,3,104.0,0,True
sub07,test,10,54,23.2943125,23.423541666666665,73.0,0.12922916666666495,-71.8531952705437,129.22916666666495,False,0.0,spontaneous,3,104.0,0,True
sub07,test,10,55,23.871229166666666,23.841666666666665,74.0,-0.029562500000000824,-34.146974300333,-29.562500000000824,False,1.0,spontaneous,3,104.0,0,True
sub07,test,10,56,24.448145833333335,24.345583333333334,76.0,-0.10256250000000122,-73.08163137996901,-102.56250000000122,False,0.0,spontaneous,3,104.0,0,True
sub07,test,10,57,25.0250625,25.0689375,79.0,0.043874999999999886,-71.01480948594214,43.874999999999886,False,0.0,spontaneous,3,104.0,0,True
sub07,test,10,58,25.31352083333333,25.387041666666665,80.0,0.07352083333333326,-67.26497630721242,73.52083333333326,False,1.0,spontaneous,3,104.0,0,True
sub07,test,10,59,25.601979166666666,25.675916666666666,81.0,0.07393749999999955,-69.30467073846596,73.93749999999955,False,0.0,spontaneous,3,104.0,0,True
sub07,test,10,60,25.8904375,25.8744375,82.0,-0.01600000000000179,-54.168835577668695,-16.00000000000179,False,1.0,spontaneous,3,104.0,0,True
sub07,test,10,61,26.178895833333332,26.142291666666665,84.0,-0.03660416666666677,-73.89577274149102,-36.60416666666677,False,0.0,spontaneous,3,104.0,0,True
sub07,test,10,62,26.7558125,26.659833333333335,86.0,-0.09597916666666606,-71.2947561960459,-95.97916666666606,False,0.0,spontaneous,3,104.0,0,True
sub07,test,10,63,27.0445625,26.86916666666667,87.0,-0.17539583333333297,-35.8369103437868,-175.39583333333297,False,1.0,spontaneous,3,104.0,0,True
sub07,test,10,64,27.333854166666665,27.427270833333335,88.0,0.09341666666666981,-62.214636360741565,93.41666666666981,False,1.0,spontaneous,3,104.0,0,True
sub07,test,10,65,27.6223125,27.677625,89.0,0.05531249999999943,-78.93123888167268,55.31249999999943,False,0.0,spontaneous,3,104.0,0,True
sub07,test,10,66,27.910791666666668,27.910145833333335,90.0,-0.0006458333333334565,-38.49980091317883,-0.6458333333334565,False,1.0,spontaneous,3,104.0,0,True
sub07,test,10,67,28.4865625,28.414520833333334,91.0,-0.07204166666666723,-78.83008930513866,-72.04166666666723,False,0.0,spontaneous,3,104.0,0,True
sub07,test,10,68,29.063479166666667,29.096645833333334,93.0,0.033166666666666345,-72.368719772822,33.166666666666345,False,0.0,spontaneous,3,104.0,0,True
sub07,test,10,69,29.640395833333333,29.439333333333334,94.0,-0.20106249999999903,-79.08729506768877,-201.06249999999903,False,0.0,spontaneous,3,104.0,0,True
sub07,test,10,70,29.983291666666666,29.909354166666667,95.0,-0.07393749999999955,-36.08952797701029,-73.93749999999955,False,1.0,spontaneous,3,104.0,0,True
sub07,test,11,0,0.2186875,,,,,,True,,cued,2,112.0,16,True
sub07,test,11,1,0.75325,0.7786875,1.0,0.025437500000000002,-74.369295610667,25.4375,False,0.0,cued,2,112.0,16,True
sub07,test,11,2,1.2889583333333334,1.3510625,3.0,0.06210416666666663,-79.23030644471179,62.10416666666663,False,0.0,cued,2,112.0,16,True
sub07,test,11,3,1.8246666666666667,1.836875,5.0,0.012208333333333377,-74.75528313106989,12.208333333333377,False,0.0,cued,2,112.0,16,True
sub07,test,11,4,2.360375,2.1891875,7.0,-0.17118749999999983,-66.96324663408144,-171.18749999999983,False,1.0,cued,2,112.0,16,True
sub07,test,11,5,2.8960833333333333,2.8086875,9.0,-0.08739583333333334,-77.43409201839997,-87.39583333333334,False,0.0,cued,2,112.0,16,True
sub07,test,11,6,3.1639375,3.1844791666666667,10.0,0.020541666666666902,-68.39810001297744,20.541666666666902,False,1.0,cued,2,112.0,16,True
sub07,test,11,7,3.431791666666667,3.62625,11.0,0.1944583333333334,-35.15113063427157,194.4583333333334,False,1.0,cued,2,112.0,16,True
sub07,test,11,8,3.9675,4.115729166666667,13.0,0.1482291666666673,-79.29764076532207,148.2291666666673,False,0.0,cued,2,112.0,16,True
sub07,test,11,9,4.503208333333333,4.553916666666667,15.0,0.05070833333333358,-53.75880262466151,50.70833333333358,False,1.0,cued,2,112.0,16,True
sub07,test,11,10,5.038916666666666,5.08,16.0,0.041083333333333805,-81.55316136823589,41.083333333333805,False,0.0,cued,2,112.0,16,True
sub07,test,11,11,5.3068125,5.332354166666667,17.0,0.02554166666666635,-77.98468496828741,25.54166666666635,False,0.0,cued,2,112.0,16,True
sub07,test,11,12,5.575770833333333,5.67575,19.0,0.09997916666666651,-80.4065971087714,99.97916666666652,False,0.0,cued,2,112.0,16,True
sub07,test,11,13,6.110333333333333,6.210729166666667,21.0,0.10039583333333368,-79.40725118730766,100.39583333333368,False,0.0,cued,2,112.0,16,True
sub07,test,11,14,6.646041666666667,6.454583333333333,22.0,-0.19145833333333417,-37.49078998053089,-191.45833333333417,False,1.0,cued,2,112.0,16,True
sub07,test,11,15,6.913895833333333,7.021354166666667,23.0,0.10745833333333366,-59.720245682311,107.45833333333366,False,1.0,cued,2,112.0,16,True
sub07,test,11,16,7.18175,,,,,,True,,cued,2,112.0,16,True
sub07,test,11,17,7.449604166666667,7.472104166666667,24.0,0.022499999999999964,-51.73033193677145,22.499999999999964,False,1.0,cued,2,112.0,16,True
sub07,test,11,18,7.717458333333333,,,,,,True,,cued,2,112.0,16,True
sub07,test,11,19,8.253166666666667,8.0950625,25.0,-0.15810416666666782,-65.4499315133653,-158.10416666666782,False,1.0,cued,2,112.0,16,True
sub07,test,11,20,8.522,8.541791666666667,26.0,0.01979166666666643,-50.12713471559507,19.79166666666643,False,1.0,cued,2,112.0,16,True
sub07,test,11,21,8.790020833333333,,,,,,True,,cued,2,112.0,16,True
sub07,test,11,22,9.324583333333333,9.477375,28.0,0.15279166666666733,-49.68226030607327,152.7916666666673,False,1.0,cued,2,112.0,16,True
sub07,test,11,23,9.860291666666667,9.970125,29.0,0.10983333333333256,-71.31516431097695,109.83333333333256,False,0.0,cued,2,112.0,16,True
sub07,test,11,24,10.128145833333333,,,,,,True,,cued,2,112.0,16,True
sub07,test,11,25,10.396,10.3683125,30.0,-0.027687500000000753,-50.857437100298164,-27.687500000000753,False,1.0,cued,2,112.0,16,True
sub07,test,11,26,10.931708333333333,10.81375,31.0,-0.11795833333333228,-56.76933033292251,-117.95833333333228,False,1.0,cued,2,112.0,16,True
sub07,test,11,27,11.1995625,11.37575,32.0,0.17618749999999928,-53.58293197120453,176.18749999999926,False,1.0,cued,2,112.0,16,True
sub07,test,11,28,11.467416666666667,,,,,,True,,cued,2,112.0,16,True
sub07,test,11,29,12.003125,12.095875,34.0,0.09274999999999878,-77.68168683665293,92.74999999999878,False,0.0,cued,2,112.0,16,True
sub07,test,11,30,12.538833333333333,12.535729166666666,36.0,-0.0031041666666666856,-79.62018593303935,-3.1041666666666856,False,0.0,cued,2,112.0,16,True
sub07,test,11,31,13.074541666666667,,,,,,True,,cued,2,112.0,16,True
sub07,test,11,32,13.61025,,,,,,True,,cued,2,112.0,16,True
sub07,test,11,33,14.145958333333333,14.042958333333333,40.0,-0.10299999999999976,-78.0921398492638,-102.99999999999976,False,0.0,cued,2,112.0,16,True
sub07,test,11,34,14.681666666666667,14.818625,42.0,0.13695833333333418,-67.95452103539992,136.95833333333417,False,1.0,cued,2,112.0,16,True
sub07,test,11,35,15.217375,15.240708333333334,43.0,0.023333333333333428,-54.04386788644382,23.333333333333428,False,1.0,cued,2,112.0,16,True
sub07,test,11,36,15.753083333333333,15.737291666666666,45.0,-0.01579166666666687,-75.99837809160559,-15.79166666666687,False,0.0,cued,2,112.0,16,True
sub07,test,11,37,16.28879166666667,16.163,46.0,-0.12579166666666808,-54.418594893704395,-125.79166666666808,False,1.0,cued,2,112.0,16,True
sub07,test,11,38,16.556645833333334,16.697229166666666,47.0,0.14058333333333195,-79.11240809503664,140.58333333333195,False,0.0,cued,2,112.0,16,True
sub07,test,11,39,16.8245,16.886291666666665,48.0,0.06179166666666447,-77.71973393275063,61.79166666666447,False,0.0,cued,2,112.0,16,True
sub07,test,11,40,17.360208333333333,17.2961875,50.0,-0.06402083333333408,-75.19805995051973,-64.02083333333408,False,0.0,cued,2,112.0,16,True
sub07,test,11,41,17.89591666666667,,,,,,True,,cued,2,112.0,16,True
sub07,test,11,42,18.1648125,18.1214375,52.0,-0.04337500000000105,-69.85017559771707,-43.37500000000105,False,0.0,cued,2,112.0,16,True
sub07,test,11,43,18.432770833333333,18.525979166666666,54.0,0.09320833333333312,-52.59463322533528,93.20833333333312,False,1.0,cued,2,112.0,16,True
sub07,test,11,44,18.967333333333332,19.023458333333334,56.0,0.056125000000001535,-75.84151320685132,56.125000000001535,False,0.0,cued,2,112.0,16,True
sub07,test,11,45,19.2351875,,,,,,True,,cued,2,112.0,16,True
sub07,test,11,46,19.503041666666668,19.4693125,57.0,-0.033729166666667254,-58.19610770634096,-33.729166666667254,False,1.0,cued,2,112.0,16,True
sub07,test,11,47,20.03875,19.929854166666665,59.0,-0.10889583333333519,-35.78118090802962,-108.89583333333519,False,1.0,cued,2,112.0,16,True
sub07,test,11,48,20.306604166666666,20.4035,60.0,0.09689583333333474,-74.19375715910986,96.89583333333474,False,0.0,cued,2,112.0,16,True
sub07,test,11,49,20.574458333333332,20.5374375,61.0,-0.03702083333333306,-79.02469163710713,-37.02083333333306,False,0.0,cued,2,112.0,16,True
sub07,test,11,50,21.110166666666668,21.002708333333334,63.0,-0.10745833333333366,-78.17197662322752,-107.45833333333366,False,0.0,cued,2,112.0,16,True
sub07,test,11,51,21.645875,21.768375,66.0,0.12249999999999872,-73.30544775984328,122.49999999999872,False,0.0,cued,2,112.0,16,True
sub07,test,11,52,22.181583333333332,22.198375,68.0,0.016791666666666316,-70.59762563802097,16.791666666666316,False,0.0,cued,2,112.0,16,True
sub07,test,11,53,22.717291666666668,22.743166666666667,71.0,0.025874999999999204,-67.96908376361816,25.874999999999204,False,1.0,cued,2,112.0,16,True
sub07,test,11,54,23.253,23.107979166666667,72.0,-0.1450208333333336,-75.61742900940605,-145.0208333333336,False,0.0,cued,2,112.0,16,True
sub07,test,11,55,23.521166666666666,23.603104166666668,73.0,0.08193750000000222,-72.17124400920882,81.93750000000222,False,0.0,cued,2,112.0,16,True
sub07,test,11,56,23.789854166666668,23.7715625,74.0,-0.018291666666666373,-78.26327725336535,-18.291666666666373,False,0.0,cued,2,112.0,16,True
sub07,test,11,57,24.324416666666668,24.300979166666668,76.0,-0.0234375,-74.58690001191543,-23.4375,False,0.0,cued,2,112.0,16,True
sub07,test,11,58,24.860125,24.650979166666666,77.0,-0.20914583333333425,-50.442853208627945,-209.14583333333425,False,1.0,cued,2,112.0,16,True
sub07,test,11,59,25.395833333333332,25.2913125,79.0,-0.10452083333333206,-78.88427824914844,-104.52083333333206,False,0.0,cued,2,112.0,16,True
sub07,test,11,60,25.931541666666668,26.019583333333333,81.0,0.08804166666666546,-68.32248512469252,88.04166666666546,False,1.0,cued,2,112.0,16,True
sub07,test,11,61,26.46725,26.447416666666665,82.0,-0.01983333333333448,-69.56345009960931,-19.83333333333448,False,1.0,cued,2,112.0,16,True
sub07,test,11,62,27.002958333333332,26.896229166666668,84.0,-0.1067291666666641,-50.371029899268926,-106.7291666666641,False,1.0,cued,2,112.0,16,True
sub07,test,11,63,27.538666666666668,27.374020833333333,85.0,-0.16464583333333493,-69.04301765384245,-164.64583333333493,False,1.0,cued,2,112.0,16,True
sub07,test,11,64,28.074375,27.997895833333335,87.0,-0.07647916666666532,-79.07252363554403,-76.47916666666532,False,0.0,cued,2,112.0,16,True
sub07,test,11,65,28.610083333333332,28.424895833333334,88.0,-0.18518749999999784,-50.90905605316095,-185.18749999999784,False,1.0,cued,2,112.0,16,True
sub07,test,11,66,29.145791666666668,28.987145833333333,89.0,-0.1586458333333347,-64.99370374720597,-158.6458333333347,False,1.0,cued,2,112.0,16,True
sub07,test,11,67,29.6815,29.5226875,90.0,-0.1588124999999998,-60.39885267912727,-158.8124999999998,False,1.0,cued,2,112.0,16,True
sub07,test,11,68,29.98825,30.020729166666666,91.0,0.03247916666666484,-35.73730756782013,32.47916666666484,False,1.0,cued,2,112.0,16,True
sub07,test,12,0,0.21879166666666666,0.4038125,0.0,0.18502083333333336,-52.241812206893655,185.02083333333334,False,1.0,cued,3,112.0,18,True
sub07,test,12,1,0.753375,0.8805833333333334,2.0,0.12720833333333337,-67.12298937761636,127.20833333333337,False,0.0,cued,3,112.0,18,True
sub07,test,12,2,1.0212291666666666,,,,,,True,,cued,3,112.0,18,True
sub07,test,12,3,1.2902291666666668,1.2759166666666666,3.0,-0.014312500000000172,-62.3952941837822,-14.312500000000172,False,1.0,cued,3,112.0,18,True
sub07,test,12,4,1.8247916666666666,1.6937291666666667,5.0,-0.13106249999999986,-50.257085327654266,-131.06249999999986,False,1.0,cued,3,112.0,18,True
sub07,test,12,5,2.0936875,2.223333333333333,6.0,0.12964583333333302,-45.76040264342005,129.64583333333303,False,1.0,cued,3,112.0,18,True
sub07,test,12,6,2.361625,,,,,,True,,cued,3,112.0,18,True
sub07,test,12,7,2.8962083333333335,2.9664375,8.0,0.07022916666666656,-78.39344096944733,70.22916666666657,False,0.0,cued,3,112.0,18,True
sub07,test,12,8,3.4319166666666665,3.4025208333333334,11.0,-0.029395833333333066,-72.689772649851,-29.395833333333066,False,0.0,cued,3,112.0,18,True
sub07,test,12,9,3.967625,4.0131875,13.0,0.04556249999999995,-74.95473849897681,45.56249999999995,False,0.0,cued,3,112.0,18,True
sub07,test,12,10,4.503333333333333,4.6079791666666665,15.0,0.10464583333333355,-79.18723265987232,104.64583333333354,False,0.0,cued,3,112.0,18,True
sub07,test,12,11,5.039041666666667,5.0261875,18.0,-0.012854166666667055,-77.26669705994637,-12.854166666667055,False,0.0,cued,3,112.0,18,True
sub07,test,12,12,5.57475,5.592583333333334,20.0,0.017833333333333812,-74.19228165931742,17.83333333333381,False,0.0,cued,3,112.0,18,True
sub07,test,12,13,6.110458333333334,5.964583333333334,21.0,-0.1458750000000002,-63.48257852565882,-145.8750000000002,False,1.0,cued,3,112.0,18,True
sub07,test,12,14,6.646166666666667,6.629625,23.0,-0.0165416666666669,-75.30783533224961,-16.5416666666669,False,0.0,cued,3,112.0,18,True
sub07,test,12,15,7.181875,7.007791666666667,24.0,-0.17408333333333292,-62.6299709807157,-174.08333333333292,False,1.0,cued,3,112.0,18,True
sub07,test,12,16,7.449729166666667,7.585833333333333,25.0,0.1361041666666667,-45.67955897858071,136.10416666666669,False,1.0,cued,3,112.0,18,True
sub07,test,12,17,7.717583333333334,,,,,,True,,cued,3,112.0,18,True
sub07,test,12,18,8.253291666666666,8.257333333333333,27.0,0.004041666666667609,-74.03242519854444,4.041666666667609,False,0.0,cued,3,112.0,18,True
sub07,test,12,19,8.521145833333334,8.586354166666666,28.0,0.06520833333333265,-56.680430611970095,65.20833333333265,False,1.0,cued,3,112.0,18,True
sub07,test,12,20,8.789,,,,,,True,,cued,3,112.0,18,True
sub07,test,12,21,9.324708333333334,9.130395833333333,29.0,-0.19431250000000055,-54.92192733730187,-194.31250000000057,False,1.0,cued,3,112.0,18,True
sub07,test,12,22,9.860416666666667,9.816104166666667,31.0,-0.0443125000000002,-74.77446663734932,-44.3125000000002,False,0.0,cued,3,112.0,18,True
sub07,test,12,23,10.396125,10.241645833333333,32.0,-0.1544791666666665,-66.65854127905023,-154.47916666666652,False,0.0,cued,3,112.0,18,True
sub07,test,12,24,10.663979166666667,10.793208333333334,33.0,0.12922916666666673,-58.37254753380244,129.22916666666674,False,1.0,cued,3,112.0,18,True
sub07,test,12,25,10.931833333333334,,,,,,True,,cued,3,112.0,18,True
sub07,test,12,26,11.1996875,11.274145833333334,34.0,0.07445833333333418,-51.21458025400767,74.45833333333418,False,1.0,cued,3,112.0,18,True
sub07,test,12,27,11.467541666666667,11.4324375,35.0,-0.035104166666666714,-81.24879228857573,-35.104166666666714,False,0.0,cued,3,112.0,18,True
sub07,test,12,28,11.735395833333333,11.825354166666667,36.0,0.08995833333333358,-48.83934667334101,89.95833333333358,False,1.0,cued,3,112.0,18,True
sub07,test,12,29,12.00325,,,,,,True,,cued,3,112.0,18,True
sub07,test,12,30,12.538958333333333,12.446979166666667,37.0,-0.0919791666666665,-63.29598797810044,-91.9791666666665,False,1.0,cued,3,112.0,18,True
sub07,test,12,31,13.074666666666667,13.066666666666666,39.0,-0.008000000000000895,-76.14467374702554,-8.000000000000895,False,0.0,cued,3,112.0,18,True
sub07,test,12,32,13.610375,13.444541666666666,40.0,-0.1658333333333335,-62.40997076792067,-165.83333333333348,False,1.0,cued,3,112.0,18,True
sub07,test,12,33,14.146083333333333,14.014541666666666,41.0,-0.1315416666666671,-58.457856562208555,-131.5416666666671,False,1.0,cued,3,112.0,18,True
sub07,test,12,34,14.681791666666667,14.864833333333333,43.0,0.1830416666666661,-78.2343751039296,183.04166666666612,False,0.0,cued,3,112.0,18,True
sub07,test,12,35,14.949645833333333,15.016354166666666,44.0,0.0667083333333327,-48.2262958276426,66.7083333333327,False,1.0,cued,3,112.0,18,True
sub07,test,12,36,15.2175,,,,,,True,,cued,3,112.0,18,True
sub07,test,12,37,15.753208333333333,15.7176875,46.0,-0.035520833333333,-76.67810460509963,-35.520833333333,False,0.0,cued,3,112.0,18,True
sub07,test,12,38,16.288916666666665,16.24897916666667,48.0,-0.03993749999999707,-79.53935997804633,-39.93749999999707,False,0.0,cued,3,112.0,18,True
sub07,test,12,39,16.824625,16.653583333333334,49.0,-0.17104166666666742,-42.90634014078488,-171.04166666666742,False,1.0,cued,3,112.0,18,True
sub07,test,12,40,17.360333333333333,17.345979166666666,51.0,-0.014354166666667112,-77.92174382180251,-14.354166666667112,False,0.0,cued,3,112.0,18,True
sub07,test,12,41,17.896041666666665,,,,,,True,,cued,3,112.0,18,True
sub07,test,12,42,18.43175,,,,,,True,,cued,3,112.0,18,True
sub07,test,12,43,18.967458333333333,18.85408333333333,54.0,-0.11337500000000134,-66.40906092861,-113.37500000000134,False,0.0,cued,3,112.0,18,True
sub07,test,12,44,19.503166666666665,19.445,56.0,-0.05816666666666492,-73.4669057261354,-58.16666666666492,False,0.0,cued,3,112.0,18,True
sub07,test,12,45,20.038875,,,,,,True,,cued,3,112.0,18,True
sub07,test,12,46,20.574583333333333,,,,,,True,,cued,3,112.0,18,True
sub07,test,12,47,21.110291666666665,,,,,,True,,cued,3,112.0,18,True
sub07,test,12,48,21.646,21.539770833333332,61.0,-0.10622916666666882,-76.9189031385977,-106.22916666666882,False,0.0,cued,3,112.0,18,True
sub07,test,12,49,21.913854166666667,21.978020833333332,62.0,0.06416666666666515,-44.26820587347402,64.16666666666515,False,1.0,cued,3,112.0,18,True
sub07,test,12,50,22.181708333333333,,,,,,True,,cued,3,112.0,18,True
sub07,test,12,51,22.717416666666665,22.552666666666667,63.0,-0.16474999999999795,-51.800825235707435,-164.74999999999795,False,1.0,cued,3,112.0,18,True
sub07,test,12,52,22.985270833333335,23.0436875,64.0,0.05841666666666612,-46.23782548374666,58.41666666666612,False,1.0,cued,3,112.0,18,True
sub07,test,12,53,23.253125,23.2690625,65.0,0.015937499999999716,-74.1989979215762,15.937499999999716,False,0.0,cued,3,112.0,18,True
sub07,test,12,54,23.788833333333333,23.606229166666665,66.0,-0.18260416666666757,-52.22279856685642,-182.60416666666757,False,1.0,cued,3,112.0,18,True
sub07,test,12,55,24.324541666666665,24.387958333333334,68.0,0.06341666666666868,-80.72090539010473,63.416666666668675,False,0.0,cued,3,112.0,18,True
sub07,test,12,56,24.5931875,24.662375,69.0,0.06918750000000173,-50.89607909979176,69.18750000000173,False,1.0,cued,3,112.0,18,True
sub07,test,12,57,24.861375,,,,,,True,,cued,3,112.0,18,True
sub07,test,12,58,25.395958333333333,25.359770833333332,71.0,-0.03618750000000048,-78.09558039364588,-36.18750000000048,False,0.0,cued,3,112.0,18,True
sub07,test,12,59,25.93166666666667,25.803145833333332,73.0,-0.12852083333333653,-75.08247393272546,-128.52083333333653,False,0.0,cued,3,112.0,18,True
sub07,test,12,60,26.467375,26.352770833333334,75.0,-0.11460416666666617,-78.320137698861,-114.60416666666617,False,0.0,cued,3,112.0,18,True
sub07,test,12,61,27.003083333333333,26.8160625,77.0,-0.18702083333333164,-80.21059627338099,-187.02083333333164,False,0.0,cued,3,112.0,18,True
sub07,test,12,62,27.2709375,27.2086875,78.0,-0.062249999999998806,-45.601374566337284,-62.249999999998806,False,1.0,cued,3,112.0,18,True
sub07,test,12,63,27.53879166666667,27.7038125,79.0,0.16502083333333317,-48.15056747682385,165.02083333333317,False,1.0,cued,3,112.0,18,True
sub07,test,12,64,28.0745,28.21216666666667,80.0,0.13766666666666794,-48.55083249477894,137.66666666666794,False,1.0,cued,3,112.0,18,True
sub07,test,12,65,28.342354166666667,,,,,,True,,cued,3,112.0,18,True
sub07,test,12,66,28.610208333333333,28.698208333333334,81.0,0.08800000000000097,-50.8917835018017,88.00000000000097,False,1.0,cued,3,112.0,18,True
sub07,test,12,67,29.14591666666667,29.204729166666667,82.0,0.05881249999999838,-77.12662615654496,58.81249999999838,False,0.0,cued,3,112.0,18,True
sub07,test,12,68,29.681625,29.605958333333334,83.0,-0.07566666666666677,-50.585724858863095,-75.66666666666677,False,1.0,cued,3,112.0,18,True
sub07,test,12,69,29.992333333333335,,,,,,True,,cued,3,112.0,18,True
sub07,test,13,0,0.23164583333333333,0.40077083333333335,0.0,0.16912500000000003,-71.73538029002573,169.12500000000003,False,1.0,cued,2,108.0,18,True
sub07,test,13,1,0.5094375,0.6499375,1.0,0.14049999999999996,-80.44937290978669,140.49999999999997,False,0.0,cued,2,108.0,18,True
sub07,test,13,2,0.7872083333333333,0.8406041666666667,2.0,0.05339583333333342,-52.81868004967451,53.39583333333342,False,1.0,cued,2,108.0,18,True
sub07,test,13,3,1.3427708333333332,1.3166458333333333,4.0,-0.026124999999999954,-70.28874843287612,-26.124999999999954,False,1.0,cued,2,108.0,18,True
sub07,test,13,4,1.6205625,1.5933958333333333,5.0,-0.02716666666666656,-80.23928994850921,-27.16666666666656,False,0.0,cued,2,108.0,18,True
sub07,test,13,5,1.8983333333333334,1.9346875,7.0,0.036354166666666465,-80.0304080951851,36.354166666666465,False,0.0,cued,2,108.0,18,True
sub07,test,13,6,2.1761041666666667,2.26575,8.0,0.08964583333333342,-65.86022705700762,89.64583333333343,False,1.0,cued,2,108.0,18,True
sub07,test,13,7,2.453895833333333,,,,,,True,,cued,2,108.0,18,True
sub07,test,13,8,3.0094583333333333,2.842375,9.0,-0.16708333333333325,-49.81104432935349,-167.08333333333326,False,1.0,cued,2,108.0,18,True
sub07,test,13,9,3.2872291666666666,3.3922708333333333,10.0,0.1050416666666667,-46.718505659972074,105.0416666666667,False,1.0,cued,2,108.0,18,True
sub07,test,13,10,3.5650208333333335,,,,,,True,,cued,2,108.0,18,True
sub07,test,13,11,3.842791666666667,3.8387083333333334,11.0,-0.004083333333333439,-51.707263797977774,-4.083333333333439,False,1.0,cued,2,108.0,18,True
sub07,test,13,12,4.120583333333333,,,,,,True,,cued,2,108.0,18,True
sub07,test,13,13,4.676145833333333,4.8571875,13.0,0.1810416666666672,-52.62771587952948,181.0416666666672,False,1.0,cued,2,108.0,18,True
sub07,test,13,14,4.953916666666666,5.001375,14.0,0.047458333333334046,-80.18179766026182,47.458333333334046,False,0.0,cued,2,108.0,18,True
sub07,test,13,15,5.231708333333334,5.300770833333333,15.0,0.06906249999999936,-68.30486408262273,69.06249999999936,False,1.0,cued,2,108.0,18,True
sub07,test,13,16,5.509479166666667,5.4876875,16.0,-0.021791666666667098,-80.36576567926411,-21.791666666667098,False,0.0,cued,2,108.0,18,True
sub07,test,13,17,5.787270833333333,5.717,17.0,-0.07027083333333373,-53.47780051910785,-70.27083333333373,False,1.0,cued,2,108.0,18,True
sub07,test,13,18,6.342833333333333,6.248729166666666,18.0,-0.09410416666666688,-48.831975782966694,-94.10416666666688,False,1.0,cued,2,108.0,18,True
sub07,test,13,19,6.898395833333334,6.7331875,19.0,-0.16520833333333407,-53.45226887759647,-165.20833333333405,False,1.0,cued,2,108.0,18,True
sub07,test,13,20,7.176958333333333,7.269041666666666,20.0,0.09208333333333307,-68.171294452681,92.08333333333307,False,1.0,cued,2,108.0,18,True
sub07,test,13,21,7.455104166666667,7.451395833333334,21.0,-0.0037083333333329804,-81.1225803546624,-3.7083333333329804,False,0.0,cued,2,108.0,18,True
sub07,test,13,22,8.009520833333333,7.862666666666667,23.0,-0.1468541666666665,-78.23400172272349,-146.85416666666652,False,0.0,cued,2,108.0,18,True
sub07,test,13,23,8.2873125,8.268145833333334,24.0,-0.019166666666666998,-66.39822596253424,-19.166666666667,False,1.0,cued,2,108.0,18,True
sub07,test,13,24,8.565083333333334,8.44325,25.0,-0.12183333333333302,-78.94707945695009,-121.83333333333302,False,0.0,cued,2,108.0,18,True
sub07,test,13,25,9.120645833333333,9.233208333333334,27.0,0.11256250000000101,-68.09945957014894,112.56250000000101,False,1.0,cued,2,108.0,18,True
sub07,test,13,26,9.3984375,9.403020833333333,28.0,0.0045833333333327175,-79.57920237003978,4.5833333333327175,False,0.0,cued,2,108.0,18,True
sub07,test,13,27,9.676208333333333,9.673166666666667,29.0,-0.003041666666666387,-54.202798026052285,-3.041666666666387,False,1.0,cued,2,108.0,18,True
sub07,test,13,28,10.231770833333334,10.256645833333334,30.0,0.02487499999999976,-76.10382590407839,24.87499999999976,False,0.0,cued,2,108.0,18,True
sub07,test,13,29,10.509541666666667,10.403770833333333,31.0,-0.10577083333333448,-79.95609133982964,-105.77083333333448,False,0.0,cued,2,108.0,18,True
sub07,test,13,30,10.787333333333333,10.863833333333334,33.0,0.07650000000000112,-83.80106811336702,76.50000000000112,False,0.0,cued,2,108.0,18,True
sub07,test,13,31,11.065125,11.1719375,34.0,0.1068125000000002,-68.53050862461993,106.8125000000002,False,1.0,cued,2,108.0,18,True
sub07,test,13,32,11.342895833333333,,,,,,True,,cued,2,108.0,18,True
sub07,test,13,33,11.620666666666667,11.723833333333333,35.0,0.10316666666666663,-52.91815344549198,103.16666666666663,False,1.0,cued,2,108.0,18,True
sub07,test,13,34,11.898458333333334,,,,,,True,,cued,2,108.0,18,True
sub07,test,13,35,12.454020833333333,12.519354166666666,37.0,0.06533333333333324,-80.27804511364121,65.33333333333324,False,0.0,cued,2,108.0,18,True
sub07,test,13,36,12.731791666666666,12.824375,38.0,0.09258333333333368,-48.95025752643639,92.58333333333368,False,1.0,cued,2,108.0,18,True
sub07,test,13,37,13.009583333333333,,,,,,True,,cued,2,108.0,18,True
sub07,test,13,38,13.287375,13.366645833333333,39.0,0.07927083333333229,-50.97856981956824,79.27083333333229,False,1.0,cued,2,108.0,18,True
sub07,test,13,39,13.565145833333334,,,,,,True,,cued,2,108.0,18,True
sub07,test,13,40,14.120708333333333,13.977270833333334,41.0,-0.14343749999999922,-80.79279040212234,-143.4374999999992,False,0.0,cued,2,108.0,18,True
sub07,test,13,41,14.676270833333334,14.603604166666667,43.0,-0.07266666666666666,-80.28014197573674,-72.66666666666666,False,0.0,cued,2,108.0,18,True
sub07,test,13,42,14.954041666666667,14.888875,44.0,-0.06516666666666637,-53.71345844730933,-65.16666666666637,False,1.0,cued,2,108.0,18,True
sub07,test,13,43,15.231833333333332,15.064270833333333,45.0,-0.16756249999999895,-85.52874792750848,-167.56249999999895,False,0.0,cued,2,108.0,18,True
sub07,test,13,44,15.787395833333333,15.8255,47.0,0.03810416666666683,-51.31270848952533,38.10416666666683,False,1.0,cued,2,108.0,18,True
sub07,test,13,45,16.342958333333332,16.341666666666665,49.0,-0.001291666666666913,-73.39824526328356,-1.291666666666913,False,0.0,cued,2,108.0,18,True
sub07,test,13,46,16.620770833333335,16.499145833333333,50.0,-0.12162500000000165,-79.97923160815299,-121.62500000000165,False,0.0,cued,2,108.0,18,True
sub07,test,13,47,16.89966666666667,16.925729166666667,52.0,0.026062499999998323,-76.47047101817324,26.062499999998323,False,0.0,cued,2,108.0,18,True
sub07,test,13,48,17.454083333333333,17.513833333333334,54.0,0.05975000000000108,-79.9795109118965,59.75000000000108,False,0.0,cued,2,108.0,18,True
sub07,test,13,49,17.731875,17.841104166666668,55.0,0.10922916666666893,-53.670014291383545,109.22916666666893,False,1.0,cued,2,108.0,18,True
sub07,test,13,50,18.009645833333334,,,,,,True,,cued,2,108.0,18,True
sub07,test,13,51,18.287416666666665,18.373854166666668,56.0,0.08643750000000239,-50.04684442591959,86.43750000000239,False,1.0,cued,2,108.0,18,True
sub07,test,13,52,18.565208333333334,,,,,,True,,cued,2,108.0,18,True
sub07,test,13,53,18.842979166666666,18.922833333333333,57.0,0.07985416666666723,-53.445030945359655,79.85416666666723,False,1.0,cued,2,108.0,18,True
sub07,test,13,54,19.120770833333335,,,,,,True,,cued,2,108.0,18,True
sub07,test,13,55,19.3985625,19.435125,58.0,0.03656249999999872,-72.17916956189177,36.56249999999872,False,0.0,cued,2,108.0,18,True
sub07,test,13,56,19.676333333333332,19.617729166666667,59.0,-0.058604166666665236,-79.09276206009598,-58.604166666665236,False,0.0,cued,2,108.0,18,True
sub07,test,13,57,20.231895833333333,20.35204166666667,62.0,0.12014583333333562,-50.32943195757042,120.14583333333562,False,1.0,cued,2,108.0,18,True
sub07,test,13,58,20.509666666666668,20.518125,63.0,0.008458333333333456,-81.51756203615531,8.458333333333456,False,0.0,cued,2,108.0,18,True
sub07,test,13,59,20.787458333333333,20.810645833333332,64.0,0.023187499999998806,-74.79111164892468,23.187499999998806,False,0.0,cued,2,108.0,18,True
sub07,test,13,60,21.065229166666665,,,,,,True,,cued,2,108.0,18,True
sub07,test,13,61,21.343020833333334,21.304020833333333,65.0,-0.03900000000000148,-64.46350350785555,-39.00000000000148,False,1.0,cued,2,108.0,18,True
sub07,test,13,62,21.620791666666666,21.723666666666666,67.0,0.10287500000000094,-47.278265267346164,102.87500000000094,False,1.0,cued,2,108.0,18,True
sub07,test,13,63,21.898583333333335,,,,,,True,,cued,2,108.0,18,True
sub07,test,13,64,22.45414583333333,22.250958333333333,68.0,-0.20318749999999852,-68.63135511850393,-203.18749999999852,False,1.0,cued,2,108.0,18,True
sub07,test,13,65,23.009708333333332,23.208833333333335,70.0,0.19912500000000222,-79.36894847404116,199.12500000000222,False,0.0,cued,2,108.0,18,True
sub07,test,13,66,23.565270833333333,23.558208333333333,72.0,-0.007062499999999972,-79.31847782163095,-7.062499999999972,False,0.0,cued,2,108.0,18,True
sub07,test,13,67,23.8430625,23.935958333333332,73.0,0.0928958333333334,-63.38657144956009,92.8958333333334,False,1.0,cued,2,108.0,18,True
sub07,test,13,68,24.120833333333334,,,,,,True,,cued,2,108.0,18,True
sub07,test,13,69,24.676395833333334,24.51625,74.0,-0.16014583333333476,-60.49941004233119,-160.14583333333476,False,1.0,cued,2,108.0,18,True
sub07,test,13,70,25.231958333333335,25.18725,76.0,-0.044708333333336014,-76.6919825977999,-44.708333333336014,False,0.0,cued,2,108.0,18,True
sub07,test,13,71,25.787520833333332,25.762104166666667,78.0,-0.025416666666664867,-80.08935724711665,-25.416666666664867,False,0.0,cued,2,108.0,18,True
sub07,test,13,72,26.343083333333333,26.2733125,80.0,-0.06977083333333312,-79.01483030293983,-69.77083333333312,False,0.0,cued,2,108.0,18,True
sub07,test,13,73,26.621395833333334,26.633916666666668,81.0,0.012520833333333314,-51.27522541258173,12.520833333333314,False,1.0,cued,2,108.0,18,True
sub07,test,13,74,26.899791666666665,,,,,,True,,cued,2,108.0,18,True
sub07,test,13,75,27.454208333333334,27.3876875,83.0,-0.06652083333333536,-79.54112820777226,-66.52083333333536,False,0.0,cued,2,108.0,18,True
sub07,test,13,76,28.009770833333334,27.934208333333334,85.0,-0.0755625000000002,-77.9944090631469,-75.5625000000002,False,0.0,cued,2,108.0,18,True
sub07,test,13,77,28.565333333333335,28.470354166666667,87.0,-0.09497916666666839,-72.17323549941709,-94.97916666666839,False,0.0,cued,2,108.0,18,True
sub07,test,13,78,28.843895833333335,28.934354166666665,88.0,0.09045833333333064,-66.25043853872239,90.45833333333064,False,1.0,cued,2,108.0,18,True
sub07,test,13,79,29.122041666666668,29.084145833333334,89.0,-0.037895833333333684,-79.4562915325063,-37.895833333333684,False,0.0,cued,2,108.0,18,True
sub07,test,13,80,29.676458333333333,29.664083333333334,91.0,-0.012374999999998693,-76.96613649166376,-12.374999999998693,False,0.0,cued,2,108.0,18,True
sub07,test,13,81,30.008979166666666,30.011416666666666,92.0,0.002437499999999204,-49.92595697084805,2.437499999999204,False,1.0,cued,2,108.0,18,True
sub07,test,14,0,0.21866666666666668,0.3555625,0.0,0.13689583333333333,-52.76822645021077,136.89583333333331,False,1.0,spontaneous,2,104.0,0,True
sub07,test,14,1,0.7944375,0.7519375,2.0,-0.04249999999999998,-68.1362802343668,-42.499999999999986,False,1.0,spontaneous,2,104.0,0,True
sub07,test,14,2,1.3713541666666667,1.3929166666666666,4.0,0.02156249999999993,-55.981018945270115,21.56249999999993,False,1.0,spontaneous,2,104.0,0,True
sub07,test,14,3,1.9482708333333334,1.903875,5.0,-0.04439583333333341,-61.70689570678167,-44.395833333333414,False,1.0,spontaneous,2,104.0,0,True
sub07,test,14,4,2.5251875,2.5713958333333333,7.0,0.04620833333333341,-76.21213282379026,46.20833333333341,False,0.0,spontaneous,2,104.0,0,True
sub07,test,14,5,2.813645833333333,2.8915416666666665,8.0,0.07789583333333328,-66.59358713771182,77.89583333333327,False,1.0,spontaneous,2,104.0,0,True
sub07,test,14,6,3.102104166666667,,,,,,True,,spontaneous,2,104.0,0,True
sub07,test,14,7,3.6790208333333334,3.6886666666666668,10.0,0.009645833333333353,-78.40899057294325,9.645833333333353,False,0.0,spontaneous,2,104.0,0,True
sub07,test,14,8,4.2559375,4.100979166666667,11.0,-0.1549583333333331,-66.50703682282955,-154.9583333333331,False,1.0,spontaneous,2,104.0,0,True
sub07,test,14,9,4.8328541666666665,4.6949375,13.0,-0.13791666666666647,-78.89929392458173,-137.91666666666646,False,0.0,spontaneous,2,104.0,0,True
sub07,test,14,10,5.122,5.093458333333333,14.0,-0.028541666666666465,-61.25512926743677,-28.541666666666465,False,1.0,spontaneous,2,104.0,0,True
sub07,test,14,11,5.410916666666667,5.419479166666667,16.0,0.008562500000000028,-71.58606000062692,8.562500000000028,False,1.0,spontaneous,2,104.0,0,True
sub07,test,14,12,5.9866875,5.776979166666667,17.0,-0.20970833333333339,-47.86707811828929,-209.70833333333337,False,1.0,spontaneous,2,104.0,0,True
sub07,test,14,13,6.563604166666667,6.393041666666667,18.0,-0.17056249999999995,-65.39080226603086,-170.56249999999994,False,1.0,spontaneous,2,104.0,0,True
sub07,test,14,14,7.140520833333333,7.1531875,20.0,0.01266666666666616,-78.6603088804521,12.66666666666616,False,0.0,spontaneous,2,104.0,0,True
sub07,test,14,15,7.7174375,7.522125,21.0,-0.1953125,-64.23324950258274,-195.3125,False,1.0,spontaneous,2,104.0,0,True
sub07,test,14,16,8.294354166666666,8.231104166666666,23.0,-0.06325000000000003,-75.25109497567135,-63.25000000000003,False,0.0,spontaneous,2,104.0,0,True
sub07,test,14,17,8.871270833333334,8.899291666666667,26.0,0.028020833333332718,-80.77865383646935,28.020833333332718,False,0.0,spontaneous,2,104.0,0,True
sub07,test,14,18,9.159729166666667,9.24,27.0,0.08027083333333351,-53.68146977873948,80.27083333333351,False,1.0,spontaneous,2,104.0,0,True
sub07,test,14,19,9.4481875,9.369583333333333,28.0,-0.07860416666666659,-73.27333854187293,-78.60416666666659,False,1.0,spontaneous,2,104.0,0,True
sub07,test,14,20,9.73775,9.864875,29.0,0.1271249999999995,-68.41222449459443,127.12499999999949,False,1.0,spontaneous,2,104.0,0,True
sub07,test,14,21,10.02625,10.045979166666667,30.0,0.019729166666667908,-79.46249128750375,19.729166666667908,False,0.0,spontaneous,2,104.0,0,True
sub07,test,14,22,10.602020833333333,10.431354166666667,32.0,-0.17066666666666563,-48.12164399015774,-170.66666666666563,False,1.0,spontaneous,2,104.0,0,True
sub07,test,14,23,11.1789375,11.201645833333334,34.0,0.022708333333333997,-79.88521304904242,22.708333333333997,False,0.0,spontaneous,2,104.0,0,True
sub07,test,14,24,11.755854166666667,11.525458333333333,35.0,-0.23039583333333447,-53.797768392590044,-230.39583333333445,False,1.0,spontaneous,2,104.0,0,True
sub07,test,14,25,12.0443125,12.18325,36.0,0.13893749999999905,-73.39400883955673,138.93749999999903,False,1.0,spontaneous,2,104.0,0,True
sub07,test,14,26,12.332770833333333,12.353,37.0,0.020229166666666742,-79.66129996977028,20.229166666666742,False,0.0,spontaneous,2,104.0,0,True
sub07,test,14,27,12.9096875,12.946041666666666,39.0,0.03635416666666558,-82.1493491853852,36.35416666666558,False,0.0,spontaneous,2,104.0,0,True
sub07,test,14,28,13.486604166666666,13.409333333333333,41.0,-0.0772708333333334,-80.71262326130876,-77.2708333333334,False,0.0,spontaneous,2,104.0,0,True
sub07,test,14,29,14.063520833333333,14.213354166666667,44.0,0.14983333333333348,-49.13997820166898,149.83333333333348,False,1.0,spontaneous,2,104.0,0,True
sub07,test,14,30,14.6404375,14.696625,46.0,0.05618749999999828,-68.40776445226719,56.18749999999828,False,1.0,spontaneous,2,104.0,0,True
sub07,test,14,31,15.217354166666667,15.238833333333334,47.0,0.021479166666667382,-58.92940605703448,21.479166666667382,False,1.0,spontaneous,2,104.0,0,True
sub07,test,14,32,15.794270833333334,15.8534375,50.0,0.059166666666666146,-77.33991060294554,59.166666666666146,False,0.0,spontaneous,2,104.0,0,True
sub07,test,14,33,16.082729166666667,16.193395833333334,51.0,0.11066666666666691,-63.77765145138477,110.66666666666691,False,1.0,spontaneous,2,104.0,0,True
sub07,test,14,34,16.3711875,16.403708333333334,52.0,0.03252083333333289,-79.87510276892971,32.52083333333289,False,0.0,spontaneous,2,104.0,0,True
sub07,test,14,35,16.948104166666667,16.909708333333334,54.0,-0.03839583333333252,-80.67243203097976,-38.39583333333252,False,0.0,spontaneous,2,104.0,0,True
sub07,test,14,36,17.2365625,17.357645833333333,55.0,0.12108333333333121,-52.296160531886535,121.08333333333121,False,1.0,spontaneous,2,104.0,0,True
sub07,test,14,37,17.525020833333333,17.49952083333333,56.0,-0.025500000000000966,-81.16791864808252,-25.500000000000966,False,0.0,spontaneous,2,104.0,0,True
sub07,test,14,38,18.1019375,17.956270833333335,57.0,-0.1456666666666635,-64.50135620267635,-145.6666666666635,False,1.0,spontaneous,2,104.0,0,True
sub07,test,14,39,18.390395833333333,18.542458333333332,58.0,0.15206249999999955,-64.96471791107889,152.06249999999955,False,1.0,spontaneous,2,104.0,0,True
sub07,test,14,40,18.678854166666667,18.688666666666666,59.0,0.009812499999998892,-84.35832518598116,9.812499999998892,False,0.0,spontaneous,2,104.0,0,True
sub07,test,14,41,19.255770833333333,19.170416666666668,61.0,-0.08535416666666507,-82.05410638427686,-85.35416666666507,False,0.0,spontaneous,2,104.0,0,True
sub07,test,14,42,19.544229166666668,19.61541666666667,62.0,0.07118750000000063,-58.73761218683165,71.18750000000063,False,1.0,spontaneous,2,104.0,0,True
sub07,test,14,43,19.8326875,,,,,,True,,spontaneous,2,104.0,0,True
sub07,test,14,44,20.121145833333333,20.2454375,63.0,0.12429166666666802,-64.76248366983401,124.29166666666802,False,1.0,spontaneous,2,104.0,0,True
sub07,test,14,45,20.409604166666668,20.399833333333333,64.0,-0.009770833333334394,-80.47687184904933,-9.770833333334394,False,0.0,spontaneous,2,104.0,0,True
sub07,test,14,46,20.986520833333334,20.764166666666668,65.0,-0.22235416666666552,-52.611640382815146,-222.35416666666552,False,1.0,spontaneous,2,104.0,0,True
sub07,test,14,47,21.5634375,21.462583333333335,67.0,-0.10085416666666447,-86.61246025486113,-100.85416666666447,False,0.0,spontaneous,2,104.0,0,True
sub07,test,14,48,21.851895833333334,21.971895833333335,68.0,0.120000000000001,-62.98533498179516,120.000000000001,False,1.0,spontaneous,2,104.0,0,True
sub07,test,14,49,22.14035416666667,22.113583333333334,69.0,-0.026770833333333854,-78.82708673473645,-26.770833333333854,False,0.0,spontaneous,2,104.0,0,True
sub07,test,14,50,22.4288125,22.444229166666666,70.0,0.015416666666666856,-51.31994551986621,15.416666666666856,False,1.0,spontaneous,2,104.0,0,True
sub07,test,14,51,22.717270833333334,22.587895833333334,71.0,-0.12937499999999957,-77.9542404344785,-129.37499999999957,False,0.0,spontaneous,2,104.0,0,True
sub07,test,14,52,23.2941875,23.257041666666666,73.0,-0.037145833333333655,-80.99074884219942,-37.145833333333655,False,0.0,spontaneous,2,104.0,0,True
sub07,test,14,53,23.871104166666665,23.9025,75.0,0.03139583333333462,-82.91360443153572,31.395833333334622,False,0.0,spontaneous,2,104.0,0,True
sub07,test,14,54,24.448020833333334,,,,,,True,,spontaneous,2,104.0,0,True
sub07,test,14,55,24.736479166666665,24.689416666666666,77.0,-0.04706249999999912,-74.68359216168186,-47.06249999999912,False,0.0,spontaneous,2,104.0,0,True
sub07,test,14,56,25.0249375,24.880895833333334,78.0,-0.1440416666666664,-81.00099393998144,-144.0416666666664,False,0.0,spontaneous,2,104.0,0,True
sub07,test,14,57,25.313604166666668,25.3533125,80.0,0.039708333333333456,-81.71061320814472,39.70833333333346,False,0.0,spontaneous,2,104.0,0,True
sub07,test,14,58,25.603,25.643895833333332,81.0,0.040895833333330245,-75.20578304652467,40.895833333330245,False,0.0,spontaneous,2,104.0,0,True
sub07,test,14,59,26.178770833333335,,,,,,True,,spontaneous,2,104.0,0,True
sub07,test,14,60,26.7556875,26.6750625,84.0,-0.08062500000000128,-81.11531183666877,-80.62500000000128,False,0.0,spontaneous,2,104.0,0,True
sub07,test,14,61,27.044145833333335,27.138166666666667,85.0,0.09402083333333167,-61.07731422429018,94.02083333333167,False,1.0,spontaneous,2,104.0,0,True
sub07,test,14,62,27.332604166666666,27.302479166666668,86.0,-0.03012499999999818,-79.46596722367883,-30.12499999999818,False,0.0,spontaneous,2,104.0,0,True
sub07,test,14,63,27.909520833333332,,,,,,True,,spontaneous,2,104.0,0,True
sub07,test,14,64,28.4864375,28.384770833333334,89.0,-0.10166666666666657,-78.91567480768691,-101.66666666666657,False,0.0,spontaneous,2,104.0,0,True
sub07,test,14,65,29.063354166666667,29.101208333333332,91.0,0.037854166666665634,-87.26116217234755,37.854166666665634,False,0.0,spontaneous,2,104.0,0,True
sub07,test,14,66,29.640270833333332,,,,,,True,,spontaneous,2,104.0,0,True
sub07,test,14,67,30.013166666666667,29.994770833333334,93.0,-0.018395833333332945,-64.11874688639092,-18.395833333332945,False,1.0,spontaneous,2,104.0,0,True
sub07,test,15,0,0.2188125,0.114125,0.0,-0.10468749999999999,-79.92920359853072,-104.68749999999999,False,0.0,spontaneous,3,104.0,0,True
sub07,test,15,1,0.7945833333333333,0.7505,1.0,-0.04408333333333336,-61.046832434611524,-44.083333333333364,False,1.0,spontaneous,3,104.0,0,True
sub07,test,15,2,1.3715,1.4429791666666667,3.0,0.07147916666666676,-79.61529877159347,71.47916666666676,False,0.0,spontaneous,3,104.0,0,True
sub07,test,15,3,1.9484166666666667,1.8950625,4.0,-0.05335416666666659,-72.57550279451078,-53.35416666666659,False,1.0,spontaneous,3,104.0,0,True
sub07,test,15,4,2.525333333333333,2.4294166666666666,5.0,-0.09591666666666665,-75.14382909648239,-95.91666666666666,False,1.0,spontaneous,3,104.0,0,True
sub07,test,15,5,2.8137916666666665,2.917708333333333,6.0,0.10391666666666666,-48.05469880597854,103.91666666666666,False,1.0,spontaneous,3,104.0,0,True
sub07,test,15,6,3.10225,3.071375,7.0,-0.030874999999999986,-75.80843289775105,-30.874999999999986,False,1.0,spontaneous,3,104.0,0,True
sub07,test,15,7,3.390979166666667,3.438458333333333,8.0,0.047479166666666295,-65.62654146866821,47.479166666666295,False,1.0,spontaneous,3,104.0,0,True
sub07,test,15,8,3.6803125,,,,,,True,,spontaneous,3,104.0,0,True
sub07,test,15,9,4.256083333333334,4.311208333333333,10.0,0.055124999999999424,-81.55798421851884,55.124999999999424,False,0.0,spontaneous,3,104.0,0,True
sub07,test,15,10,4.833,4.7781875,12.0,-0.0548125000000006,-85.86443042708245,-54.8125000000006,False,0.0,spontaneous,3,104.0,0,True
sub07,test,15,11,5.121458333333333,5.225145833333333,14.0,0.10368750000000038,-67.08333151184564,103.68750000000037,False,1.0,spontaneous,3,104.0,0,True
sub07,test,15,12,5.409916666666667,5.4344166666666665,15.0,0.024499999999999744,-83.23862271368208,24.499999999999744,False,0.0,spontaneous,3,104.0,0,True
sub07,test,15,13,5.986833333333333,6.038875,17.0,0.052041666666666764,-81.90262414160264,52.041666666666764,False,0.0,spontaneous,3,104.0,0,True
sub07,test,15,14,6.276208333333333,6.3685625,18.0,0.0923541666666674,-53.169173381524715,92.3541666666674,False,1.0,spontaneous,3,104.0,0,True
sub07,test,15,15,6.564895833333333,6.531854166666666,19.0,-0.033041666666666636,-88.19675457645698,-33.041666666666636,False,0.0,spontaneous,3,104.0,0,True
sub07,test,15,16,7.140666666666666,7.2006875,21.0,0.060020833333333634,-81.28375753338116,60.020833333333634,False,0.0,spontaneous,3,104.0,0,True
sub07,test,15,17,7.429125,7.5955208333333335,22.0,0.16639583333333352,-67.76264543316216,166.3958333333335,False,1.0,spontaneous,3,104.0,0,True
sub07,test,15,18,7.717583333333334,7.7523125,23.0,0.0347291666666667,-83.23329697952119,34.7291666666667,False,0.0,spontaneous,3,104.0,0,True
sub07,test,15,19,8.2945,8.290041666666667,25.0,-0.004458333333332121,-84.24190179689509,-4.458333333332121,False,0.0,spontaneous,3,104.0,0,True
sub07,test,15,20,8.871416666666667,8.888708333333334,27.0,0.017291666666666927,-81.77438283240667,17.291666666666927,False,0.0,spontaneous,3,104.0,0,True
sub07,test,15,21,9.448333333333334,9.325083333333334,28.0,-0.12325000000000053,-67.08847209543899,-123.25000000000053,False,1.0,spontaneous,3,104.0,0,True
sub07,test,15,22,10.02525,9.832916666666666,29.0,-0.1923333333333339,-53.354401928504956,-192.3333333333339,False,1.0,spontaneous,3,104.0,0,True
sub07,test,15,23,10.314104166666667,10.42725,30.0,0.11314583333333417,-71.45876505322511,113.14583333333417,False,1.0,spontaneous,3,104.0,0,True
sub07,test,15,24,10.6033125,10.617625,31.0,0.014312500000000838,-81.64653526251615,14.312500000000838,False,0.0,spontaneous,3,104.0,0,True
sub07,test,15,25,11.179083333333333,11.230666666666666,33.0,0.051583333333333314,-87.5278164151288,51.583333333333314,False,0.0,spontaneous,3,104.0,0,True
sub07,test,15,26,11.756,11.733291666666666,35.0,-0.022708333333333997,-81.59027094703083,-22.708333333333997,False,0.0,spontaneous,3,104.0,0,True
sub07,test,15,27,12.332916666666666,12.357854166666666,37.0,0.024937500000000057,-80.98686942087872,24.937500000000057,False,0.0,spontaneous,3,104.0,0,True
sub07,test,15,28,12.909833333333333,12.884666666666666,39.0,-0.025166666666667226,-79.838414555343,-25.166666666667226,False,0.0,spontaneous,3,104.0,0,True
sub07,test,15,29,13.198291666666666,13.271604166666666,40.0,0.07331250000000011,-54.3119747582032,73.31250000000011,False,1.0,spontaneous,3,104.0,0,True
sub07,test,15,30,13.48675,13.415625,41.0,-0.07112500000000033,-85.41781602982059,-71.12500000000033,False,0.0,spontaneous,3,104.0,0,True
sub07,test,15,31,14.063666666666666,14.11725,43.0,0.05358333333333398,-80.90999494143605,53.58333333333398,False,0.0,spontaneous,3,104.0,0,True
sub07,test,15,32,14.640583333333334,14.748291666666667,45.0,0.10770833333333307,-84.39757952733495,107.70833333333307,False,0.0,spontaneous,3,104.0,0,True
sub07,test,15,33,15.2175,15.241083333333334,47.0,0.023583333333334622,-76.62742150441883,23.583333333334622,False,1.0,spontaneous,3,104.0,0,True
sub07,test,15,34,15.794416666666667,15.750416666666666,49.0,-0.04400000000000048,-83.3959726946364,-44.00000000000048,False,0.0,spontaneous,3,104.0,0,True
sub07,test,15,35,16.371333333333332,16.3408125,51.0,-0.030520833333333997,-80.52732073502196,-30.520833333333997,False,0.0,spontaneous,3,104.0,0,True
sub07,test,15,36,16.94825,16.911583333333333,53.0,-0.036666666666668846,-78.40860119084488,-36.666666666668846,False,1.0,spontaneous,3,104.0,0,True
sub07,test,15,37,17.525166666666667,17.549354166666667,55.0,0.02418750000000003,-87.24921902203761,24.18750000000003,False,0.0,spontaneous,3,104.0,0,True
sub07,test,15,38,18.102083333333333,18.150395833333334,57.0,0.048312500000001535,-79.33628066891256,48.312500000001535,False,1.0,spontaneous,3,104.0,0,True
sub07,test,15,39,18.679,18.673145833333333,59.0,-0.005854166666665606,-77.11230041170383,-5.854166666665606,False,1.0,spontaneous,3,104.0,0,True
sub07,test,15,40,19.255916666666668,19.303833333333333,61.0,0.04791666666666572,-80.52224941875636,47.91666666666572,False,0.0,spontaneous,3,104.0,0,True
sub07,test,15,41,19.54489583333333,19.700645833333333,62.0,0.15575000000000117,-65.6673026583542,155.75000000000117,False,1.0,spontaneous,3,104.0,0,True
sub07,test,15,42,19.83395833333333,19.877291666666668,63.0,0.043333333333336554,-82.1622689787832,43.333333333336554,False,0.0,spontaneous,3,104.0,0,True
sub07,test,15,43,20.40975,20.2069375,64.0,-0.20281250000000028,-55.64819980200074,-202.81250000000028,False,1.0,spontaneous,3,104.0,0,True
sub07,test,15,44,20.986666666666668,20.958104166666665,66.0,-0.028562500000003155,-80.16134356175326,-28.562500000003155,False,0.0,spontaneous,3,104.0,0,True
sub07,test,15,45,21.275125,21.332770833333335,67.0,0.05764583333333562,-69.94168431837805,57.64583333333562,False,1.0,spontaneous,3,104.0,0,True
sub07,test,15,46,21.563583333333334,21.55216666666667,68.0,-0.01141666666666552,-80.26309851581702,-11.41666666666552,False,0.0,spontaneous,3,104.0,0,True
sub07,test,15,47,21.852916666666665,21.921229166666667,70.0,0.06831250000000111,-74.34891061838425,68.31250000000111,False,1.0,spontaneous,3,104.0,0,True
sub07,test,15,48,22.14164583333333,22.334,71.0,0.19235416666666794,-72.26202096111484,192.35416666666794,False,1.0,spontaneous,3,104.0,0,True
sub07,test,15,49,22.717416666666665,22.939604166666665,72.0,0.22218750000000043,-51.00784893177496,222.18750000000043,False,1.0,spontaneous,3,104.0,0,True
sub07,test,15,50,23.005875,,,,,,True,,spontaneous,3,104.0,0,True
sub07,test,15,51,23.294333333333334,23.456958333333333,73.0,0.16262499999999847,-46.38638499832099,162.62499999999847,False,1.0,spontaneous,3,104.0,0,True
sub07,test,15,52,23.582791666666665,23.6515625,74.0,0.06877083333333545,-81.00453203146765,68.77083333333545,False,0.0,spontaneous,3,104.0,0,True
sub07,test,15,53,23.87125,23.97425,75.0,0.10300000000000153,-54.43030679859252,103.00000000000153,False,1.0,spontaneous,3,104.0,0,True
sub07,test,15,54,24.448166666666665,24.477104166666667,77.0,0.028937500000001393,-77.30669845719684,28.937500000001393,False,1.0,spontaneous,3,104.0,0,True
sub07,test,15,55,25.025083333333335,24.963125,79.0,-0.061958333333333115,-52.11057325418657,-61.958333333333115,False,1.0,spontaneous,3,104.0,0,True
sub07,test,15,56,25.602,25.650916666666667,82.0,0.04891666666666694,-81.99857049546372,48.91666666666694,False,0.0,spontaneous,3,104.0,0,True
sub07,test,15,57,26.178916666666666,26.136229166666666,84.0,-0.042687499999999545,-85.01376819403468,-42.687499999999545,False,0.0,spontaneous,3,104.0,0,True
sub07,test,15,58,26.75583333333333,26.736604166666666,86.0,-0.01922916666666552,-81.98080636067901,-19.22916666666552,False,0.0,spontaneous,3,104.0,0,True
sub07,test,15,59,27.33275,27.22225,88.0,-0.11050000000000182,-76.3856938804972,-110.50000000000182,False,1.0,spontaneous,3,104.0,0,True
sub07,test,15,60,27.909666666666666,28.043270833333334,91.0,0.13360416666666808,-53.05820577290882,133.60416666666808,False,1.0,spontaneous,3,104.0,0,True
sub07,test,15,61,28.486583333333332,28.499291666666668,93.0,0.012708333333335986,-53.3930297154097,12.708333333335986,False,1.0,spontaneous,3,104.0,0,True
sub07,test,15,62,29.0635,29.129791666666666,96.0,0.06629166666666464,-79.15497388920191,66.29166666666464,False,1.0,spontaneous,3,104.0,0,True
sub07,test,15,63,29.351958333333332,29.4765625,97.0,0.12460416666666774,-70.04270189765882,124.60416666666774,False,1.0,spontaneous,3,104.0,0,True
sub07,test,15,64,29.640416666666667,29.72825,98.0,0.08783333333333232,-81.04400256876757,87.83333333333232,False,0.0,spontaneous,3,104.0,0,True
sub07,test,15,65,30.0108125,29.857875,99.0,-0.15293750000000017,-80.78470717588993,-152.93750000000017,False,0.0,spontaneous,3,104.0,0,True
sub07,test,16,0,0.21864583333333334,,,,,,True,,cued,2,100.0,14,True
sub07,test,16,1,0.8175208333333334,0.8133125,1.0,-0.0042083333333333695,-85.94648872698458,-4.2083333333333695,False,0.0,cued,2,100.0,14,True
sub07,test,16,2,1.4175208333333333,1.3671458333333333,3.0,-0.05037500000000006,-75.24498219589012,-50.37500000000006,False,1.0,cued,2,100.0,14,True
sub07,test,16,3,2.017520833333333,2.019979166666667,5.0,0.002458333333333673,-81.4751450884091,2.458333333333673,False,0.0,cued,2,100.0,14,True
sub07,test,16,4,2.3175208333333335,2.4465833333333333,6.0,0.12906249999999986,-58.239387392077674,129.06249999999986,False,1.0,cued,2,100.0,14,True
sub07,test,16,5,2.6175208333333333,2.6141666666666667,7.0,-0.003354166666666547,-79.90138214790686,-3.354166666666547,False,0.0,cued,2,100.0,14,True
sub07,test,16,6,2.917520833333333,3.035,8.0,0.11747916666666702,-72.31114326715031,117.47916666666703,False,1.0,cued,2,100.0,14,True
sub07,test,16,7,3.2175208333333334,,,,,,True,,cued,2,100.0,14,True
sub07,test,16,8,3.8175208333333335,3.6954375,10.0,-0.12208333333333332,-82.77731905277484,-122.08333333333331,False,0.0,cued,2,100.0,14,True
sub07,test,16,9,4.417520833333334,4.464083333333333,12.0,0.046562499999999396,-71.74280053520366,46.562499999999396,False,1.0,cued,2,100.0,14,True
sub07,test,16,10,5.017520833333333,4.9615833333333335,14.0,-0.05593749999999975,-87.71624602296407,-55.93749999999975,False,0.0,cued,2,100.0,14,True
sub07,test,16,11,5.617520833333334,5.6399791666666665,16.0,0.022458333333332803,-80.28193968908928,22.458333333332803,False,0.0,cued,2,100.0,14,True
sub07,test,16,12,5.917520833333334,5.868291666666667,17.0,-0.04922916666666666,-71.99919398251113,-49.22916666666666,False,1.0,cued,2,100.0,14,True
sub07,test,16,13,6.217520833333333,6.195416666666667,19.0,-0.022104166666666814,-75.26617809924532,-22.104166666666814,False,1.0,cued,2,100.0,14,True
sub07,test,16,14,6.517520833333333,6.5638958333333335,20.0,0.04637500000000028,-71.78797023432728,46.37500000000028,False,1.0,cued,2,100.0,14,True
sub07,test,16,15,6.817520833333333,6.798666666666667,21.0,-0.018854166666666394,-81.52473833364456,-18.854166666666394,False,0.0,cued,2,100.0,14,True
sub07,test,16,16,7.117520833333334,7.132916666666667,22.0,0.015395833333332831,-54.73397255362041,15.395833333332831,False,1.0,cued,2,100.0,14,True
sub07,test,16,17,7.417520833333334,7.305979166666667,23.0,-0.11154166666666665,-76.82311133659108,-111.54166666666666,False,0.0,cued,2,100.0,14,True
sub07,test,16,18,8.017520833333334,7.982104166666667,25.0,-0.03541666666666732,-81.33654702858897,-35.41666666666732,False,0.0,cued,2,100.0,14,True
sub07,test,16,19,8.617520833333334,8.481666666666667,28.0,-0.1358541666666664,-85.8916108042304,-135.8541666666664,False,0.0,cued,2,100.0,14,True
sub07,test,16,20,9.217520833333333,9.073291666666666,30.0,-0.1442291666666673,-80.7355197713386,-144.2291666666673,False,0.0,cued,2,100.0,14,True
sub07,test,16,21,9.518104166666667,9.5740625,32.0,0.05595833333333289,-81.74196179897402,55.95833333333289,False,0.0,cued,2,100.0,14,True
sub07,test,16,22,9.818666666666667,9.946333333333333,33.0,0.12766666666666637,-71.10816383946265,127.66666666666637,False,1.0,cued,2,100.0,14,True
sub07,test,16,23,10.417520833333333,10.458395833333332,35.0,0.04087499999999977,-52.71767508627338,40.87499999999977,False,1.0,cued,2,100.0,14,True
sub07,test,16,24,11.017520833333334,10.942041666666666,37.0,-0.07547916666666765,-67.03768065978647,-75.47916666666765,False,1.0,cued,2,100.0,14,True
sub07,test,16,25,11.617520833333334,11.6796875,40.0,0.06216666666666626,-90.11149106955344,62.16666666666626,False,0.0,cued,2,100.0,14,True
sub07,test,16,26,12.217520833333333,12.251333333333333,42.0,0.0338124999999998,-81.00240886177845,33.8124999999998,False,0.0,cued,2,100.0,14,True
sub07,test,16,27,12.817520833333333,13.009770833333333,44.0,0.1922499999999996,-75.19954787293881,192.2499999999996,False,1.0,cued,2,100.0,14,True
sub07,test,16,28,13.417520833333333,13.498895833333334,46.0,0.08137500000000131,-53.68606715635674,81.37500000000131,False,1.0,cued,2,100.0,14,True
sub07,test,16,29,14.017520833333334,14.0703125,47.0,0.052791666666665904,-71.75506887137506,52.791666666665904,False,1.0,cued,2,100.0,14,True
sub07,test,16,30,14.617520833333334,14.536541666666666,49.0,-0.08097916666666727,-55.679822009210525,-80.97916666666727,False,1.0,cued,2,100.0,14,True
sub07,test,16,31,15.217520833333333,15.233145833333333,51.0,0.015625,-82.14336399586222,15.625,False,0.0,cued,2,100.0,14,True
sub07,test,16,32,15.517520833333334,15.583729166666666,52.0,0.06620833333333209,-65.89901184882103,66.20833333333209,False,1.0,cued,2,100.0,14,True
sub07,test,16,33,15.817520833333333,15.734333333333334,53.0,-0.0831874999999993,-77.84018497825551,-83.1874999999993,False,0.0,cued,2,100.0,14,True
sub07,test,16,34,16.417520833333334,16.514666666666667,56.0,0.09714583333333238,-73.17695232772249,97.14583333333238,False,1.0,cued,2,100.0,14,True
sub07,test,16,35,16.71752083333333,16.708291666666668,57.0,-0.009229166666663957,-79.98986725044713,-9.229166666663957,False,0.0,cued,2,100.0,14,True
sub07,test,16,36,17.017520833333332,16.990541666666665,58.0,-0.026979166666666998,-73.98737957869785,-26.979166666667,False,1.0,cued,2,100.0,14,True
sub07,test,16,37,17.617520833333334,17.645416666666666,61.0,0.02789583333333212,-80.6335835456037,27.89583333333212,False,0.0,cued,2,100.0,14,True
sub07,test,16,38,17.917520833333334,17.95339583333333,62.0,0.035874999999997215,-71.76273314951723,35.874999999997215,False,1.0,cued,2,100.0,14,True
sub07,test,16,39,18.21752083333333,18.142625,63.0,-0.07489583333333272,-79.78408974165903,-74.89583333333272,False,0.0,cued,2,100.0,14,True
sub07,test,16,40,18.817520833333333,18.811708333333332,66.0,-0.0058125000000011084,-55.868347945101476,-5.8125000000011084,False,1.0,cued,2,100.0,14,True
sub07,test,16,41,19.417520833333334,19.470208333333332,69.0,0.052687499999997556,-81.67370499916471,52.687499999997556,False,0.0,cued,2,100.0,14,True
sub07,test,16,42,20.017520833333332,20.001375,72.0,-0.01614583333333286,-78.35576900423776,-16.14583333333286,False,0.0,cued,2,100.0,14,True
sub07,test,16,43,20.617520833333334,20.597958333333334,74.0,-0.01956249999999926,-76.37251529868709,-19.56249999999926,False,0.0,cued,2,100.0,14,True
sub07,test,16,44,21.21752083333333,21.23635416666667,76.0,0.01883333333333681,-80.83445716442598,18.83333333333681,False,0.0,cued,2,100.0,14,True
sub07,test,16,45,21.517520833333332,21.615041666666666,77.0,0.09752083333333417,-66.19749198671425,97.52083333333417,False,1.0,cued,2,100.0,14,True
sub07,test,16,46,21.817520833333333,21.83695833333333,78.0,0.019437499999998664,-78.86866486778217,19.437499999998664,False,0.0,cued,2,100.0,14,True
sub07,test,16,47,22.417520833333334,22.19558333333333,79.0,-0.22193750000000279,-48.05293330655127,-221.93750000000279,False,1.0,cued,2,100.0,14,True
sub07,test,16,48,22.71752083333333,22.710833333333333,80.0,-0.006687499999998181,-53.22643945984008,-6.687499999998181,False,1.0,cued,2,100.0,14,True
sub07,test,16,49,23.017520833333332,22.909125,81.0,-0.1083958333333328,-79.69677800005262,-108.3958333333328,False,0.0,cued,2,100.0,14,True
sub07,test,16,50,23.617520833333334,23.746083333333335,84.0,0.12856250000000102,-53.194111448743826,128.56250000000102,False,1.0,cued,2,100.0,14,True
sub07,test,16,51,24.21752083333333,24.305625,86.0,0.08810416666666754,-52.853705345165565,88.10416666666754,False,1.0,cued,2,100.0,14,True
sub07,test,16,52,24.817520833333333,24.906875,88.0,0.0893541666666664,-65.01537280496503,89.3541666666664,False,1.0,cued,2,100.0,14,True
sub07,test,16,53,25.417520833333334,25.403458333333333,90.0,-0.014062500000001421,-53.92647177215334,-14.062500000001421,False,1.0,cued,2,100.0,14,True
sub07,test,16,54,26.017520833333332,25.939791666666668,91.0,-0.07772916666666418,-48.099722017600925,-77.72916666666418,False,1.0,cued,2,100.0,14,True
sub07,test,16,55,26.617520833333334,26.703895833333334,94.0,0.08637500000000031,-78.64465626592366,86.37500000000031,False,0.0,cued,2,100.0,14,True
sub07,test,16,56,27.21752083333333,27.194458333333333,96.0,-0.02306249999999821,-80.03691867454116,-23.06249999999821,False,0.0,cued,2,100.0,14,True
sub07,test,16,57,27.817520833333333,27.859291666666667,98.0,0.04177083333333442,-79.51216264977451,41.77083333333442,False,0.0,cued,2,100.0,14,True
sub07,test,16,58,28.417520833333334,28.412520833333332,100.0,-0.005000000000002558,-79.02514071058309,-5.000000000002558,False,0.0,cued,2,100.0,14,True
sub07,test,16,59,29.017520833333332,28.909125,102.0,-0.1083958333333328,-76.70669423097839,-108.3958333333328,False,0.0,cued,2,100.0,14,True
sub07,test,16,60,29.317520833333333,29.364479166666666,103.0,0.04695833333333255,-71.4894098196124,46.95833333333255,False,1.0,cued,2,100.0,14,True
sub07,test,16,61,29.617520833333334,29.563354166666667,104.0,-0.05416666666666714,-79.99210909010239,-54.16666666666714,False,0.0,cued,2,100.0,14,True
sub07,test,16,62,29.93575,29.9906875,105.0,0.054937500000001194,-61.22231685698617,54.937500000001194,False,1.0,cued,2,100.0,14,True
sub07,test,17,0,0.21879166666666666,0.37004166666666666,0.0,0.15125,-51.590007333298274,151.25,False,1.0,cued,3,100.0,12,True
sub07,test,17,1,0.8176458333333333,0.7546041666666666,2.0,-0.06304166666666666,-73.97985850493639,-63.041666666666664,False,1.0,cued,3,100.0,12,True
sub07,test,17,2,1.4176458333333333,1.5251458333333334,5.0,0.10750000000000015,-78.17363681330231,107.50000000000016,False,1.0,cued,3,100.0,12,True
sub07,test,17,3,2.0176458333333334,2.032958333333333,7.0,0.01531249999999984,-81.42962338493994,15.31249999999984,False,0.0,cued,3,100.0,12,True
sub07,test,17,4,2.6176458333333334,2.4192291666666668,8.0,-0.19841666666666669,-48.53211522184061,-198.41666666666669,False,1.0,cued,3,100.0,12,True
sub07,test,17,5,2.9176458333333333,3.0860208333333334,9.0,0.16837500000000016,-47.030192699904696,168.37500000000017,False,1.0,cued,3,100.0,12,True
sub07,test,17,6,3.2176458333333335,3.2851458333333334,10.0,0.0674999999999999,-80.58992901680031,67.49999999999989,False,0.0,cued,3,100.0,12,True
sub07,test,17,7,3.817645833333333,3.8642916666666665,13.0,0.046645833333333275,-75.47282867354916,46.64583333333327,False,1.0,cued,3,100.0,12,True
sub07,test,17,8,4.417645833333333,4.37975,15.0,-0.037895833333333684,-80.29514737799971,-37.895833333333684,False,0.0,cued,3,100.0,12,True
sub07,test,17,9,5.017645833333333,5.0834166666666665,18.0,0.06577083333333356,-79.0639111297499,65.77083333333356,False,0.0,cued,3,100.0,12,True
sub07,test,17,10,5.317645833333334,5.412375,19.0,0.09472916666666631,-49.61771255759938,94.72916666666632,False,1.0,cued,3,100.0,12,True
sub07,test,17,11,5.6176458333333334,5.638770833333333,20.0,0.021124999999999616,-78.90649416347587,21.124999999999616,False,0.0,cued,3,100.0,12,True
sub07,test,17,12,5.917645833333333,6.005375,21.0,0.08772916666666664,-47.45749839336018,87.72916666666663,False,1.0,cued,3,100.0,12,True
sub07,test,17,13,6.217645833333333,6.20775,23.0,-0.009895833333333215,-83.3495632284245,-9.895833333333215,False,0.0,cued,3,100.0,12,True
sub07,test,17,14,6.817645833333334,6.789979166666667,25.0,-0.027666666666666728,-79.62688219720575,-27.66666666666673,False,0.0,cued,3,100.0,12,True
sub07,test,17,15,7.1176458333333334,7.241041666666667,26.0,0.12339583333333337,-49.03177994334556,123.39583333333337,False,1.0,cued,3,100.0,12,True
sub07,test,17,16,7.417645833333333,7.390833333333333,27.0,-0.026812500000000128,-75.53929453135967,-26.812500000000128,False,1.0,cued,3,100.0,12,True
sub07,test,17,17,8.017645833333333,8.017854166666666,29.0,0.00020833333333314386,-79.54542680662766,0.20833333333314386,False,0.0,cued,3,100.0,12,True
sub07,test,17,18,8.617645833333333,8.650354166666666,32.0,0.03270833333333378,-79.52926698388038,32.70833333333378,False,0.0,cued,3,100.0,12,True
sub07,test,17,19,8.917645833333333,9.044270833333334,33.0,0.12662500000000065,-48.19048402647101,126.62500000000065,False,1.0,cued,3,100.0,12,True
sub07,test,17,20,9.217645833333334,9.161604166666667,34.0,-0.05604166666666721,-77.83642831139372,-56.04166666666721,False,1.0,cued,3,100.0,12,True
sub07,test,17,21,9.517645833333333,9.624270833333334,35.0,0.10662500000000108,-47.4926382798974,106.62500000000108,False,1.0,cued,3,100.0,12,True
sub07,test,17,22,9.817645833333334,9.8224375,36.0,0.004791666666665861,-79.80095967083975,4.791666666665861,False,0.0,cued,3,100.0,12,True
sub07,test,17,23,10.417645833333333,10.447020833333333,38.0,0.02937499999999993,-79.25389680032778,29.37499999999993,False,0.0,cued,3,100.0,12,True
sub07,test,17,24,11.017645833333333,11.051604166666667,40.0,0.03395833333333442,-80.9144994649881,33.95833333333442,False,0.0,cued,3,100.0,12,True
sub07,test,17,25,11.317645833333334,11.3020625,41.0,-0.015583333333333727,-80.3489923471395,-15.583333333333727,False,0.0,cued,3,100.0,12,True
sub07,test,17,26,11.617645833333333,11.712625,43.0,0.09497916666666661,-81.26191782060701,94.97916666666661,False,0.0,cued,3,100.0,12,True
sub07,test,17,27,12.217645833333334,12.240229166666667,46.0,0.0225833333333334,-80.52827168468968,22.5833333333334,False,0.0,cued,3,100.0,12,True
sub07,test,17,28,12.817645833333334,12.798166666666667,48.0,-0.019479166666666714,-78.78675249724463,-19.479166666666714,False,1.0,cued,3,100.0,12,True
sub07,test,17,29,13.417645833333333,13.4311875,51.0,0.013541666666666785,-81.13970923968316,13.541666666666785,False,0.0,cued,3,100.0,12,True
sub07,test,17,30,14.017645833333333,14.008666666666667,54.0,-0.008979166666666316,-78.09993123327352,-8.979166666666316,False,1.0,cued,3,100.0,12,True
sub07,test,17,31,14.617645833333333,14.6431875,56.0,0.02554166666666724,-75.81453628561222,25.54166666666724,False,1.0,cued,3,100.0,12,True
sub07,test,17,32,14.917645833333333,15.087041666666666,57.0,0.16939583333333275,-52.808069433823064,169.39583333333275,False,1.0,cued,3,100.0,12,True
sub07,test,17,33,15.217645833333334,15.295,58.0,0.07735416666666595,-79.85115251287601,77.35416666666595,False,0.0,cued,3,100.0,12,True
sub07,test,17,34,15.817645833333334,15.853520833333333,60.0,0.03587499999999899,-79.71015814247643,35.87499999999899,False,0.0,cued,3,100.0,12,True
sub07,test,17,35,16.417645833333335,16.390625,62.0,-0.027020833333335048,-76.91448416491485,-27.020833333335048,False,1.0,cued,3,100.0,12,True
sub07,test,17,36,17.017645833333333,17.0103125,64.0,-0.0073333333333316375,-79.55682487951941,-7.3333333333316375,False,0.0,cued,3,100.0,12,True
sub07,test,17,37,17.617645833333334,17.615666666666666,67.0,-0.0019791666666684193,-79.14181472180657,-1.9791666666684193,False,0.0,cued,3,100.0,12,True
sub07,test,17,38,18.217645833333332,18.1360625,69.0,-0.0815833333333309,-83.86146800685378,-81.5833333333309,False,0.0,cued,3,100.0,12,True
sub07,test,17,39,18.817645833333334,18.842083333333335,71.0,0.024437500000001222,-79.23360157162152,24.437500000001222,False,0.0,cued,3,100.0,12,True
sub07,test,17,40,19.417645833333335,19.4340625,73.0,0.016416666666664526,-79.82005101969295,16.416666666664526,False,0.0,cued,3,100.0,12,True
sub07,test,17,41,20.017645833333333,20.0705625,75.0,0.05291666666666828,-69.28075659366237,52.91666666666828,False,1.0,cued,3,100.0,12,True
sub07,test,17,42,20.617645833333334,20.51725,76.0,-0.10039583333333368,-72.06728833183787,-100.39583333333368,False,1.0,cued,3,100.0,12,True
sub07,test,17,43,21.217645833333332,21.202770833333332,80.0,-0.014874999999999972,-83.67617891144573,-14.874999999999972,False,0.0,cued,3,100.0,12,True
sub07,test,17,44,21.817645833333334,21.8736875,82.0,0.056041666666665435,-79.13168348753659,56.041666666665435,False,0.0,cued,3,100.0,12,True
sub07,test,17,45,22.417645833333335,22.340833333333332,84.0,-0.07681250000000261,-75.15384786258313,-76.81250000000261,False,1.0,cued,3,100.0,12,True
sub07,test,17,46,23.017645833333333,23.015625,86.0,-0.0020208333333329165,-81.1565398482716,-2.0208333333329165,False,0.0,cued,3,100.0,12,True
sub07,test,17,47,23.617645833333334,23.534645833333332,88.0,-0.08300000000000196,-70.71179566572697,-83.00000000000196,False,1.0,cued,3,100.0,12,True
sub07,test,17,48,23.917645833333335,23.9686875,89.0,0.05104166666666643,-50.92031882933221,51.04166666666643,False,1.0,cued,3,100.0,12,True
sub07,test,17,49,24.217645833333332,24.2070625,90.0,-0.010583333333332945,-79.97308604683639,-10.583333333332945,False,0.0,cued,3,100.0,12,True
sub07,test,17,50,24.517645833333333,24.472104166666668,91.0,-0.04554166666666504,-52.19876966090774,-45.54166666666504,False,1.0,cued,3,100.0,12,True
sub07,test,17,51,24.817645833333334,24.66325,92.0,-0.15439583333333218,-88.40568149849938,-154.39583333333218,False,0.0,cued,3,100.0,12,True
sub07,test,17,52,25.417645833333335,25.5518125,95.0,0.13416666666666544,-54.42134424008632,134.16666666666544,False,1.0,cued,3,100.0,12,True
sub07,test,17,53,26.017645833333333,26.1744375,96.0,0.15679166666666688,-69.05902290439548,156.79166666666688,False,1.0,cued,3,100.0,12,True
sub07,test,17,54,26.617645833333334,26.613854166666666,97.0,-0.003791666666668192,-80.91172712005488,-3.791666666668192,False,0.0,cued,3,100.0,12,True
sub07,test,17,55,27.217645833333332,27.197875,100.0,-0.019770833333332405,-68.65686461659423,-19.770833333332405,False,1.0,cued,3,100.0,12,True
sub07,test,17,56,27.518333333333334,27.429791666666667,101.0,-0.08854166666666785,-81.0212005811011,-88.54166666666785,False,0.0,cued,3,100.0,12,True
sub07,test,17,57,27.818791666666666,27.85775,103.0,0.03895833333333343,-75.42486277483096,38.95833333333343,False,1.0,cued,3,100.0,12,True
sub07,test,17,58,28.417645833333335,28.256541666666667,104.0,-0.16110416666666794,-69.1296833687147,-161.10416666666794,False,1.0,cued,3,100.0,12,True
sub07,test,17,59,29.017645833333333,29.013083333333334,106.0,-0.004562499999998693,-77.37921188212029,-4.562499999998693,False,1.0,cued,3,100.0,12,True
sub07,test,17,60,29.617645833333334,29.598520833333332,108.0,-0.0191250000000025,-88.56823889379592,-19.1250000000025,False,0.0,cued,3,100.0,12,True
sub07,test,17,61,30.016583333333333,30.000541666666667,109.0,-0.016041666666666288,-54.108194175300774,-16.041666666666288,False,1.0,cued,3,100.0,12,True
sub07,test,18,0,0.22752083333333334,0.405375,0.0,0.17785416666666665,-51.14278177404138,177.85416666666666,False,1.0,cued,3,100.0,16,True
sub07,test,18,1,0.5275208333333333,,,,,,True,,cued,3,100.0,16,True
sub07,test,18,2,0.8275208333333334,0.8116458333333333,1.0,-0.015875000000000083,-71.83040293034695,-15.875000000000083,False,1.0,cued,3,100.0,16,True
sub07,test,18,3,1.4275208333333333,1.2761666666666667,3.0,-0.15135416666666668,-53.70101273066693,-151.35416666666669,False,1.0,cued,3,100.0,16,True
sub07,test,18,4,1.7275208333333334,1.8877708333333334,4.0,0.16025,-70.65789703029387,160.25,False,1.0,cued,3,100.0,16,True
sub07,test,18,5,2.0275208333333334,2.1395625,5.0,0.11204166666666637,-80.45591894931506,112.04166666666637,False,0.0,cued,3,100.0,16,True
sub07,test,18,6,2.6275208333333335,2.6051041666666666,7.0,-0.022416666666666973,-74.94306319019239,-22.416666666666973,False,1.0,cued,3,100.0,16,True
sub07,test,18,7,3.227520833333333,3.289,9.0,0.06147916666666697,-77.59332569700419,61.47916666666697,False,0.0,cued,3,100.0,16,True
sub07,test,18,8,3.5275208333333334,,,,,,True,,cued,3,100.0,16,True
sub07,test,18,9,3.8275208333333333,3.78475,10.0,-0.042770833333333425,-51.04954209704823,-42.77083333333343,False,1.0,cued,3,100.0,16,True
sub07,test,18,10,4.427520833333333,4.418395833333333,12.0,-0.00912500000000005,-70.35932322147738,-9.12500000000005,False,1.0,cued,3,100.0,16,True
sub07,test,18,11,5.027520833333333,5.084083333333333,15.0,0.05656250000000007,-75.38527544809659,56.56250000000007,False,1.0,cued,3,100.0,16,True
sub07,test,18,12,5.327520833333334,5.535875,16.0,0.20835416666666617,-65.56541978635481,208.35416666666617,False,1.0,cued,3,100.0,16,True
sub07,test,18,13,5.6275208333333335,5.7444375,17.0,0.11691666666666656,-80.97243914217769,116.91666666666656,False,0.0,cued,3,100.0,16,True
sub07,test,18,14,6.227520833333333,6.064770833333333,18.0,-0.16274999999999995,-52.480060665056136,-162.74999999999994,False,1.0,cued,3,100.0,16,True
sub07,test,18,15,6.528,6.632291666666666,19.0,0.10429166666666667,-65.85441591366023,104.29166666666667,False,1.0,cued,3,100.0,16,True
sub07,test,18,16,6.828666666666667,,,,,,True,,cued,3,100.0,16,True
sub07,test,18,17,7.4286666666666665,7.342625,21.0,-0.08604166666666657,-77.88534461078959,-86.04166666666657,False,0.0,cued,3,100.0,16,True
sub07,test,18,18,8.027520833333334,8.009791666666667,23.0,-0.01772916666666724,-80.35691367880614,-17.72916666666724,False,0.0,cued,3,100.0,16,True
sub07,test,18,19,8.627520833333334,8.421583333333333,24.0,-0.205937500000001,-51.141172763769454,-205.937500000001,False,1.0,cued,3,100.0,16,True
sub07,test,18,20,9.227520833333333,9.264416666666667,26.0,0.03689583333333424,-80.61542187112647,36.89583333333424,False,0.0,cued,3,100.0,16,True
sub07,test,18,21,9.827520833333333,9.640395833333333,27.0,-0.18712499999999999,-55.146574864574156,-187.125,False,1.0,cued,3,100.0,16,True
sub07,test,18,22,10.427520833333332,10.474041666666666,29.0,0.04652083333333401,-79.73096462069437,46.52083333333401,False,0.0,cued,3,100.0,16,True
sub07,test,18,23,11.027520833333334,10.958895833333333,31.0,-0.06862500000000082,-79.6944213412002,-68.62500000000082,False,0.0,cued,3,100.0,16,True
sub07,test,18,24,11.627520833333334,11.5980625,33.0,-0.029458333333334252,-79.49337537613562,-29.458333333334252,False,0.0,cued,3,100.0,16,True
sub07,test,18,25,11.927520833333332,11.860770833333333,34.0,-0.06674999999999898,-55.997463570100734,-66.74999999999898,False,1.0,cued,3,100.0,16,True
sub07,test,18,26,12.227520833333333,12.372333333333334,35.0,0.14481250000000045,-70.82459747972278,144.81250000000045,False,1.0,cued,3,100.0,16,True
sub07,test,18,27,12.527520833333334,12.563770833333333,36.0,0.036249999999999005,-79.39086420635535,36.249999999999005,False,0.0,cued,3,100.0,16,True
sub07,test,18,28,12.827520833333333,12.890729166666667,37.0,0.06320833333333375,-50.277870112802354,63.208333333333755,False,1.0,cued,3,100.0,16,True
sub07,test,18,29,13.427520833333332,13.405625,39.0,-0.021895833333331893,-68.88447380476568,-21.895833333331893,False,1.0,cued,3,100.0,16,True
sub07,test,18,30,14.027520833333334,14.058916666666667,42.0,0.031395833333332845,-77.15731572163489,31.395833333332845,False,0.0,cued,3,100.0,16,True
sub07,test,18,31,14.627520833333334,14.721916666666667,44.0,0.09439583333333346,-79.26858746711235,94.39583333333346,False,0.0,cued,3,100.0,16,True
sub07,test,18,32,14.928625,14.920708333333334,45.0,-0.007916666666666572,-78.40432019128612,-7.916666666666572,False,0.0,cued,3,100.0,16,True
sub07,test,18,33,15.228666666666667,15.032520833333333,46.0,-0.19614583333333435,-56.74804420043042,-196.14583333333434,False,1.0,cued,3,100.0,16,True
sub07,test,18,34,15.828645833333333,15.858291666666666,48.0,0.02964583333333337,-79.6117009271744,29.64583333333337,False,0.0,cued,3,100.0,16,True
sub07,test,18,35,16.427520833333332,16.3669375,50.0,-0.060583333333333655,-76.44301815206535,-60.583333333333655,False,1.0,cued,3,100.0,16,True
sub07,test,18,36,16.727979166666668,16.8468125,51.0,0.11883333333333113,-73.48403793562858,118.83333333333113,False,1.0,cued,3,100.0,16,True
sub07,test,18,37,17.028666666666666,16.998166666666666,52.0,-0.03049999999999997,-85.99089539134434,-30.49999999999997,False,0.0,cued,3,100.0,16,True
sub07,test,18,38,17.62752083333333,17.5385,54.0,-0.08902083333333266,-78.87928471209123,-89.02083333333266,False,0.0,cued,3,100.0,16,True
sub07,test,18,39,18.227520833333333,18.281854166666665,57.0,0.054333333333332234,-79.2183247151197,54.333333333332234,False,0.0,cued,3,100.0,16,True
sub07,test,18,40,18.827520833333335,18.7935625,59.0,-0.03395833333333442,-76.99205505476161,-33.95833333333442,False,0.0,cued,3,100.0,16,True
sub07,test,18,41,19.12752083333333,19.2380625,61.0,0.11054166666666987,-53.469177700112695,110.54166666666987,False,1.0,cued,3,100.0,16,True
sub07,test,18,42,19.427520833333332,19.421229166666667,62.0,-0.006291666666665918,-84.06002156232893,-6.291666666665918,False,0.0,cued,3,100.0,16,True
sub07,test,18,43,20.027520833333334,19.998604166666667,64.0,-0.028916666666667368,-80.46091368818963,-28.916666666667368,False,0.0,cued,3,100.0,16,True
sub07,test,18,44,20.62752083333333,20.389375,65.0,-0.23814583333333061,-71.77180491834588,-238.14583333333061,False,1.0,cued,3,100.0,16,True
sub07,test,18,45,20.928020833333335,21.060666666666666,66.0,0.13264583333333135,-48.596516278094896,132.64583333333135,False,1.0,cued,3,100.0,16,True
sub07,test,18,46,21.228666666666665,21.178354166666665,67.0,-0.050312500000000426,-73.93014202926834,-50.312500000000426,False,1.0,cued,3,100.0,16,True
sub07,test,18,47,21.827520833333335,21.80925,69.0,-0.0182708333333359,-80.08133671068244,-18.2708333333359,False,0.0,cued,3,100.0,16,True
sub07,test,18,48,22.127958333333332,22.2299375,71.0,0.10197916666666629,-63.594628191602965,101.97916666666629,False,1.0,cued,3,100.0,16,True
sub07,test,18,49,22.42866666666667,,,,,,True,,cued,3,100.0,16,True
sub07,test,18,50,23.027520833333334,23.2324375,73.0,0.20491666666666575,-76.60319952970254,204.91666666666575,False,1.0,cued,3,100.0,16,True
sub07,test,18,51,23.62752083333333,23.6623125,75.0,0.034791666666667,-65.16275529472819,34.791666666667,False,1.0,cued,3,100.0,16,True
sub07,test,18,52,23.927520833333332,23.864458333333335,76.0,-0.06306249999999736,-80.01854464812706,-63.06249999999736,False,0.0,cued,3,100.0,16,True
sub07,test,18,53,24.227520833333333,24.165104166666666,78.0,-0.06241666666666745,-50.45213306655971,-62.41666666666745,False,1.0,cued,3,100.0,16,True
sub07,test,18,54,24.527875,24.679041666666667,80.0,0.1511666666666649,-73.37459937960925,151.1666666666649,False,1.0,cued,3,100.0,16,True
sub07,test,18,55,24.828666666666667,24.895583333333335,81.0,0.06691666666666762,-79.88384541607773,66.91666666666762,False,0.0,cued,3,100.0,16,True
sub07,test,18,56,25.427520833333332,25.439583333333335,84.0,0.01206250000000253,-78.56561383505678,12.06250000000253,False,0.0,cued,3,100.0,16,True
sub07,test,18,57,26.027520833333334,26.002541666666666,86.0,-0.024979166666668107,-82.53654348774867,-24.979166666668107,False,0.0,cued,3,100.0,16,True
sub07,test,18,58,26.327520833333335,26.5128125,87.0,0.1852916666666644,-73.2301639191249,185.2916666666644,False,1.0,cued,3,100.0,16,True
sub07,test,18,59,26.62752083333333,26.641375,88.0,0.013854166666668277,-80.93709450113883,13.854166666668277,False,0.0,cued,3,100.0,16,True
sub07,test,18,60,27.227520833333333,27.235208333333333,91.0,0.007687499999999403,-78.43085500112383,7.687499999999403,False,0.0,cued,3,100.0,16,True
sub07,test,18,61,27.827520833333335,,,,,,True,,cued,3,100.0,16,True
sub07,test,18,62,28.427520833333332,28.3555,94.0,-0.0720208333333332,-80.54416176057622,-72.0208333333332,False,0.0,cued,3,100.0,16,True
sub07,test,18,63,29.027520833333334,28.904583333333335,96.0,-0.12293749999999903,-79.56444072851119,-122.93749999999903,False,0.0,cued,3,100.0,16,True
sub07,test,18,64,29.62752083333333,29.749541666666666,99.0,0.12202083333333391,-77.66656149711645,122.02083333333391,False,0.0,cued,3,100.0,16,True
sub07,test,18,65,30.015791666666665,29.930270833333335,100.0,-0.08552083333333016,-79.81089863121225,-85.52083333333016,False,0.0,cued,3,100.0,16,True
sub07,test,19,0,0.2188125,0.14875,0.0,-0.0700625,-52.3077799543859,-70.0625,False,1.0,spontaneous,2,108.0,0,True
sub07,test,19,1,0.7732291666666666,0.6549791666666667,1.0,-0.11824999999999997,-70.30975253130278,-118.24999999999997,False,1.0,spontaneous,2,108.0,0,True
sub07,test,19,2,1.3287916666666666,1.2438125,2.0,-0.0849791666666666,-52.938796759682496,-84.9791666666666,False,1.0,spontaneous,2,108.0,0,True
sub07,test,19,3,1.8843541666666668,1.7880625,3.0,-0.09629166666666666,-57.19795908227927,-96.29166666666666,False,1.0,spontaneous,2,108.0,0,True
sub07,test,19,4,2.162145833333333,2.348333333333333,4.0,0.18618749999999995,-55.60312255667637,186.18749999999994,False,1.0,spontaneous,2,108.0,0,True
sub07,test,19,5,2.4399166666666665,2.504875,5.0,0.06495833333333367,-85.01198651590403,64.95833333333367,False,0.0,spontaneous,2,108.0,0,True
sub07,test,19,6,2.7177083333333334,2.8861666666666665,6.0,0.16845833333333315,-71.16450173950733,168.45833333333314,False,1.0,spontaneous,2,108.0,0,True
sub07,test,19,7,2.9954791666666667,3.1712083333333334,7.0,0.17572916666666671,-80.54607216672487,175.7291666666667,False,0.0,spontaneous,2,108.0,0,True
sub07,test,19,8,3.273270833333333,3.4182916666666667,8.0,0.1450208333333336,-54.77725658104775,145.0208333333336,False,1.0,spontaneous,2,108.0,0,True
sub07,test,19,9,3.551041666666667,3.6223541666666668,9.0,0.07131249999999989,-82.61738011558954,71.31249999999989,False,0.0,spontaneous,2,108.0,0,True
sub07,test,19,10,3.8288125,3.9959375,10.0,0.16712499999999997,-74.73325815166453,167.12499999999997,False,0.0,spontaneous,2,108.0,0,True
sub07,test,19,11,4.106604166666667,4.204041666666667,11.0,0.09743749999999984,-80.57772053926236,97.43749999999984,False,0.0,spontaneous,2,108.0,0,True
sub07,test,19,12,4.3843958333333335,4.590458333333333,12.0,0.20606249999999982,-50.60465422897941,206.06249999999983,False,1.0,spontaneous,2,108.0,0,True
sub07,test,19,13,4.662166666666667,4.730416666666667,13.0,0.06824999999999992,-77.2773379080601,68.24999999999991,False,0.0,spontaneous,2,108.0,0,True
sub07,test,19,14,4.939958333333333,5.147354166666666,14.0,0.207395833333333,-52.68061957257352,207.395833333333,False,1.0,spontaneous,2,108.0,0,True
sub07,test,19,15,5.2177291666666665,5.350416666666667,15.0,0.1326875000000003,-81.52553681947057,132.68750000000028,False,0.0,spontaneous,2,108.0,0,True
sub07,test,19,16,5.495520833333333,5.6825625,16.0,0.18704166666666744,-53.91219904632322,187.04166666666742,False,1.0,spontaneous,2,108.0,0,True
sub07,test,19,17,5.773291666666666,5.8447708333333335,17.0,0.0714791666666672,-81.20445961805987,71.4791666666672,False,0.0,spontaneous,2,108.0,0,True
sub07,test,19,18,6.328854166666667,6.2333541666666665,18.0,-0.09550000000000036,-46.97728928982583,-95.50000000000037,False,1.0,spontaneous,2,108.0,0,True
sub07,test,19,19,6.884416666666667,6.824770833333333,20.0,-0.05964583333333362,-51.90894938299397,-59.64583333333362,False,1.0,spontaneous,2,108.0,0,True
sub07,test,19,20,7.162875,6.9865208333333335,21.0,-0.17635416666666615,-80.32985827725179,-176.35416666666615,False,0.0,spontaneous,2,108.0,0,True
sub07,test,19,21,7.441125,7.370416666666666,22.0,-0.07070833333333404,-54.19741913955192,-70.70833333333404,False,1.0,spontaneous,2,108.0,0,True
sub07,test,19,22,7.995541666666667,7.890770833333334,24.0,-0.10477083333333326,-52.55343636767538,-104.77083333333326,False,1.0,spontaneous,2,108.0,0,True
sub07,test,19,23,8.273333333333333,8.397729166666666,25.0,0.12439583333333282,-74.51902673629955,124.39583333333282,False,0.0,spontaneous,2,108.0,0,True
sub07,test,19,24,8.551104166666667,8.649354166666667,26.0,0.09825000000000017,-80.12245581230047,98.25000000000017,False,0.0,spontaneous,2,108.0,0,True
sub07,test,19,25,8.828875,8.937166666666666,27.0,0.10829166666666623,-54.74619237893482,108.29166666666623,False,1.0,spontaneous,2,108.0,0,True
sub07,test,19,26,9.106666666666667,,,,,,True,,spontaneous,2,108.0,0,True
sub07,test,19,27,9.662229166666666,9.484395833333334,28.0,-0.17783333333333218,-73.47590117077593,-177.83333333333218,False,1.0,spontaneous,2,108.0,0,True
sub07,test,19,28,10.217791666666667,10.026,29.0,-0.19179166666666703,-51.82818795861326,-191.79166666666703,False,1.0,spontaneous,2,108.0,0,True
sub07,test,19,29,10.4955625,10.63525,30.0,0.13968749999999908,-51.865942700616415,139.6874999999991,False,1.0,spontaneous,2,108.0,0,True
sub07,test,19,30,10.773354166666667,,,,,,True,,spontaneous,2,108.0,0,True
sub07,test,19,31,11.051145833333333,11.117125,31.0,0.0659791666666667,-54.38429731772417,65.9791666666667,False,1.0,spontaneous,2,108.0,0,True
sub07,test,19,32,11.328916666666666,,,,,,True,,spontaneous,2,108.0,0,True
sub07,test,19,33,11.6066875,11.681833333333334,32.0,0.07514583333333391,-69.29028768427999,75.14583333333391,False,1.0,spontaneous,2,108.0,0,True
sub07,test,19,34,11.884479166666667,,,,,,True,,spontaneous,2,108.0,0,True
sub07,test,19,35,12.16225,12.174375,33.0,0.012124999999999275,-54.3354319585172,12.124999999999275,False,1.0,spontaneous,2,108.0,0,True
sub07,test,19,36,12.440041666666668,12.324104166666666,34.0,-0.11593750000000114,-77.96266577959317,-115.93750000000114,False,0.0,spontaneous,2,108.0,0,True
sub07,test,19,37,12.995604166666666,12.881541666666667,36.0,-0.11406249999999929,-81.78369042840436,-114.06249999999929,False,0.0,spontaneous,2,108.0,0,True
sub07,test,19,38,13.273375,13.202895833333333,37.0,-0.07047916666666687,-55.03972019177481,-70.47916666666687,False,1.0,spontaneous,2,108.0,0,True
sub07,test,19,39,13.551166666666667,13.619875,39.0,0.06870833333333337,-52.28135931515954,68.70833333333337,False,1.0,spontaneous,2,108.0,0,True
sub07,test,19,40,13.8289375,,,,,,True,,spontaneous,2,108.0,0,True
sub07,test,19,41,14.106729166666666,14.086270833333334,40.0,-0.020458333333332135,-51.30387223674723,-20.458333333332135,False,1.0,spontaneous,2,108.0,0,True
sub07,test,19,42,14.384520833333333,14.465583333333333,41.0,0.08106249999999982,-81.74867825441011,81.06249999999982,False,0.0,spontaneous,2,108.0,0,True
sub07,test,19,43,14.662291666666667,14.600291666666667,42.0,-0.06199999999999939,-72.54425689996106,-61.99999999999939,False,1.0,spontaneous,2,108.0,0,True
sub07,test,19,44,15.217854166666667,15.283416666666668,45.0,0.06556250000000041,-73.93007290468579,65.56250000000041,False,1.0,spontaneous,2,108.0,0,True
sub07,test,19,45,15.773416666666666,15.6913125,46.0,-0.08210416666666553,-54.451308317370355,-82.10416666666553,False,1.0,spontaneous,2,108.0,0,True
sub07,test,19,46,16.051208333333335,16.025645833333332,48.0,-0.02556250000000304,-76.74807549290846,-25.56250000000304,False,0.0,spontaneous,2,108.0,0,True
sub07,test,19,47,16.328979166666667,16.262354166666668,49.0,-0.06662499999999838,-49.96635365404445,-66.62499999999838,False,1.0,spontaneous,2,108.0,0,True
sub07,test,19,48,16.884541666666667,16.868104166666665,52.0,-0.016437500000002103,-74.53679392281917,-16.437500000002103,False,0.0,spontaneous,2,108.0,0,True
sub07,test,19,49,17.440104166666668,17.470333333333333,54.0,0.030229166666664753,-78.6403416600086,30.229166666664753,False,0.0,spontaneous,2,108.0,0,True
sub07,test,19,50,17.717895833333333,17.690854166666668,55.0,-0.02704166666666552,-82.98617844673403,-27.04166666666552,False,0.0,spontaneous,2,108.0,0,True
sub07,test,19,51,17.995666666666665,17.8783125,56.0,-0.1173541666666651,-46.7703612416335,-117.3541666666651,False,1.0,spontaneous,2,108.0,0,True
sub07,test,19,52,18.551229166666666,18.576520833333333,58.0,0.025291666666667822,-77.79092667963735,25.291666666667822,False,0.0,spontaneous,2,108.0,0,True
sub07,test,19,53,18.829,18.933854166666666,59.0,0.1048541666666658,-47.602034704449295,104.8541666666658,False,1.0,spontaneous,2,108.0,0,True
sub07,test,19,54,19.106791666666666,19.1660625,60.0,0.05927083333333272,-80.35569423821455,59.27083333333272,False,0.0,spontaneous,2,108.0,0,True
sub07,test,19,55,19.662354166666667,19.699958333333335,62.0,0.03760416666666799,-79.60554114525205,37.60416666666799,False,0.0,spontaneous,2,108.0,0,True
sub07,test,19,56,19.940145833333332,20.1138125,63.0,0.1736666666666693,-53.49579680911009,173.6666666666693,False,1.0,spontaneous,2,108.0,0,True
sub07,test,19,57,20.217916666666667,20.3215,64.0,0.10358333333333292,-87.1156243155138,103.58333333333292,False,0.0,spontaneous,2,108.0,0,True
sub07,test,19,58,20.4956875,,,,,,True,,spontaneous,2,108.0,0,True
sub07,test,19,59,20.773479166666668,20.772041666666667,65.0,-0.0014375000000015348,-53.28061505194357,-1.4375000000015348,False,1.0,spontaneous,2,108.0,0,True
sub07,test,19,60,21.051270833333334,20.940458333333332,66.0,-0.11081250000000153,-78.63008429541365,-110.81250000000153,False,0.0,spontaneous,2,108.0,0,True
sub07,test,19,61,21.329041666666665,21.327791666666666,67.0,-0.0012499999999988631,-48.531152847916886,-1.2499999999988631,False,1.0,spontaneous,2,108.0,0,True
sub07,test,19,62,21.884604166666666,21.896833333333333,70.0,0.012229166666667624,-65.14202905519181,12.229166666667624,False,1.0,spontaneous,2,108.0,0,True
sub07,test,19,63,22.440166666666666,22.487583333333333,72.0,0.047416666666666885,-79.06006378041053,47.416666666666885,False,0.0,spontaneous,2,108.0,0,True
sub07,test,19,64,22.995729166666667,23.004854166666668,74.0,0.009125000000000938,-78.24336275453099,9.125000000000938,False,0.0,spontaneous,2,108.0,0,True
sub07,test,19,65,23.551291666666668,23.4211875,75.0,-0.13010416666666913,-52.896070088839096,-130.10416666666913,False,1.0,spontaneous,2,108.0,0,True
sub07,test,19,66,24.10685416666667,24.184645833333335,77.0,0.07779166666666626,-81.1565398482716,77.79166666666626,False,0.0,spontaneous,2,108.0,0,True
sub07,test,19,67,24.662416666666665,24.70489583333333,79.0,0.0424791666666664,-77.52638664238378,42.4791666666664,False,0.0,spontaneous,2,108.0,0,True
sub07,test,19,68,25.217979166666666,25.1774375,81.0,-0.04054166666666603,-75.50942862663072,-40.54166666666603,False,0.0,spontaneous,2,108.0,0,True
sub07,test,19,69,25.773541666666667,25.805041666666668,83.0,0.031500000000001194,-79.93030880798048,31.500000000001194,False,0.0,spontaneous,2,108.0,0,True
sub07,test,19,70,26.0513125,26.017416666666666,84.0,-0.0338958333333359,-83.01982690916155,-33.8958333333359,False,0.0,spontaneous,2,108.0,0,True
sub07,test,19,71,26.329104166666667,26.331125,86.0,0.0020208333333329165,-78.25556343143816,2.0208333333329165,False,0.0,spontaneous,2,108.0,0,True
sub07,test,19,72,26.606895833333333,26.769520833333335,87.0,0.16262500000000202,-51.472559293907366,162.62500000000202,False,1.0,spontaneous,2,108.0,0,True
sub07,test,19,73,26.884666666666668,26.880104166666666,88.0,-0.004562500000002245,-74.13142598019739,-4.562500000002245,False,0.0,spontaneous,2,108.0,0,True
sub07,test,19,74,27.1624375,27.291354166666668,89.0,0.1289166666666688,-52.724683183565304,128.9166666666688,False,1.0,spontaneous,2,108.0,0,True
sub07,test,19,75,27.440229166666665,27.495895833333332,90.0,0.0556666666666672,-79.5222160375546,55.6666666666672,False,0.0,spontaneous,2,108.0,0,True
sub07,test,19,76,27.995791666666666,28.046895833333334,92.0,0.051104166666668505,-79.17327869901737,51.104166666668505,False,0.0,spontaneous,2,108.0,0,True
sub07,test,19,77,28.273583333333335,28.410604166666666,93.0,0.13702083333333093,-53.404212498269246,137.02083333333093,False,1.0,spontaneous,2,108.0,0,True
sub07,test,19,78,28.551354166666666,28.56352083333333,94.0,0.012166666666665549,-77.05803453319183,12.166666666665549,False,0.0,spontaneous,2,108.0,0,True
sub07,test,19,79,29.106916666666667,29.169333333333334,96.0,0.06241666666666745,-81.76635993605026,62.41666666666745,False,0.0,spontaneous,2,108.0,0,True
sub07,test,19,80,29.3846875,29.355416666666667,97.0,-0.02927083333333158,-76.96432192178997,-29.27083333333158,False,0.0,spontaneous,2,108.0,0,True
sub07,test,19,81,29.662479166666667,29.70875,99.0,0.04627083333333104,-79.69756410201936,46.27083333333104,False,0.0,spontaneous,2,108.0,0,True
sub07,test,19,82,29.9599375,,,,,,True,,spontaneous,2,108.0,0,True
sub07,test,20,0,0.22264583333333332,0.36404166666666665,0.0,0.14139583333333333,-52.60198880960375,141.39583333333334,False,1.0,spontaneous,3,116.0,0,True
sub07,test,20,1,0.7387708333333334,0.7756041666666667,1.0,0.036833333333333274,-73.42758279803033,36.83333333333327,False,0.0,spontaneous,3,116.0,0,True
sub07,test,20,2,1.2560208333333334,1.2613958333333333,2.0,0.005374999999999908,-53.39282650810701,5.374999999999908,False,1.0,spontaneous,3,116.0,0,True
sub07,test,20,3,1.5146666666666666,1.4697708333333332,3.0,-0.04489583333333336,-78.1455066744338,-44.89583333333336,False,0.0,spontaneous,3,116.0,0,True
sub07,test,20,4,1.7732708333333334,1.6917708333333332,4.0,-0.08150000000000013,-52.62783963926459,-81.50000000000013,False,1.0,spontaneous,3,116.0,0,True
sub07,test,20,5,2.2905208333333333,2.187875,5.0,-0.10264583333333333,-50.405740800121265,-102.64583333333333,False,1.0,spontaneous,3,116.0,0,True
sub07,test,20,6,2.550125,2.7325625,6.0,0.1824374999999998,-50.24886034393748,182.4374999999998,False,1.0,spontaneous,3,116.0,0,True
sub07,test,20,7,2.8089166666666667,2.8960833333333333,7.0,0.08716666666666661,-79.60220813020469,87.16666666666661,False,0.0,spontaneous,3,116.0,0,True
sub07,test,20,8,3.3250208333333333,3.1772916666666666,8.0,-0.1477291666666667,-52.87467846249405,-147.72916666666669,False,1.0,spontaneous,3,116.0,0,True
sub07,test,20,9,3.583645833333333,3.7015625,9.0,0.11791666666666689,-50.016373160638224,117.91666666666688,False,1.0,spontaneous,3,116.0,0,True
sub07,test,20,10,3.8422708333333335,3.90825,10.0,0.06597916666666626,-79.98650589100718,65.97916666666626,False,0.0,spontaneous,3,116.0,0,True
sub07,test,20,11,4.100875,4.016729166666667,11.0,-0.08414583333333336,-72.06249851382043,-84.14583333333337,False,1.0,spontaneous,3,116.0,0,True
sub07,test,20,12,4.359520833333334,4.3708125,13.0,0.0112916666666667,-75.67577296487596,11.2916666666667,False,0.0,spontaneous,3,116.0,0,True
sub07,test,20,13,4.8767708333333335,4.921166666666666,15.0,0.044395833333332746,-79.45133728587938,44.395833333332746,False,0.0,spontaneous,3,116.0,0,True
sub07,test,20,14,5.135395833333333,5.291604166666667,16.0,0.15620833333333373,-50.695330943068235,156.2083333333337,False,1.0,spontaneous,3,116.0,0,True
sub07,test,20,15,5.394020833333333,5.5099583333333335,17.0,0.11593750000000025,-79.12249457938383,115.93750000000026,False,0.0,spontaneous,3,116.0,0,True
sub07,test,20,16,5.652666666666667,5.826229166666667,18.0,0.17356250000000006,-48.66279966645373,173.56250000000006,False,1.0,spontaneous,3,116.0,0,True
sub07,test,20,17,5.911270833333333,5.988520833333333,19.0,0.07725000000000026,-76.76098107691183,77.25000000000026,False,0.0,spontaneous,3,116.0,0,True
sub07,test,20,18,6.428520833333334,6.390395833333334,21.0,-0.038124999999999964,-68.41462188143714,-38.124999999999964,False,1.0,spontaneous,3,116.0,0,True
sub07,test,20,19,6.687125,6.811520833333334,22.0,0.1243958333333337,-49.68556440293224,124.39583333333371,False,1.0,spontaneous,3,116.0,0,True
sub07,test,20,20,6.9457708333333334,7.1195,23.0,0.17372916666666693,-73.58981686215658,173.72916666666694,False,0.0,spontaneous,3,116.0,0,True
sub07,test,20,21,7.204395833333334,7.33925,24.0,0.13485416666666605,-49.54000023315548,134.85416666666606,False,1.0,spontaneous,3,116.0,0,True
sub07,test,20,22,7.463020833333333,7.507083333333333,25.0,0.04406249999999989,-79.4481204380867,44.06249999999989,False,0.0,spontaneous,3,116.0,0,True
sub07,test,20,23,7.980270833333333,7.953020833333333,27.0,-0.027249999999999552,-74.27026530977753,-27.249999999999552,False,0.0,spontaneous,3,116.0,0,True
sub07,test,20,24,8.238895833333334,8.316875,28.0,0.07797916666666538,-49.001809300170606,77.97916666666538,False,1.0,spontaneous,3,116.0,0,True
sub07,test,20,25,8.497520833333333,8.523854166666666,29.0,0.026333333333333542,-80.14969868032,26.33333333333354,False,0.0,spontaneous,3,116.0,0,True
sub07,test,20,26,8.756125,8.826291666666666,30.0,0.07016666666666538,-47.58127478271521,70.16666666666538,False,1.0,spontaneous,3,116.0,0,True
sub07,test,20,27,9.014770833333333,9.037020833333333,31.0,0.02224999999999966,-79.2524777499945,22.24999999999966,False,0.0,spontaneous,3,116.0,0,True
sub07,test,20,28,9.273416666666666,9.424979166666667,32.0,0.1515625000000007,-53.47161610049265,151.5625000000007,False,1.0,spontaneous,3,116.0,0,True
sub07,test,20,29,9.532020833333334,9.565125,33.0,0.033104166666666046,-82.98953119185427,33.104166666666046,False,0.0,spontaneous,3,116.0,0,True
sub07,test,20,30,9.790625,9.931625,34.0,0.14100000000000001,-49.01601962823317,141.0,False,1.0,spontaneous,3,116.0,0,True
sub07,test,20,31,10.049270833333333,10.147375,35.0,0.09810416666666733,-78.18712263055882,98.10416666666733,False,0.0,spontaneous,3,116.0,0,True
sub07,test,20,32,10.307895833333333,10.464583333333334,36.0,0.1566875000000003,-50.946854785599,156.6875000000003,False,1.0,spontaneous,3,116.0,0,True
sub07,test,20,33,10.566520833333334,10.656375,37.0,0.08985416666666701,-75.43457078501402,89.85416666666701,False,0.0,spontaneous,3,116.0,0,True
sub07,test,20,34,11.083770833333332,11.1384375,39.0,0.05466666666666775,-78.9716140436389,54.66666666666775,False,0.0,spontaneous,3,116.0,0,True
sub07,test,20,35,11.342416666666667,11.501791666666668,40.0,0.1593750000000007,-73.35698020873315,159.3750000000007,False,0.0,spontaneous,3,116.0,0,True
sub07,test,20,36,11.601020833333333,11.696,41.0,0.09497916666666661,-79.89726538300533,94.97916666666661,False,0.0,spontaneous,3,116.0,0,True
sub07,test,20,37,11.859645833333333,11.957270833333334,42.0,0.09762500000000074,-77.81429777434735,97.62500000000074,False,0.0,spontaneous,3,116.0,0,True
sub07,test,20,38,12.118270833333334,12.0945,43.0,-0.02377083333333374,-49.4757813477887,-23.77083333333374,False,1.0,spontaneous,3,116.0,0,True
sub07,test,20,39,12.377270833333334,12.247333333333334,44.0,-0.12993750000000048,-80.12476804322253,-129.93750000000048,False,0.0,spontaneous,3,116.0,0,True
sub07,test,20,40,12.636666666666667,12.546604166666667,45.0,-0.09006250000000016,-51.17486658593762,-90.06250000000016,False,1.0,spontaneous,3,116.0,0,True
sub07,test,20,41,13.152770833333333,13.058708333333334,46.0,-0.09406249999999972,-52.19215832698576,-94.06249999999972,False,1.0,spontaneous,3,116.0,0,True
sub07,test,20,42,13.411416666666666,13.2485,47.0,-0.16291666666666593,-78.56097309140765,-162.91666666666595,False,0.0,spontaneous,3,116.0,0,True
sub07,test,20,43,13.670020833333334,13.66025,48.0,-0.009770833333334394,-52.49546720659474,-9.770833333334394,False,1.0,spontaneous,3,116.0,0,True
sub07,test,20,44,13.928625,14.061875,50.0,0.1332500000000003,-53.05006481930735,133.2500000000003,False,1.0,spontaneous,3,116.0,0,True
sub07,test,20,45,14.187270833333333,14.216583333333332,51.0,0.02931249999999963,-75.2493070654184,29.31249999999963,False,0.0,spontaneous,3,116.0,0,True
sub07,test,20,46,14.445895833333333,14.635020833333334,52.0,0.18912500000000065,-50.92414912668363,189.12500000000065,False,1.0,spontaneous,3,116.0,0,True
sub07,test,20,47,14.704520833333333,14.7945,53.0,0.08997916666666583,-78.76006950923089,89.97916666666583,False,0.0,spontaneous,3,116.0,0,True
sub07,test,20,48,15.221770833333334,15.186291666666667,54.0,-0.03547916666666673,-48.76777657807372,-35.47916666666673,False,1.0,spontaneous,3,116.0,0,True
sub07,test,20,49,15.480416666666667,15.590666666666667,56.0,0.11025000000000063,-50.16116994574495,110.25000000000063,False,1.0,spontaneous,3,116.0,0,True
sub07,test,20,50,15.739020833333333,15.712708333333333,57.0,-0.026312499999999517,-73.68089576610033,-26.312499999999517,False,0.0,spontaneous,3,116.0,0,True
sub07,test,20,51,15.998604166666667,16.101458333333333,58.0,0.10285416666666691,-49.257308802678764,102.85416666666691,False,1.0,spontaneous,3,116.0,0,True
sub07,test,20,52,16.257416666666668,,,,,,True,,spontaneous,3,116.0,0,True
sub07,test,20,53,16.773520833333333,16.648229166666667,60.0,-0.1252916666666657,-48.02346356645722,-125.29166666666569,False,1.0,spontaneous,3,116.0,0,True
sub07,test,20,54,17.032145833333335,17.06447916666667,61.0,0.03233333333333377,-80.65247475039683,32.33333333333377,False,0.0,spontaneous,3,116.0,0,True
sub07,test,20,55,17.290770833333333,17.234604166666667,62.0,-0.05616666666666603,-49.3984965175339,-56.16666666666603,False,1.0,spontaneous,3,116.0,0,True
sub07,test,20,56,17.549375,17.41358333333333,63.0,-0.13579166666666964,-78.83116202167591,-135.79166666666964,False,0.0,spontaneous,3,116.0,0,True
sub07,test,20,57,17.808020833333334,17.730354166666668,64.0,-0.07766666666666566,-54.58043423172599,-77.66666666666566,False,1.0,spontaneous,3,116.0,0,True
sub07,test,20,58,18.066625,17.913208333333333,65.0,-0.15341666666666498,-82.69922706540613,-153.41666666666498,False,0.0,spontaneous,3,116.0,0,True
sub07,test,20,59,18.325270833333335,18.241333333333333,66.0,-0.08393750000000111,-53.549931569243554,-83.93750000000111,False,1.0,spontaneous,3,116.0,0,True
sub07,test,20,60,18.583895833333333,18.734770833333332,67.0,0.1508749999999992,-48.967191133497494,150.8749999999992,False,1.0,spontaneous,3,116.0,0,True
sub07,test,20,61,18.84252083333333,18.996416666666665,68.0,0.15389583333333334,-83.26117997069747,153.89583333333334,False,0.0,spontaneous,3,116.0,0,True
sub07,test,20,62,19.359770833333332,19.437166666666666,70.0,0.077395833333334,-78.76894577558409,77.395833333334,False,0.0,spontaneous,3,116.0,0,True
sub07,test,20,63,19.618375,19.78425,71.0,0.16587499999999977,-54.32624415842963,165.87499999999977,False,1.0,spontaneous,3,116.0,0,True
sub07,test,20,64,19.877020833333333,,,,,,True,,spontaneous,3,116.0,0,True
sub07,test,20,65,20.135666666666665,20.300166666666666,72.0,0.1645000000000003,-75.08093490309976,164.5000000000003,False,0.0,spontaneous,3,116.0,0,True
sub07,test,20,66,20.394270833333334,20.470625,73.0,0.07635416666666472,-78.3352356249515,76.35416666666472,False,0.0,spontaneous,3,116.0,0,True
sub07,test,20,67,20.652875,20.796645833333333,74.0,0.14377083333333118,-52.957137412273845,143.77083333333118,False,1.0,spontaneous,3,116.0,0,True
sub07,test,20,68,20.911520833333334,20.93627083333333,75.0,0.024749999999997385,-76.24087715358635,24.749999999997385,False,0.0,spontaneous,3,116.0,0,True
sub07,test,20,69,21.170125,21.299666666666667,76.0,0.12954166666666822,-50.01125077661945,129.54166666666822,False,1.0,spontaneous,3,116.0,0,True
sub07,test,20,70,21.428770833333335,21.461520833333335,77.0,0.03275000000000006,-79.37016332426664,32.75000000000006,False,0.0,spontaneous,3,116.0,0,True
sub07,test,20,71,21.687395833333333,21.8293125,78.0,0.1419166666666669,-51.803602497346816,141.9166666666669,False,1.0,spontaneous,3,116.0,0,True
sub07,test,20,72,21.946020833333332,21.98475,79.0,0.03872916666666626,-75.61405123229578,38.72916666666626,False,0.0,spontaneous,3,116.0,0,True
sub07,test,20,73,22.204625,22.330270833333334,80.0,0.12564583333333346,-54.821773985810005,125.64583333333346,False,1.0,spontaneous,3,116.0,0,True
sub07,test,20,74,22.463270833333333,,,,,,True,,spontaneous,3,116.0,0,True
sub07,test,20,75,22.721875,22.921895833333334,81.0,0.20002083333333331,-54.36320283037725,200.02083333333331,False,1.0,spontaneous,3,116.0,0,True
sub07,test,20,76,22.980520833333333,23.078979166666667,82.0,0.09845833333333331,-77.70546905635558,98.45833333333331,False,0.0,spontaneous,3,116.0,0,True
sub07,test,20,77,23.239166666666666,,,,,,True,,spontaneous,3,116.0,0,True
sub07,test,20,78,23.497770833333334,23.457229166666668,83.0,-0.04054166666666603,-53.807228406054904,-40.54166666666603,False,1.0,spontaneous,3,116.0,0,True
sub07,test,20,79,23.756416666666667,23.63725,84.0,-0.11916666666666487,-80.19470388987227,-119.16666666666487,False,0.0,spontaneous,3,116.0,0,True
sub07,test,20,80,24.015020833333335,24.066104166666666,86.0,0.05108333333333093,-70.12586611115309,51.08333333333093,False,1.0,spontaneous,3,116.0,0,True
sub07,test,20,81,24.273645833333333,,,,,,True,,spontaneous,3,116.0,0,True
sub07,test,20,82,24.53227083333333,24.482875,87.0,-0.04939583333333175,-46.71442071040046,-49.39583333333175,False,1.0,spontaneous,3,116.0,0,True
sub07,test,20,83,25.049520833333332,25.113291666666665,90.0,0.06377083333333289,-81.06512904446245,63.77083333333289,False,0.0,spontaneous,3,116.0,0,True
sub07,test,20,84,25.308145833333334,,,,,,True,,spontaneous,3,116.0,0,True
sub07,test,20,85,25.566770833333333,25.553125,91.0,-0.01364583333333158,-49.37195865935042,-13.64583333333158,False,1.0,spontaneous,3,116.0,0,True
sub07,test,20,86,25.825375,25.666979166666668,92.0,-0.1583958333333335,-77.20295024239371,-158.3958333333335,False,0.0,spontaneous,3,116.0,0,True
sub07,test,20,87,26.084020833333334,26.151979166666667,94.0,0.06795833333333334,-75.17922915712407,67.95833333333334,False,0.0,spontaneous,3,116.0,0,True
sub07,test,20,88,26.342625,26.2606875,95.0,-0.08193750000000222,-80.33167747280655,-81.93750000000222,False,0.0,spontaneous,3,116.0,0,True
sub07,test,20,89,26.601270833333334,26.657458333333334,97.0,0.05618750000000006,-78.4332038825506,56.18750000000006,False,0.0,spontaneous,3,116.0,0,True
sub07,test,20,90,26.859916666666667,27.015916666666666,98.0,0.1559999999999988,-54.6965153216245,155.9999999999988,False,1.0,spontaneous,3,116.0,0,True
sub07,test,20,91,27.118520833333335,27.154916666666665,99.0,0.036395833333330074,-76.8401735400109,36.395833333330074,False,0.0,spontaneous,3,116.0,0,True
sub07,test,20,92,27.377125,27.559270833333333,100.0,0.18214583333333323,-48.750416656791984,182.14583333333323,False,1.0,spontaneous,3,116.0,0,True
sub07,test,20,93,27.635770833333332,27.682625,101.0,0.04685416666666953,-79.40578089394587,46.85416666666953,False,0.0,spontaneous,3,116.0,0,True
sub07,test,20,94,27.894395833333334,28.0359375,102.0,0.14154166666666512,-55.5251352705603,141.54166666666512,False,1.0,spontaneous,3,116.0,0,True
sub07,test,20,95,28.153020833333333,28.175895833333332,103.0,0.02287499999999909,-80.46591396812198,22.87499999999909,False,0.0,spontaneous,3,116.0,0,True
sub07,test,20,96,28.411625,28.5369375,104.0,0.12531249999999972,-51.35461421926608,125.31249999999972,False,1.0,spontaneous,3,116.0,0,True
sub07,test,20,97,28.670270833333333,28.685291666666668,105.0,0.015020833333334593,-79.32304232466335,15.020833333334593,False,0.0,spontaneous,3,116.0,0,True
sub07,test,20,98,29.187520833333334,29.228645833333335,108.0,0.041125000000000966,-77.1769198204805,41.125000000000966,False,0.0,spontaneous,3,116.0,0,True
sub07,test,20,99,29.600375,29.5819375,109.0,-0.018437500000000995,-53.88472991414103,-18.437500000000995,False,1.0,spontaneous,3,116.0,0,True
sub07,test,20,100,29.947916666666668,,,,,,True,,spontaneous,3,116.0,0,True
