subject,phase,trial,condition,meter,bpm,switch_time,tap_idx,tap_time_s,peak_amp,rms_db
sub01,test,1,spontaneous,3,120.0,0,0,0.4939375,0.008148193359375,-56.93272476394533
sub01,test,1,spontaneous,3,120.0,0,1,1.0310625,0.002288818359375,-64.02099585522198
sub01,test,1,spontaneous,3,120.0,0,2,1.3689375,0.003570556640625,-63.959603369303366
sub01,test,1,spontaneous,3,120.0,0,3,1.9131458333333333,0.010894775390625,-56.242858829509494
sub01,test,1,spontaneous,3,120.0,0,4,2.0308125,0.0015869140625,-62.97029115226166
sub01,test,1,spontaneous,3,120.0,0,5,2.426083333333333,0.00537109375,-60.64403542618109
sub01,test,1,spontaneous,3,120.0,0,6,2.8724583333333333,0.00628662109375,-59.68598922863505
sub01,test,1,spontaneous,3,120.0,0,7,3.372875,0.007781982421875,-58.26941265026144
sub01,test,1,spontaneous,3,120.0,0,8,3.9210416666666665,0.003875732421875,-63.5154390462706
sub01,test,1,spontaneous,3,120.0,0,9,4.3214375,0.005950927734375,-59.68637641860451
sub01,test,1,spontaneous,3,120.0,0,10,4.844375,0.008544921875,-58.02023365666648
sub01,test,1,spontaneous,3,120.0,0,11,5.364645833333333,0.00531005859375,-61.41475240010897
sub01,test,1,spontaneous,3,120.0,0,12,5.591104166666667,0.001251220703125,-66.3958732865419
sub01,test,1,spontaneous,3,120.0,0,13,5.782604166666666,0.004638671875,-61.94231628718579
sub01,test,1,spontaneous,3,120.0,0,14,6.3836458333333335,0.010162353515625,-56.657307942486696
sub01,test,1,spontaneous,3,120.0,0,15,6.557458333333333,0.001251220703125,-67.10819959495129
sub01,test,1,spontaneous,3,120.0,0,16,6.938375,0.00537109375,-60.005033641970556
sub01,test,1,spontaneous,3,120.0,0,17,7.1899375,0.001129150390625,-69.40499736030395
sub01,test,1,spontaneous,3,120.0,0,18,7.347458333333333,0.006744384765625,-59.51879477424519
sub01,test,1,spontaneous,3,120.0,0,19,7.464645833333333,0.00128173828125,-66.3371209688822
sub01,test,1,spontaneous,3,120.0,0,20,7.816208333333333,0.013092041015625,-55.19812975936254
sub01,test,1,spontaneous,3,120.0,0,21,8.413354166666666,0.004638671875,-61.25709469046184
sub01,test,1,spontaneous,3,120.0,0,22,8.671958333333333,0.00390625,-63.61736751575635
sub01,test,1,spontaneous,3,120.0,0,23,8.831145833333334,0.00140380859375,-67.69458568341383
sub01,test,1,spontaneous,3,120.0,0,24,9.110270833333333,0.001190185546875,-65.93851047957267
sub01,test,1,spontaneous,3,120.0,0,25,9.255416666666667,0.012481689453125,-56.42352338774086
sub01,test,1,spontaneous,3,120.0,0,26,9.568583333333333,0.001190185546875,-67.54361467173788
sub01,test,1,spontaneous,3,120.0,0,27,9.7205,0.002777099609375,-65.59593890079927
sub01,test,1,spontaneous,3,120.0,0,28,10.0696875,0.00433349609375,-61.26919615984107
sub01,test,1,spontaneous,3,120.0,0,29,10.502166666666668,0.008758544921875,-58.113301179828525
sub01,test,1,spontaneous,3,120.0,0,30,10.9330625,0.00537109375,-58.70360039846786
sub01,test,1,spontaneous,3,120.0,0,31,11.302541666666666,0.00360107421875,-63.40951897860259
sub01,test,1,spontaneous,3,120.0,0,32,11.819229166666666,0.01214599609375,-56.32437825692837
sub01,test,1,spontaneous,3,120.0,0,33,12.3083125,0.0018310546875,-65.88122957504712
sub01,test,1,spontaneous,3,120.0,0,34,12.750145833333333,0.00396728515625,-62.9172544896851
sub01,test,1,spontaneous,3,120.0,0,35,13.148125,0.004608154296875,-63.98849827552344
sub01,test,1,spontaneous,3,120.0,0,36,13.406541666666667,0.00115966796875,-68.73059188567105
sub01,test,1,spontaneous,3,120.0,0,37,13.577166666666667,0.00299072265625,-64.3885969598384
sub01,test,1,spontaneous,3,120.0,0,38,13.9606875,0.00286865234375,-65.01008121128856
sub01,test,1,spontaneous,3,120.0,0,39,14.465645833333333,0.005584716796875,-61.13596454966063
sub01,test,1,spontaneous,3,120.0,0,40,14.9318125,0.00323486328125,-65.04361397207472
sub01,test,1,spontaneous,3,120.0,0,41,15.3244375,0.003082275390625,-64.95365747423
sub01,test,1,spontaneous,3,120.0,0,42,15.730125,0.006103515625,-61.09865810043844
sub01,test,1,spontaneous,3,120.0,0,43,16.245708333333333,0.00299072265625,-58.25551483445858
sub01,test,1,spontaneous,3,120.0,0,44,16.452375,0.002044677734375,-61.50089444902187
sub01,test,1,spontaneous,3,120.0,0,45,16.662229166666666,0.004486083984375,-62.61373298891107
sub01,test,1,spontaneous,3,120.0,0,46,16.925958333333334,0.001312255859375,-65.40594066806511
sub01,test,1,spontaneous,3,120.0,0,47,17.107520833333332,0.00360107421875,-62.1294309379979
sub01,test,1,spontaneous,3,120.0,0,48,17.234291666666667,0.00225830078125,-57.587143888791516
sub01,test,1,spontaneous,3,120.0,0,49,17.35054166666667,0.00225830078125,-59.149772240322214
sub01,test,1,spontaneous,3,120.0,0,50,17.467041666666667,0.001922607421875,-62.2289204067161
sub01,test,1,spontaneous,3,120.0,0,51,17.570166666666665,0.0045166015625,-60.35237232868441
sub01,test,1,spontaneous,3,120.0,0,52,17.732375,0.001312255859375,-67.71251249806083
sub01,test,1,spontaneous,3,120.0,0,53,17.874145833333333,0.002349853515625,-60.090513294863435
sub01,test,1,spontaneous,3,120.0,0,54,18.09125,0.001220703125,-67.01971247068498
sub01,test,1,spontaneous,3,120.0,0,55,18.3649375,0.0057373046875,-61.07212686666604
sub01,test,1,spontaneous,3,120.0,0,56,18.518875,0.001190185546875,-66.51215494680199
sub01,test,1,spontaneous,3,120.0,0,57,18.920770833333332,0.00299072265625,-65.22581557716781
sub01,test,1,spontaneous,3,120.0,0,58,19.155875,0.001800537109375,-65.34990552948133
sub01,test,1,spontaneous,3,120.0,0,59,19.628229166666667,0.00811767578125,-58.08141693925392
sub01,test,1,spontaneous,3,120.0,0,60,20.111,0.005584716796875,-60.57935365050468
sub01,test,1,spontaneous,3,120.0,0,61,20.437604166666667,0.003875732421875,-63.42495532646573
sub01,test,1,spontaneous,3,120.0,0,62,20.965645833333333,0.014923095703125,-54.23888659244555
sub01,test,1,spontaneous,3,120.0,0,63,21.446833333333334,0.005462646484375,-60.91069408800454
sub01,test,1,spontaneous,3,120.0,0,64,21.815958333333334,0.003143310546875,-65.2913236558613
sub01,test,1,spontaneous,3,120.0,0,65,22.235729166666665,0.00115966796875,-67.31619637531355
sub01,test,1,spontaneous,3,120.0,0,66,22.344125,0.0072021484375,-59.55018538769491
sub01,test,1,spontaneous,3,120.0,0,67,22.507958333333335,0.001312255859375,-66.26329838223768
sub01,test,1,spontaneous,3,120.0,0,68,22.844541666666668,0.00579833984375,-60.747885141031205
sub01,test,1,spontaneous,3,120.0,0,69,22.9445625,0.001129150390625,-66.64475616181035
sub01,test,1,spontaneous,3,120.0,0,70,23.07935416666667,0.00225830078125,-66.99003193511348
sub01,test,1,spontaneous,3,120.0,0,71,23.549625,0.00836181640625,-57.791949204645135
sub01,test,1,spontaneous,3,120.0,0,72,24.100458333333332,0.007080078125,-59.074035267116585
sub01,test,1,spontaneous,3,120.0,0,73,24.221645833333334,0.0018310546875,-58.635608221741435
sub01,test,1,spontaneous,3,120.0,0,74,24.385604166666667,0.003143310546875,-58.48065696735395
sub01,test,1,spontaneous,3,120.0,0,75,24.7035625,0.0010986328125,-64.79527863833164
sub01,test,1,spontaneous,3,120.0,0,76,24.945166666666665,0.013885498046875,-54.52725303072701
sub01,test,1,spontaneous,3,120.0,0,77,25.081833333333332,0.0013427734375,-65.18814205503406
sub01,test,1,spontaneous,3,120.0,0,78,25.4195625,0.004913330078125,-62.32622404334613
sub01,test,1,spontaneous,3,120.0,0,79,25.671375,0.0029296875,-65.76841928471752
sub01,test,1,spontaneous,3,120.0,0,80,26.062041666666666,0.011322021484375,-56.212433240522195
sub01,test,1,spontaneous,3,120.0,0,81,26.225916666666667,0.001251220703125,-64.99454650649666
sub01,test,1,spontaneous,3,120.0,0,82,26.557666666666666,0.00634765625,-60.44875291634888
sub01,test,1,spontaneous,3,120.0,0,83,26.868020833333333,0.002044677734375,-64.62024546288052
sub01,test,1,spontaneous,3,120.0,0,84,27.340916666666665,0.00787353515625,-59.33580596766479
sub01,test,1,spontaneous,3,120.0,0,85,27.9125,0.005645751953125,-59.73829985683003
sub01,test,1,spontaneous,3,120.0,0,86,28.26625,0.00567626953125,-60.26625950786264
sub01,test,1,spontaneous,3,120.0,0,87,28.686625,0.012359619140625,-55.54735326054106
sub01,test,1,spontaneous,3,120.0,0,88,28.839291666666668,0.00146484375,-66.33919973735306
sub01,test,1,spontaneous,3,120.0,0,89,29.196145833333333,0.011688232421875,-56.06749899257082
sub01,test,1,spontaneous,3,120.0,0,90,29.618479166666667,0.004180908203125,-63.325165656153345
sub01,test,1,spontaneous,3,120.0,0,91,29.776854166666666,0.0010986328125,-69.3539633925408
sub01,test,1,spontaneous,3,120.0,0,92,29.977208333333333,0.001190185546875,-66.7373955787659
sub01,test,2,cued,3,104.0,14,0,0.2238125,0.000823974609375,-69.1007925512138
sub01,test,2,cued,3,104.0,14,1,0.4115,0.000823974609375,-69.27909073917174
sub01,test,2,cued,3,104.0,14,2,0.5829791666666667,0.00225830078125,-66.07988711306245
sub01,test,2,cued,3,104.0,14,3,0.7766458333333334,0.00079345703125,-71.31368188188205
sub01,test,2,cued,3,104.0,14,4,0.9239375,0.0006103515625,-70.86698291736465
sub01,test,2,cued,3,104.0,14,5,1.0418333333333334,0.002197265625,-64.67403979522115
sub01,test,2,cued,3,104.0,14,6,1.2385416666666667,0.00079345703125,-68.70694045302072
sub01,test,2,cued,3,104.0,14,7,1.4315,0.000640869140625,-71.41808380689557
sub01,test,2,cued,3,104.0,14,8,1.5523958333333334,0.000579833984375,-73.72265878787746
sub01,test,2,cued,3,104.0,14,9,1.7066875,0.006317138671875,-58.476505982177464
sub01,test,2,cued,3,104.0,14,10,1.8629166666666668,0.001556396484375,-68.33582901770026
sub01,test,2,cued,3,104.0,14,11,1.9780416666666667,0.000701904296875,-69.51053107617764
sub01,test,2,cued,3,104.0,14,12,2.24775,0.0018310546875,-66.6966535858951
sub01,test,2,cued,3,104.0,14,13,2.4859791666666666,0.000701904296875,-68.81552417776348
sub01,test,2,cued,3,104.0,14,14,2.7549166666666665,0.002105712890625,-66.17689756624331
sub01,test,2,cued,3,104.0,14,15,2.9536875,0.001129150390625,-66.2281896255959
sub01,test,2,cued,3,104.0,14,16,3.151666666666667,0.000762939453125,-69.68268280641806
sub01,test,2,cued,3,104.0,14,17,3.2645833333333334,0.000762939453125,-68.79047147203045
sub01,test,2,cued,3,104.0,14,18,3.3908958333333334,0.002532958984375,-65.14932225003652
sub01,test,2,cued,3,104.0,14,19,3.5135,0.000823974609375,-70.59111989837416
sub01,test,2,cued,3,104.0,14,20,3.820520833333333,0.0009765625,-65.98341454052694
sub01,test,2,cued,3,104.0,14,21,4.007458333333333,0.0013427734375,-66.07452543754353
sub01,test,2,cued,3,104.0,14,22,4.206166666666666,0.000732421875,-69.97794562512449
sub01,test,2,cued,3,104.0,14,23,4.325958333333333,0.000579833984375,-74.09507148122225
sub01,test,2,cued,3,104.0,14,24,4.463854166666667,0.001190185546875,-69.08588443891455
sub01,test,2,cued,3,104.0,14,25,4.6014375,0.000762939453125,-69.75017455385337
sub01,test,2,cued,3,104.0,14,26,4.7528125,0.000640869140625,-70.03646539634809
sub01,test,2,cued,3,104.0,14,27,4.9045,0.0006103515625,-73.1808068867818
sub01,test,2,cued,3,104.0,14,28,5.162,0.003570556640625,-63.627081736593844
sub01,test,2,cued,3,104.0,14,29,5.4200625,0.000579833984375,-71.30817381508257
sub01,test,2,cued,3,104.0,14,30,5.817208333333333,0.00299072265625,-63.5421264909173
sub01,test,2,cued,3,104.0,14,31,5.92675,0.000762939453125,-70.62361841476427
sub01,test,2,cued,3,104.0,14,32,6.044041666666667,0.0009765625,-66.95284592148016
sub01,test,2,cued,3,104.0,14,33,6.318625,0.002716064453125,-60.328934447739336
sub01,test,2,cued,3,104.0,14,34,6.432895833333333,0.00079345703125,-70.34205806627317
sub01,test,2,cued,3,104.0,14,35,6.593916666666667,0.0008544921875,-69.80087920338997
sub01,test,2,cued,3,104.0,14,36,6.785020833333333,0.00091552734375,-70.27472298468781
sub01,test,2,cued,3,104.0,14,37,6.919125,0.00506591796875,-60.28970376410004
sub01,test,2,cued,3,104.0,14,38,7.0631875,0.00091552734375,-69.50867476935652
sub01,test,2,cued,3,104.0,14,39,7.1788125,0.001251220703125,-66.14124201348184
sub01,test,2,cued,3,104.0,14,40,7.298979166666666,0.000762939453125,-69.18907347110506
sub01,test,2,cued,3,104.0,14,41,7.525625,0.0025634765625,-63.18541945895342
sub01,test,2,cued,3,104.0,14,42,7.7195,0.000885009765625,-69.00045899982102
sub01,test,2,cued,3,104.0,14,43,8.013270833333333,0.001434326171875,-66.28878644711017
sub01,test,2,cued,3,104.0,14,44,8.154916666666667,0.00091552734375,-70.90497493998035
sub01,test,2,cued,3,104.0,14,45,8.325,0.001007080078125,-71.32948360634602
sub01,test,2,cued,3,104.0,14,46,8.52925,0.00537109375,-60.87237787706499
sub01,test,2,cued,3,104.0,14,47,8.663958333333333,0.00103759765625,-70.05875782736146
sub01,test,2,cued,3,104.0,14,48,8.788083333333333,0.000885009765625,-66.48660136692371
sub01,test,2,cued,3,104.0,14,49,9.014020833333333,0.0008544921875,-68.30081641280546
sub01,test,2,cued,3,104.0,14,50,9.125666666666667,0.003753662109375,-63.36423249972591
sub01,test,2,cued,3,104.0,14,51,9.243854166666667,0.000885009765625,-67.39359907267998
sub01,test,2,cued,3,104.0,14,52,9.3605,0.000579833984375,-72.21597351426327
sub01,test,2,cued,3,104.0,14,53,9.521541666666666,0.000701904296875,-68.16998633189279
sub01,test,2,cued,3,104.0,14,54,9.621583333333334,0.002838134765625,-64.82477232575708
sub01,test,2,cued,3,104.0,14,55,9.759270833333334,0.0008544921875,-66.69486887161005
sub01,test,2,cued,3,104.0,14,56,10.113166666666666,0.00067138671875,-69.92967306939164
sub01,test,2,cued,3,104.0,14,57,10.2295625,0.005889892578125,-60.89792714892467
sub01,test,2,cued,3,104.0,14,58,10.3465,0.00091552734375,-67.34350492432752
sub01,test,2,cued,3,104.0,14,59,10.460333333333333,0.000701904296875,-69.33069190257218
sub01,test,2,cued,3,104.0,14,60,10.5779375,0.000732421875,-71.85806110956372
sub01,test,2,cued,3,104.0,14,61,10.929416666666667,0.002288818359375,-67.11425113957169
sub01,test,2,cued,3,104.0,14,62,11.045833333333333,0.0009765625,-66.41554109992683
sub01,test,2,cued,3,104.0,14,63,11.240145833333333,0.001007080078125,-68.37255538348658
sub01,test,2,cued,3,104.0,14,64,11.422229166666666,0.00201416015625,-65.55417352390893
sub01,test,2,cued,3,104.0,14,65,11.559125,0.000701904296875,-69.97289095148426
sub01,test,2,cued,3,104.0,14,66,11.672458333333333,0.000701904296875,-72.73625123053935
sub01,test,2,cued,3,104.0,14,67,11.829229166666666,0.000762939453125,-69.54363109212612
sub01,test,2,cued,3,104.0,14,68,12.0293125,0.00469970703125,-62.49119081815134
sub01,test,2,cued,3,104.0,14,69,12.219125,0.00091552734375,-69.44616723447095
sub01,test,2,cued,3,104.0,14,70,12.335041666666667,0.000946044921875,-69.86000907060709
sub01,test,2,cued,3,104.0,14,71,12.4913125,0.000823974609375,-68.61899321234843
sub01,test,2,cued,3,104.0,14,72,12.655791666666667,0.001678466796875,-67.01880723776709
sub01,test,2,cued,3,104.0,14,73,12.8775625,0.001007080078125,-67.90423432059774
sub01,test,2,cued,3,104.0,14,74,13.0425,0.000762939453125,-69.75457820710338
sub01,test,2,cued,3,104.0,14,75,13.155666666666667,0.00140380859375,-68.49375830763945
sub01,test,2,cued,3,104.0,14,76,13.357875,0.00079345703125,-67.98883727071566
sub01,test,2,cued,3,104.0,14,77,13.5508125,0.00067138671875,-69.67167845360612
sub01,test,2,cued,3,104.0,14,78,13.74475,0.005279541015625,-60.931034800171055
sub01,test,2,cued,3,104.0,14,79,13.863354166666667,0.001068115234375,-65.95520112600197
sub01,test,2,cued,3,104.0,14,80,14.017895833333334,0.000732421875,-69.54732417375168
sub01,test,2,cued,3,104.0,14,81,14.249375,0.000823974609375,-66.48365028396583
sub01,test,2,cued,3,104.0,14,82,14.395104166666666,0.001922607421875,-65.26275150257587
sub01,test,2,cued,3,104.0,14,83,14.604041666666667,0.0008544921875,-68.47141862085003
sub01,test,2,cued,3,104.0,14,84,14.8374375,0.0008544921875,-67.80329115882056
sub01,test,2,cued,3,104.0,14,85,15.02825,0.000946044921875,-70.33728983520122
sub01,test,2,cued,3,104.0,14,86,15.1719375,0.002899169921875,-64.69242012014911
sub01,test,2,cued,3,104.0,14,87,15.272229166666667,0.0009765625,-66.69257267069318
sub01,test,2,cued,3,104.0,14,88,15.503958333333333,0.001007080078125,-65.58460403405718
sub01,test,2,cued,3,104.0,14,89,15.695645833333334,0.0023193359375,-64.83479022133935
sub01,test,2,cued,3,104.0,14,90,15.856833333333332,0.000732421875,-70.24635906939648
sub01,test,2,cued,3,104.0,14,91,15.9755,0.0006103515625,-71.9899902794136
sub01,test,2,cued,3,104.0,14,92,16.089395833333334,0.000701904296875,-71.27316293444801
sub01,test,2,cued,3,104.0,14,93,16.2285625,0.004364013671875,-61.00296085015994
sub01,test,2,cued,3,104.0,14,94,16.363604166666665,0.000885009765625,-68.70283393603292
sub01,test,2,cued,3,104.0,14,95,16.558916666666665,0.000762939453125,-68.44606819192981
sub01,test,2,cued,3,104.0,14,96,16.812,0.002777099609375,-65.37033405000072
sub01,test,2,cued,3,104.0,14,97,16.9831875,0.0006103515625,-70.97704443552898
sub01,test,2,cued,3,104.0,14,98,17.108479166666665,0.001007080078125,-64.55365686875213
sub01,test,2,cued,3,104.0,14,99,17.427208333333333,0.002777099609375,-65.19750281909612
sub01,test,2,cued,3,104.0,14,100,17.574541666666665,0.001251220703125,-64.47878329859444
sub01,test,2,cued,3,104.0,14,101,17.763541666666665,0.000946044921875,-67.308859531603
sub01,test,2,cued,3,104.0,14,102,17.936458333333334,0.001678466796875,-68.85476863670246
sub01,test,2,cued,3,104.0,14,103,18.166541666666667,0.000732421875,-70.13570832925707
sub01,test,2,cued,3,104.0,14,104,18.277645833333334,0.000732421875,-70.55330859306488
sub01,test,2,cued,3,104.0,14,105,18.488604166666665,0.002349853515625,-64.88526669137025
sub01,test,2,cued,3,104.0,14,106,18.625145833333335,0.000732421875,-71.03757695003857
sub01,test,2,cued,3,104.0,14,107,18.748708333333333,0.000701904296875,-71.25246346997929
sub01,test,2,cued,3,104.0,14,108,19.079770833333335,0.001251220703125,-67.88439511095359
sub01,test,2,cued,3,104.0,14,109,19.330479166666667,0.00128173828125,-69.23353110977769
sub01,test,2,cued,3,104.0,14,110,19.485708333333335,0.000579833984375,-75.13209257804
sub01,test,2,cued,3,104.0,14,111,19.6516875,0.0018310546875,-66.68759173403834
sub01,test,2,cued,3,104.0,14,112,19.842416666666665,0.0008544921875,-68.87611782053483
sub01,test,2,cued,3,104.0,14,113,20.034708333333334,0.000732421875,-71.22295668714857
sub01,test,2,cued,3,104.0,14,114,20.218520833333333,0.002655029296875,-66.18346021492388
sub01,test,2,cued,3,104.0,14,115,20.387833333333333,0.0006103515625,-70.27439295550158
sub01,test,2,cued,3,104.0,14,116,20.542145833333333,0.000732421875,-70.19449830526787
sub01,test,2,cued,3,104.0,14,117,20.817979166666667,0.002685546875,-65.82701527229104
sub01,test,2,cued,3,104.0,14,118,20.978395833333334,0.00067138671875,-71.52549663750789
sub01,test,2,cued,3,104.0,14,119,21.207895833333332,0.000885009765625,-68.14788946015379
sub01,test,2,cued,3,104.0,14,120,21.3998125,0.001953125,-68.32162648360884
sub01,test,2,cued,3,104.0,14,121,21.517354166666667,0.000701904296875,-70.71593456667355
sub01,test,2,cued,3,104.0,14,122,21.643375,0.00067138671875,-71.39796230209352
sub01,test,2,cued,3,104.0,14,123,21.755479166666667,0.000732421875,-71.60707362895329
sub01,test,2,cued,3,104.0,14,124,21.870229166666668,0.000823974609375,-69.25538696213843
sub01,test,2,cued,3,104.0,14,125,21.999895833333333,0.00189208984375,-67.58362059371835
sub01,test,2,cued,3,104.0,14,126,22.1530625,0.000732421875,-68.92652026259022
sub01,test,2,cued,3,104.0,14,127,22.296958333333333,0.000640869140625,-72.2217799284844
sub01,test,2,cued,3,104.0,14,128,22.5398125,0.00506591796875,-61.8955561986574
sub01,test,2,cued,3,104.0,14,129,22.728895833333333,0.000762939453125,-68.7799183303419
sub01,test,2,cued,3,104.0,14,130,23.110666666666667,0.003631591796875,-63.8670484978918
sub01,test,2,cued,3,104.0,14,131,23.3261875,0.001068115234375,-65.44924221828809
sub01,test,2,cued,3,104.0,14,132,23.433979166666667,0.00091552734375,-69.00090503888201
sub01,test,2,cued,3,104.0,14,133,23.5900625,0.00115966796875,-67.49096626988137
sub01,test,2,cued,3,104.0,14,134,23.717354166666667,0.001922607421875,-67.50248785695577
sub01,test,2,cued,3,104.0,14,135,23.836979166666666,0.00103759765625,-64.65732818619004
sub01,test,2,cued,3,104.0,14,136,24.019958333333335,0.001007080078125,-68.55575369498384
sub01,test,2,cued,3,104.0,14,137,24.179833333333335,0.0009765625,-67.33303480787792
sub01,test,2,cued,3,104.0,14,138,24.295083333333334,0.002593994140625,-64.90343575941945
sub01,test,2,cued,3,104.0,14,139,24.42235416666667,0.000885009765625,-67.63504877031986
sub01,test,2,cued,3,104.0,14,140,24.572395833333335,0.0010986328125,-69.30816687818958
sub01,test,2,cued,3,104.0,14,141,24.67925,0.0008544921875,-68.84119569033481
sub01,test,2,cued,3,104.0,14,142,24.862041666666666,0.001739501953125,-64.50328853949853
sub01,test,2,cued,3,104.0,14,143,24.99725,0.00079345703125,-71.08484400925826
sub01,test,2,cued,3,104.0,14,144,25.113479166666668,0.0008544921875,-68.75121185241926
sub01,test,2,cued,3,104.0,14,145,25.315125,0.001129150390625,-67.06233098788292
sub01,test,2,cued,3,104.0,14,146,25.4215,0.003265380859375,-63.87254650684861
sub01,test,2,cued,3,104.0,14,147,25.583083333333335,0.0015869140625,-65.47315520233417
sub01,test,2,cued,3,104.0,14,148,25.740479166666667,0.000946044921875,-69.21708154853313
sub01,test,2,cued,3,104.0,14,149,25.853875,0.000732421875,-70.8878151516927
sub01,test,2,cued,3,104.0,14,150,25.983854166666667,0.00244140625,-66.41048644767677
sub01,test,2,cued,3,104.0,14,151,26.179333333333332,0.00079345703125,-70.03530467758951
sub01,test,2,cued,3,104.0,14,152,26.331229166666667,0.0009765625,-66.72979581798731
sub01,test,2,cued,3,104.0,14,153,26.4440625,0.00079345703125,-70.0850300400351
sub01,test,2,cued,3,104.0,14,154,26.550895833333332,0.001373291015625,-66.74662829301182
sub01,test,2,cued,3,104.0,14,155,26.697729166666665,0.00079345703125,-68.01139800354407
sub01,test,2,cued,3,104.0,14,156,26.838916666666666,0.0008544921875,-69.68364857664804
sub01,test,2,cued,3,104.0,14,157,26.953541666666666,0.000640869140625,-72.72982190609153
sub01,test,2,cued,3,104.0,14,158,27.070875,0.00128173828125,-65.97187765284004
sub01,test,2,cued,3,104.0,14,159,27.190770833333332,0.001007080078125,-66.93268712841719
sub01,test,2,cued,3,104.0,14,160,27.305833333333332,0.001007080078125,-66.01588468095831
sub01,test,2,cued,3,104.0,14,161,27.580166666666667,0.00103759765625,-65.7196206891667
sub01,test,2,cued,3,104.0,14,162,27.7174375,0.001220703125,-67.68801569235116
sub01,test,2,cued,3,104.0,14,163,27.925583333333332,0.00067138671875,-72.48576595107568
sub01,test,2,cued,3,104.0,14,164,28.047166666666666,0.000823974609375,-69.58042633560547
sub01,test,2,cued,3,104.0,14,165,28.2933125,0.002349853515625,-65.8707647046174
sub01,test,2,cued,3,104.0,14,166,28.404854166666667,0.000823974609375,-67.36070967883408
sub01,test,2,cued,3,104.0,14,167,28.553416666666667,0.00067138671875,-71.47100487528188
sub01,test,2,cued,3,104.0,14,168,28.6765625,0.000640869140625,-70.03241719973117
sub01,test,2,cued,3,104.0,14,169,28.787416666666665,0.00067138671875,-71.14065934362156
sub01,test,2,cued,3,104.0,14,170,28.890229166666668,0.001312255859375,-68.89687537153283
sub01,test,2,cued,3,104.0,14,171,29.025875,0.001007080078125,-67.80212233214242
sub01,test,2,cued,3,104.0,14,172,29.181791666666665,0.000762939453125,-69.96828762841353
sub01,test,2,cued,3,104.0,14,173,29.420916666666667,0.00079345703125,-68.71598052695079
sub01,test,2,cued,3,104.0,14,174,29.535958333333333,0.00360107421875,-63.25987705351734
sub01,test,2,cued,3,104.0,14,175,29.687,0.000732421875,-72.67315906467661
sub01,test,2,cued,3,104.0,14,176,29.843375,0.000946044921875,-69.46360844733834
sub01,test,2,cued,3,104.0,14,177,30.02145833333333,0.000885009765625,-68.4513351563095
sub01,test,3,cued,2,108.0,16,0,0.033625,0.00079345703125,-69.99668176654583
sub01,test,3,cued,2,108.0,16,1,0.20904166666666665,0.0072021484375,-59.078287331977315
sub01,test,3,cued,2,108.0,16,2,0.425625,0.0008544921875,-68.91248144389338
sub01,test,3,cued,2,108.0,16,3,0.6263125,0.003082275390625,-64.7223792990389
sub01,test,3,cued,2,108.0,16,4,0.81825,0.000640869140625,-69.48575863001261
sub01,test,3,cued,2,108.0,16,5,1.0827083333333334,0.002288818359375,-66.15982209156411
sub01,test,3,cued,2,108.0,16,6,1.2798541666666667,0.0009765625,-69.92105872313304
sub01,test,3,cued,2,108.0,16,7,1.5130208333333333,0.0008544921875,-72.33180430574728
sub01,test,3,cued,2,108.0,16,8,1.6400416666666666,0.002410888671875,-66.00068106142675
sub01,test,3,cued,2,108.0,16,9,1.7932916666666667,0.000885009765625,-68.62132354196686
sub01,test,3,cued,2,108.0,16,10,2.2240625,0.003173828125,-63.10598082839096
sub01,test,3,cued,2,108.0,16,11,2.391020833333333,0.009613037109375,-46.85848094449806
sub01,test,3,cued,2,108.0,16,12,2.524958333333333,0.01385498046875,-39.78002184779718
sub01,test,3,cued,2,108.0,16,13,2.6515,0.006317138671875,-48.156284926274026
sub01,test,3,cued,2,108.0,16,14,2.863375,0.0037841796875,-51.47836425877897
sub01,test,3,cued,2,108.0,16,15,3.0004791666666666,0.002716064453125,-59.75526888885518
sub01,test,3,cued,2,108.0,16,16,3.1587083333333332,0.002044677734375,-60.34989699466358
sub01,test,3,cued,2,108.0,16,17,3.2826041666666668,0.001861572265625,-62.12272171840971
sub01,test,3,cued,2,108.0,16,18,3.4274791666666666,0.00115966796875,-68.02667110976972
sub01,test,3,cued,2,108.0,16,19,3.5521875,0.001129150390625,-66.17146231515304
sub01,test,3,cued,2,108.0,16,20,3.8239791666666667,0.0010986328125,-69.0957031574715
sub01,test,3,cued,2,108.0,16,21,4.017125,0.00067138671875,-70.19065198772823
sub01,test,3,cued,2,108.0,16,22,4.335729166666667,0.0018310546875,-65.71272867186677
sub01,test,3,cued,2,108.0,16,23,4.567,0.000946044921875,-67.73771499405274
sub01,test,3,cued,2,108.0,16,24,4.801,0.00079345703125,-69.6626509274049
sub01,test,3,cued,2,108.0,16,25,4.954208333333334,0.002044677734375,-61.74268750997757
sub01,test,3,cued,2,108.0,16,26,5.308270833333333,0.000732421875,-72.89441837395879
sub01,test,3,cued,2,108.0,16,27,5.513166666666667,0.001251220703125,-68.86371076579366
sub01,test,3,cued,2,108.0,16,28,5.733666666666666,0.000762939453125,-71.80249412260368
sub01,test,3,cued,2,108.0,16,29,6.0869375,0.00262451171875,-60.1721050301688
sub01,test,3,cued,2,108.0,16,30,6.204479166666666,0.00079345703125,-71.46092694019272
sub01,test,3,cued,2,108.0,16,31,6.608,0.0020751953125,-64.52387982981303
sub01,test,3,cued,2,108.0,16,32,6.718875,0.000732421875,-73.62850618060341
sub01,test,3,cued,2,108.0,16,33,7.1468541666666665,0.001495361328125,-68.59301392011089
sub01,test,3,cued,2,108.0,16,34,7.429416666666667,0.000732421875,-70.56023710889092
sub01,test,3,cued,2,108.0,16,35,7.6045625,0.00238037109375,-67.12035453094505
sub01,test,3,cued,2,108.0,16,36,7.766958333333333,0.000946044921875,-70.62572642462
sub01,test,3,cued,2,108.0,16,37,8.164083333333334,0.002044677734375,-65.92539964588248
sub01,test,3,cued,2,108.0,16,38,8.28275,0.000701904296875,-71.23977697817351
sub01,test,3,cued,2,108.0,16,39,8.596270833333334,0.000885009765625,-67.54837197943112
sub01,test,3,cued,2,108.0,16,40,8.712083333333334,0.00140380859375,-70.94155856701965
sub01,test,3,cued,2,108.0,16,41,8.9075625,0.00079345703125,-69.09860092889392
sub01,test,3,cued,2,108.0,16,42,9.062479166666666,0.000762939453125,-69.63914296081167
sub01,test,3,cued,2,108.0,16,43,9.2933125,0.001861572265625,-65.12996854576501
sub01,test,3,cued,2,108.0,16,44,9.4540625,0.000762939453125,-70.06585285680772
sub01,test,3,cued,2,108.0,16,45,9.695854166666667,0.00177001953125,-62.35351985411473
sub01,test,3,cued,2,108.0,16,46,9.867916666666666,0.002227783203125,-64.52395217492284
sub01,test,3,cued,2,108.0,16,47,10.037708333333333,0.000762939453125,-67.94584874190348
sub01,test,3,cued,2,108.0,16,48,10.158541666666666,0.00079345703125,-66.96636076541101
sub01,test,3,cued,2,108.0,16,49,10.438666666666666,0.00164794921875,-67.27903396362177
sub01,test,3,cued,2,108.0,16,50,10.591125,0.00091552734375,-66.80880825111453
sub01,test,3,cued,2,108.0,16,51,10.699375,0.000640869140625,-74.7658741338036
sub01,test,3,cued,2,108.0,16,52,10.85875,0.000762939453125,-68.19875797171208
sub01,test,3,cued,2,108.0,16,53,10.9974375,0.002685546875,-63.5663528614818
sub01,test,3,cued,2,108.0,16,54,11.365541666666667,0.0008544921875,-69.39274443499698
sub01,test,3,cued,2,108.0,16,55,11.553729166666667,0.00164794921875,-67.30524853266007
sub01,test,3,cued,2,108.0,16,56,11.873979166666667,0.00079345703125,-71.14182807490522
sub01,test,3,cued,2,108.0,16,57,12.036270833333333,0.00244140625,-66.16300178579026
sub01,test,3,cued,2,108.0,16,58,12.5946875,0.00262451171875,-64.80367497537975
sub01,test,3,cued,2,108.0,16,59,12.852958333333333,0.000732421875,-70.92543438995389
sub01,test,3,cued,2,108.0,16,60,13.136395833333333,0.001251220703125,-68.06415357802149
sub01,test,3,cued,2,108.0,16,61,13.3656875,0.00091552734375,-66.22443214312332
sub01,test,3,cued,2,108.0,16,62,13.592666666666666,0.000640869140625,-70.50013173392219
sub01,test,3,cued,2,108.0,16,63,13.69775,0.0010986328125,-69.46110171332913
sub01,test,3,cued,2,108.0,16,64,14.0590625,0.000762939453125,-69.59434694670604
sub01,test,3,cued,2,108.0,16,65,14.215520833333333,0.00140380859375,-68.12318765596092
sub01,test,3,cued,2,108.0,16,66,14.326916666666667,0.000732421875,-73.65592571896909
sub01,test,3,cued,2,108.0,16,67,14.5700625,0.000823974609375,-68.6228371930597
sub01,test,3,cued,2,108.0,16,68,14.7250625,0.002685546875,-65.87338098316314
sub01,test,3,cued,2,108.0,16,69,14.888104166666666,0.0008544921875,-67.87090443485309
sub01,test,3,cued,2,108.0,16,70,15.138166666666667,0.00177001953125,-67.05161916390507
sub01,test,3,cued,2,108.0,16,71,15.391729166666666,0.000946044921875,-67.63201900638448
sub01,test,3,cued,2,108.0,16,72,15.624104166666667,0.001708984375,-63.43903236072407
sub01,test,3,cued,2,108.0,16,73,15.942375,0.0010986328125,-65.57033884821575
sub01,test,3,cued,2,108.0,16,74,16.059416666666667,0.00152587890625,-62.40088081612798
sub01,test,3,cued,2,108.0,16,75,16.621395833333334,0.001739501953125,-67.61028708906954
sub01,test,3,cued,2,108.0,16,76,17.147354166666666,0.0009765625,-68.10584701535146
sub01,test,3,cued,2,108.0,16,77,17.345375,0.000732421875,-69.38669148897188
sub01,test,3,cued,2,108.0,16,78,18.375375,0.002349853515625,-64.71179346312195
sub01,test,3,cued,2,108.0,16,79,18.637041666666665,0.00079345703125,-67.34885547391647
sub01,test,3,cued,2,108.0,16,80,18.921583333333334,0.001922607421875,-66.26504546038464
sub01,test,3,cued,2,108.0,16,81,19.1065,0.000823974609375,-69.2088571234091
sub01,test,3,cued,2,108.0,16,82,19.2580625,0.000732421875,-72.55425994612534
sub01,test,3,cued,2,108.0,16,83,19.459333333333333,0.001953125,-65.06906944186309
sub01,test,3,cued,2,108.0,16,84,19.64945833333333,0.00079345703125,-70.59994748344326
sub01,test,3,cued,2,108.0,16,85,20.022541666666665,0.000885009765625,-71.05050809026255
sub01,test,3,cued,2,108.0,16,86,20.24191666666667,0.000823974609375,-69.99920887330177
sub01,test,3,cued,2,108.0,16,87,20.556333333333335,0.001312255859375,-66.4416317680621
sub01,test,3,cued,2,108.0,16,88,20.752854166666665,0.0008544921875,-67.48296642209414
sub01,test,3,cued,2,108.0,16,89,20.8618125,0.000701904296875,-68.76152705124787
sub01,test,3,cued,2,108.0,16,90,21.025166666666667,0.000732421875,-71.02852741384847
sub01,test,3,cued,2,108.0,16,91,21.132875,0.00225830078125,-60.688022806553725
sub01,test,3,cued,2,108.0,16,92,21.368041666666667,0.000946044921875,-69.30407305936178
sub01,test,3,cued,2,108.0,16,93,21.5685625,0.000823974609375,-71.77421382561641
sub01,test,3,cued,2,108.0,16,94,21.694854166666666,0.002227783203125,-62.369165926709336
sub01,test,3,cued,2,108.0,16,95,21.80075,0.00079345703125,-69.81943103599008
sub01,test,3,cued,2,108.0,16,96,22.1190625,0.0008544921875,-68.02022067394662
sub01,test,3,cued,2,108.0,16,97,22.272770833333333,0.00201416015625,-63.61692740323991
sub01,test,3,cued,2,108.0,16,98,22.426395833333334,0.0009765625,-66.79950979371067
sub01,test,3,cued,2,108.0,16,99,22.577791666666666,0.001007080078125,-69.66091020343838
sub01,test,3,cued,2,108.0,16,100,22.701,0.001220703125,-69.23838337817159
sub01,test,3,cued,2,108.0,16,101,22.804229166666666,0.001251220703125,-67.40095690592695
sub01,test,3,cued,2,108.0,16,102,22.937354166666665,0.0008544921875,-68.41140620484866
sub01,test,3,cued,2,108.0,16,103,23.319354166666667,0.002044677734375,-65.87595528762846
sub01,test,3,cued,2,108.0,16,104,23.4353125,0.000701904296875,-70.78083908535389
sub01,test,3,cued,2,108.0,16,105,23.600125,0.000823974609375,-71.03337018747717
sub01,test,3,cued,2,108.0,16,106,23.917291666666667,0.002288818359375,-63.21704754373057
sub01,test,3,cued,2,108.0,16,107,24.140541666666667,0.0008544921875,-69.18623125638757
sub01,test,3,cued,2,108.0,16,108,24.424020833333334,0.00189208984375,-64.7627443700671
sub01,test,3,cued,2,108.0,16,109,24.657520833333333,0.000946044921875,-68.9810891003165
sub01,test,3,cued,2,108.0,16,110,24.849708333333332,0.000732421875,-72.58287888894273
sub01,test,3,cued,2,108.0,16,111,25.001416666666668,0.00152587890625,-68.22699296454546
sub01,test,3,cued,2,108.0,16,112,25.124541666666666,0.000762939453125,-71.61884243049039
sub01,test,3,cued,2,108.0,16,113,25.243854166666665,0.000732421875,-70.39424542420787
sub01,test,3,cued,2,108.0,16,114,25.364,0.000762939453125,-70.9771499960018
sub01,test,3,cued,2,108.0,16,115,25.537145833333334,0.00213623046875,-64.9195537746197
sub01,test,3,cued,2,108.0,16,116,26.1335625,0.001861572265625,-65.82755225273799
sub01,test,3,cued,2,108.0,16,117,26.257625,0.0009765625,-68.02406832905135
sub01,test,3,cued,2,108.0,16,118,26.648729166666666,0.000701904296875,-71.51907563140496
sub01,test,3,cued,2,108.0,16,119,26.767458333333334,0.00103759765625,-67.83694039952131
sub01,test,3,cued,2,108.0,16,120,26.964145833333333,0.000885009765625,-69.7489279827409
sub01,test,3,cued,2,108.0,16,121,27.16125,0.000701904296875,-69.96823187448342
sub01,test,3,cued,2,108.0,16,122,27.276833333333332,0.00238037109375,-63.361405917545845
sub01,test,3,cued,2,108.0,16,123,27.510520833333334,0.000885009765625,-68.91407773829903
sub01,test,3,cued,2,108.0,16,124,27.81779166666667,0.00360107421875,-60.90292452673347
sub01,test,3,cued,2,108.0,16,125,27.941604166666668,0.00067138671875,-69.35611871930772
sub01,test,3,cued,2,108.0,16,126,28.249145833333333,0.0008544921875,-70.87817726081535
sub01,test,3,cued,2,108.0,16,127,28.369854166666666,0.003692626953125,-60.33839768381691
sub01,test,3,cued,2,108.0,16,128,28.917645833333335,0.00286865234375,-63.916237279304184
sub01,test,3,cued,2,108.0,16,129,29.150104166666665,0.00067138671875,-69.94881226647897
sub01,test,3,cued,2,108.0,16,130,29.462833333333332,0.002838134765625,-63.646062004213285
sub01,test,3,cued,2,108.0,16,131,29.614291666666666,0.00079345703125,-72.1180394198809
sub01,test,3,cued,2,108.0,16,132,29.973291666666668,0.000762939453125,-69.66132613093498
sub01,test,4,spontaneous,2,116.0,0,0,0.22779166666666667,0.0042724609375,-64.03018654571183
sub01,test,4,spontaneous,2,116.0,0,1,0.6056041666666667,0.003662109375,-63.8336883821229
sub01,test,4,spontaneous,2,116.0,0,2,6.214375,0.0025634765625,-63.55024795608986
sub01,test,4,spontaneous,2,116.0,0,3,6.754791666666667,0.0030517578125,-62.30955612095102
sub01,test,4,spontaneous,2,116.0,0,4,7.815854166666667,0.003875732421875,-60.57918989320379
sub01,test,4,spontaneous,2,116.0,0,5,16.3308125,0.00958251953125,-47.24276510682067
sub01,test,4,spontaneous,2,116.0,0,6,16.464979166666666,0.014373779296875,-39.71325404228377
sub01,test,4,spontaneous,2,116.0,0,7,16.5879375,0.00616455078125,-48.86054898380236
sub01,test,4,spontaneous,2,116.0,0,8,16.8051875,0.004119873046875,-51.94701436899042
sub01,test,4,spontaneous,2,116.0,0,9,16.9546875,0.002593994140625,-54.98495693010932
sub01,test,4,spontaneous,2,116.0,0,10,17.119666666666667,0.0025634765625,-57.15592192291826
sub01,test,4,spontaneous,2,116.0,0,11,20.104020833333333,0.00262451171875,-59.76988480010271
sub01,test,4,spontaneous,2,116.0,0,12,20.331,0.016937255859375,-48.08117214928621
sub01,test,4,spontaneous,2,116.0,0,13,20.492916666666666,0.006011962890625,-46.173199867083014
sub01,test,4,spontaneous,2,116.0,0,14,21.334375,0.00518798828125,-66.4776674581824
sub01,test,4,spontaneous,2,116.0,0,15,22.2434375,0.003448486328125,-60.17746483828198
sub01,test,4,spontaneous,2,116.0,0,16,22.51589583333333,0.002960205078125,-57.12364130348503
sub01,test,4,spontaneous,2,116.0,0,17,22.8585,0.003631591796875,-55.40640844051868
sub01,test,4,spontaneous,2,116.0,0,18,23.773395833333332,0.0032958984375,-57.08021570323158
sub01,test,4,spontaneous,2,116.0,0,19,24.851479166666667,0.013763427734375,-46.73107491362784
sub01,test,4,spontaneous,2,116.0,0,20,24.954645833333334,0.012481689453125,-43.438268440641615
sub01,test,4,spontaneous,2,116.0,0,21,25.066916666666668,0.066162109375,-31.939774986245958
sub01,test,4,spontaneous,2,116.0,0,22,25.228875,0.09063720703125,-27.05381374966089
sub01,test,4,spontaneous,2,116.0,0,23,25.422708333333333,0.048248291015625,-33.778869535738764
sub01,test,4,spontaneous,2,116.0,0,24,25.603458333333332,0.03472900390625,-30.913768001376965
sub01,test,4,spontaneous,2,116.0,0,25,25.722729166666667,0.017364501953125,-40.38773206060447
sub01,test,4,spontaneous,2,116.0,0,26,25.8555625,0.008941650390625,-45.52542107485425
sub01,test,4,spontaneous,2,116.0,0,27,25.9893125,0.00689697265625,-48.317794407649046
sub01,test,4,spontaneous,2,116.0,0,28,26.113895833333334,0.0052490234375,-51.48413517151959
sub01,test,4,spontaneous,2,116.0,0,29,26.269625,0.003143310546875,-53.36105617476744
sub01,test,4,spontaneous,2,116.0,0,30,29.268729166666667,0.00262451171875,-63.62939336001492
sub01,test,4,spontaneous,2,116.0,0,31,29.71875,0.0035400390625,-58.477920540025245
sub01,test,5,spontaneous,3,108.0,0,0,0.05308333333333334,0.001007080078125,-68.25669143647586
sub01,test,5,spontaneous,3,108.0,0,1,0.20589583333333333,0.0009765625,-69.14271406070684
sub01,test,5,spontaneous,3,108.0,0,2,0.43775,0.000885009765625,-68.17799226762023
sub01,test,5,spontaneous,3,108.0,0,3,0.9471666666666667,0.00128173828125,-64.39633479430799
sub01,test,5,spontaneous,3,108.0,0,4,1.1852291666666666,0.001190185546875,-63.31243995056976
sub01,test,5,spontaneous,3,108.0,0,5,1.3225,0.002105712890625,-65.31317765761115
sub01,test,5,spontaneous,3,108.0,0,6,1.4928541666666666,0.0008544921875,-68.57351451893005
sub01,test,5,spontaneous,3,108.0,0,7,1.6906458333333334,0.00079345703125,-69.09748262904996
sub01,test,5,spontaneous,3,108.0,0,8,1.8482083333333332,0.002288818359375,-65.14329580487917
sub01,test,5,spontaneous,3,108.0,0,9,1.9632291666666666,0.00067138671875,-72.92223928456474
sub01,test,5,spontaneous,3,108.0,0,10,2.1145416666666668,0.00067138671875,-74.13863085327503
sub01,test,5,spontaneous,3,108.0,0,11,2.291729166666667,0.00103759765625,-68.4309136579546
sub01,test,5,spontaneous,3,108.0,0,12,2.668625,0.001983642578125,-68.79958084679716
sub01,test,5,spontaneous,3,108.0,0,13,2.8184375,0.002166748046875,-66.45973037183349
sub01,test,5,spontaneous,3,108.0,0,14,2.9857916666666666,0.000823974609375,-66.30456596819769
sub01,test,5,spontaneous,3,108.0,0,15,3.174875,0.000946044921875,-67.63803147491654
sub01,test,5,spontaneous,3,108.0,0,16,3.306416666666667,0.001678466796875,-63.20287803157305
sub01,test,5,spontaneous,3,108.0,0,17,3.458083333333333,0.00067138671875,-69.41839045546541
sub01,test,5,spontaneous,3,108.0,0,18,3.7330625,0.002655029296875,-63.38699481623511
sub01,test,5,spontaneous,3,108.0,0,19,3.951416666666667,0.00103759765625,-66.70861615268727
sub01,test,5,spontaneous,3,108.0,0,20,4.146583333333333,0.000701904296875,-71.12585505574546
sub01,test,5,spontaneous,3,108.0,0,21,4.283354166666666,0.001983642578125,-66.58013434934601
sub01,test,5,spontaneous,3,108.0,0,22,4.462166666666667,0.00079345703125,-68.2455381973863
sub01,test,5,spontaneous,3,108.0,0,23,4.625104166666667,0.001007080078125,-67.15458765726669
sub01,test,5,spontaneous,3,108.0,0,24,4.746979166666667,0.000762939453125,-67.76220922827576
sub01,test,5,spontaneous,3,108.0,0,25,4.936208333333333,0.0010986328125,-66.1051430564242
sub01,test,5,spontaneous,3,108.0,0,26,5.214416666666667,0.00079345703125,-67.69906453296011
sub01,test,5,spontaneous,3,108.0,0,27,5.329833333333333,0.00164794921875,-64.8697399719585
sub01,test,5,spontaneous,3,108.0,0,28,5.431416666666666,0.001129150390625,-72.12069325004438
sub01,test,5,spontaneous,3,108.0,0,29,5.598208333333333,0.00079345703125,-67.75815036042538
sub01,test,5,spontaneous,3,108.0,0,30,5.757125,0.001312255859375,-64.96385476201286
sub01,test,5,spontaneous,3,108.0,0,31,5.950583333333333,0.000732421875,-68.61103034631643
sub01,test,5,spontaneous,3,108.0,0,32,6.22575,0.00311279296875,-61.82830999074365
sub01,test,5,spontaneous,3,108.0,0,33,6.399916666666667,0.00079345703125,-68.93622685757852
sub01,test,5,spontaneous,3,108.0,0,34,6.501104166666667,0.001495361328125,-64.35693118754469
sub01,test,5,spontaneous,3,108.0,0,35,6.6631875,0.0025634765625,-60.96329521502589
sub01,test,5,spontaneous,3,108.0,0,36,7.047666666666666,0.000732421875,-72.83542024783335
sub01,test,5,spontaneous,3,108.0,0,37,7.1712291666666665,0.00164794921875,-68.1522373916176
sub01,test,5,spontaneous,3,108.0,0,38,7.3215,0.001312255859375,-66.27501676887994
sub01,test,5,spontaneous,3,108.0,0,39,7.482125,0.0020751953125,-62.47457871820661
sub01,test,5,spontaneous,3,108.0,0,40,7.661333333333333,0.002044677734375,-66.00346695524442
sub01,test,5,spontaneous,3,108.0,0,41,7.8541875,0.00079345703125,-68.76659769552808
sub01,test,5,spontaneous,3,108.0,0,42,8.098020833333333,0.001007080078125,-66.11948650245168
sub01,test,5,spontaneous,3,108.0,0,43,8.258541666666666,0.00103759765625,-66.32430589744008
sub01,test,5,spontaneous,3,108.0,0,44,8.374895833333333,0.00079345703125,-72.32138931876204
sub01,test,5,spontaneous,3,108.0,0,45,8.537041666666667,0.000885009765625,-66.64993490803471
sub01,test,5,spontaneous,3,108.0,0,46,8.766,0.001251220703125,-67.91199010928922
sub01,test,5,spontaneous,3,108.0,0,47,8.9581875,0.000732421875,-72.2884393490982
sub01,test,5,spontaneous,3,108.0,0,48,9.113104166666666,0.000946044921875,-71.69013002533637
sub01,test,5,spontaneous,3,108.0,0,49,9.3480625,0.001434326171875,-67.9175164999391
sub01,test,5,spontaneous,3,108.0,0,50,9.665291666666667,0.000640869140625,-71.35247096911625
sub01,test,5,spontaneous,3,108.0,0,51,9.7745625,0.00140380859375,-67.12206241273712
sub01,test,5,spontaneous,3,108.0,0,52,10.213604166666666,0.000732421875,-71.88130346595558
sub01,test,5,spontaneous,3,108.0,0,53,10.315854166666666,0.001800537109375,-66.67752935947661
sub01,test,5,spontaneous,3,108.0,0,54,10.755666666666666,0.000640869140625,-72.43961263287892
sub01,test,5,spontaneous,3,108.0,0,55,10.880020833333333,0.001251220703125,-66.30672578653332
sub01,test,5,spontaneous,3,108.0,0,56,10.997583333333333,0.00128173828125,-65.33562223090095
sub01,test,5,spontaneous,3,108.0,0,57,11.153291666666666,0.000885009765625,-68.18999165918561
sub01,test,5,spontaneous,3,108.0,0,58,11.303958333333334,0.002197265625,-64.54598501652326
sub01,test,5,spontaneous,3,108.0,0,59,11.5423125,0.000885009765625,-69.85897630012003
sub01,test,5,spontaneous,3,108.0,0,60,11.649875,0.000732421875,-71.63334168664478
sub01,test,5,spontaneous,3,108.0,0,61,11.865,0.003387451171875,-64.51045620255846
sub01,test,5,spontaneous,3,108.0,0,62,12.055354166666667,0.001007080078125,-69.6146300821868
sub01,test,5,spontaneous,3,108.0,0,63,12.296270833333333,0.001983642578125,-65.06934947756723
sub01,test,5,spontaneous,3,108.0,0,64,12.51775,0.0010986328125,-66.39529788604062
sub01,test,5,spontaneous,3,108.0,0,65,12.634270833333334,0.00115966796875,-67.03302563439209
sub01,test,5,spontaneous,3,108.0,0,66,12.868166666666667,0.00189208984375,-66.15356168195628
sub01,test,5,spontaneous,3,108.0,0,67,12.997104166666666,0.0008544921875,-71.98772579909107
sub01,test,5,spontaneous,3,108.0,0,68,13.181583333333334,0.000732421875,-69.02819328033425
sub01,test,5,spontaneous,3,108.0,0,69,13.342229166666666,0.001739501953125,-68.70733653877996
sub01,test,5,spontaneous,3,108.0,0,70,13.4976875,0.000823974609375,-67.17184903873405
sub01,test,5,spontaneous,3,108.0,0,71,13.767916666666666,0.00079345703125,-68.93198577985304
sub01,test,5,spontaneous,3,108.0,0,72,13.907479166666667,0.001495361328125,-66.57239612339704
sub01,test,5,spontaneous,3,108.0,0,73,14.196041666666666,0.000701904296875,-71.77945749364979
sub01,test,5,spontaneous,3,108.0,0,74,14.434354166666667,0.001129150390625,-68.46192689223686
sub01,test,5,spontaneous,3,108.0,0,75,14.5505,0.00079345703125,-68.98402283934728
sub01,test,5,spontaneous,3,108.0,0,76,14.782229166666667,0.000732421875,-69.64985736874635
sub01,test,5,spontaneous,3,108.0,0,77,14.9438125,0.001556396484375,-69.39812058455793
sub01,test,5,spontaneous,3,108.0,0,78,15.096854166666667,0.000946044921875,-68.22774061089278
sub01,test,5,spontaneous,3,108.0,0,79,15.407708333333334,0.00067138671875,-71.28700517563055
sub01,test,5,spontaneous,3,108.0,0,80,15.507854166666666,0.00213623046875,-63.11842622619531
sub01,test,5,spontaneous,3,108.0,0,81,15.7986875,0.00079345703125,-69.93254800415602
sub01,test,5,spontaneous,3,108.0,0,82,16.041645833333334,0.001251220703125,-67.08435092766686
sub01,test,5,spontaneous,3,108.0,0,83,16.231979166666665,0.000762939453125,-70.59717435907349
sub01,test,5,spontaneous,3,108.0,0,84,16.356375,0.000823974609375,-67.14502859583425
sub01,test,5,spontaneous,3,108.0,0,85,16.4600625,0.00079345703125,-68.13249603536163
sub01,test,5,spontaneous,3,108.0,0,86,16.587208333333333,0.000885009765625,-66.50470046517316
sub01,test,5,spontaneous,3,108.0,0,87,16.699583333333333,0.00146484375,-65.88260089701521
sub01,test,5,spontaneous,3,108.0,0,88,16.848916666666668,0.001220703125,-65.05129162020141
sub01,test,5,spontaneous,3,108.0,0,89,17.018375,0.001129150390625,-64.22410958098476
sub01,test,5,spontaneous,3,108.0,0,90,17.191895833333334,0.00238037109375,-62.47789146901564
sub01,test,5,spontaneous,3,108.0,0,91,17.296416666666666,0.001312255859375,-63.670308865370245
sub01,test,5,spontaneous,3,108.0,0,92,17.521479166666666,0.001129150390625,-63.248147460347546
sub01,test,5,spontaneous,3,108.0,0,93,17.6329375,0.000946044921875,-71.4871535531287
sub01,test,5,spontaneous,3,108.0,0,94,18.0289375,0.000946044921875,-69.87152888820529
sub01,test,5,spontaneous,3,108.0,0,95,18.181916666666666,0.000732421875,-71.97810357028291
sub01,test,5,spontaneous,3,108.0,0,96,18.3116875,0.001953125,-63.53384173941416
sub01,test,5,spontaneous,3,108.0,0,97,18.4185625,0.000823974609375,-70.8723710182679
sub01,test,5,spontaneous,3,108.0,0,98,18.579875,0.0008544921875,-68.0882856146758
sub01,test,5,spontaneous,3,108.0,0,99,18.696395833333334,0.000732421875,-69.31706154812291
sub01,test,5,spontaneous,3,108.0,0,100,18.815083333333334,0.00146484375,-66.21429329444315
sub01,test,5,spontaneous,3,108.0,0,101,19.003375,0.00091552734375,-71.01590928627186
sub01,test,5,spontaneous,3,108.0,0,102,19.200333333333333,0.0006103515625,-73.7277578624206
sub01,test,5,spontaneous,3,108.0,0,103,19.315645833333335,0.0009765625,-68.54179754682664
sub01,test,5,spontaneous,3,108.0,0,104,19.433020833333334,0.00152587890625,-64.32935193517216
sub01,test,5,spontaneous,3,108.0,0,105,19.587958333333333,0.000946044921875,-70.51528538719843
sub01,test,5,spontaneous,3,108.0,0,106,19.70375,0.000732421875,-71.0714511033873
sub01,test,5,spontaneous,3,108.0,0,107,19.8286875,0.000946044921875,-70.25925068469547
sub01,test,5,spontaneous,3,108.0,0,108,19.947958333333332,0.002197265625,-64.54982735173468
sub01,test,5,spontaneous,3,108.0,0,109,20.148395833333332,0.0010986328125,-68.27517506796812
sub01,test,5,spontaneous,3,108.0,0,110,20.301708333333334,0.00103759765625,-65.81789069237247
sub01,test,5,spontaneous,3,108.0,0,111,20.418333333333333,0.00115966796875,-65.62234671489011
sub01,test,5,spontaneous,3,108.0,0,112,20.5616875,0.00140380859375,-65.29111446730363
sub01,test,5,spontaneous,3,108.0,0,113,20.765229166666668,0.0008544921875,-67.97183024738656
sub01,test,5,spontaneous,3,108.0,0,114,20.886166666666668,0.000946044921875,-66.77113158557484
sub01,test,5,spontaneous,3,108.0,0,115,21.0708125,0.00140380859375,-66.58370152539288
sub01,test,5,spontaneous,3,108.0,0,116,21.237375,0.0010986328125,-65.80881812072658
sub01,test,5,spontaneous,3,108.0,0,117,21.462541666666667,0.000885009765625,-68.6671437357691
sub01,test,5,spontaneous,3,108.0,0,118,21.657770833333334,0.000885009765625,-69.44008894991921
sub01,test,5,spontaneous,3,108.0,0,119,21.779708333333332,0.0008544921875,-69.63860003399748
sub01,test,5,spontaneous,3,108.0,0,120,21.892479166666668,0.00103759765625,-64.36673107352222
sub01,test,5,spontaneous,3,108.0,0,121,22.1330625,0.001617431640625,-62.34637371180667
sub01,test,5,spontaneous,3,108.0,0,122,22.2835,0.000823974609375,-67.66026348940797
sub01,test,5,spontaneous,3,108.0,0,123,22.405270833333333,0.0009765625,-69.92177645715944
sub01,test,5,spontaneous,3,108.0,0,124,22.524958333333334,0.00103759765625,-67.3945394852393
sub01,test,5,spontaneous,3,108.0,0,125,22.793625,0.00164794921875,-68.97953446392256
sub01,test,5,spontaneous,3,108.0,0,126,23.028,0.000885009765625,-67.16422588140773
sub01,test,5,spontaneous,3,108.0,0,127,23.190145833333332,0.00079345703125,-69.21755054037581
sub01,test,5,spontaneous,3,108.0,0,128,23.3374375,0.001129150390625,-68.684703231095
sub01,test,5,spontaneous,3,108.0,0,129,23.539270833333333,0.0009765625,-66.46057544828739
sub01,test,5,spontaneous,3,108.0,0,130,23.773604166666665,0.000640869140625,-70.01972945709069
sub01,test,5,spontaneous,3,108.0,0,131,23.965666666666667,0.001068115234375,-66.49524063315357
sub01,test,5,spontaneous,3,108.0,0,132,24.283166666666666,0.000762939453125,-70.69620550030129
sub01,test,5,spontaneous,3,108.0,0,133,24.4888125,0.001007080078125,-67.08288641208121
sub01,test,5,spontaneous,3,108.0,0,134,24.7840625,0.000885009765625,-70.87456856981821
sub01,test,5,spontaneous,3,108.0,0,135,25.021395833333333,0.001495361328125,-63.15660489015475
sub01,test,5,spontaneous,3,108.0,0,136,25.298229166666665,0.0009765625,-69.59217288276284
sub01,test,5,spontaneous,3,108.0,0,137,25.513020833333332,0.00103759765625,-68.50608649748565
sub01,test,5,spontaneous,3,108.0,0,138,25.613083333333332,0.001190185546875,-65.48057038339998
sub01,test,5,spontaneous,3,108.0,0,139,25.773145833333334,0.00140380859375,-64.76551194923198
sub01,test,5,spontaneous,3,108.0,0,140,26.048,0.00152587890625,-63.09762782826116
sub01,test,5,spontaneous,3,108.0,0,141,26.272041666666667,0.001373291015625,-64.95494981630318
sub01,test,5,spontaneous,3,108.0,0,142,26.432729166666668,0.001190185546875,-67.72330777804262
sub01,test,5,spontaneous,3,108.0,0,143,26.603041666666666,0.001190185546875,-63.280548063214106
sub01,test,5,spontaneous,3,108.0,0,144,26.826520833333333,0.00103759765625,-65.83155147724548
sub01,test,5,spontaneous,3,108.0,0,145,27.10475,0.00103759765625,-65.78449959654507
sub01,test,5,spontaneous,3,108.0,0,146,27.326916666666666,0.00091552734375,-69.50501393825103
sub01,test,5,spontaneous,3,108.0,0,147,27.567854166666667,0.0009765625,-66.50197568674803
sub01,test,5,spontaneous,3,108.0,0,148,27.688166666666667,0.00140380859375,-62.989212888448506
sub01,test,5,spontaneous,3,108.0,0,149,27.797979166666668,0.0008544921875,-68.86849194895467
sub01,test,5,spontaneous,3,108.0,0,150,27.954229166666668,0.00079345703125,-70.26378507367427
sub01,test,5,spontaneous,3,108.0,0,151,28.17,0.002044677734375,-66.11904979989257
sub01,test,5,spontaneous,3,108.0,0,152,28.29639583333333,0.000885009765625,-72.70304605975252
sub01,test,5,spontaneous,3,108.0,0,153,28.5440625,0.0008544921875,-66.50511476193788
sub01,test,5,spontaneous,3,108.0,0,154,28.772291666666668,0.001495361328125,-67.93686107333116
sub01,test,5,spontaneous,3,108.0,0,155,28.969958333333334,0.000579833984375,-72.35328811767668
sub01,test,5,spontaneous,3,108.0,0,156,29.092020833333333,0.00079345703125,-66.98959667797838
sub01,test,5,spontaneous,3,108.0,0,157,29.406645833333332,0.002105712890625,-64.8668106054116
sub01,test,5,spontaneous,3,108.0,0,158,29.6365625,0.00067138671875,-69.76733871586642
sub01,test,5,spontaneous,3,108.0,0,159,29.869125,0.000762939453125,-70.11250025136077
sub01,test,5,spontaneous,3,108.0,0,160,29.971416666666666,0.001007080078125,-70.99544474078328
sub01,test,6,spontaneous,2,112.0,0,0,0.08166666666666667,0.000946044921875,-68.95085033412356
sub01,test,6,spontaneous,2,112.0,0,1,0.19508333333333333,0.000732421875,-72.65505558603168
sub01,test,6,spontaneous,2,112.0,0,2,0.4709583333333333,0.001007080078125,-70.5437478146927
sub01,test,6,spontaneous,2,112.0,0,3,0.594625,0.00079345703125,-67.46423677523792
sub01,test,6,spontaneous,2,112.0,0,4,0.7785625,0.00079345703125,-71.51803972328405
sub01,test,6,spontaneous,2,112.0,0,5,0.8994583333333334,0.001220703125,-68.52460524497305
sub01,test,6,spontaneous,2,112.0,0,6,1.0585,0.000946044921875,-66.31476163992372
sub01,test,6,spontaneous,2,112.0,0,7,1.2491041666666667,0.000732421875,-72.36479565862125
sub01,test,6,spontaneous,2,112.0,0,8,1.4901666666666666,0.00115966796875,-70.79646726028476
sub01,test,6,spontaneous,2,112.0,0,9,1.6393333333333333,0.00079345703125,-70.26309866691179
sub01,test,6,spontaneous,2,112.0,0,10,1.8005416666666667,0.001495361328125,-66.6288946226711
sub01,test,6,spontaneous,2,112.0,0,11,1.9076666666666666,0.0009765625,-67.57737771452948
sub01,test,6,spontaneous,2,112.0,0,12,2.0283541666666665,0.001312255859375,-66.92054787514112
sub01,test,6,spontaneous,2,112.0,0,13,2.18525,0.000946044921875,-71.50391971068582
sub01,test,6,spontaneous,2,112.0,0,14,2.347354166666667,0.001922607421875,-64.5266029747871
sub01,test,6,spontaneous,2,112.0,0,15,2.5,0.001220703125,-67.7789013341683
sub01,test,6,spontaneous,2,112.0,0,16,2.626520833333333,0.000946044921875,-68.45723778993394
sub01,test,6,spontaneous,2,112.0,0,17,2.7769791666666666,0.00146484375,-64.94518554699329
sub01,test,6,spontaneous,2,112.0,0,18,2.893125,0.001373291015625,-68.1237164422895
sub01,test,6,spontaneous,2,112.0,0,19,3.0974375,0.00189208984375,-62.886374697862024
sub01,test,6,spontaneous,2,112.0,0,20,3.246875,0.00128173828125,-64.60059500831447
sub01,test,6,spontaneous,2,112.0,0,21,3.369666666666667,0.000885009765625,-67.86042289071077
sub01,test,6,spontaneous,2,112.0,0,22,3.554708333333333,0.001220703125,-66.470346863696
sub01,test,6,spontaneous,2,112.0,0,23,3.6648958333333335,0.000823974609375,-69.21185422307501
sub01,test,6,spontaneous,2,112.0,0,24,3.7993125,0.0009765625,-68.15640582544812
sub01,test,6,spontaneous,2,112.0,0,25,3.910083333333333,0.001007080078125,-64.94424751083427
sub01,test,6,spontaneous,2,112.0,0,26,4.139125,0.001129150390625,-68.61421379896193
sub01,test,6,spontaneous,2,112.0,0,27,4.301625,0.001190185546875,-65.03182279925893
sub01,test,6,spontaneous,2,112.0,0,28,4.5328125,0.000762939453125,-69.56324712432861
sub01,test,6,spontaneous,2,112.0,0,29,4.691583333333333,0.001220703125,-65.00572034371653
sub01,test,6,spontaneous,2,112.0,0,30,4.849145833333333,0.0013427734375,-62.46613480247713
sub01,test,6,spontaneous,2,112.0,0,31,5.03925,0.001068115234375,-66.9951334177059
sub01,test,6,spontaneous,2,112.0,0,32,5.323104166666667,0.0008544921875,-68.95747328973805
sub01,test,6,spontaneous,2,112.0,0,33,5.470104166666666,0.00079345703125,-70.73605309867679
sub01,test,6,spontaneous,2,112.0,0,34,5.7365625,0.000885009765625,-70.66745055049502
sub01,test,6,spontaneous,2,112.0,0,35,5.901479166666666,0.000732421875,-70.63449381042524
sub01,test,6,spontaneous,2,112.0,0,36,6.062666666666667,0.00079345703125,-69.47349966993903
sub01,test,6,spontaneous,2,112.0,0,37,6.213729166666667,0.0008544921875,-69.69408080416957
sub01,test,6,spontaneous,2,112.0,0,38,6.334645833333333,0.001190185546875,-63.369037416961845
sub01,test,6,spontaneous,2,112.0,0,39,6.613,0.000762939453125,-68.33217394605066
sub01,test,6,spontaneous,2,112.0,0,40,6.842458333333333,0.000823974609375,-67.13199210773594
sub01,test,6,spontaneous,2,112.0,0,41,7.229791666666666,0.00054931640625,-73.89226137967736
sub01,test,6,spontaneous,2,112.0,0,42,7.347854166666667,0.000823974609375,-68.10020338456599
sub01,test,6,spontaneous,2,112.0,0,43,7.5789375,0.00079345703125,-68.42831164354878
sub01,test,6,spontaneous,2,112.0,0,44,7.746270833333333,0.000732421875,-70.73881522214177
sub01,test,6,spontaneous,2,112.0,0,45,7.905541666666666,0.001617431640625,-61.257556313867525
sub01,test,6,spontaneous,2,112.0,0,46,8.095479166666667,0.00128173828125,-62.8692004488303
sub01,test,6,spontaneous,2,112.0,0,47,8.287395833333333,0.001617431640625,-64.55318374447381
sub01,test,6,spontaneous,2,112.0,0,48,8.437229166666667,0.00091552734375,-69.6048228804113
sub01,test,6,spontaneous,2,112.0,0,49,8.599625,0.001312255859375,-65.20352098547258
sub01,test,6,spontaneous,2,112.0,0,50,8.7199375,0.0009765625,-69.49565098537408
sub01,test,6,spontaneous,2,112.0,0,51,8.919625,0.001617431640625,-67.55020894677271
sub01,test,6,spontaneous,2,112.0,0,52,9.035270833333334,0.000885009765625,-68.71752662753858
sub01,test,6,spontaneous,2,112.0,0,53,9.148208333333333,0.001129150390625,-68.99345790616414
sub01,test,6,spontaneous,2,112.0,0,54,9.303625,0.0008544921875,-68.6987314241427
sub01,test,6,spontaneous,2,112.0,0,55,9.541083333333333,0.00103759765625,-65.30912219097046
sub01,test,6,spontaneous,2,112.0,0,56,9.664270833333333,0.0009765625,-70.74224603810607
sub01,test,6,spontaneous,2,112.0,0,57,9.7856875,0.001617431640625,-73.75341276232463
sub01,test,6,spontaneous,2,112.0,0,58,10.04475,0.001373291015625,-64.2617824449976
sub01,test,6,spontaneous,2,112.0,0,59,10.3215625,0.0008544921875,-69.10376196083507
sub01,test,6,spontaneous,2,112.0,0,60,10.474645833333334,0.000762939453125,-68.71443401209847
sub01,test,6,spontaneous,2,112.0,0,61,10.587145833333333,0.001007080078125,-66.9728327105192
sub01,test,6,spontaneous,2,112.0,0,62,10.711625,0.000762939453125,-69.65813145776154
sub01,test,6,spontaneous,2,112.0,0,63,10.904145833333333,0.00079345703125,-70.23487035937978
sub01,test,6,spontaneous,2,112.0,0,64,11.0635625,0.00146484375,-64.7582470757718
sub01,test,6,spontaneous,2,112.0,0,65,11.1925,0.000640869140625,-71.6072361871634
sub01,test,6,spontaneous,2,112.0,0,66,11.333041666666666,0.000732421875,-70.92738212099383
sub01,test,6,spontaneous,2,112.0,0,67,11.495354166666667,0.001007080078125,-65.74809118099549
sub01,test,6,spontaneous,2,112.0,0,68,11.728166666666667,0.000732421875,-71.42045964801382
sub01,test,6,spontaneous,2,112.0,0,69,11.847958333333333,0.000701904296875,-70.63647715437115
sub01,test,6,spontaneous,2,112.0,0,70,11.953145833333334,0.001251220703125,-65.6852161319916
sub01,test,6,spontaneous,2,112.0,0,71,12.1155625,0.00079345703125,-70.69838144957322
sub01,test,6,spontaneous,2,112.0,0,72,12.409666666666666,0.001556396484375,-62.35811454046801
sub01,test,6,spontaneous,2,112.0,0,73,12.5815625,0.000946044921875,-69.9022611230894
sub01,test,6,spontaneous,2,112.0,0,74,12.698125,0.000640869140625,-72.81646773535235
sub01,test,6,spontaneous,2,112.0,0,75,12.8598125,0.000885009765625,-66.75713209027816
sub01,test,6,spontaneous,2,112.0,0,76,13.057395833333333,0.00091552734375,-67.31683202615363
sub01,test,6,spontaneous,2,112.0,0,77,13.289020833333334,0.000640869140625,-71.338228462513
sub01,test,6,spontaneous,2,112.0,0,78,13.436375,0.001708984375,-64.70441868069858
sub01,test,6,spontaneous,2,112.0,0,79,13.6399375,0.000823974609375,-67.11986219996493
sub01,test,6,spontaneous,2,112.0,0,80,13.838208333333334,0.0008544921875,-67.8450043140805
sub01,test,6,spontaneous,2,112.0,0,81,13.984708333333334,0.000885009765625,-70.3337693753159
sub01,test,6,spontaneous,2,112.0,0,82,14.18225,0.000732421875,-69.91293012928682
sub01,test,6,spontaneous,2,112.0,0,83,14.428979166666666,0.0009765625,-66.43801847802435
sub01,test,6,spontaneous,2,112.0,0,84,14.580958333333333,0.00177001953125,-65.40248954320771
sub01,test,6,spontaneous,2,112.0,0,85,14.69725,0.000823974609375,-69.20148921059999
sub01,test,6,spontaneous,2,112.0,0,86,14.854208333333334,0.001007080078125,-66.28147842156193
sub01,test,6,spontaneous,2,112.0,0,87,15.081916666666666,0.001251220703125,-66.50436102384253
sub01,test,6,spontaneous,2,112.0,0,88,15.404145833333333,0.000946044921875,-65.49673245476512
sub01,test,6,spontaneous,2,112.0,0,89,15.637520833333333,0.000701904296875,-68.53199100372481
sub01,test,6,spontaneous,2,112.0,0,90,15.912875,0.00079345703125,-69.45916655268464
sub01,test,6,spontaneous,2,112.0,0,91,16.131729166666666,0.00140380859375,-66.99069221095144
sub01,test,6,spontaneous,2,112.0,0,92,16.2986875,0.0009765625,-68.23658362273372
sub01,test,6,spontaneous,2,112.0,0,93,16.698916666666666,0.00128173828125,-67.59563372134144
sub01,test,6,spontaneous,2,112.0,0,94,16.844895833333332,0.0009765625,-65.20376213022942
sub01,test,6,spontaneous,2,112.0,0,95,17.121854166666665,0.000946044921875,-65.78103247830225
sub01,test,6,spontaneous,2,112.0,0,96,17.23325,0.000946044921875,-68.86470537183482
sub01,test,6,spontaneous,2,112.0,0,97,17.432229166666666,0.00079345703125,-69.83984939109764
sub01,test,6,spontaneous,2,112.0,0,98,17.546729166666665,0.000701904296875,-73.67591627202046
sub01,test,6,spontaneous,2,112.0,0,99,17.675020833333335,0.000885009765625,-69.52523612715606
sub01,test,6,spontaneous,2,112.0,0,100,17.903,0.000732421875,-70.1342022211859
sub01,test,6,spontaneous,2,112.0,0,101,18.2169375,0.00152587890625,-68.1763675503852
sub01,test,6,spontaneous,2,112.0,0,102,18.5283125,0.00091552734375,-65.54481881173815
sub01,test,6,spontaneous,2,112.0,0,103,18.743375,0.000885009765625,-69.99160500019067
sub01,test,6,spontaneous,2,112.0,0,104,18.8448125,0.000946044921875,-64.90881667443439
sub01,test,6,spontaneous,2,112.0,0,105,18.957333333333334,0.000885009765625,-67.68307048918759
sub01,test,6,spontaneous,2,112.0,0,106,19.148041666666668,0.000640869140625,-72.9402219913963
sub01,test,6,spontaneous,2,112.0,0,107,19.3083125,0.00128173828125,-69.55403612766833
sub01,test,6,spontaneous,2,112.0,0,108,19.467354166666667,0.000732421875,-69.70333189241715
sub01,test,6,spontaneous,2,112.0,0,109,19.664041666666666,0.00079345703125,-67.25153031424114
sub01,test,6,spontaneous,2,112.0,0,110,19.854104166666666,0.001312255859375,-67.86535134242973
sub01,test,6,spontaneous,2,112.0,0,111,20.054791666666667,0.000762939453125,-67.66221405836544
sub01,test,6,spontaneous,2,112.0,0,112,20.354020833333333,0.001373291015625,-65.86321650702709
sub01,test,6,spontaneous,2,112.0,0,113,20.481583333333333,0.000701904296875,-69.37509812856109
sub01,test,6,spontaneous,2,112.0,0,114,20.639375,0.000762939453125,-68.74317048085945
sub01,test,6,spontaneous,2,112.0,0,115,20.754916666666666,0.000732421875,-68.24690739734211
sub01,test,6,spontaneous,2,112.0,0,116,20.90522916666667,0.001007080078125,-68.92047008704859
sub01,test,6,spontaneous,2,112.0,0,117,21.065625,0.0010986328125,-67.42745403063056
sub01,test,6,spontaneous,2,112.0,0,118,21.229458333333334,0.0009765625,-65.26934273157428
sub01,test,6,spontaneous,2,112.0,0,119,21.380270833333334,0.0010986328125,-69.6780119366981
sub01,test,6,spontaneous,2,112.0,0,120,21.618833333333335,0.00115966796875,-64.12151818164902
sub01,test,6,spontaneous,2,112.0,0,121,21.8898125,0.00103759765625,-67.94444857698056
sub01,test,6,spontaneous,2,112.0,0,122,22.045583333333333,0.000732421875,-70.24525959193201
sub01,test,6,spontaneous,2,112.0,0,123,22.163520833333333,0.00079345703125,-69.39618970908643
sub01,test,6,spontaneous,2,112.0,0,124,22.320958333333333,0.00067138671875,-70.84386213754983
sub01,test,6,spontaneous,2,112.0,0,125,22.479375,0.0009765625,-65.74450534477388
sub01,test,6,spontaneous,2,112.0,0,126,22.750958333333333,0.000701904296875,-68.50724225831777
sub01,test,6,spontaneous,2,112.0,0,127,22.9455,0.001617431640625,-67.9914009678757
sub01,test,6,spontaneous,2,112.0,0,128,23.180041666666668,0.0008544921875,-68.71372324542666
sub01,test,6,spontaneous,2,112.0,0,129,23.4155625,0.00067138671875,-68.50881560568277
sub01,test,6,spontaneous,2,112.0,0,130,23.526083333333332,0.0009765625,-70.57441648864388
sub01,test,6,spontaneous,2,112.0,0,131,23.688666666666666,0.000640869140625,-72.77034974911882
sub01,test,6,spontaneous,2,112.0,0,132,23.919979166666668,0.001068115234375,-67.23580668494365
sub01,test,6,spontaneous,2,112.0,0,133,24.153604166666668,0.000762939453125,-70.94623541366302
sub01,test,6,spontaneous,2,112.0,0,134,24.352854166666667,0.000823974609375,-67.90981987667585
sub01,test,6,spontaneous,2,112.0,0,135,24.5428125,0.001190185546875,-71.5528406659199
sub01,test,6,spontaneous,2,112.0,0,136,24.699375,0.000885009765625,-68.98833707891315
sub01,test,6,spontaneous,2,112.0,0,137,24.812791666666666,0.00067138671875,-72.7413704981122
sub01,test,6,spontaneous,2,112.0,0,138,24.982208333333332,0.00091552734375,-65.95265640519801
sub01,test,6,spontaneous,2,112.0,0,139,25.084479166666668,0.000946044921875,-71.51991263638182
sub01,test,6,spontaneous,2,112.0,0,140,25.247208333333333,0.0009765625,-67.27153457205662
sub01,test,6,spontaneous,2,112.0,0,141,25.4064375,0.001129150390625,-64.65927392706017
sub01,test,6,spontaneous,2,112.0,0,142,25.606020833333332,0.000732421875,-70.45548246452756
sub01,test,6,spontaneous,2,112.0,0,143,25.7206875,0.001007080078125,-65.78626713940852
sub01,test,6,spontaneous,2,112.0,0,144,25.91075,0.00146484375,-62.96075578501191
sub01,test,6,spontaneous,2,112.0,0,145,26.1539375,0.001373291015625,-63.55786297343303
sub01,test,6,spontaneous,2,112.0,0,146,26.30625,0.00079345703125,-68.61358069499468
sub01,test,6,spontaneous,2,112.0,0,147,26.4211875,0.000518798828125,-72.6752907926068
sub01,test,6,spontaneous,2,112.0,0,148,26.654729166666666,0.00079345703125,-68.6673295571067
sub01,test,6,spontaneous,2,112.0,0,149,26.812041666666666,0.000518798828125,-73.58808401151619
sub01,test,6,spontaneous,2,112.0,0,150,26.971729166666666,0.0008544921875,-71.62439114485976
sub01,test,6,spontaneous,2,112.0,0,151,27.08566666666667,0.000732421875,-70.62112193530115
sub01,test,6,spontaneous,2,112.0,0,152,27.282708333333332,0.0009765625,-66.95006185846017
sub01,test,6,spontaneous,2,112.0,0,153,27.4814375,0.0009765625,-69.0073594929814
sub01,test,6,spontaneous,2,112.0,0,154,27.5960625,0.000732421875,-71.17722789513023
sub01,test,6,spontaneous,2,112.0,0,155,27.755229166666666,0.001068115234375,-65.03353205992967
sub01,test,6,spontaneous,2,112.0,0,156,27.9013125,0.00079345703125,-68.3197757187186
sub01,test,6,spontaneous,2,112.0,0,157,28.023833333333332,0.0006103515625,-70.58542709497661
sub01,test,6,spontaneous,2,112.0,0,158,28.178395833333333,0.0008544921875,-69.33011389219249
sub01,test,6,spontaneous,2,112.0,0,159,28.2911875,0.001129150390625,-70.49417921087068
sub01,test,6,spontaneous,2,112.0,0,160,28.454625,0.0009765625,-67.51497528734104
sub01,test,6,spontaneous,2,112.0,0,161,28.652916666666666,0.000762939453125,-68.44942779463103
sub01,test,6,spontaneous,2,112.0,0,162,28.824354166666666,0.00146484375,-64.00601233276178
sub01,test,6,spontaneous,2,112.0,0,163,28.9245,0.000823974609375,-68.27213639236565
sub01,test,6,spontaneous,2,112.0,0,164,29.0816875,0.000701904296875,-69.36178865397987
sub01,test,6,spontaneous,2,112.0,0,165,29.236229166666668,0.00103759765625,-67.55159944029782
sub01,test,6,spontaneous,2,112.0,0,166,29.473458333333333,0.00079345703125,-67.5394205915341
sub01,test,6,spontaneous,2,112.0,0,167,29.629604166666667,0.0008544921875,-69.51479898854691
sub01,test,6,spontaneous,2,112.0,0,168,29.781166666666667,0.0018310546875,-62.83446019989742
sub01,test,6,spontaneous,2,112.0,0,169,29.8990625,0.00140380859375,-65.22787448201066
sub01,test,7,cued,3,112.0,12,0,0.19822916666666668,0.000732421875,-70.01124469330259
sub01,test,7,cued,3,112.0,12,1,0.36164583333333333,0.0009765625,-66.17242746453526
sub01,test,7,cued,3,112.0,12,2,0.5572916666666666,0.001007080078125,-70.30842549922559
sub01,test,7,cued,3,112.0,12,3,0.714125,0.00103759765625,-65.214705363604
sub01,test,7,cued,3,112.0,12,4,0.8665416666666667,0.001007080078125,-66.35523723242227
sub01,test,7,cued,3,112.0,12,5,1.0640833333333333,0.001068115234375,-71.31847325378158
sub01,test,7,cued,3,112.0,12,6,1.2205208333333333,0.000946044921875,-67.41617574996702
sub01,test,7,cued,3,112.0,12,7,1.3472083333333333,0.0013427734375,-64.08496536383987
sub01,test,7,cued,3,112.0,12,8,1.448125,0.001220703125,-68.28566755246592
sub01,test,7,cued,3,112.0,12,9,1.5486458333333333,0.0020751953125,-62.192019732490216
sub01,test,7,cued,3,112.0,12,10,1.6486666666666667,0.0013427734375,-63.73051531826869
sub01,test,7,cued,3,112.0,12,11,1.7503541666666667,0.000885009765625,-69.6586763754299
sub01,test,7,cued,3,112.0,12,12,1.9267708333333333,0.001556396484375,-61.421721697692455
sub01,test,7,cued,3,112.0,12,13,2.113770833333333,0.001373291015625,-66.69203517529142
sub01,test,7,cued,3,112.0,12,14,2.31575,0.00079345703125,-68.5671683596471
sub01,test,7,cued,3,112.0,12,15,2.4320416666666667,0.000946044921875,-66.76576661342276
sub01,test,7,cued,3,112.0,12,16,2.5920833333333335,0.0010986328125,-67.84040720225553
sub01,test,7,cued,3,112.0,12,17,2.8223333333333334,0.001312255859375,-64.89568598665369
sub01,test,7,cued,3,112.0,12,18,2.97825,0.000701904296875,-70.21333927981166
sub01,test,7,cued,3,112.0,12,19,3.095270833333333,0.000946044921875,-68.74668437796332
sub01,test,7,cued,3,112.0,12,20,3.2058125,0.000732421875,-72.2739534057341
sub01,test,7,cued,3,112.0,12,21,3.3236041666666667,0.0009765625,-69.13143075628076
sub01,test,7,cued,3,112.0,12,22,3.6778125,0.000640869140625,-71.72772254309587
sub01,test,7,cued,3,112.0,12,23,3.9131458333333335,0.000701904296875,-71.90327644828537
sub01,test,7,cued,3,112.0,12,24,4.105,0.000732421875,-71.70304088766927
sub01,test,7,cued,3,112.0,12,25,4.221895833333333,0.000732421875,-72.3635856086732
sub01,test,7,cued,3,112.0,12,26,4.381583333333333,0.00079345703125,-71.47289703367926
sub01,test,7,cued,3,112.0,12,27,4.497895833333334,0.000732421875,-71.20371781048938
sub01,test,7,cued,3,112.0,12,28,4.6135625,0.000946044921875,-72.45421762011006
sub01,test,7,cued,3,112.0,12,29,4.731229166666667,0.00103759765625,-67.44853726386498
sub01,test,7,cued,3,112.0,12,30,4.885,0.00079345703125,-75.00095608906848
sub01,test,7,cued,3,112.0,12,31,5.0082708333333334,0.00103759765625,-68.9924107201173
sub01,test,7,cued,3,112.0,12,32,5.11225,0.0008544921875,-68.40208354546574
sub01,test,7,cued,3,112.0,12,33,5.2904583333333335,0.001007080078125,-66.68228955621188
sub01,test,7,cued,3,112.0,12,34,5.4788125,0.0013427734375,-66.48141350527119
sub01,test,7,cued,3,112.0,12,35,5.631458333333334,0.00140380859375,-67.98138388785758
sub01,test,7,cued,3,112.0,12,36,5.983041666666667,0.00091552734375,-68.85502718145061
sub01,test,7,cued,3,112.0,12,37,6.258125,0.000640869140625,-69.31898230250911
sub01,test,7,cued,3,112.0,12,38,6.421375,0.00115966796875,-66.22066490336567
sub01,test,7,cued,3,112.0,12,39,6.690708333333333,0.000885009765625,-69.25709157449094
sub01,test,7,cued,3,112.0,12,40,6.813770833333334,0.00067138671875,-68.52888680289156
sub01,test,7,cued,3,112.0,12,41,6.963666666666667,0.000823974609375,-68.23381477041889
sub01,test,7,cued,3,112.0,12,42,7.271729166666667,0.000732421875,-73.12196370480079
sub01,test,7,cued,3,112.0,12,43,7.397958333333333,0.0015869140625,-65.2676235239049
sub01,test,7,cued,3,112.0,12,44,7.513708333333334,0.0009765625,-65.84463030734626
sub01,test,7,cued,3,112.0,12,45,7.7509375,0.000732421875,-71.02340403504625
sub01,test,7,cued,3,112.0,12,46,7.98025,0.00115966796875,-64.83769821775152
sub01,test,7,cued,3,112.0,12,47,8.0999375,0.000732421875,-72.1640250929393
sub01,test,7,cued,3,112.0,12,48,8.251333333333333,0.00067138671875,-71.03607899731794
sub01,test,7,cued,3,112.0,12,49,8.4891875,0.000732421875,-71.57050715906298
sub01,test,7,cued,3,112.0,12,50,8.683604166666667,0.001007080078125,-68.56210303326247
sub01,test,7,cued,3,112.0,12,51,8.8480625,0.001190185546875,-69.60990393976792
sub01,test,7,cued,3,112.0,12,52,8.958708333333334,0.0008544921875,-70.14200189563289
sub01,test,7,cued,3,112.0,12,53,9.072520833333334,0.0010986328125,-69.82174888780192
sub01,test,7,cued,3,112.0,12,54,9.38525,0.00079345703125,-72.34349645839927
sub01,test,7,cued,3,112.0,12,55,9.6163125,0.00341796875,-68.76974918503295
sub01,test,7,cued,3,112.0,12,56,9.861104166666667,0.001220703125,-66.45433849727658
sub01,test,7,cued,3,112.0,12,57,10.099770833333332,0.000732421875,-69.67889860778259
sub01,test,7,cued,3,112.0,12,58,10.258770833333333,0.001190185546875,-65.18297924594667
sub01,test,7,cued,3,112.0,12,59,10.5215,0.000762939453125,-70.45950857211545
sub01,test,7,cued,3,112.0,12,60,10.7470625,0.001251220703125,-65.70088667251697
sub01,test,7,cued,3,112.0,12,61,10.98725,0.001007080078125,-65.18147901554316
sub01,test,7,cued,3,112.0,12,62,11.1763125,0.000946044921875,-68.50787910315007
sub01,test,7,cued,3,112.0,12,63,11.3045,0.00103759765625,-64.23783789630995
sub01,test,7,cued,3,112.0,12,64,11.413270833333334,0.000732421875,-69.53120768146249
sub01,test,7,cued,3,112.0,12,65,11.5385625,0.000732421875,-70.75710096657973
sub01,test,7,cued,3,112.0,12,66,11.650041666666667,0.00067138671875,-72.81201120415709
sub01,test,7,cued,3,112.0,12,67,11.815,0.001007080078125,-66.56818845696185
sub01,test,7,cued,3,112.0,12,68,11.9589375,0.00079345703125,-69.80646326557603
sub01,test,7,cued,3,112.0,12,69,12.162395833333333,0.00079345703125,-73.01819467175267
sub01,test,7,cued,3,112.0,12,70,12.3208125,0.000732421875,-71.57550944555427
sub01,test,7,cued,3,112.0,12,71,12.517666666666667,0.00079345703125,-69.21567399454551
sub01,test,7,cued,3,112.0,12,72,12.705791666666666,0.000762939453125,-70.08179431863341
sub01,test,7,cued,3,112.0,12,73,12.909145833333334,0.000640869140625,-69.55487225897977
sub01,test,7,cued,3,112.0,12,74,13.29575,0.0008544921875,-69.93254800415602
sub01,test,7,cued,3,112.0,12,75,13.449333333333334,0.001068115234375,-66.87350388392915
sub01,test,7,cued,3,112.0,12,76,13.565854166666666,0.0008544921875,-69.70249216254275
sub01,test,7,cued,3,112.0,12,77,13.722416666666666,0.000732421875,-70.4024966003747
sub01,test,7,cued,3,112.0,12,78,13.8406875,0.000640869140625,-71.54922720942875
sub01,test,7,cued,3,112.0,12,79,13.959125,0.0010986328125,-69.54158342864534
sub01,test,7,cued,3,112.0,12,80,14.116395833333334,0.000732421875,-72.67742358785159
sub01,test,7,cued,3,112.0,12,81,14.271354166666667,0.0008544921875,-68.28040824899931
sub01,test,7,cued,3,112.0,12,82,14.5091875,0.001708984375,-65.0582356409287
sub01,test,7,cued,3,112.0,12,83,14.781479166666667,0.000762939453125,-70.0163449686909
sub01,test,7,cued,3,112.0,12,84,14.9354375,0.000732421875,-70.30839568060912
sub01,test,7,cued,3,112.0,12,85,15.054979166666667,0.0010986328125,-66.34654496189809
sub01,test,7,cued,3,112.0,12,86,15.181270833333333,0.00079345703125,-69.24666440829667
sub01,test,7,cued,3,112.0,12,87,15.288208333333333,0.000732421875,-71.26266928732731
sub01,test,7,cued,3,112.0,12,88,15.440854166666666,0.00067138671875,-71.18544961367462
sub01,test,7,cued,3,112.0,12,89,15.561291666666667,0.000946044921875,-66.4194065396971
sub01,test,7,cued,3,112.0,12,90,15.674291666666667,0.00103759765625,-71.57526793593459
sub01,test,7,cued,3,112.0,12,91,15.837583333333333,0.00079345703125,-69.91775046673476
sub01,test,7,cued,3,112.0,12,92,16.0788125,0.00115966796875,-65.77584717444985
sub01,test,7,cued,3,112.0,12,93,16.265,0.001007080078125,-70.03963930108935
sub01,test,7,cued,3,112.0,12,94,16.454958333333334,0.000762939453125,-72.49428750103547
sub01,test,7,cued,3,112.0,12,95,16.576729166666667,0.000640869140625,-71.57538868990503
sub01,test,7,cued,3,112.0,12,96,16.699791666666666,0.001129150390625,-65.08215738835392
sub01,test,7,cued,3,112.0,12,97,16.887666666666668,0.000946044921875,-68.24957194604085
sub01,test,7,cued,3,112.0,12,98,17.003729166666666,0.000762939453125,-71.05465998074838
sub01,test,7,cued,3,112.0,12,99,17.123520833333334,0.000946044921875,-67.34461716678322
sub01,test,7,cued,3,112.0,12,100,17.327125,0.000823974609375,-67.47993062368363
sub01,test,7,cued,3,112.0,12,101,17.63475,0.001068115234375,-67.80576464895324
sub01,test,7,cued,3,112.0,12,102,17.871270833333334,0.001220703125,-63.872950805086155
sub01,test,7,cued,3,112.0,12,103,18.0228125,0.0009765625,-66.42762896452939
sub01,test,7,cued,3,112.0,12,104,18.221,0.001068115234375,-71.0799063773578
sub01,test,7,cued,3,112.0,12,105,18.570645833333334,0.00091552734375,-66.1855952774188
sub01,test,7,cued,3,112.0,12,106,18.762916666666666,0.0013427734375,-66.00212384308956
sub01,test,7,cued,3,112.0,12,107,18.96375,0.000762939453125,-68.71228258744345
sub01,test,7,cued,3,112.0,12,108,19.1205625,0.00079345703125,-68.75635545089418
sub01,test,7,cued,3,112.0,12,109,19.321354166666666,0.003265380859375,-61.87405353641508
sub01,test,7,cued,3,112.0,12,110,19.427875,0.00079345703125,-70.72402365601697
sub01,test,7,cued,3,112.0,12,111,19.823041666666665,0.001495361328125,-66.07075043453465
sub01,test,7,cued,3,112.0,12,112,20.01535416666667,0.00091552734375,-68.13045049434129
sub01,test,7,cued,3,112.0,12,113,20.331708333333335,0.0009765625,-68.08711051466311
sub01,test,7,cued,3,112.0,12,114,20.487645833333332,0.001007080078125,-66.06579791397878
sub01,test,7,cued,3,112.0,12,115,20.604041666666667,0.000701904296875,-72.88895227204546
sub01,test,7,cued,3,112.0,12,116,20.7575,0.000823974609375,-70.4062887940391
sub01,test,7,cued,3,112.0,12,117,20.913645833333334,0.001495361328125,-66.63521915760751
sub01,test,7,cued,3,112.0,12,118,21.0315625,0.000823974609375,-71.04410952963691
sub01,test,7,cued,3,112.0,12,119,21.187104166666668,0.00067138671875,-73.26701685245116
sub01,test,7,cued,3,112.0,12,120,21.300916666666666,0.001068115234375,-68.99802756344555
sub01,test,7,cued,3,112.0,12,121,21.49897916666667,0.001556396484375,-66.29352136363607
sub01,test,7,cued,3,112.0,12,122,21.6165,0.000823974609375,-67.80900285642609
sub01,test,7,cued,3,112.0,12,123,21.7351875,0.000579833984375,-71.71861678111293
sub01,test,7,cued,3,112.0,12,124,22.012125,0.00115966796875,-63.977295763767216
sub01,test,7,cued,3,112.0,12,125,22.173958333333335,0.000823974609375,-70.65446660879053
sub01,test,7,cued,3,112.0,12,126,22.403145833333333,0.00091552734375,-67.12181619535122
sub01,test,7,cued,3,112.0,12,127,22.5234375,0.00146484375,-61.97637187065812
sub01,test,7,cued,3,112.0,12,128,22.67160416666667,0.000701904296875,-71.3057829604953
sub01,test,7,cued,3,112.0,12,129,22.834791666666668,0.001007080078125,-66.15691164674038
sub01,test,7,cued,3,112.0,12,130,23.073375,0.001373291015625,-63.15566909702862
sub01,test,7,cued,3,112.0,12,131,23.181770833333335,0.001312255859375,-65.88899363607739
sub01,test,7,cued,3,112.0,12,132,23.299666666666667,0.000701904296875,-69.78636260069457
sub01,test,7,cued,3,112.0,12,133,23.420229166666665,0.000762939453125,-67.74762011164735
sub01,test,7,cued,3,112.0,12,134,23.615916666666667,0.00262451171875,-63.060712293639796
sub01,test,7,cued,3,112.0,12,135,23.7354375,0.0008544921875,-65.85408161333939
sub01,test,7,cued,3,112.0,12,136,24.116854166666666,0.002532958984375,-63.895441873578505
sub01,test,7,cued,3,112.0,12,137,24.314770833333334,0.0009765625,-66.66692961217649
sub01,test,7,cued,3,112.0,12,138,24.667416666666668,0.00244140625,-63.08245330525168
sub01,test,7,cued,3,112.0,12,139,24.864958333333334,0.000732421875,-68.52066761636371
sub01,test,7,cued,3,112.0,12,140,25.098770833333333,0.000885009765625,-67.74874029551219
sub01,test,7,cued,3,112.0,12,141,25.214208333333332,0.001953125,-64.54589712869506
sub01,test,7,cued,3,112.0,12,142,25.331104166666666,0.0008544921875,-69.19616340346505
sub01,test,7,cued,3,112.0,12,143,25.488166666666668,0.001068115234375,-64.86109463307616
sub01,test,7,cued,3,112.0,12,144,25.608458333333335,0.001007080078125,-66.5831000617703
sub01,test,7,cued,3,112.0,12,145,25.721395833333332,0.00091552734375,-66.52908510836978
sub01,test,7,cued,3,112.0,12,146,25.880166666666668,0.000732421875,-69.3291992194081
sub01,test,7,cued,3,112.0,12,147,25.9966875,0.000946044921875,-67.29130116444844
sub01,test,7,cued,3,112.0,12,148,26.114604166666666,0.001251220703125,-64.85003714663199
sub01,test,7,cued,3,112.0,12,149,26.273979166666667,0.001312255859375,-64.61121288838471
sub01,test,7,cued,3,112.0,12,150,26.431729166666667,0.0008544921875,-68.232823313156
sub01,test,7,cued,3,112.0,12,151,26.5873125,0.0008544921875,-66.20659361073153
sub01,test,7,cued,3,112.0,12,152,26.694708333333335,0.0010986328125,-66.29420328321893
sub01,test,7,cued,3,112.0,12,153,26.852854166666667,0.000946044921875,-66.53827707907612
sub01,test,7,cued,3,112.0,12,154,27.0478125,0.000762939453125,-71.54437467961242
sub01,test,7,cued,3,112.0,12,155,27.203625,0.000640869140625,-72.81227972500231
sub01,test,7,cued,3,112.0,12,156,27.328770833333333,0.00311279296875,-61.352790107661036
sub01,test,7,cued,3,112.0,12,157,27.480479166666665,0.000701904296875,-70.40798526463665
sub01,test,7,cued,3,112.0,12,158,27.639145833333334,0.00103759765625,-65.3662733844405
sub01,test,7,cued,3,112.0,12,159,27.8716875,0.00091552734375,-68.75418323004074
sub01,test,7,cued,3,112.0,12,160,28.145208333333333,0.001007080078125,-68.74872598302008
sub01,test,7,cued,3,112.0,12,161,28.382520833333334,0.000946044921875,-68.72832804214892
sub01,test,7,cued,3,112.0,12,162,28.489375,0.0008544921875,-69.49380011802619
sub01,test,7,cued,3,112.0,12,163,28.61520833333333,0.000823974609375,-68.7713999590659
sub01,test,7,cued,3,112.0,12,164,28.8145,0.000885009765625,-69.51043058217574
sub01,test,7,cued,3,112.0,12,165,28.9335625,0.003631591796875,-61.12015118352677
sub01,test,7,cued,3,112.0,12,166,29.13104166666667,0.00128173828125,-64.65403758283833
sub01,test,7,cued,3,112.0,12,167,29.238,0.0010986328125,-67.42496946011984
sub01,test,7,cued,3,112.0,12,168,29.359458333333333,0.001220703125,-65.96427426452897
sub01,test,7,cued,3,112.0,12,169,29.480979166666668,0.001129150390625,-66.72715088099602
sub01,test,7,cued,3,112.0,12,170,29.589979166666666,0.001190185546875,-66.36994529201738
sub01,test,7,cued,3,112.0,12,171,29.753583333333335,0.00091552734375,-68.9769148878086
sub01,test,7,cued,3,112.0,12,172,29.865770833333332,0.001251220703125,-67.80545977062013
sub01,test,7,cued,3,112.0,12,173,30.026833333333332,0.002532958984375,-62.80728009274172
sub01,test,8,spontaneous,3,112.0,0,0,0.025416666666666667,0.00299072265625,-60.85020822505831
sub01,test,8,spontaneous,3,112.0,0,1,0.19420833333333334,0.0008544921875,-70.112730243801
sub01,test,8,spontaneous,3,112.0,0,2,0.38666666666666666,0.000762939453125,-69.12621350332087
sub01,test,8,spontaneous,3,112.0,0,3,0.5410833333333334,0.004302978515625,-59.29108840767665
sub01,test,8,spontaneous,3,112.0,0,4,0.7040208333333333,0.000885009765625,-69.70519472932465
sub01,test,8,spontaneous,3,112.0,0,5,0.8119583333333333,0.00115966796875,-67.01564136615028
sub01,test,8,spontaneous,3,112.0,0,6,0.979625,0.0015869140625,-66.70562916327094
sub01,test,8,spontaneous,3,112.0,0,7,1.1684583333333334,0.00079345703125,-72.04892617071336
sub01,test,8,spontaneous,3,112.0,0,8,1.4038958333333333,0.000732421875,-72.1925972660158
sub01,test,8,spontaneous,3,112.0,0,9,1.6368333333333334,0.0009765625,-67.14318041177667
sub01,test,8,spontaneous,3,112.0,0,10,1.7894583333333334,0.00079345703125,-68.68090732377962
sub01,test,8,spontaneous,3,112.0,0,11,1.9907291666666667,0.001190185546875,-69.08222128224403
sub01,test,8,spontaneous,3,112.0,0,12,2.148604166666667,0.0008544921875,-69.41875904255178
sub01,test,8,spontaneous,3,112.0,0,13,2.3388958333333334,0.001129150390625,-68.46642288026376
sub01,test,8,spontaneous,3,112.0,0,14,2.57175,0.00079345703125,-69.88102936952217
sub01,test,8,spontaneous,3,112.0,0,15,2.8423541666666665,0.001617431640625,-65.98465104149406
sub01,test,8,spontaneous,3,112.0,0,16,3.0391666666666666,0.000701904296875,-72.28767783408607
sub01,test,8,spontaneous,3,112.0,0,17,3.1632291666666665,0.00079345703125,-69.47193259583214
sub01,test,8,spontaneous,3,112.0,0,18,3.276,0.00067138671875,-69.94232196514348
sub01,test,8,spontaneous,3,112.0,0,19,3.3965,0.0009765625,-67.75830166144112
sub01,test,8,spontaneous,3,112.0,0,20,3.5494375,0.0008544921875,-67.76469329394864
sub01,test,8,spontaneous,3,112.0,0,21,3.667708333333333,0.00152587890625,-67.42102770308607
sub01,test,8,spontaneous,3,112.0,0,22,3.8265208333333334,0.000823974609375,-67.74086937539388
sub01,test,8,spontaneous,3,112.0,0,23,4.101354166666667,0.0006103515625,-72.70959373158627
sub01,test,8,spontaneous,3,112.0,0,24,4.218041666666666,0.000885009765625,-66.90796021872579
sub01,test,8,spontaneous,3,112.0,0,25,4.3399375,0.00103759765625,-66.31304270565118
sub01,test,8,spontaneous,3,112.0,0,26,4.45175,0.000732421875,-70.44134352676541
sub01,test,8,spontaneous,3,112.0,0,27,4.605291666666667,0.001068115234375,-68.35357654557768
sub01,test,8,spontaneous,3,112.0,0,28,4.844604166666667,0.00103759765625,-67.84078251273658
sub01,test,8,spontaneous,3,112.0,0,29,4.996770833333334,0.001373291015625,-66.72018969425649
sub01,test,8,spontaneous,3,112.0,0,30,5.156729166666667,0.000946044921875,-67.43901067594507
sub01,test,8,spontaneous,3,112.0,0,31,5.269770833333333,0.00067138671875,-71.06118194045581
sub01,test,8,spontaneous,3,112.0,0,32,5.4267916666666665,0.0010986328125,-68.83051859295128
sub01,test,8,spontaneous,3,112.0,0,33,5.62425,0.00079345703125,-70.83925944571314
sub01,test,8,spontaneous,3,112.0,0,34,5.730520833333333,0.0008544921875,-68.97977897905255
sub01,test,8,spontaneous,3,112.0,0,35,5.893958333333333,0.000823974609375,-69.3007002638537
sub01,test,8,spontaneous,3,112.0,0,36,6.0962708333333335,0.000946044921875,-67.9865222212358
sub01,test,8,spontaneous,3,112.0,0,37,6.214104166666667,0.00067138671875,-69.93600632421024
sub01,test,8,spontaneous,3,112.0,0,38,6.328979166666667,0.00140380859375,-67.6224551271823
sub01,test,8,spontaneous,3,112.0,0,39,6.4858125,0.000701904296875,-72.81056210839628
sub01,test,8,spontaneous,3,112.0,0,40,6.6033333333333335,0.00091552734375,-68.3008926672523
sub01,test,8,spontaneous,3,112.0,0,41,6.727125,0.000579833984375,-72.18413621573501
sub01,test,8,spontaneous,3,112.0,0,42,6.876416666666667,0.0015869140625,-64.8704299514147
sub01,test,8,spontaneous,3,112.0,0,43,7.189208333333333,0.000823974609375,-65.97839281309928
sub01,test,8,spontaneous,3,112.0,0,44,7.425125,0.00103759765625,-63.949967560883934
sub01,test,8,spontaneous,3,112.0,0,45,7.660708333333333,0.00164794921875,-62.3306125628575
sub01,test,8,spontaneous,3,112.0,0,46,7.892875,0.0008544921875,-65.7160583008668
sub01,test,8,spontaneous,3,112.0,0,47,8.007583333333333,0.0006103515625,-72.10142067072049
sub01,test,8,spontaneous,3,112.0,0,48,8.134708333333334,0.000946044921875,-68.5009127015754
sub01,test,8,spontaneous,3,112.0,0,49,8.240625,0.000732421875,-72.24456106206827
sub01,test,8,spontaneous,3,112.0,0,50,8.409041666666667,0.00091552734375,-66.52751886311215
sub01,test,8,spontaneous,3,112.0,0,51,8.593583333333333,0.00079345703125,-70.28580769477904
sub01,test,8,spontaneous,3,112.0,0,52,8.8658125,0.0008544921875,-69.52032915531875
sub01,test,8,spontaneous,3,112.0,0,53,8.989,0.00091552734375,-67.14626592508907
sub01,test,8,spontaneous,3,112.0,0,54,9.149645833333333,0.0006103515625,-71.032266373618
sub01,test,8,spontaneous,3,112.0,0,55,9.297479166666667,0.001312255859375,-65.10874217931263
sub01,test,8,spontaneous,3,112.0,0,56,9.461041666666667,0.00091552734375,-67.60361733606865
sub01,test,8,spontaneous,3,112.0,0,57,9.608583333333334,0.000885009765625,-67.75156792185821
sub01,test,8,spontaneous,3,112.0,0,58,9.730020833333333,0.00274658203125,-62.21271911436149
sub01,test,8,spontaneous,3,112.0,0,59,9.846645833333334,0.0008544921875,-66.36498074636967
sub01,test,8,spontaneous,3,112.0,0,60,9.966458333333334,0.00079345703125,-70.83868009860849
sub01,test,8,spontaneous,3,112.0,0,61,10.116979166666667,0.000701904296875,-73.21865592133246
sub01,test,8,spontaneous,3,112.0,0,62,10.2384375,0.000885009765625,-68.0664388648617
sub01,test,8,spontaneous,3,112.0,0,63,10.3528125,0.00079345703125,-69.27607035330867
sub01,test,8,spontaneous,3,112.0,0,64,10.58825,0.00177001953125,-65.13714018359879
sub01,test,8,spontaneous,3,112.0,0,65,10.860875,0.00079345703125,-70.15429513078519
sub01,test,8,spontaneous,3,112.0,0,66,11.0118125,0.001678466796875,-66.69538031378352
sub01,test,8,spontaneous,3,112.0,0,67,11.134208333333333,0.000701904296875,-70.09469352844027
sub01,test,8,spontaneous,3,112.0,0,68,11.3605625,0.001861572265625,-64.76650527281458
sub01,test,8,spontaneous,3,112.0,0,69,11.640979166666666,0.0006103515625,-73.8359839685168
sub01,test,8,spontaneous,3,112.0,0,70,11.7710625,0.000701904296875,-73.03059400287398
sub01,test,8,spontaneous,3,112.0,0,71,11.916833333333333,0.00091552734375,-66.03607610136862
sub01,test,8,spontaneous,3,112.0,0,72,12.280708333333333,0.003204345703125,-61.497296698692246
sub01,test,8,spontaneous,3,112.0,0,73,12.428125,0.000732421875,-70.28961952536376
sub01,test,8,spontaneous,3,112.0,0,74,12.698354166666666,0.001312255859375,-63.993067237582395
sub01,test,8,spontaneous,3,112.0,0,75,12.819875,0.000640869140625,-72.29191330781237
sub01,test,8,spontaneous,3,112.0,0,76,12.926791666666666,0.0008544921875,-69.2369694395659
sub01,test,8,spontaneous,3,112.0,0,77,13.059833333333334,0.001434326171875,-68.11723024637436
sub01,test,8,spontaneous,3,112.0,0,78,13.168229166666666,0.000946044921875,-68.68594828725017
sub01,test,8,spontaneous,3,112.0,0,79,13.325458333333334,0.000701904296875,-72.2168629050676
sub01,test,8,spontaneous,3,112.0,0,80,13.484833333333333,0.00250244140625,-61.75328998699402
sub01,test,8,spontaneous,3,112.0,0,81,13.634291666666666,0.000885009765625,-70.85571564771773
sub01,test,8,spontaneous,3,112.0,0,82,13.754708333333333,0.000640869140625,-71.49332979190194
sub01,test,8,spontaneous,3,112.0,0,83,14.016666666666667,0.002166748046875,-64.49208509960413
sub01,test,8,spontaneous,3,112.0,0,84,14.1840625,0.000823974609375,-67.63744435287038
sub01,test,8,spontaneous,3,112.0,0,85,14.497916666666667,0.001708984375,-63.53412045392069
sub01,test,8,spontaneous,3,112.0,0,86,14.615083333333333,0.0009765625,-68.16370556351147
sub01,test,8,spontaneous,3,112.0,0,87,14.734395833333334,0.000732421875,-69.4082316851
sub01,test,8,spontaneous,3,112.0,0,88,14.844145833333334,0.00091552734375,-70.30589376637087
sub01,test,8,spontaneous,3,112.0,0,89,14.961708333333334,0.00067138671875,-71.77146770502911
sub01,test,8,spontaneous,3,112.0,0,90,15.12125,0.00079345703125,-69.19964237627634
sub01,test,8,spontaneous,3,112.0,0,91,15.359729166666666,0.000640869140625,-70.5835955841452
sub01,test,8,spontaneous,3,112.0,0,92,15.517666666666667,0.00177001953125,-65.51338533538289
sub01,test,8,spontaneous,3,112.0,0,93,15.7096875,0.000823974609375,-66.43537233855072
sub01,test,8,spontaneous,3,112.0,0,94,15.902895833333334,0.00091552734375,-67.95089221555008
sub01,test,8,spontaneous,3,112.0,0,95,16.0198125,0.0013427734375,-68.90664684963438
sub01,test,8,spontaneous,3,112.0,0,96,16.179729166666668,0.000762939453125,-68.5297877775768
sub01,test,8,spontaneous,3,112.0,0,97,16.4095625,0.000823974609375,-69.68874434911005
sub01,test,8,spontaneous,3,112.0,0,98,16.607458333333334,0.000701904296875,-70.41876664075491
sub01,test,8,spontaneous,3,112.0,0,99,16.7614375,0.000640869140625,-70.50274783400519
sub01,test,8,spontaneous,3,112.0,0,100,17.043541666666666,0.001068115234375,-64.98998957275742
sub01,test,8,spontaneous,3,112.0,0,101,17.146958333333334,0.0008544921875,-70.06887636570893
sub01,test,8,spontaneous,3,112.0,0,102,17.276375,0.000823974609375,-68.07777245526084
sub01,test,8,spontaneous,3,112.0,0,103,17.386791666666667,0.00067138671875,-70.64279143488011
sub01,test,8,spontaneous,3,112.0,0,104,17.672104166666667,0.0020751953125,-63.72305561581415
sub01,test,8,spontaneous,3,112.0,0,105,17.777895833333332,0.0009765625,-71.33608850539022
sub01,test,8,spontaneous,3,112.0,0,106,18.018645833333334,0.001007080078125,-65.60580290165645
sub01,test,8,spontaneous,3,112.0,0,107,18.17775,0.001556396484375,-62.23107916002439
sub01,test,8,spontaneous,3,112.0,0,108,18.4425,0.000640869140625,-70.524752030487
sub01,test,8,spontaneous,3,112.0,0,109,18.676666666666666,0.002227783203125,-63.95295329524879
sub01,test,8,spontaneous,3,112.0,0,110,18.908645833333335,0.001129150390625,-66.72511534362141
sub01,test,8,spontaneous,3,112.0,0,111,19.0278125,0.0008544921875,-66.77117182436402
sub01,test,8,spontaneous,3,112.0,0,112,19.185625,0.001220703125,-66.68112531157725
sub01,test,8,spontaneous,3,112.0,0,113,19.37302083333333,0.000823974609375,-69.05967928102174
sub01,test,8,spontaneous,3,112.0,0,114,19.6965,0.000946044921875,-66.88578641265674
sub01,test,8,spontaneous,3,112.0,0,115,19.932458333333333,0.00091552734375,-67.06879101105017
sub01,test,8,spontaneous,3,112.0,0,116,20.242979166666668,0.000640869140625,-70.21820961560819
sub01,test,8,spontaneous,3,112.0,0,117,20.4350625,0.0010986328125,-66.27836599956116
sub01,test,8,spontaneous,3,112.0,0,118,20.6320625,0.000823974609375,-70.66054470042309
sub01,test,8,spontaneous,3,112.0,0,119,20.9066875,0.000946044921875,-69.04615073556792
sub01,test,8,spontaneous,3,112.0,0,120,21.142770833333334,0.000823974609375,-67.10361258600976
sub01,test,8,spontaneous,3,112.0,0,121,21.4185,0.001556396484375,-63.7371713284444
sub01,test,8,spontaneous,3,112.0,0,122,21.533291666666667,0.0008544921875,-68.59386717780238
sub01,test,8,spontaneous,3,112.0,0,123,21.6831875,0.000823974609375,-68.89988292242748
sub01,test,8,spontaneous,3,112.0,0,124,21.969041666666666,0.002838134765625,-63.22767648822541
sub01,test,8,spontaneous,3,112.0,0,125,22.149979166666668,0.000701904296875,-71.83888772858762
sub01,test,8,spontaneous,3,112.0,0,126,22.429916666666667,0.000823974609375,-69.95717577681839
sub01,test,8,spontaneous,3,112.0,0,127,22.54639583333333,0.000732421875,-72.5796728289926
sub01,test,8,spontaneous,3,112.0,0,128,22.699229166666665,0.001068115234375,-68.75024261793837
sub01,test,8,spontaneous,3,112.0,0,129,22.978729166666668,0.000762939453125,-68.74142547613368
sub01,test,8,spontaneous,3,112.0,0,130,23.252833333333335,0.000823974609375,-67.1956697599891
sub01,test,8,spontaneous,3,112.0,0,131,23.489166666666666,0.000701904296875,-69.29198147659598
sub01,test,8,spontaneous,3,112.0,0,132,23.622333333333334,0.002166748046875,-65.63853212470187
sub01,test,8,spontaneous,3,112.0,0,133,23.761729166666665,0.000823974609375,-69.17848250198594
sub01,test,8,spontaneous,3,112.0,0,134,23.916166666666665,0.000640869140625,-72.5147374099984
sub01,test,8,spontaneous,3,112.0,0,135,24.0314375,0.00079345703125,-70.81083077612179
sub01,test,8,spontaneous,3,112.0,0,136,24.152229166666668,0.002227783203125,-63.43027347109392
sub01,test,8,spontaneous,3,112.0,0,137,24.311625,0.001190185546875,-71.51788072994096
sub01,test,8,spontaneous,3,112.0,0,138,24.461479166666667,0.000946044921875,-69.04921902818421
sub01,test,8,spontaneous,3,112.0,0,139,24.6173125,0.001129150390625,-61.63146425345235
sub01,test,8,spontaneous,3,112.0,0,140,24.817833333333333,0.001434326171875,-63.05659387857417
sub01,test,8,spontaneous,3,112.0,0,141,25.008041666666667,0.000946044921875,-67.41581953218834
sub01,test,8,spontaneous,3,112.0,0,142,25.161583333333333,0.00286865234375,-61.43497091616389
sub01,test,8,spontaneous,3,112.0,0,143,25.3304375,0.0015869140625,-63.666053026336854
sub01,test,8,spontaneous,3,112.0,0,144,25.516666666666666,0.00140380859375,-63.441922644691424
sub01,test,8,spontaneous,3,112.0,0,145,25.636708333333335,0.0006103515625,-71.38758886512669
sub01,test,8,spontaneous,3,112.0,0,146,25.754041666666666,0.00103759765625,-65.65882821523252
sub01,test,8,spontaneous,3,112.0,0,147,25.86970833333333,0.0008544921875,-71.28953645829624
sub01,test,8,spontaneous,3,112.0,0,148,25.99325,0.001068115234375,-65.20012450099628
sub01,test,8,spontaneous,3,112.0,0,149,26.107791666666667,0.000823974609375,-68.76551994457914
sub01,test,8,spontaneous,3,112.0,0,150,26.2935625,0.003662109375,-55.40843102780853
sub01,test,8,spontaneous,3,112.0,0,151,26.459791666666668,0.00177001953125,-64.14652660130601
sub01,test,8,spontaneous,3,112.0,0,152,26.616583333333335,0.0009765625,-66.54075882993234
sub01,test,8,spontaneous,3,112.0,0,153,26.725520833333334,0.00115966796875,-65.93953623914565
sub01,test,8,spontaneous,3,112.0,0,154,26.857145833333334,0.00103759765625,-65.64990565697815
sub01,test,8,spontaneous,3,112.0,0,155,27.007833333333334,0.000762939453125,-69.07279568665393
sub01,test,8,spontaneous,3,112.0,0,156,27.235520833333332,0.00067138671875,-70.91477674300054
sub01,test,8,spontaneous,3,112.0,0,157,27.339020833333333,0.00311279296875,-62.3597344335016
sub01,test,8,spontaneous,3,112.0,0,158,27.468041666666668,0.000885009765625,-68.76839563177633
sub01,test,8,spontaneous,3,112.0,0,159,27.586875,0.000701904296875,-69.19413337097282
sub01,test,8,spontaneous,3,112.0,0,160,27.783083333333334,0.000701904296875,-67.99012790441684
sub01,test,8,spontaneous,3,112.0,0,161,27.901479166666668,0.0032958984375,-61.82868629287104
sub01,test,8,spontaneous,3,112.0,0,162,28.3313125,0.0006103515625,-71.55424593327639
sub01,test,8,spontaneous,3,112.0,0,163,28.491416666666666,0.001312255859375,-64.76457824112768
sub01,test,8,spontaneous,3,112.0,0,164,28.641229166666665,0.00079345703125,-70.27388473507887
sub01,test,8,spontaneous,3,112.0,0,165,28.945479166666665,0.002166748046875,-66.60803338801726
sub01,test,8,spontaneous,3,112.0,0,166,29.0785,0.00091552734375,-68.96242555576333
sub01,test,8,spontaneous,3,112.0,0,167,29.2675625,0.000946044921875,-69.3769714914996
sub01,test,8,spontaneous,3,112.0,0,168,29.462229166666667,0.00250244140625,-63.20737213703508
sub01,test,8,spontaneous,3,112.0,0,169,29.6593125,0.00067138671875,-75.05675022592146
sub01,test,8,spontaneous,3,112.0,0,170,29.819166666666668,0.0008544921875,-69.3727878568596
sub01,test,8,spontaneous,3,112.0,0,171,29.950270833333335,0.00274658203125,-63.11778192392052
sub01,test,9,spontaneous,3,100.0,0,0,0.03852083333333333,0.001434326171875,-66.28937204321213
sub01,test,9,spontaneous,3,100.0,0,1,0.23897916666666666,0.00665283203125,-60.378520613481015
sub01,test,9,spontaneous,3,100.0,0,2,0.43427083333333333,0.001312255859375,-66.33289364679332
sub01,test,9,spontaneous,3,100.0,0,3,0.5424166666666667,0.000823974609375,-70.20988834619095
sub01,test,9,spontaneous,3,100.0,0,4,0.6594583333333334,0.0013427734375,-63.5962542261722
sub01,test,9,spontaneous,3,100.0,0,5,0.7788333333333334,0.001373291015625,-64.80052616659248
sub01,test,9,spontaneous,3,100.0,0,6,1.1258541666666666,0.0018310546875,-67.25339529034771
sub01,test,9,spontaneous,3,100.0,0,7,1.7348333333333332,0.00250244140625,-65.55202431479866
sub01,test,9,spontaneous,3,100.0,0,8,1.9345416666666666,0.002166748046875,-72.33786290424226
sub01,test,9,spontaneous,3,100.0,0,9,2.1117708333333334,0.000823974609375,-68.10931674764335
sub01,test,9,spontaneous,3,100.0,0,10,2.302020833333333,0.001251220703125,-67.37958076359175
sub01,test,9,spontaneous,3,100.0,0,11,2.5785625,0.00091552734375,-66.93977582754597
sub01,test,9,spontaneous,3,100.0,0,12,2.69025,0.001556396484375,-67.76148762296191
sub01,test,9,spontaneous,3,100.0,0,13,2.811166666666667,0.000762939453125,-68.82597194854974
sub01,test,9,spontaneous,3,100.0,0,14,3.176416666666667,0.003753662109375,-63.047094031188784
sub01,test,9,spontaneous,3,100.0,0,15,3.2775833333333333,0.001190185546875,-66.3743434025763
sub01,test,9,spontaneous,3,100.0,0,16,3.4012291666666665,0.00103759765625,-66.59911589391717
sub01,test,9,spontaneous,3,100.0,0,17,3.5933125,0.001007080078125,-68.4799409299358
sub01,test,9,spontaneous,3,100.0,0,18,3.7101041666666665,0.001129150390625,-66.24966868486493
sub01,test,9,spontaneous,3,100.0,0,19,3.867625,0.00079345703125,-72.3438817563798
sub01,test,9,spontaneous,3,100.0,0,20,4.023458333333333,0.001922607421875,-63.90321123817461
sub01,test,9,spontaneous,3,100.0,0,21,4.3003125,0.000823974609375,-68.37875823066851
sub01,test,9,spontaneous,3,100.0,0,22,4.612875,0.002166748046875,-60.918033960806746
sub01,test,9,spontaneous,3,100.0,0,23,4.7276875,0.000885009765625,-70.78591846205703
sub01,test,9,spontaneous,3,100.0,0,24,5.351645833333333,0.000823974609375,-69.00427601070956
sub01,test,9,spontaneous,3,100.0,0,25,5.66875,0.000946044921875,-66.12046328202817
sub01,test,9,spontaneous,3,100.0,0,26,5.7830208333333335,0.0008544921875,-70.16452238584766
sub01,test,9,spontaneous,3,100.0,0,27,5.9005625,0.0008544921875,-66.80600687660645
sub01,test,9,spontaneous,3,100.0,0,28,6.015354166666667,0.00079345703125,-70.76871867843755
sub01,test,9,spontaneous,3,100.0,0,29,6.482770833333333,0.0009765625,-70.17682145155611
sub01,test,9,spontaneous,3,100.0,0,30,6.6038125,0.000823974609375,-69.45852209565884
sub01,test,9,spontaneous,3,100.0,0,31,6.8429166666666665,0.001068115234375,-65.47894376355005
sub01,test,9,spontaneous,3,100.0,0,32,7.15625,0.001495361328125,-67.26906267578686
sub01,test,9,spontaneous,3,100.0,0,33,7.303270833333333,0.000732421875,-71.92339364362151
sub01,test,9,spontaneous,3,100.0,0,34,7.536458333333333,0.001068115234375,-68.45220002736525
sub01,test,9,spontaneous,3,100.0,0,35,8.044645833333334,0.0010986328125,-65.74255531056609
sub01,test,9,spontaneous,3,100.0,0,36,8.2094375,0.001312255859375,-62.105560571247274
sub01,test,9,spontaneous,3,100.0,0,37,8.361395833333333,0.0010986328125,-66.27856859862068
sub01,test,9,spontaneous,3,100.0,0,38,8.462416666666666,0.001129150390625,-62.80778441514912
sub01,test,9,spontaneous,3,100.0,0,39,8.5950625,0.001007080078125,-64.46724948415984
sub01,test,9,spontaneous,3,100.0,0,40,8.9110625,0.000762939453125,-67.88023867372195
sub01,test,9,spontaneous,3,100.0,0,41,9.026958333333333,0.00079345703125,-68.21047968498756
sub01,test,9,spontaneous,3,100.0,0,42,9.261791666666667,0.0010986328125,-68.6117647808638
sub01,test,9,spontaneous,3,100.0,0,43,9.416958333333334,0.0008544921875,-69.50446271917953
sub01,test,9,spontaneous,3,100.0,0,44,9.6593125,0.001953125,-62.24550749221966
sub01,test,9,spontaneous,3,100.0,0,45,9.845020833333333,0.001251220703125,-66.0248494791202
sub01,test,9,spontaneous,3,100.0,0,46,10.003520833333333,0.00079345703125,-69.81270024381605
sub01,test,9,spontaneous,3,100.0,0,47,10.1228125,0.0010986328125,-70.31313232570818
sub01,test,9,spontaneous,3,100.0,0,48,10.484229166666667,0.0020751953125,-63.962637896205976
sub01,test,9,spontaneous,3,100.0,0,49,10.900583333333334,0.002471923828125,-60.090122990218234
sub01,test,9,spontaneous,3,100.0,0,50,11.335479166666667,0.0008544921875,-68.69606720606137
sub01,test,9,spontaneous,3,100.0,0,51,11.602916666666667,0.000762939453125,-71.46328709428298
sub01,test,9,spontaneous,3,100.0,0,52,11.838875,0.001129150390625,-64.99882445622566
sub01,test,9,spontaneous,3,100.0,0,53,12.0378125,0.000885009765625,-71.49467703827935
sub01,test,9,spontaneous,3,100.0,0,54,12.270791666666666,0.0008544921875,-68.47713098423509
sub01,test,9,spontaneous,3,100.0,0,55,12.3913125,0.0008544921875,-68.17361782409172
sub01,test,9,spontaneous,3,100.0,0,56,12.542708333333334,0.0010986328125,-66.87587018212832
sub01,test,9,spontaneous,3,100.0,0,57,12.703416666666667,0.00079345703125,-69.0418012485255
sub01,test,9,spontaneous,3,100.0,0,58,12.811166666666667,0.001434326171875,-66.56897898940937
sub01,test,9,spontaneous,3,100.0,0,59,12.935520833333333,0.001129150390625,-66.10127205654928
sub01,test,9,spontaneous,3,100.0,0,60,13.0648125,0.00079345703125,-66.94202533051526
sub01,test,9,spontaneous,3,100.0,0,61,13.211083333333333,0.001678466796875,-62.3210444910303
sub01,test,9,spontaneous,3,100.0,0,62,13.3655,0.001007080078125,-66.3113241114878
sub01,test,9,spontaneous,3,100.0,0,63,13.480541666666667,0.001007080078125,-63.873210608221356
sub01,test,9,spontaneous,3,100.0,0,64,13.597583333333333,0.001007080078125,-66.80459352453029
sub01,test,9,spontaneous,3,100.0,0,65,13.723041666666667,0.002166748046875,-60.9423463577624
sub01,test,9,spontaneous,3,100.0,0,66,13.8710625,0.00146484375,-63.878414624773335
sub01,test,9,spontaneous,3,100.0,0,67,13.99025,0.001007080078125,-65.44208738567843
sub01,test,9,spontaneous,3,100.0,0,68,14.1399375,0.001220703125,-65.22386971011188
sub01,test,9,spontaneous,3,100.0,0,69,14.281833333333333,0.000823974609375,-70.98373216728552
sub01,test,9,spontaneous,3,100.0,0,70,14.382458333333334,0.000946044921875,-69.53665736317346
sub01,test,9,spontaneous,3,100.0,0,71,14.498958333333333,0.001739501953125,-68.70035498868981
sub01,test,9,spontaneous,3,100.0,0,72,14.659958333333334,0.001220703125,-63.86693170788736
sub01,test,9,spontaneous,3,100.0,0,73,14.925270833333334,0.000885009765625,-70.48022726321635
sub01,test,9,spontaneous,3,100.0,0,74,15.034083333333333,0.00140380859375,-68.82290820027924
sub01,test,9,spontaneous,3,100.0,0,75,15.398791666666666,0.001373291015625,-65.53778571008327
sub01,test,9,spontaneous,3,100.0,0,76,15.549083333333334,0.00067138671875,-72.73466960134722
sub01,test,9,spontaneous,3,100.0,0,77,15.671375,0.0008544921875,-70.36347503782203
sub01,test,9,spontaneous,3,100.0,0,78,15.7876875,0.00213623046875,-66.00307540298093
sub01,test,9,spontaneous,3,100.0,0,79,15.947625,0.001220703125,-66.70198696257027
sub01,test,9,spontaneous,3,100.0,0,80,16.1808125,0.00103759765625,-67.01084060706077
sub01,test,9,spontaneous,3,100.0,0,81,16.371645833333332,0.000946044921875,-68.32206534864616
sub01,test,9,spontaneous,3,100.0,0,82,16.568166666666666,0.001373291015625,-64.48284167088481
sub01,test,9,spontaneous,3,100.0,0,83,16.873208333333334,0.00128173828125,-69.20466831846541
sub01,test,9,spontaneous,3,100.0,0,84,17.191,0.000732421875,-70.12618405599221
sub01,test,9,spontaneous,3,100.0,0,85,17.3541875,0.00140380859375,-63.15661652458105
sub01,test,9,spontaneous,3,100.0,0,86,17.663354166666668,0.001007080078125,-65.19190059199317
sub01,test,9,spontaneous,3,100.0,0,87,17.822583333333334,0.000946044921875,-68.71341027835261
sub01,test,9,spontaneous,3,100.0,0,88,17.981291666666667,0.0010986328125,-65.46504156722337
sub01,test,9,spontaneous,3,100.0,0,89,18.0969375,0.002044677734375,-62.41002014506244
sub01,test,9,spontaneous,3,100.0,0,90,18.213958333333334,0.00091552734375,-68.32200801817044
sub01,test,9,spontaneous,3,100.0,0,91,18.365666666666666,0.001007080078125,-66.62994179375826
sub01,test,9,spontaneous,3,100.0,0,92,18.523979166666667,0.000762939453125,-70.50984974502592
sub01,test,9,spontaneous,3,100.0,0,93,18.640916666666666,0.000762939453125,-68.25821481069976
sub01,test,9,spontaneous,3,100.0,0,94,19.00122916666667,0.001190185546875,-63.35673022673561
sub01,test,9,spontaneous,3,100.0,0,95,19.148854166666666,0.000885009765625,-69.70889686438643
sub01,test,9,spontaneous,3,100.0,0,96,19.259875,0.001312255859375,-66.40696061783021
sub01,test,9,spontaneous,3,100.0,0,97,19.549,0.00091552734375,-68.45412807001567
sub01,test,9,spontaneous,3,100.0,0,98,19.696354166666666,0.000885009765625,-68.35330737290553
sub01,test,9,spontaneous,3,100.0,0,99,19.895666666666667,0.00152587890625,-61.67766667086742
sub01,test,9,spontaneous,3,100.0,0,100,20.046458333333334,0.00103759765625,-68.79293801352321
sub01,test,9,spontaneous,3,100.0,0,101,20.167395833333334,0.000946044921875,-66.77701173239183
sub01,test,9,spontaneous,3,100.0,0,102,20.4053125,0.001556396484375,-63.16835123025342
sub01,test,9,spontaneous,3,100.0,0,103,20.506854166666667,0.001312255859375,-64.63228255502968
sub01,test,9,spontaneous,3,100.0,0,104,20.756958333333333,0.001708984375,-61.45677667620109
sub01,test,9,spontaneous,3,100.0,0,105,20.86225,0.00115966796875,-66.23229323656629
sub01,test,9,spontaneous,3,100.0,0,106,21.0205,0.0018310546875,-64.03898370548143
sub01,test,9,spontaneous,3,100.0,0,107,21.262625,0.001190185546875,-63.81083112513299
sub01,test,9,spontaneous,3,100.0,0,108,21.5085625,0.00299072265625,-57.397564866141664
sub01,test,9,spontaneous,3,100.0,0,109,21.616729166666666,0.002044677734375,-59.04743465295762
sub01,test,9,spontaneous,3,100.0,0,110,21.724020833333334,0.002105712890625,-59.2840636365337
sub01,test,9,spontaneous,3,100.0,0,111,21.883458333333333,0.0010986328125,-67.75314162342495
sub01,test,9,spontaneous,3,100.0,0,112,22.15625,0.00177001953125,-65.37276253899539
sub01,test,9,spontaneous,3,100.0,0,113,22.786979166666665,0.002288818359375,-63.958463701289034
sub01,test,9,spontaneous,3,100.0,0,114,23.4119375,0.001495361328125,-62.49373374883988
sub01,test,9,spontaneous,3,100.0,0,115,23.721458333333334,0.00079345703125,-68.351193301701
sub01,test,9,spontaneous,3,100.0,0,116,23.913395833333333,0.001617431640625,-64.34809312620254
sub01,test,9,spontaneous,3,100.0,0,117,24.035166666666665,0.001190185546875,-67.89959069729957
sub01,test,9,spontaneous,3,100.0,0,118,24.27125,0.0010986328125,-63.10083873640269
sub01,test,9,spontaneous,3,100.0,0,119,24.4653125,0.00286865234375,-60.45351807318407
sub01,test,9,spontaneous,3,100.0,0,120,24.664041666666666,0.00079345703125,-69.32547048256134
sub01,test,9,spontaneous,3,100.0,0,121,24.931625,0.0008544921875,-67.04005288643759
sub01,test,9,spontaneous,3,100.0,0,122,25.17025,0.001220703125,-66.24324205588243
sub01,test,9,spontaneous,3,100.0,0,123,25.409125,0.0008544921875,-66.60948707243824
sub01,test,9,spontaneous,3,100.0,0,124,25.5234375,0.000946044921875,-69.22527501554083
sub01,test,9,spontaneous,3,100.0,0,125,25.674166666666668,0.001190185546875,-64.54811422155689
sub01,test,9,spontaneous,3,100.0,0,126,25.799625,0.0020751953125,-64.28739653904714
sub01,test,9,spontaneous,3,100.0,0,127,25.910041666666668,0.0008544921875,-72.37453887095835
sub01,test,9,spontaneous,3,100.0,0,128,26.0694375,0.001068115234375,-68.04169356663246
sub01,test,9,spontaneous,3,100.0,0,129,26.22479166666667,0.000885009765625,-69.24983003321151
sub01,test,9,spontaneous,3,100.0,0,130,26.65652083333333,0.0020751953125,-63.6164758127063
sub01,test,9,spontaneous,3,100.0,0,131,26.778645833333332,0.00140380859375,-66.60835472492235
sub01,test,9,spontaneous,3,100.0,0,132,26.887729166666666,0.001373291015625,-65.61295692358038
sub01,test,9,spontaneous,3,100.0,0,133,27.005375,0.000885009765625,-70.06126361414306
sub01,test,9,spontaneous,3,100.0,0,134,27.1279375,0.0008544921875,-69.51932313348424
sub01,test,9,spontaneous,3,100.0,0,135,27.238395833333332,0.001007080078125,-69.8295746395319
sub01,test,9,spontaneous,3,100.0,0,136,27.363375,0.0008544921875,-69.04141824856592
sub01,test,9,spontaneous,3,100.0,0,137,27.479333333333333,0.0010986328125,-65.54440623726788
sub01,test,9,spontaneous,3,100.0,0,138,27.592104166666665,0.00201416015625,-64.5547629186429
sub01,test,9,spontaneous,3,100.0,0,139,27.94558333333333,0.00079345703125,-70.09323006796228
sub01,test,9,spontaneous,3,100.0,0,140,28.132395833333334,0.000732421875,-72.23957112620587
sub01,test,9,spontaneous,3,100.0,0,141,28.270291666666665,0.00244140625,-64.26898159294174
sub01,test,9,spontaneous,3,100.0,0,142,28.411479166666666,0.00079345703125,-70.52171078408327
sub01,test,9,spontaneous,3,100.0,0,143,28.807833333333335,0.003143310546875,-61.36113963484774
sub01,test,9,spontaneous,3,100.0,0,144,28.95625,0.00091552734375,-69.76901605392737
sub01,test,9,spontaneous,3,100.0,0,145,29.362166666666667,0.00274658203125,-62.61771907961666
sub01,test,9,spontaneous,3,100.0,0,146,29.5053125,0.000885009765625,-66.91062102967292
sub01,test,9,spontaneous,3,100.0,0,147,29.972729166666667,0.001220703125,-67.70876537956325
sub01,test,10,cued,2,112.0,16,0,0.04845833333333333,0.000823974609375,-71.12399969633015
sub01,test,10,cued,2,112.0,16,1,0.2851666666666667,0.001861572265625,-65.59830319764035
sub01,test,10,cued,2,112.0,16,2,0.43766666666666665,0.0010986328125,-70.58848132693561
sub01,test,10,cued,2,112.0,16,3,0.5573333333333333,0.001190185546875,-67.31055209940739
sub01,test,10,cued,2,112.0,16,4,0.6790416666666667,0.001434326171875,-67.84461135674539
sub01,test,10,cued,2,112.0,16,5,0.8298125,0.001220703125,-67.67798308402459
sub01,test,10,cued,2,112.0,16,6,1.0622708333333333,0.0030517578125,-64.55373629466811
sub01,test,10,cued,2,112.0,16,7,1.2948541666666666,0.000885009765625,-67.83668427751363
sub01,test,10,cued,2,112.0,16,8,1.412625,0.0008544921875,-70.04426212464122
sub01,test,10,cued,2,112.0,16,9,1.5648125,0.002288818359375,-62.38524210178888
sub01,test,10,cued,2,112.0,16,10,1.690875,0.001068115234375,-69.23906736478716
sub01,test,10,cued,2,112.0,16,11,1.8060208333333334,0.00103759765625,-66.74138609783387
sub01,test,10,cued,2,112.0,16,12,1.9260625,0.00091552734375,-69.77311930842268
sub01,test,10,cued,2,112.0,16,13,2.124604166666667,0.001373291015625,-65.0068953847267
sub01,test,10,cued,2,112.0,16,14,2.3124375,0.000823974609375,-69.10792257177665
sub01,test,10,cued,2,112.0,16,15,2.6358958333333335,0.00103759765625,-67.90846634846216
sub01,test,10,cued,2,112.0,16,16,2.7404375,0.00140380859375,-68.54141569643745
sub01,test,10,cued,2,112.0,16,17,2.864625,0.000946044921875,-69.12524921511263
sub01,test,10,cued,2,112.0,16,18,3.0160416666666667,0.00128173828125,-65.59381013971704
sub01,test,10,cued,2,112.0,16,19,3.1783333333333332,0.00079345703125,-70.2213415784375
sub01,test,10,cued,2,112.0,16,20,3.3706666666666667,0.0008544921875,-69.6107508172548
sub01,test,10,cued,2,112.0,16,21,3.4827916666666665,0.001983642578125,-65.55864611995106
sub01,test,10,cued,2,112.0,16,22,3.60625,0.001129150390625,-66.8160885206059
sub01,test,10,cued,2,112.0,16,23,3.7239166666666668,0.000732421875,-71.45982606961694
sub01,test,10,cued,2,112.0,16,24,3.956354166666667,0.001373291015625,-66.80826905053777
sub01,test,10,cued,2,112.0,16,25,4.071916666666667,0.000885009765625,-68.12521216086994
sub01,test,10,cued,2,112.0,16,26,4.2710625,0.001312255859375,-70.5571390919776
sub01,test,10,cued,2,112.0,16,27,4.4708958333333335,0.0013427734375,-66.64742937871179
sub01,test,10,cued,2,112.0,16,28,4.6208125,0.0010986328125,-67.77917123409226
sub01,test,10,cued,2,112.0,16,29,4.7405,0.0009765625,-67.72487083062542
sub01,test,10,cued,2,112.0,16,30,4.899020833333333,0.000701904296875,-71.7642932619371
sub01,test,10,cued,2,112.0,16,31,5.0074375,0.0010986328125,-70.03955417745432
sub01,test,10,cued,2,112.0,16,32,5.3219375,0.00201416015625,-63.583107824087804
sub01,test,10,cued,2,112.0,16,33,5.48825,0.000701904296875,-70.31301215847188
sub01,test,10,cued,2,112.0,16,34,5.594375,0.00079345703125,-71.3834538308731
sub01,test,10,cued,2,112.0,16,35,5.7897083333333335,0.001251220703125,-71.68478567809849
sub01,test,10,cued,2,112.0,16,36,5.945416666666667,0.00103759765625,-68.40165591472433
sub01,test,10,cued,2,112.0,16,37,6.066416666666667,0.00115966796875,-66.95485165263062
sub01,test,10,cued,2,112.0,16,38,6.220229166666667,0.000946044921875,-69.09896628098576
sub01,test,10,cued,2,112.0,16,39,6.344125,0.00103759765625,-67.19589087429272
sub01,test,10,cued,2,112.0,16,40,6.4522916666666665,0.000732421875,-71.39885345261348
sub01,test,10,cued,2,112.0,16,41,6.620708333333333,0.00152587890625,-65.34988587287528
sub01,test,10,cued,2,112.0,16,42,6.8884791666666665,0.000885009765625,-70.03411522219712
sub01,test,10,cued,2,112.0,16,43,7.038875,0.000946044921875,-68.22423042528884
sub01,test,10,cued,2,112.0,16,44,7.163291666666667,0.00079345703125,-69.95667544124194
sub01,test,10,cued,2,112.0,16,45,7.2848125,0.00079345703125,-69.68174334528383
sub01,test,10,cued,2,112.0,16,46,7.432604166666667,0.00177001953125,-62.26991515816788
sub01,test,10,cued,2,112.0,16,47,7.550125,0.001068115234375,-68.74931571556569
sub01,test,10,cued,2,112.0,16,48,7.6706875,0.0010986328125,-68.6089901977333
sub01,test,10,cued,2,112.0,16,49,7.862291666666667,0.00091552734375,-70.35953734732556
sub01,test,10,cued,2,112.0,16,50,7.9859375,0.001983642578125,-63.130150736569554
sub01,test,10,cued,2,112.0,16,51,8.093479166666667,0.001312255859375,-69.73072668870677
sub01,test,10,cued,2,112.0,16,52,8.253541666666667,0.00091552734375,-69.25983814962058
sub01,test,10,cued,2,112.0,16,53,8.426958333333333,0.001129150390625,-68.65797760048687
sub01,test,10,cued,2,112.0,16,54,8.6868125,0.000701904296875,-70.99389039753967
sub01,test,10,cued,2,112.0,16,55,8.838958333333334,0.000885009765625,-69.7755463574423
sub01,test,10,cued,2,112.0,16,56,9.002833333333333,0.00091552734375,-70.3239832328366
sub01,test,10,cued,2,112.0,16,57,9.1541875,0.000823974609375,-68.02257146250601
sub01,test,10,cued,2,112.0,16,58,9.34675,0.0009765625,-70.58873881758227
sub01,test,10,cued,2,112.0,16,59,9.468916666666667,0.000885009765625,-69.15185407843072
sub01,test,10,cued,2,112.0,16,60,9.777145833333334,0.0010986328125,-67.95485393206778
sub01,test,10,cued,2,112.0,16,61,9.981479166666666,0.0009765625,-66.86271589078228
sub01,test,10,cued,2,112.0,16,62,10.130895833333334,0.0009765625,-67.05283016122334
sub01,test,10,cued,2,112.0,16,63,10.244395833333334,0.000946044921875,-70.26133798907854
sub01,test,10,cued,2,112.0,16,64,10.3690625,0.000823974609375,-67.39529461310315
sub01,test,10,cued,2,112.0,16,65,10.677208333333333,0.001556396484375,-65.27298349339227
sub01,test,10,cued,2,112.0,16,66,10.917770833333334,0.00079345703125,-69.10383045883245
sub01,test,10,cued,2,112.0,16,67,11.0274375,0.000823974609375,-73.31086234956726
sub01,test,10,cued,2,112.0,16,68,11.1354375,0.000823974609375,-70.10768881318153
sub01,test,10,cued,2,112.0,16,69,11.653395833333333,0.00079345703125,-68.91296248803683
sub01,test,10,cued,2,112.0,16,70,11.930854166666666,0.00115966796875,-67.84136359018868
sub01,test,10,cued,2,112.0,16,71,12.042625,0.001708984375,-67.68331783555234
sub01,test,10,cued,2,112.0,16,72,12.166625,0.000946044921875,-67.75999455985898
sub01,test,10,cued,2,112.0,16,73,12.398958333333333,0.0009765625,-66.13175689519018
sub01,test,10,cued,2,112.0,16,74,12.5190625,0.00079345703125,-70.44470256477749
sub01,test,10,cued,2,112.0,16,75,12.712708333333333,0.000701904296875,-67.99885406642608
sub01,test,10,cued,2,112.0,16,76,12.985875,0.000946044921875,-68.48764744816106
sub01,test,10,cued,2,112.0,16,77,13.416708333333334,0.001312255859375,-64.895486112667
sub01,test,10,cued,2,112.0,16,78,13.846458333333333,0.00067138671875,-70.09814022059494
sub01,test,10,cued,2,112.0,16,79,14.120958333333334,0.000701904296875,-69.07931243225177
sub01,test,10,cued,2,112.0,16,80,14.383291666666667,0.00115966796875,-66.15090994372842
sub01,test,10,cued,2,112.0,16,81,14.5178125,0.00067138671875,-70.99728180602428
sub01,test,10,cued,2,112.0,16,82,14.635208333333333,0.001861572265625,-64.94870453198986
sub01,test,10,cued,2,112.0,16,83,14.780541666666666,0.0009765625,-65.30815985476167
sub01,test,10,cued,2,112.0,16,84,14.9390625,0.000732421875,-69.51359405637143
sub01,test,10,cued,2,112.0,16,85,15.172520833333333,0.00079345703125,-69.42077421194614
sub01,test,10,cued,2,112.0,16,86,15.331833333333334,0.00103759765625,-67.63234463857584
sub01,test,10,cued,2,112.0,16,87,15.445375,0.001190185546875,-68.22533168617832
sub01,test,10,cued,2,112.0,16,88,15.675708333333333,0.00079345703125,-70.50054073871883
sub01,test,10,cued,2,112.0,16,89,15.795770833333334,0.001220703125,-66.80098813894381
sub01,test,10,cued,2,112.0,16,90,15.927770833333334,0.0009765625,-69.12768399592406
sub01,test,10,cued,2,112.0,16,91,16.072208333333332,0.000885009765625,-69.83006065157441
sub01,test,10,cued,2,112.0,16,92,16.193729166666667,0.00079345703125,-68.93728214559553
sub01,test,10,cued,2,112.0,16,93,16.428833333333333,0.0009765625,-70.71014204541912
sub01,test,10,cued,2,112.0,16,94,16.584625,0.00079345703125,-71.04821957867155
sub01,test,10,cued,2,112.0,16,95,16.7049375,0.0013427734375,-64.93788583274932
sub01,test,10,cued,2,112.0,16,96,16.819479166666667,0.00140380859375,-67.05588032238578
sub01,test,10,cued,2,112.0,16,97,16.934875,0.0013427734375,-65.88914701606258
sub01,test,10,cued,2,112.0,16,98,17.128666666666668,0.001129150390625,-66.68145209176366
sub01,test,10,cued,2,112.0,16,99,17.278875,0.000946044921875,-71.4040124656922
sub01,test,10,cued,2,112.0,16,100,17.438770833333333,0.00152587890625,-65.48150259668128
sub01,test,10,cued,2,112.0,16,101,17.6705,0.001678466796875,-63.499320767995684
sub01,test,10,cued,2,112.0,16,102,17.9438125,0.00128173828125,-68.26874182978015
sub01,test,10,cued,2,112.0,16,103,18.1991875,0.001922607421875,-64.30909243088446
sub01,test,10,cued,2,112.0,16,104,18.429875,0.000946044921875,-67.86729348912422
sub01,test,10,cued,2,112.0,16,105,18.612041666666666,0.00067138671875,-70.23243961708486
sub01,test,10,cued,2,112.0,16,106,18.745333333333335,0.001739501953125,-66.10695358592353
sub01,test,10,cued,2,112.0,16,107,18.885625,0.000823974609375,-69.93465107625829
sub01,test,10,cued,2,112.0,16,108,19.0079375,0.0008544921875,-67.91949928693201
sub01,test,10,cued,2,112.0,16,109,19.117708333333333,0.000732421875,-70.41443906879064
sub01,test,10,cued,2,112.0,16,110,19.28227083333333,0.00091552734375,-69.46725938363117
sub01,test,10,cued,2,112.0,16,111,19.4376875,0.00146484375,-63.921694258065244
sub01,test,10,cued,2,112.0,16,112,19.555229166666667,0.000946044921875,-68.56282859975826
sub01,test,10,cued,2,112.0,16,113,19.785916666666665,0.000885009765625,-69.03158558730215
sub01,test,10,cued,2,112.0,16,114,19.939375,0.00115966796875,-70.21593596067477
sub01,test,10,cued,2,112.0,16,115,20.059666666666665,0.000823974609375,-69.10097491103868
sub01,test,10,cued,2,112.0,16,116,20.1838125,0.00115966796875,-65.76656502291839
sub01,test,10,cued,2,112.0,16,117,20.363479166666668,0.00103759765625,-70.33367882767043
sub01,test,10,cued,2,112.0,16,118,20.528916666666667,0.000762939453125,-70.06288756968596
sub01,test,10,cued,2,112.0,16,119,20.68145833333333,0.00079345703125,-69.30471870215199
sub01,test,10,cued,2,112.0,16,120,20.880020833333333,0.000946044921875,-68.6314165761979
sub01,test,10,cued,2,112.0,16,121,21.075854166666666,0.00115966796875,-65.42855664645039
sub01,test,10,cued,2,112.0,16,122,21.192875,0.00079345703125,-69.07651812111708
sub01,test,10,cued,2,112.0,16,123,21.388229166666665,0.00079345703125,-68.46257716608727
sub01,test,10,cued,2,112.0,16,124,21.584395833333332,0.00079345703125,-70.62426605364895
sub01,test,10,cued,2,112.0,16,125,21.781208333333332,0.000640869140625,-69.8704388298666
sub01,test,10,cued,2,112.0,16,126,21.893875,0.000762939453125,-70.00235479772336
sub01,test,10,cued,2,112.0,16,127,22.046416666666666,0.001312255859375,-66.7587826786949
sub01,test,10,cued,2,112.0,16,128,22.213354166666665,0.000885009765625,-67.09367579020798
sub01,test,10,cued,2,112.0,16,129,22.444791666666667,0.000823974609375,-68.81543838638733
sub01,test,10,cued,2,112.0,16,130,22.592875,0.0009765625,-67.07272560231246
sub01,test,10,cued,2,112.0,16,131,22.762291666666666,0.00067138671875,-72.42206237441339
sub01,test,10,cued,2,112.0,16,132,22.9835625,0.0013427734375,-65.30486095948584
sub01,test,10,cued,2,112.0,16,133,23.142166666666668,0.000823974609375,-69.90748207062765
sub01,test,10,cued,2,112.0,16,134,23.462291666666665,0.0009765625,-68.25287665133597
sub01,test,10,cued,2,112.0,16,135,23.617583333333332,0.000762939453125,-69.86918432944059
sub01,test,10,cued,2,112.0,16,136,23.737458333333333,0.001068115234375,-66.03073531927984
sub01,test,10,cued,2,112.0,16,137,23.880895833333334,0.000946044921875,-69.47974971321474
sub01,test,10,cued,2,112.0,16,138,24.116333333333333,0.00067138671875,-72.07117769247236
sub01,test,10,cued,2,112.0,16,139,24.279895833333335,0.0010986328125,-69.15608421986616
sub01,test,10,cued,2,112.0,16,140,24.434083333333334,0.00115966796875,-67.32783974066263
sub01,test,10,cued,2,112.0,16,141,24.543,0.000885009765625,-68.3068419197996
sub01,test,10,cued,2,112.0,16,142,24.7513125,0.00079345703125,-68.40385281705478
sub01,test,10,cued,2,112.0,16,143,25.028020833333333,0.00244140625,-62.4520281972303
sub01,test,10,cued,2,112.0,16,144,25.176541666666665,0.000701904296875,-72.72887403397243
sub01,test,10,cued,2,112.0,16,145,25.32860416666667,0.000732421875,-72.488355179311
sub01,test,10,cued,2,112.0,16,146,25.492354166666665,0.00079345703125,-70.00235479772336
sub01,test,10,cued,2,112.0,16,147,25.601729166666665,0.0010986328125,-68.69431994477935
sub01,test,10,cued,2,112.0,16,148,25.727895833333335,0.00103759765625,-65.9499138383694
sub01,test,10,cued,2,112.0,16,149,25.920354166666666,0.000701904296875,-70.3791701888966
sub01,test,10,cued,2,112.0,16,150,26.03933333333333,0.00079345703125,-69.7119184812473
sub01,test,10,cued,2,112.0,16,151,26.145666666666667,0.001312255859375,-65.98297959180958
sub01,test,10,cued,2,112.0,16,152,26.387979166666668,0.00079345703125,-71.97009351525296
sub01,test,10,cued,2,112.0,16,153,26.509020833333334,0.00079345703125,-69.82603776137213
sub01,test,10,cued,2,112.0,16,154,26.7060625,0.001953125,-63.460377155037236
sub01,test,10,cued,2,112.0,16,155,26.812208333333334,0.000701904296875,-71.34568933274439
sub01,test,10,cued,2,112.0,16,156,27.02091666666667,0.000946044921875,-66.35210720194647
sub01,test,10,cued,2,112.0,16,157,27.1676875,0.001373291015625,-63.388734793665265
sub01,test,10,cued,2,112.0,16,158,27.369791666666668,0.0008544921875,-68.59344019853587
sub01,test,10,cued,2,112.0,16,159,27.754645833333335,0.001922607421875,-62.13947312465233
sub01,test,10,cued,2,112.0,16,160,27.996354166666666,0.000823974609375,-68.56270800654252
sub01,test,10,cued,2,112.0,16,161,28.229583333333334,0.00128173828125,-65.23328847242938
sub01,test,10,cued,2,112.0,16,162,28.385375,0.005096435546875,-52.40867844357784
sub01,test,10,cued,2,112.0,16,163,28.504416666666668,0.0064697265625,-48.61140150733163
sub01,test,10,cued,2,112.0,16,164,28.697104166666666,0.004852294921875,-48.41323717662584
sub01,test,10,cued,2,112.0,16,165,28.858520833333333,0.00390625,-53.977802171546074
sub01,test,10,cued,2,112.0,16,166,29.007708333333333,0.002044677734375,-60.39250870446829
sub01,test,10,cued,2,112.0,16,167,29.163625,0.001617431640625,-60.71320927781363
sub01,test,10,cued,2,112.0,16,168,29.28325,0.0018310546875,-63.03703866534349
sub01,test,10,cued,2,112.0,16,169,29.437583333333333,0.000946044921875,-66.40364651152416
sub01,test,10,cued,2,112.0,16,170,29.561958333333333,0.000823974609375,-68.7050429361504
sub01,test,10,cued,2,112.0,16,171,29.711708333333334,0.000885009765625,-69.5567741688974
sub01,test,10,cued,2,112.0,16,172,29.84725,0.00146484375,-65.99834486875983
sub01,test,10,cued,2,112.0,16,173,29.9535625,0.001708984375,-62.1953807106964
sub01,test,11,spontaneous,2,104.0,0,0,0.34277083333333336,0.01129150390625,-43.537718724479895
sub01,test,11,spontaneous,2,104.0,0,1,0.46239583333333334,0.008636474609375,-45.59352114598438
sub01,test,11,spontaneous,2,104.0,0,2,0.67275,0.00286865234375,-57.499654902034635
sub01,test,11,spontaneous,2,104.0,0,3,0.809875,0.002410888671875,-58.532297748691384
sub01,test,11,spontaneous,2,104.0,0,4,1.0316041666666667,0.00115966796875,-63.70317007662118
sub01,test,11,spontaneous,2,104.0,0,5,1.1434791666666666,0.0013427734375,-62.742933408498224
sub01,test,11,spontaneous,2,104.0,0,6,1.2779166666666666,0.00140380859375,-66.60548691593674
sub01,test,11,spontaneous,2,104.0,0,7,1.427125,0.000946044921875,-68.247301343609
sub01,test,11,spontaneous,2,104.0,0,8,1.5389166666666667,0.000946044921875,-68.75228644449284
sub01,test,11,spontaneous,2,104.0,0,9,1.7444583333333334,0.0013427734375,-61.96737556191241
sub01,test,11,spontaneous,2,104.0,0,10,2.0943125,0.001190185546875,-65.3129865832477
sub01,test,11,spontaneous,2,104.0,0,11,2.4450625,0.000946044921875,-67.47000573672885
sub01,test,11,spontaneous,2,104.0,0,12,2.597375,0.001373291015625,-64.06302721401406
sub01,test,11,spontaneous,2,104.0,0,13,2.7945416666666665,0.000946044921875,-68.07261573012028
sub01,test,11,spontaneous,2,104.0,0,14,3.2295625,0.001007080078125,-65.7958048877312
sub01,test,11,spontaneous,2,104.0,0,15,3.7232291666666666,0.00103759765625,-67.90426886198118
sub01,test,11,spontaneous,2,104.0,0,16,4.291416666666667,0.00115966796875,-63.55375472371826
sub01,test,11,spontaneous,2,104.0,0,17,4.395208333333334,0.000946044921875,-69.81684532524696
sub01,test,11,spontaneous,2,104.0,0,18,4.557375,0.000946044921875,-69.08604346007921
sub01,test,11,spontaneous,2,104.0,0,19,4.717041666666667,0.000885009765625,-67.53795437606232
sub01,test,11,spontaneous,2,104.0,0,20,5.85575,0.00152587890625,-65.01737881666178
sub01,test,11,spontaneous,2,104.0,0,21,6.745708333333333,0.00164794921875,-64.21637572294448
sub01,test,11,spontaneous,2,104.0,0,22,7.017916666666666,0.0009765625,-65.3785831661142
sub01,test,11,spontaneous,2,104.0,0,23,7.640020833333334,0.000946044921875,-68.25413585521765
sub01,test,11,spontaneous,2,104.0,0,24,7.8044375,0.001373291015625,-63.53493842251513
sub01,test,11,spontaneous,2,104.0,0,25,7.9895,0.000946044921875,-71.27481991366128
sub01,test,11,spontaneous,2,104.0,0,26,8.316875,0.0009765625,-65.35839478788971
sub01,test,11,spontaneous,2,104.0,0,27,8.582604166666666,0.001129150390625,-64.00504454941135
sub01,test,11,spontaneous,2,104.0,0,28,9.0105625,0.00091552734375,-68.35855873783485
sub01,test,11,spontaneous,2,104.0,0,29,9.600166666666667,0.001129150390625,-63.99258845644659
sub01,test,11,spontaneous,2,104.0,0,30,9.7139375,0.0010986328125,-67.41396090606705
sub01,test,11,spontaneous,2,104.0,0,31,9.875229166666667,0.000946044921875,-70.10506926670328
sub01,test,11,spontaneous,2,104.0,0,32,10.219979166666667,0.001007080078125,-69.72518644259412
sub01,test,11,spontaneous,2,104.0,0,33,10.426020833333334,0.001007080078125,-68.06775260114418
sub01,test,11,spontaneous,2,104.0,0,34,10.729270833333333,0.0010986328125,-68.33785947098073
sub01,test,11,spontaneous,2,104.0,0,35,10.8935625,0.0010986328125,-67.6022912786447
sub01,test,11,spontaneous,2,104.0,0,36,11.279604166666667,0.001007080078125,-65.7041961642555
sub01,test,11,spontaneous,2,104.0,0,37,11.432145833333333,0.00091552734375,-69.46365804829543
sub01,test,11,spontaneous,2,104.0,0,38,11.665333333333333,0.001068115234375,-68.6799335418503
sub01,test,11,spontaneous,2,104.0,0,39,11.978604166666667,0.0010986328125,-66.2295686742292
sub01,test,11,spontaneous,2,104.0,0,40,12.755083333333333,0.00103759765625,-65.98478497276673
sub01,test,11,spontaneous,2,104.0,0,41,12.920145833333333,0.001495361328125,-67.98272537973682
sub01,test,11,spontaneous,2,104.0,0,42,13.311895833333333,0.001434326171875,-65.30683437161622
sub01,test,11,spontaneous,2,104.0,0,43,13.465291666666667,0.00115966796875,-64.38405471798546
sub01,test,11,spontaneous,2,104.0,0,44,13.700145833333334,0.001739501953125,-60.31858776116642
sub01,test,11,spontaneous,2,104.0,0,45,13.816666666666666,0.0009765625,-67.53306556856467
sub01,test,11,spontaneous,2,104.0,0,46,13.976729166666667,0.00152587890625,-62.164594151355324
sub01,test,11,spontaneous,2,104.0,0,47,14.092145833333333,0.0008544921875,-68.33005050090972
sub01,test,11,spontaneous,2,104.0,0,48,14.478875,0.0013427734375,-63.427817672553886
sub01,test,11,spontaneous,2,104.0,0,49,14.792354166666666,0.0008544921875,-70.76389375257585
sub01,test,11,spontaneous,2,104.0,0,50,15.0318125,0.001312255859375,-65.677702980904
sub01,test,11,spontaneous,2,104.0,0,51,15.498208333333332,0.0010986328125,-68.28765480650145
sub01,test,11,spontaneous,2,104.0,0,52,16.0938125,0.00128173828125,-67.79239669478615
sub01,test,11,spontaneous,2,104.0,0,53,16.278,0.000885009765625,-69.76324052431133
sub01,test,11,spontaneous,2,104.0,0,54,16.640083333333333,0.0009765625,-67.59897762685401
sub01,test,11,spontaneous,2,104.0,0,55,16.913854166666667,0.00115966796875,-65.70510588615437
sub01,test,11,spontaneous,2,104.0,0,56,17.072333333333333,0.00262451171875,-59.22154249506286
sub01,test,11,spontaneous,2,104.0,0,57,17.2021875,0.000946044921875,-68.07468868460953
sub01,test,11,spontaneous,2,104.0,0,58,17.495604166666666,0.002716064453125,-55.186592740999515
sub01,test,11,spontaneous,2,104.0,0,59,17.610645833333333,0.001251220703125,-65.32610404043646
sub01,test,11,spontaneous,2,104.0,0,60,17.845020833333333,0.000885009765625,-67.7500950720855
sub01,test,11,spontaneous,2,104.0,0,61,18.078208333333333,0.00128173828125,-63.45979131605981
sub01,test,11,spontaneous,2,104.0,0,62,18.31275,0.001312255859375,-64.76461149236374
sub01,test,11,spontaneous,2,104.0,0,63,18.628,0.001678466796875,-63.10284100793538
sub01,test,11,spontaneous,2,104.0,0,64,18.738541666666666,0.001007080078125,-69.73786037741016
sub01,test,11,spontaneous,2,104.0,0,65,18.972354166666666,0.000885009765625,-71.71482171482664
sub01,test,11,spontaneous,2,104.0,0,66,19.109791666666666,0.001007080078125,-68.09179646727698
sub01,test,11,spontaneous,2,104.0,0,67,19.251833333333334,0.00103759765625,-70.95452053847093
sub01,test,11,spontaneous,2,104.0,0,68,19.561729166666666,0.00128173828125,-67.99456826104172
sub01,test,11,spontaneous,2,104.0,0,69,19.795166666666667,0.001220703125,-64.80474475796954
sub01,test,11,spontaneous,2,104.0,0,70,20.200875,0.001922607421875,-63.61345405722275
sub01,test,11,spontaneous,2,104.0,0,71,20.3040625,0.000946044921875,-69.39513831199406
sub01,test,11,spontaneous,2,104.0,0,72,20.7838125,0.001312255859375,-65.03087445809595
sub01,test,11,spontaneous,2,104.0,0,73,21.052291666666665,0.00115966796875,-66.8631114108195
sub01,test,11,spontaneous,2,104.0,0,74,21.32125,0.001617431640625,-62.45592733307766
sub01,test,11,spontaneous,2,104.0,0,75,21.479666666666667,0.001861572265625,-57.156461266791254
sub01,test,11,spontaneous,2,104.0,0,76,21.813020833333333,0.00738525390625,-46.3688068001439
sub01,test,11,spontaneous,2,104.0,0,77,22.015729166666667,0.00543212890625,-47.22535782904156
sub01,test,11,spontaneous,2,104.0,0,78,22.1829375,0.00323486328125,-54.271782746083645
sub01,test,11,spontaneous,2,104.0,0,79,22.377125,0.003021240234375,-57.67235902560159
sub01,test,11,spontaneous,2,104.0,0,80,22.569916666666668,0.00152587890625,-62.85584311394505
sub01,test,11,spontaneous,2,104.0,0,81,23.0049375,0.001129150390625,-66.89413164707415
sub01,test,11,spontaneous,2,104.0,0,82,23.12622916666667,0.00091552734375,-67.08176776395297
sub01,test,11,spontaneous,2,104.0,0,83,23.59425,0.001434326171875,-65.438371280936
sub01,test,11,spontaneous,2,104.0,0,84,23.709229166666667,0.000946044921875,-67.71589802534314
sub01,test,11,spontaneous,2,104.0,0,85,23.829104166666667,0.001007080078125,-68.24199534924884
sub01,test,11,spontaneous,2,104.0,0,86,24.136208333333332,0.0015869140625,-64.16217187276261
sub01,test,11,spontaneous,2,104.0,0,87,24.5648125,0.00103759765625,-68.08636910322276
sub01,test,11,spontaneous,2,104.0,0,88,24.6805,0.00103759765625,-70.36882315436108
sub01,test,11,spontaneous,2,104.0,0,89,25.354458333333334,0.001068115234375,-65.84358398926649
sub01,test,11,spontaneous,2,104.0,0,90,26.3221875,0.001007080078125,-67.7499451478863
sub01,test,11,spontaneous,2,104.0,0,91,26.603604166666667,0.000946044921875,-65.06899784842349
sub01,test,11,spontaneous,2,104.0,0,92,26.919020833333335,0.001190185546875,-63.999179219495886
sub01,test,11,spontaneous,2,104.0,0,93,27.107416666666666,0.000946044921875,-68.34637260493216
sub01,test,11,spontaneous,2,104.0,0,94,27.459979166666667,0.001007080078125,-68.60460907426601
sub01,test,11,spontaneous,2,104.0,0,95,27.734729166666668,0.001220703125,-66.85580610980017
sub01,test,11,spontaneous,2,104.0,0,96,27.887395833333333,0.00091552734375,-67.36651121052586
sub01,test,11,spontaneous,2,104.0,0,97,28.626916666666666,0.000885009765625,-69.32042296227966
sub01,test,11,spontaneous,2,104.0,0,98,28.79525,0.001220703125,-64.86142201831552
sub01,test,12,spontaneous,2,120.0,0,0,0.21016666666666667,0.00177001953125,-66.89049226418669
sub01,test,12,spontaneous,2,120.0,0,1,0.39264583333333336,0.000732421875,-70.59305142322425
sub01,test,12,spontaneous,2,120.0,0,2,0.5127291666666667,0.0015869140625,-67.93921967273397
sub01,test,12,spontaneous,2,120.0,0,3,0.6657916666666667,0.00091552734375,-71.63060212301315
sub01,test,12,spontaneous,2,120.0,0,4,0.8800833333333333,0.001373291015625,-66.52098356146212
sub01,test,12,spontaneous,2,120.0,0,5,1.3592291666666667,0.001373291015625,-65.20039407315663
sub01,test,12,spontaneous,2,120.0,0,6,1.6962291666666667,0.001373291015625,-67.23161735743619
sub01,test,12,spontaneous,2,120.0,0,7,1.9906041666666667,0.00115966796875,-69.70934370054673
sub01,test,12,spontaneous,2,120.0,0,8,2.1456041666666668,0.001068115234375,-68.5567407340527
sub01,test,12,spontaneous,2,120.0,0,9,2.396333333333333,0.001129150390625,-65.82480243247068
sub01,test,12,spontaneous,2,120.0,0,10,2.6545625,0.000885009765625,-68.98162301541029
sub01,test,12,spontaneous,2,120.0,0,11,2.7821666666666665,0.001251220703125,-67.59342233449358
sub01,test,12,spontaneous,2,120.0,0,12,2.969625,0.0008544921875,-68.97569491542808
sub01,test,12,spontaneous,2,120.0,0,13,3.1688541666666667,0.00091552734375,-69.53130841614039
sub01,test,12,spontaneous,2,120.0,0,14,3.3175208333333335,0.000701904296875,-72.94630680600353
sub01,test,12,spontaneous,2,120.0,0,15,3.4818333333333333,0.003326416015625,-60.673271295634315
sub01,test,12,spontaneous,2,120.0,0,16,3.67825,0.000885009765625,-68.75435222263437
sub01,test,12,spontaneous,2,120.0,0,17,3.8773125,0.001434326171875,-67.16125909035901
sub01,test,12,spontaneous,2,120.0,0,18,4.141416666666666,0.00079345703125,-66.44699504811784
sub01,test,12,spontaneous,2,120.0,0,19,4.253333333333333,0.000823974609375,-68.16435006687443
sub01,test,12,spontaneous,2,120.0,0,20,4.455416666666666,0.00140380859375,-64.24000737983162
sub01,test,12,spontaneous,2,120.0,0,21,4.6274375,0.000885009765625,-66.88516924859559
sub01,test,12,spontaneous,2,120.0,0,22,4.731979166666667,0.00091552734375,-68.13748716533509
sub01,test,12,spontaneous,2,120.0,0,23,5.004166666666666,0.00103759765625,-66.37696469094331
sub01,test,12,spontaneous,2,120.0,0,24,5.283416666666667,0.000946044921875,-66.10123837662123
sub01,test,12,spontaneous,2,120.0,0,25,5.753041666666666,0.00115966796875,-63.47015776531947
sub01,test,12,spontaneous,2,120.0,0,26,5.938625,0.000885009765625,-68.72374069974522
sub01,test,12,spontaneous,2,120.0,0,27,6.1718125,0.00091552734375,-65.61585280444375
sub01,test,12,spontaneous,2,120.0,0,28,6.337125,0.00079345703125,-72.58170802070099
sub01,test,12,spontaneous,2,120.0,0,29,6.4508125,0.00079345703125,-69.81329250075376
sub01,test,12,spontaneous,2,120.0,0,30,6.5700625,0.00079345703125,-69.97093714914082
sub01,test,12,spontaneous,2,120.0,0,31,6.728458333333333,0.001129150390625,-65.5278151682286
sub01,test,12,spontaneous,2,120.0,0,32,6.992458333333333,0.001068115234375,-67.99462156672205
sub01,test,12,spontaneous,2,120.0,0,33,7.1927916666666665,0.000885009765625,-67.56445304515478
sub01,test,12,spontaneous,2,120.0,0,34,7.382416666666667,0.000946044921875,-69.46524693183395
sub01,test,12,spontaneous,2,120.0,0,35,7.582395833333333,0.00091552734375,-70.63504679618379
sub01,test,12,spontaneous,2,120.0,0,36,7.742958333333333,0.000823974609375,-67.20681699299773
sub01,test,12,spontaneous,2,120.0,0,37,7.932520833333333,0.000885009765625,-67.33551321523211
sub01,test,12,spontaneous,2,120.0,0,38,8.0560625,0.00067138671875,-71.71544696843074
sub01,test,12,spontaneous,2,120.0,0,39,8.220916666666668,0.001068115234375,-67.38348482477134
sub01,test,12,spontaneous,2,120.0,0,40,8.482354166666667,0.000885009765625,-65.57341935923692
sub01,test,12,spontaneous,2,120.0,0,41,8.6421875,0.000732421875,-72.99042614504486
sub01,test,12,spontaneous,2,120.0,0,42,8.757979166666667,0.001495361328125,-66.42743133592761
sub01,test,12,spontaneous,2,120.0,0,43,8.9468125,0.0008544921875,-69.91706157018103
sub01,test,12,spontaneous,2,120.0,0,44,9.186520833333333,0.000823974609375,-66.83751498138643
sub01,test,12,spontaneous,2,120.0,0,45,9.418145833333334,0.001129150390625,-67.99302888336872
sub01,test,12,spontaneous,2,120.0,0,46,9.586041666666667,0.000823974609375,-68.12027185843765
sub01,test,12,spontaneous,2,120.0,0,47,9.695375,0.000762939453125,-69.400713659575
sub01,test,12,spontaneous,2,120.0,0,48,9.811395833333334,0.001068115234375,-71.12771172178927
sub01,test,12,spontaneous,2,120.0,0,49,10.012583333333334,0.00115966796875,-63.456950783249084
sub01,test,12,spontaneous,2,120.0,0,50,10.207666666666666,0.001922607421875,-63.51976424731875
sub01,test,12,spontaneous,2,120.0,0,51,10.512875,0.000823974609375,-67.04110419523025
sub01,test,12,spontaneous,2,120.0,0,52,10.626520833333334,0.00079345703125,-71.75944735106422
sub01,test,12,spontaneous,2,120.0,0,53,10.751916666666666,0.000762939453125,-70.3247400263106
sub01,test,12,spontaneous,2,120.0,0,54,10.943020833333334,0.001129150390625,-68.59207985202143
sub01,test,12,spontaneous,2,120.0,0,55,11.067708333333334,0.000823974609375,-67.29118060709004
sub01,test,12,spontaneous,2,120.0,0,56,11.300875,0.00079345703125,-69.54674218916668
sub01,test,12,spontaneous,2,120.0,0,57,11.4923125,0.000732421875,-71.02955965234811
sub01,test,12,spontaneous,2,120.0,0,58,11.723020833333333,0.001007080078125,-69.07894862487404
sub01,test,12,spontaneous,2,120.0,0,59,11.997958333333333,0.000885009765625,-69.95231125551837
sub01,test,12,spontaneous,2,120.0,0,60,12.106645833333333,0.001861572265625,-68.33820408786427
sub01,test,12,spontaneous,2,120.0,0,61,12.2775,0.000946044921875,-66.56311902019947
sub01,test,12,spontaneous,2,120.0,0,62,12.515125,0.000885009765625,-65.16878151039707
sub01,test,12,spontaneous,2,120.0,0,63,12.7794375,0.00091552734375,-68.60487389448126
sub01,test,12,spontaneous,2,120.0,0,64,12.9359375,0.001434326171875,-65.18589873552838
sub01,test,12,spontaneous,2,120.0,0,65,13.138145833333333,0.000732421875,-70.66908829164029
sub01,test,12,spontaneous,2,120.0,0,66,13.252104166666667,0.00079345703125,-68.55629729727528
sub01,test,12,spontaneous,2,120.0,0,67,13.449083333333334,0.00103759765625,-67.606303434964
sub01,test,12,spontaneous,2,120.0,0,68,13.7215625,0.001007080078125,-68.49892380731245
sub01,test,12,spontaneous,2,120.0,0,69,14.076416666666667,0.0009765625,-66.73933074606089
sub01,test,12,spontaneous,2,120.0,0,70,14.312125,0.00091552734375,-66.92709070592879
sub01,test,12,spontaneous,2,120.0,0,71,14.421541666666666,0.000701904296875,-71.43653906163141
sub01,test,12,spontaneous,2,120.0,0,72,14.622125,0.000823974609375,-68.79417224276105
sub01,test,12,spontaneous,2,120.0,0,73,14.735166666666666,0.000885009765625,-69.65750818764589
sub01,test,12,spontaneous,2,120.0,0,74,14.92625,0.001007080078125,-73.57616523140348
sub01,test,12,spontaneous,2,120.0,0,75,15.2459375,0.000885009765625,-68.00236324742558
sub01,test,12,spontaneous,2,120.0,0,76,15.483270833333334,0.00103759765625,-70.03581437938139
sub01,test,12,spontaneous,2,120.0,0,77,15.751125,0.000885009765625,-69.09497346339715
sub01,test,12,spontaneous,2,120.0,0,78,16.024166666666666,0.00103759765625,-66.58301052007526
sub01,test,12,spontaneous,2,120.0,0,79,16.260541666666665,0.00103759765625,-67.08874481309812
sub01,test,12,spontaneous,2,120.0,0,80,16.502583333333334,0.001312255859375,-66.5025533880941
sub01,test,12,spontaneous,2,120.0,0,81,16.657645833333333,0.001251220703125,-62.16043003625983
sub01,test,12,spontaneous,2,120.0,0,82,16.964145833333333,0.0010986328125,-66.04288088600714
sub01,test,12,spontaneous,2,120.0,0,83,17.278958333333332,0.00091552734375,-66.72388668462318
sub01,test,12,spontaneous,2,120.0,0,84,17.511291666666665,0.00103759765625,-65.10001675153674
sub01,test,12,spontaneous,2,120.0,0,85,17.8993125,0.00164794921875,-66.153122236153
sub01,test,12,spontaneous,2,120.0,0,86,18.019583333333333,0.00103759765625,-69.11914502275347
sub01,test,12,spontaneous,2,120.0,0,87,18.249166666666667,0.000762939453125,-69.82433762571267
sub01,test,12,spontaneous,2,120.0,0,88,18.494395833333332,0.001953125,-63.603608835279424
sub01,test,12,spontaneous,2,120.0,0,89,18.993270833333334,0.00115966796875,-69.93647690179101
sub01,test,12,spontaneous,2,120.0,0,90,19.269666666666666,0.001007080078125,-69.97886823513818
sub01,test,12,spontaneous,2,120.0,0,91,19.4196875,0.0010986328125,-70.46278779900672
sub01,test,12,spontaneous,2,120.0,0,92,19.5913125,0.000732421875,-68.21029427690279
sub01,test,12,spontaneous,2,120.0,0,93,19.779541666666667,0.000762939453125,-70.46000754169414
sub01,test,12,spontaneous,2,120.0,0,94,20.052333333333333,0.000946044921875,-71.45625014886458
sub01,test,12,spontaneous,2,120.0,0,95,20.2859375,0.001129150390625,-65.46840377306515
sub01,test,12,spontaneous,2,120.0,0,96,20.482145833333334,0.000762939453125,-70.15604156645534
sub01,test,12,spontaneous,2,120.0,0,97,20.796125,0.00079345703125,-68.45007646461077
sub01,test,12,spontaneous,2,120.0,0,98,20.9853125,0.000885009765625,-67.27078545598312
sub01,test,12,spontaneous,2,120.0,0,99,21.113479166666668,0.00079345703125,-69.79851926782952
sub01,test,12,spontaneous,2,120.0,0,100,21.3073125,0.001251220703125,-66.01176737287649
sub01,test,12,spontaneous,2,120.0,0,101,21.498625,0.001251220703125,-64.77133085326977
sub01,test,12,spontaneous,2,120.0,0,102,21.689395833333332,0.00128173828125,-63.523681981883854
sub01,test,12,spontaneous,2,120.0,0,103,21.888229166666665,0.001373291015625,-64.50249636524988
sub01,test,12,spontaneous,2,120.0,0,104,22.127958333333332,0.001129150390625,-67.01260530026765
sub01,test,12,spontaneous,2,120.0,0,105,22.282583333333335,0.001251220703125,-67.20278818274531
sub01,test,12,spontaneous,2,120.0,0,106,22.409916666666668,0.001373291015625,-66.72411145975916
sub01,test,12,spontaneous,2,120.0,0,107,22.5499375,0.0008544921875,-71.86862964256227
sub01,test,12,spontaneous,2,120.0,0,108,22.713833333333334,0.000946044921875,-66.72811617320883
sub01,test,12,spontaneous,2,120.0,0,109,22.871916666666667,0.001220703125,-65.12750754186703
sub01,test,12,spontaneous,2,120.0,0,110,22.977708333333332,0.0009765625,-65.20223622016042
sub01,test,12,spontaneous,2,120.0,0,111,23.102125,0.001007080078125,-66.15402476689619
sub01,test,12,spontaneous,2,120.0,0,112,23.254520833333334,0.00091552734375,-70.08660596367963
sub01,test,12,spontaneous,2,120.0,0,113,23.496,0.0015869140625,-62.048133800279345
sub01,test,12,spontaneous,2,120.0,0,114,23.6109375,0.001312255859375,-62.850933999254224
sub01,test,12,spontaneous,2,120.0,0,115,23.755541666666666,0.001373291015625,-62.415498079577176
sub01,test,12,spontaneous,2,120.0,0,116,23.879666666666665,0.001953125,-60.95636911097955
sub01,test,12,spontaneous,2,120.0,0,117,24.0429375,0.00128173828125,-66.89377384564575
sub01,test,12,spontaneous,2,120.0,0,118,24.191270833333334,0.000732421875,-67.49098183980595
sub01,test,12,spontaneous,2,120.0,0,119,24.313666666666666,0.002410888671875,-60.638015909986926
sub01,test,12,spontaneous,2,120.0,0,120,24.477625,0.000885009765625,-66.96003728812596
sub01,test,12,spontaneous,2,120.0,0,121,24.777354166666665,0.00177001953125,-64.82160793369457
sub01,test,12,spontaneous,2,120.0,0,122,24.903208333333332,0.000762939453125,-69.20279747060297
sub01,test,12,spontaneous,2,120.0,0,123,25.049791666666668,0.0008544921875,-71.34029339149882
sub01,test,12,spontaneous,2,120.0,0,124,25.252979166666666,0.001495361328125,-65.56297137208512
sub01,test,12,spontaneous,2,120.0,0,125,25.605854166666667,0.00091552734375,-68.13319045552745
sub01,test,12,spontaneous,2,120.0,0,126,25.8368125,0.0008544921875,-67.69402415055045
sub01,test,12,spontaneous,2,120.0,0,127,26.11575,0.001678466796875,-66.26038840547814
sub01,test,12,spontaneous,2,120.0,0,128,26.389833333333332,0.001007080078125,-66.76241959311392
sub01,test,12,spontaneous,2,120.0,0,129,26.578791666666667,0.001678466796875,-63.3658539552632
sub01,test,12,spontaneous,2,120.0,0,130,26.7200625,0.00079345703125,-72.97134377621036
sub01,test,12,spontaneous,2,120.0,0,131,26.820104166666667,0.00152587890625,-60.94233283321701
sub01,test,12,spontaneous,2,120.0,0,132,26.935791666666667,0.0010986328125,-63.31255988240094
sub01,test,12,spontaneous,2,120.0,0,133,27.0794375,0.0010986328125,-69.36312276992933
sub01,test,12,spontaneous,2,120.0,0,134,27.28175,0.001007080078125,-66.94137267858233
sub01,test,12,spontaneous,2,120.0,0,135,27.597125,0.001220703125,-66.25731470331226
sub01,test,12,spontaneous,2,120.0,0,136,27.790666666666667,0.001190185546875,-64.2394777254677
sub01,test,12,spontaneous,2,120.0,0,137,27.911833333333334,0.0008544921875,-69.15277781829032
sub01,test,12,spontaneous,2,120.0,0,138,28.061375,0.001251220703125,-64.22079000009413
sub01,test,12,spontaneous,2,120.0,0,139,28.216166666666666,0.000823974609375,-70.07221690298786
sub01,test,12,spontaneous,2,120.0,0,140,28.46175,0.0010986328125,-64.77740253053553
sub01,test,12,spontaneous,2,120.0,0,141,28.6209375,0.001617431640625,-63.449541764516425
sub01,test,12,spontaneous,2,120.0,0,142,28.766229166666665,0.00103759765625,-67.45656807980939
sub01,test,12,spontaneous,2,120.0,0,143,28.891958333333335,0.001251220703125,-65.02375933786438
sub01,test,12,spontaneous,2,120.0,0,144,29.013520833333335,0.0015869140625,-62.13441470362409
sub01,test,12,spontaneous,2,120.0,0,145,29.118354166666666,0.001190185546875,-64.76937648534117
sub01,test,12,spontaneous,2,120.0,0,146,29.272541666666665,0.001617431640625,-63.14060413293683
sub01,test,12,spontaneous,2,120.0,0,147,29.4688125,0.00146484375,-65.16723973547816
sub01,test,12,spontaneous,2,120.0,0,148,29.59025,0.001190185546875,-65.0582799919296
sub01,test,12,spontaneous,2,120.0,0,149,29.7061875,0.001434326171875,-66.00772168269197
sub01,test,12,spontaneous,2,120.0,0,150,29.868729166666668,0.00103759765625,-66.58971737378054
sub01,test,12,spontaneous,2,120.0,0,151,29.980375,0.001068115234375,-67.39455488326946
sub01,test,13,cued,2,100.0,14,0,0.07475,0.0009765625,-69.51289037468199
sub01,test,13,cued,2,100.0,14,1,0.2584375,0.0020751953125,-67.14912051171001
sub01,test,13,cued,2,100.0,14,2,0.6260416666666667,0.00152587890625,-68.22048132051998
sub01,test,13,cued,2,100.0,14,3,0.7393541666666666,0.0009765625,-68.27026862922429
sub01,test,13,cued,2,100.0,14,4,1.19525,0.00360107421875,-65.0384315779706
sub01,test,13,cued,2,100.0,14,5,1.3302916666666667,0.000762939453125,-68.17433756701311
sub01,test,13,cued,2,100.0,14,6,1.7572083333333333,0.0020751953125,-63.04353758498307
sub01,test,13,cued,2,100.0,14,7,2.1107916666666666,0.00115966796875,-66.4276904263517
sub01,test,13,cued,2,100.0,14,8,2.2744583333333335,0.001220703125,-67.02778035620649
sub01,test,13,cued,2,100.0,14,9,2.39275,0.000732421875,-69.38830137097891
sub01,test,13,cued,2,100.0,14,10,2.5006666666666666,0.0008544921875,-69.18329755791204
sub01,test,13,cued,2,100.0,14,11,2.735333333333333,0.001251220703125,-67.495050738563
sub01,test,13,cued,2,100.0,14,12,2.8959375,0.00164794921875,-64.1770864213124
sub01,test,13,cued,2,100.0,14,13,3.0088333333333335,0.0010986328125,-65.08158651641304
sub01,test,13,cued,2,100.0,14,14,3.1265833333333335,0.0009765625,-68.56737035630813
sub01,test,13,cued,2,100.0,14,15,3.2825625,0.00103759765625,-68.20728211267007
sub01,test,13,cued,2,100.0,14,16,3.436125,0.001434326171875,-63.855410362655704
sub01,test,13,cued,2,100.0,14,17,3.6402916666666667,0.001373291015625,-64.02233575955215
sub01,test,13,cued,2,100.0,14,18,3.782979166666667,0.0010986328125,-68.36917767304816
sub01,test,13,cued,2,100.0,14,19,3.9531666666666667,0.0037841796875,-56.56125014097089
sub01,test,13,cued,2,100.0,14,20,4.1193333333333335,0.001007080078125,-67.57644511669427
sub01,test,13,cued,2,100.0,14,21,4.481333333333334,0.00238037109375,-67.41177807735808
sub01,test,13,cued,2,100.0,14,22,4.61625,0.001312255859375,-66.49106856718447
sub01,test,13,cued,2,100.0,14,23,4.767291666666667,0.001129150390625,-67.47220265194652
sub01,test,13,cued,2,100.0,14,24,4.892333333333333,0.0009765625,-67.4430153942199
sub01,test,13,cued,2,100.0,14,25,5.004854166666667,0.000885009765625,-69.69958193328053
sub01,test,13,cued,2,100.0,14,26,5.124416666666667,0.001708984375,-63.65919855404903
sub01,test,13,cued,2,100.0,14,27,5.2421875,0.00128173828125,-65.9868687259989
sub01,test,13,cued,2,100.0,14,28,5.357375,0.00152587890625,-65.32568212293246
sub01,test,13,cued,2,100.0,14,29,5.464625,0.00115966796875,-68.25686083242849
sub01,test,13,cued,2,100.0,14,30,5.5911875,0.0010986328125,-67.52505151954534
sub01,test,13,cued,2,100.0,14,31,5.7404375,0.002349853515625,-66.25821617524517
sub01,test,13,cued,2,100.0,14,32,5.866270833333333,0.00115966796875,-65.27935316232103
sub01,test,13,cued,2,100.0,14,33,5.975958333333334,0.0008544921875,-69.2682315205291
sub01,test,13,cued,2,100.0,14,34,6.100854166666666,0.001007080078125,-68.27117396267327
sub01,test,13,cued,2,100.0,14,35,6.3303125,0.0010986328125,-69.86033631063714
sub01,test,13,cued,2,100.0,14,36,6.528770833333334,0.000885009765625,-67.29833676956999
sub01,test,13,cued,2,100.0,14,37,6.765979166666667,0.001373291015625,-65.97642376786284
sub01,test,13,cued,2,100.0,14,38,7.075104166666667,0.000885009765625,-69.7269269279144
sub01,test,13,cued,2,100.0,14,39,7.231604166666667,0.001556396484375,-69.69913637119359
sub01,test,13,cued,2,100.0,14,40,7.350666666666666,0.000946044921875,-68.25227588058111
sub01,test,13,cued,2,100.0,14,41,7.66225,0.00128173828125,-67.49684949620367
sub01,test,13,cued,2,100.0,14,42,7.8174166666666665,0.00115966796875,-67.23304322280461
sub01,test,13,cued,2,100.0,14,43,7.993333333333333,0.00970458984375,-47.012812281356425
sub01,test,13,cued,2,100.0,14,44,8.126666666666667,0.01458740234375,-39.872007437554274
sub01,test,13,cued,2,100.0,14,45,8.255208333333334,0.007049560546875,-48.08512026305721
sub01,test,13,cued,2,100.0,14,46,8.467041666666667,0.00347900390625,-52.34646369381739
sub01,test,13,cued,2,100.0,14,47,8.604916666666666,0.0029296875,-56.68686996221416
sub01,test,13,cued,2,100.0,14,48,8.759125,0.00177001953125,-63.28349675731589
sub01,test,13,cued,2,100.0,14,49,8.882270833333333,0.00140380859375,-61.818790540896
sub01,test,13,cued,2,100.0,14,50,9.024333333333333,0.000946044921875,-66.99800325804583
sub01,test,13,cued,2,100.0,14,51,9.189729166666666,0.00152587890625,-69.32458070517174
sub01,test,13,cued,2,100.0,14,52,9.307291666666666,0.00091552734375,-68.61668464070127
sub01,test,13,cued,2,100.0,14,53,9.666916666666667,0.001495361328125,-66.16347770960034
sub01,test,13,cued,2,100.0,14,54,9.8148125,0.00091552734375,-68.94196883369138
sub01,test,13,cued,2,100.0,14,55,9.963020833333333,0.000732421875,-72.04960124797178
sub01,test,13,cued,2,100.0,14,56,10.1226875,0.001953125,-62.23902600661454
sub01,test,13,cued,2,100.0,14,57,10.396395833333333,0.00091552734375,-68.30216542650705
sub01,test,13,cued,2,100.0,14,58,10.5498125,0.00152587890625,-67.84467996706256
sub01,test,13,cued,2,100.0,14,59,10.7829375,0.000823974609375,-71.23510898406163
sub01,test,13,cued,2,100.0,14,60,11.050875,0.00128173828125,-66.86847499189874
sub01,test,13,cued,2,100.0,14,61,11.535,0.001495361328125,-64.83595383242731
sub01,test,13,cued,2,100.0,14,62,11.648583333333333,0.001007080078125,-66.58832096733265
sub01,test,13,cued,2,100.0,14,63,11.927770833333334,0.001861572265625,-67.16883347984276
sub01,test,13,cued,2,100.0,14,64,12.074208333333333,0.00079345703125,-70.26832430446844
sub01,test,13,cued,2,100.0,14,65,12.390291666666666,0.000946044921875,-68.31125635049202
sub01,test,13,cued,2,100.0,14,66,12.506083333333333,0.000946044921875,-68.9239759493909
sub01,test,13,cued,2,100.0,14,67,12.625,0.0008544921875,-69.48982744023535
sub01,test,13,cued,2,100.0,14,68,12.8561875,0.00115966796875,-66.38408097077505
sub01,test,13,cued,2,100.0,14,69,13.130791666666667,0.000762939453125,-69.3920847623764
sub01,test,13,cued,2,100.0,14,70,13.293854166666666,0.0008544921875,-67.40250153900396
sub01,test,13,cued,2,100.0,14,71,13.564541666666667,0.0008544921875,-68.2482957617502
sub01,test,13,cued,2,100.0,14,72,13.76325,0.00115966796875,-69.52788106388489
sub01,test,13,cued,2,100.0,14,73,14.113,0.000823974609375,-68.44290767466545
sub01,test,13,cued,2,100.0,14,74,14.224229166666667,0.00115966796875,-69.59171220364719
sub01,test,13,cued,2,100.0,14,75,14.3410625,0.000762939453125,-71.9010573442386
sub01,test,13,cued,2,100.0,14,76,14.505,0.000762939453125,-69.77760006463524
sub01,test,13,cued,2,100.0,14,77,14.614041666666667,0.000762939453125,-71.09328967124365
sub01,test,13,cued,2,100.0,14,78,14.9405,0.00146484375,-64.26852454975497
sub01,test,13,cued,2,100.0,14,79,15.557708333333334,0.000946044921875,-72.618919825465
sub01,test,13,cued,2,100.0,14,80,16.217916666666667,0.001373291015625,-69.02251618628233
sub01,test,13,cued,2,100.0,14,81,16.334333333333333,0.000732421875,-70.82588796379903
sub01,test,13,cued,2,100.0,14,82,16.6136875,0.00091552734375,-67.1965241490195
sub01,test,13,cued,2,100.0,14,83,17.163520833333333,0.000946044921875,-67.31052218630262
sub01,test,13,cued,2,100.0,14,84,17.433333333333334,0.001922607421875,-62.94113401369642
sub01,test,13,cued,2,100.0,14,85,17.589,0.0008544921875,-68.92886745546677
sub01,test,13,cued,2,100.0,14,86,18.014791666666667,0.001190185546875,-65.74274529967226
sub01,test,13,cued,2,100.0,14,87,18.136916666666668,0.000732421875,-69.90146517070795
sub01,test,13,cued,2,100.0,14,88,18.36475,0.000885009765625,-69.88225955693734
sub01,test,13,cued,2,100.0,14,89,18.523291666666665,0.00146484375,-64.16598203117977
sub01,test,13,cued,2,100.0,14,90,18.642354166666667,0.0008544921875,-68.29021239155527
sub01,test,13,cued,2,100.0,14,91,18.796791666666667,0.000885009765625,-70.15706061844665
sub01,test,13,cued,2,100.0,14,92,18.9210625,0.0010986328125,-69.64002183800775
sub01,test,13,cued,2,100.0,14,93,19.115729166666668,0.002197265625,-62.01566625162457
sub01,test,13,cued,2,100.0,14,94,19.3825,0.000732421875,-70.67564666628927
sub01,test,13,cued,2,100.0,14,95,19.618166666666667,0.001007080078125,-70.44009967475515
sub01,test,13,cued,2,100.0,14,96,19.743791666666667,0.00128173828125,-64.68674748340013
sub01,test,13,cued,2,100.0,14,97,19.85825,0.001007080078125,-67.72011611223238
sub01,test,13,cued,2,100.0,14,98,20.046083333333332,0.000823974609375,-70.63465634846466
sub01,test,13,cued,2,100.0,14,99,20.171854166666666,0.001739501953125,-66.3291042261246
sub01,test,13,cued,2,100.0,14,100,20.357208333333332,0.002044677734375,-61.60755747845977
sub01,test,13,cued,2,100.0,14,101,20.567208333333333,0.00091552734375,-68.81009657821306
sub01,test,13,cued,2,100.0,14,102,20.677458333333334,0.001068115234375,-69.4699927646599
sub01,test,13,cued,2,100.0,14,103,20.7915625,0.000946044921875,-69.17992477459057
sub01,test,13,cued,2,100.0,14,104,20.91433333333333,0.0018310546875,-61.93161077917069
sub01,test,13,cued,2,100.0,14,105,21.031875,0.0008544921875,-69.76090090161907
sub01,test,13,cued,2,100.0,14,106,21.184541666666668,0.0009765625,-67.88123891854993
sub01,test,13,cued,2,100.0,14,107,21.462333333333333,0.00079345703125,-68.68937448707004
sub01,test,13,cued,2,100.0,14,108,21.729958333333332,0.0030517578125,-64.97631964903059
sub01,test,13,cued,2,100.0,14,109,21.847625,0.001434326171875,-66.04341110275661
sub01,test,13,cued,2,100.0,14,110,21.995395833333333,0.001983642578125,-70.53471613017959
sub01,test,13,cued,2,100.0,14,111,22.125979166666667,0.00115966796875,-67.7741206671942
sub01,test,13,cued,2,100.0,14,112,22.247875,0.00250244140625,-60.88828374019065
sub01,test,13,cued,2,100.0,14,113,22.426583333333333,0.001312255859375,-66.60708188935969
sub01,test,13,cued,2,100.0,14,114,22.627,0.0008544921875,-69.75205756493702
sub01,test,13,cued,2,100.0,14,115,22.741666666666667,0.00189208984375,-62.140470543153164
sub01,test,13,cued,2,100.0,14,116,22.909520833333332,0.001495361328125,-67.12603155055804
sub01,test,13,cued,2,100.0,14,117,23.102666666666668,0.001129150390625,-68.05272976559668
sub01,test,13,cued,2,100.0,14,118,23.218083333333333,0.000946044921875,-70.51557040706402
sub01,test,13,cued,2,100.0,14,119,23.406541666666666,0.002044677734375,-60.99669881257561
sub01,test,13,cued,2,100.0,14,120,23.53247916666667,0.0009765625,-70.5890288244936
sub01,test,13,cued,2,100.0,14,121,23.645354166666667,0.0010986328125,-68.09112652400182
sub01,test,13,cued,2,100.0,14,122,23.960333333333335,0.00146484375,-65.06518159418657
sub01,test,13,cued,2,100.0,14,123,24.07675,0.0008544921875,-70.37693332397515
sub01,test,13,cued,2,100.0,14,124,24.196270833333333,0.0010986328125,-64.60412054713981
sub01,test,13,cued,2,100.0,14,125,24.513979166666665,0.001312255859375,-67.1071894086013
sub01,test,13,cued,2,100.0,14,126,24.703729166666665,0.0010986328125,-65.57401772733088
sub01,test,13,cued,2,100.0,14,127,24.894375,0.00079345703125,-71.0456810014966
sub01,test,13,cued,2,100.0,14,128,25.0230625,0.001007080078125,-66.90581133104197
sub01,test,13,cued,2,100.0,14,129,25.1719375,0.0013427734375,-64.8399831247987
sub01,test,13,cued,2,100.0,14,130,25.2918125,0.0010986328125,-68.07858425702592
sub01,test,13,cued,2,100.0,14,131,25.533604166666667,0.000640869140625,-72.53493214029983
sub01,test,13,cued,2,100.0,14,132,25.754041666666666,0.00140380859375,-63.304696008924566
sub01,test,13,cued,2,100.0,14,133,25.8748125,0.0008544921875,-68.88186797771755
sub01,test,13,cued,2,100.0,14,134,25.992645833333334,0.000946044921875,-68.33469979997037
sub01,test,13,cued,2,100.0,14,135,26.310979166666666,0.002166748046875,-60.89150392985913
sub01,test,13,cued,2,100.0,14,136,26.738729166666666,0.001190185546875,-65.99193365536257
sub01,test,13,cued,2,100.0,14,137,26.877916666666668,0.00177001953125,-61.85551623687134
sub01,test,13,cued,2,100.0,14,138,27.051729166666668,0.00091552734375,-69.1363319708233
sub01,test,13,cued,2,100.0,14,139,27.2085,0.0008544921875,-68.2989746768527
sub01,test,13,cued,2,100.0,14,140,27.48575,0.00189208984375,-65.36085555454508
sub01,test,13,cued,2,100.0,14,141,28.0835625,0.001678466796875,-63.024305331729295
sub01,test,13,cued,2,100.0,14,142,28.186583333333335,0.00115966796875,-65.29316752224776
sub01,test,13,cued,2,100.0,14,143,28.619208333333333,0.0020751953125,-61.47015736300781
sub01,test,13,cued,2,100.0,14,144,28.921708333333335,0.0008544921875,-70.12708117739189
sub01,test,13,cued,2,100.0,14,145,29.158375,0.0018310546875,-62.30431002927099
sub01,test,13,cued,2,100.0,14,146,29.3443125,0.00360107421875,-72.30039670709516
sub01,test,13,cued,2,100.0,14,147,29.776708333333332,0.002410888671875,-60.03638378814097
sub01,test,13,cued,2,100.0,14,148,29.985,0.000946044921875,-68.04385935052038
sub01,test,14,cued,3,104.0,12,0,0.18566666666666667,0.00286865234375,-65.30556682888472
sub01,test,14,cued,3,104.0,12,1,0.3858958333333333,0.000823974609375,-68.44202502046251
sub01,test,14,cued,3,104.0,12,2,0.6018333333333333,0.001861572265625,-65.41489323234435
sub01,test,14,cued,3,104.0,12,3,1.0909791666666666,0.001312255859375,-65.80837998630226
sub01,test,14,cued,3,104.0,12,4,1.2514166666666666,0.00067138671875,-68.97906819833415
sub01,test,14,cued,3,104.0,12,5,1.580625,0.002227783203125,-66.87879910382772
sub01,test,14,cued,3,104.0,12,6,1.9111666666666667,0.000885009765625,-69.08622551050715
sub01,test,14,cued,3,104.0,12,7,2.1936875,0.002166748046875,-63.90699427895788
sub01,test,14,cued,3,104.0,12,8,2.4641875,0.0008544921875,-68.35038603022808
sub01,test,14,cued,3,104.0,12,9,2.6563125,0.001373291015625,-65.52567915661015
sub01,test,14,cued,3,104.0,12,10,3.0812916666666665,0.0010986328125,-72.58506877159527
sub01,test,14,cued,3,104.0,12,11,3.3167708333333334,0.00091552734375,-67.71554896623942
sub01,test,14,cued,3,104.0,12,12,3.441375,0.00164794921875,-60.16603938641214
sub01,test,14,cued,3,104.0,12,13,3.671125,0.001678466796875,-62.11885379276971
sub01,test,14,cued,3,104.0,12,14,3.7905208333333333,0.001373291015625,-64.5265876499197
sub01,test,14,cued,3,104.0,12,15,3.9023125,0.00079345703125,-69.57433560774561
sub01,test,14,cued,3,104.0,12,16,4.026416666666667,0.00177001953125,-62.96381762727178
sub01,test,14,cued,3,104.0,12,17,4.134104166666667,0.0008544921875,-70.1016756323804
sub01,test,14,cued,3,104.0,12,18,4.528854166666667,0.0008544921875,-67.77457541352103
sub01,test,14,cued,3,104.0,12,19,4.732083333333334,0.00152587890625,-65.22772496195329
sub01,test,14,cued,3,104.0,12,20,5.071291666666666,0.00103759765625,-68.46737033549576
sub01,test,14,cued,3,104.0,12,21,5.274375,0.00091552734375,-68.12493837744489
sub01,test,14,cued,3,104.0,12,22,5.479958333333333,0.0013427734375,-67.07372779286621
sub01,test,14,cued,3,104.0,12,23,5.707729166666667,0.00103759765625,-66.0335744161121
sub01,test,14,cued,3,104.0,12,24,5.8950625,0.001312255859375,-68.84950622632583
sub01,test,14,cued,3,104.0,12,25,6.045083333333333,0.00146484375,-68.25022938808264
sub01,test,14,cued,3,104.0,12,26,6.3293333333333335,0.00140380859375,-67.28439639322929
sub01,test,14,cued,3,104.0,12,27,6.531625,0.0009765625,-66.79020415464429
sub01,test,14,cued,3,104.0,12,28,6.6803125,0.00079345703125,-68.33695904235836
sub01,test,14,cued,3,104.0,12,29,6.937375,0.00274658203125,-63.47175689243979
sub01,test,14,cued,3,104.0,12,30,7.23125,0.00103759765625,-69.05398229405628
sub01,test,14,cued,3,104.0,12,31,7.702333333333334,0.001190185546875,-64.84073694943493
sub01,test,14,cued,3,104.0,12,32,8.204416666666667,0.001220703125,-68.60275555879628
sub01,test,14,cued,3,104.0,12,33,8.441166666666666,0.00103759765625,-65.93430052477727
sub01,test,14,cued,3,104.0,12,34,8.756875,0.00091552734375,-67.51901879634201
sub01,test,14,cued,3,104.0,12,35,9.030979166666667,0.0008544921875,-69.08795553976388
sub01,test,14,cued,3,104.0,12,36,9.187916666666666,0.0008544921875,-68.25663518990171
sub01,test,14,cued,3,104.0,12,37,9.461125,0.00091552734375,-68.75901397432224
sub01,test,14,cued,3,104.0,12,38,10.627729166666667,0.000946044921875,-68.52052738096016
sub01,test,14,cued,3,104.0,12,39,10.748041666666667,0.001251220703125,-65.22221482059183
sub01,test,14,cued,3,104.0,12,40,10.902854166666666,0.00079345703125,-68.79811056473972
sub01,test,14,cued,3,104.0,12,41,11.097270833333333,0.0018310546875,-61.636538327097476
sub01,test,14,cued,3,104.0,12,42,11.262479166666667,0.000946044921875,-68.6234102528425
sub01,test,14,cued,3,104.0,12,43,11.5289375,0.001007080078125,-66.55796594584253
sub01,test,14,cued,3,104.0,12,44,11.76525,0.000885009765625,-66.25395799791221
sub01,test,14,cued,3,104.0,12,45,11.9580625,0.001251220703125,-66.62325042472064
sub01,test,14,cued,3,104.0,12,46,12.121729166666666,0.001251220703125,-63.58065959442004
sub01,test,14,cued,3,104.0,12,47,12.287208333333334,0.001220703125,-65.70889985880495
sub01,test,14,cued,3,104.0,12,48,12.465104166666666,0.00146484375,-62.039073125840794
sub01,test,14,cued,3,104.0,12,49,12.655291666666667,0.001007080078125,-64.68004208632172
sub01,test,14,cued,3,104.0,12,50,12.824,0.001739501953125,-59.72934649023459
sub01,test,14,cued,3,104.0,12,51,12.970416666666667,0.00140380859375,-64.0584906897476
sub01,test,14,cued,3,104.0,12,52,13.248104166666666,0.0008544921875,-66.77447148817497
sub01,test,14,cued,3,104.0,12,53,13.4799375,0.000885009765625,-68.87865517723138
sub01,test,14,cued,3,104.0,12,54,13.674854166666666,0.0008544921875,-71.36841647520045
sub01,test,14,cued,3,104.0,12,55,13.947833333333334,0.001068115234375,-67.42729887276782
sub01,test,14,cued,3,104.0,12,56,14.773229166666667,0.0008544921875,-69.51467349847766
sub01,test,14,cued,3,104.0,12,57,14.963958333333334,0.00274658203125,-59.01023213806777
sub01,test,14,cued,3,104.0,12,58,15.132333333333333,0.001068115234375,-68.85779037733225
sub01,test,14,cued,3,104.0,12,59,15.2809375,0.001129150390625,-67.53228573263155
sub01,test,14,cued,3,104.0,12,60,15.435416666666667,0.0008544921875,-69.14737381144778
sub01,test,14,cued,3,104.0,12,61,15.551375,0.00128173828125,-64.8840813740955
sub01,test,14,cued,3,104.0,12,62,15.7858125,0.001007080078125,-68.52002781073465
sub01,test,14,cued,3,104.0,12,63,16.070854166666667,0.00146484375,-66.38489973796678
sub01,test,14,cued,3,104.0,12,64,16.211229166666666,0.0008544921875,-70.52773233015094
sub01,test,14,cued,3,104.0,12,65,16.337625,0.001373291015625,-67.5871003532968
sub01,test,14,cued,3,104.0,12,66,16.4835625,0.0013427734375,-66.41089204425731
sub01,test,14,cued,3,104.0,12,67,16.671729166666665,0.00115966796875,-66.20344026126881
sub01,test,14,cued,3,104.0,12,68,16.846791666666668,0.001708984375,-61.353327153392485
sub01,test,14,cued,3,104.0,12,69,17.00725,0.0010986328125,-66.59125438210341
sub01,test,14,cued,3,104.0,12,70,17.232625,0.001251220703125,-66.17852849609748
sub01,test,14,cued,3,104.0,12,71,17.410854166666667,0.009918212890625,-47.30655767609661
sub01,test,14,cued,3,104.0,12,72,17.545416666666668,0.014129638671875,-39.76959903515671
sub01,test,14,cued,3,104.0,12,73,17.669270833333332,0.005584716796875,-49.41695513351475
sub01,test,14,cued,3,104.0,12,74,17.887895833333335,0.004150390625,-52.66820221007987
sub01,test,14,cued,3,104.0,12,75,18.022770833333333,0.0025634765625,-58.50430131505907
sub01,test,14,cued,3,104.0,12,76,18.177333333333333,0.00152587890625,-65.06380210293794
sub01,test,14,cued,3,104.0,12,77,18.298916666666667,0.0015869140625,-60.84398120724732
sub01,test,14,cued,3,104.0,12,78,18.418291666666665,0.0015869140625,-64.09148895834144
sub01,test,14,cued,3,104.0,12,79,18.563083333333335,0.0009765625,-65.71542956603867
sub01,test,14,cued,3,104.0,12,80,18.714791666666667,0.000946044921875,-70.69224999530333
sub01,test,14,cued,3,104.0,12,81,18.8420625,0.00079345703125,-69.83033032159953
sub01,test,14,cued,3,104.0,12,82,18.965333333333334,0.0018310546875,-65.22619945069277
sub01,test,14,cued,3,104.0,12,83,19.072875,0.001129150390625,-66.9122904031453
sub01,test,14,cued,3,104.0,12,84,19.2689375,0.0008544921875,-69.41649916941357
sub01,test,14,cued,3,104.0,12,85,19.696604166666667,0.000823974609375,-70.54855754289329
sub01,test,14,cued,3,104.0,12,86,20.053708333333333,0.0013427734375,-64.79280442286031
sub01,test,14,cued,3,104.0,12,87,20.50925,0.00128173828125,-64.97014858438853
sub01,test,14,cued,3,104.0,12,88,21.032416666666666,0.00128173828125,-67.23157260311928
sub01,test,14,cued,3,104.0,12,89,21.302583333333335,0.000946044921875,-67.28457708870351
sub01,test,14,cued,3,104.0,12,90,21.764416666666666,0.001190185546875,-65.82234306476253
sub01,test,14,cued,3,104.0,12,91,22.042104166666668,0.0009765625,-68.94174873483452
sub01,test,14,cued,3,104.0,12,92,22.326208333333334,0.001129150390625,-66.83213550699872
sub01,test,14,cued,3,104.0,12,93,22.903604166666668,0.00091552734375,-71.44209424098699
sub01,test,14,cued,3,104.0,12,94,23.060166666666667,0.0009765625,-67.61284771670516
sub01,test,14,cued,3,104.0,12,95,23.287979166666666,0.0008544921875,-68.24626980409849
sub01,test,14,cued,3,104.0,12,96,23.6065,0.000732421875,-69.47875289719508
sub01,test,14,cued,3,104.0,12,97,23.999833333333335,0.002105712890625,-63.30822636040419
sub01,test,14,cued,3,104.0,12,98,24.2686875,0.000885009765625,-68.21492871406178
sub01,test,14,cued,3,104.0,12,99,24.54104166666667,0.000946044921875,-70.02483952869281
sub01,test,14,cued,3,104.0,12,100,24.819,0.001190185546875,-64.99324286972885
sub01,test,14,cued,3,104.0,12,101,25.009541666666667,0.001312255859375,-67.56241803708542
sub01,test,14,cued,3,104.0,12,102,25.127125,0.0015869140625,-62.860285546550294
sub01,test,14,cued,3,104.0,12,103,25.281916666666667,0.000946044921875,-69.89490746599819
sub01,test,14,cued,3,104.0,12,104,25.443833333333334,0.00115966796875,-69.85259126708429
sub01,test,14,cued,3,104.0,12,105,25.56372916666667,0.001190185546875,-65.82920790417847
sub01,test,14,cued,3,104.0,12,106,25.734708333333334,0.001373291015625,-65.59729383863358
sub01,test,14,cued,3,104.0,12,107,26.07133333333333,0.0010986328125,-65.98768262328197
sub01,test,14,cued,3,104.0,12,108,26.301041666666666,0.001220703125,-67.33222921312985
sub01,test,14,cued,3,104.0,12,109,26.579,0.000885009765625,-67.36966765302604
sub01,test,14,cued,3,104.0,12,110,26.805270833333335,0.000946044921875,-69.48094544103915
sub01,test,14,cued,3,104.0,12,111,27.043229166666666,0.0008544921875,-68.8381426526633
sub01,test,14,cued,3,104.0,12,112,27.204166666666666,0.000762939453125,-70.78905015380545
sub01,test,14,cued,3,104.0,12,113,27.359604166666667,0.000823974609375,-68.52196624982146
sub01,test,14,cued,3,104.0,12,114,27.861395833333333,0.00103759765625,-65.8841137819867
sub01,test,14,cued,3,104.0,12,115,28.022333333333332,0.0010986328125,-65.87970624839657
sub01,test,14,cued,3,104.0,12,116,28.213875,0.0009765625,-70.0586153742121
sub01,test,14,cued,3,104.0,12,117,28.4125625,0.00091552734375,-70.44252530912644
sub01,test,14,cued,3,104.0,12,118,28.526208333333333,0.001129150390625,-64.93400895918961
sub01,test,14,cued,3,104.0,12,119,28.927979166666667,0.000885009765625,-67.64898577410838
sub01,test,14,cued,3,104.0,12,120,29.03875,0.001190185546875,-69.94659214893011
sub01,test,14,cued,3,104.0,12,121,29.1624375,0.000823974609375,-66.89267537553661
sub01,test,14,cued,3,104.0,12,122,29.273604166666665,0.00128173828125,-64.63500973145847
sub01,test,14,cued,3,104.0,12,123,29.551833333333335,0.001068115234375,-64.85904742795387
sub01,test,14,cued,3,104.0,12,124,29.663208333333333,0.0008544921875,-70.76446289501473
sub01,test,14,cued,3,104.0,12,125,29.777729166666667,0.000946044921875,-69.21358828313191
sub01,test,14,cued,3,104.0,12,126,29.926791666666666,0.00079345703125,-68.67724007208135
sub01,test,15,spontaneous,3,104.0,0,0,0.11279166666666667,0.002166748046875,-67.76858951718873
sub01,test,15,spontaneous,3,104.0,0,1,0.36004166666666665,0.00091552734375,-68.24792071814646
sub01,test,15,spontaneous,3,104.0,0,2,0.5183125,0.002044677734375,-68.61378513687151
sub01,test,15,spontaneous,3,104.0,0,3,0.673625,0.000823974609375,-68.43451639933059
sub01,test,15,spontaneous,3,104.0,0,4,1.0176875,0.002044677734375,-68.36667025620243
sub01,test,15,spontaneous,3,104.0,0,5,1.140375,0.001007080078125,-68.01817340277724
sub01,test,15,spontaneous,3,104.0,0,6,1.3727291666666666,0.001007080078125,-68.49608216704138
sub01,test,15,spontaneous,3,104.0,0,7,1.5565,0.002593994140625,-65.84970416103339
sub01,test,15,spontaneous,3,104.0,0,8,1.8407083333333334,0.00103759765625,-69.99642925611849
sub01,test,15,spontaneous,3,104.0,0,9,2.0763541666666665,0.002044677734375,-66.89039614388709
sub01,test,15,spontaneous,3,104.0,0,10,2.3495416666666666,0.000946044921875,-69.95203379671304
sub01,test,15,spontaneous,3,104.0,0,11,2.474666666666667,0.000946044921875,-67.96219163643228
sub01,test,15,spontaneous,3,104.0,0,12,2.7043125,0.001739501953125,-64.65824784234728
sub01,test,15,spontaneous,3,104.0,0,13,2.9041041666666665,0.001190185546875,-63.466219634121764
sub01,test,15,spontaneous,3,104.0,0,14,3.0153958333333333,0.0008544921875,-71.58003420029357
sub01,test,15,spontaneous,3,104.0,0,15,3.2138125,0.001617431640625,-67.57032523614572
sub01,test,15,spontaneous,3,104.0,0,16,3.4111666666666665,0.00103759765625,-66.21459935578761
sub01,test,15,spontaneous,3,104.0,0,17,3.6475208333333335,0.002197265625,-64.26349866130604
sub01,test,15,spontaneous,3,104.0,0,18,4.113729166666666,0.0010986328125,-64.61267538872033
sub01,test,15,spontaneous,3,104.0,0,19,4.547666666666666,0.002410888671875,-66.491945522317
sub01,test,15,spontaneous,3,104.0,0,20,4.6979375,0.000946044921875,-67.05053641223954
sub01,test,15,spontaneous,3,104.0,0,21,4.8055208333333335,0.0009765625,-67.3652244007777
sub01,test,15,spontaneous,3,104.0,0,22,4.940791666666667,0.000946044921875,-69.09440372515425
sub01,test,15,spontaneous,3,104.0,0,23,5.0447291666666665,0.00244140625,-64.1338774944713
sub01,test,15,spontaneous,3,104.0,0,24,5.207229166666667,0.0008544921875,-67.76917753320008
sub01,test,15,spontaneous,3,104.0,0,25,5.361583333333333,0.001007080078125,-67.80649304723578
sub01,test,15,spontaneous,3,104.0,0,26,5.4616875,0.001953125,-67.24829479380543
sub01,test,15,spontaneous,3,104.0,0,27,5.676875,0.001007080078125,-71.75141041365936
sub01,test,15,spontaneous,3,104.0,0,28,5.824895833333334,0.000732421875,-71.65154505766561
sub01,test,15,spontaneous,3,104.0,0,29,5.991625,0.002410888671875,-66.28602690716654
sub01,test,15,spontaneous,3,104.0,0,30,6.1798125,0.0008544921875,-69.83871229574108
sub01,test,15,spontaneous,3,104.0,0,31,6.392604166666667,0.001556396484375,-66.32504102929067
sub01,test,15,spontaneous,3,104.0,0,32,6.6504375,0.000885009765625,-67.40704456533574
sub01,test,15,spontaneous,3,104.0,0,33,6.852229166666667,0.00177001953125,-65.8937277523004
sub01,test,15,spontaneous,3,104.0,0,34,7.078895833333333,0.001007080078125,-66.16942638691903
sub01,test,15,spontaneous,3,104.0,0,35,7.249,0.0010986328125,-65.13687439410634
sub01,test,15,spontaneous,3,104.0,0,36,7.4158333333333335,0.0018310546875,-66.32809112963126
sub01,test,15,spontaneous,3,104.0,0,37,7.516125,0.0010986328125,-65.31588017883873
sub01,test,15,spontaneous,3,104.0,0,38,7.708166666666667,0.00146484375,-63.650108712411175
sub01,test,15,spontaneous,3,104.0,0,39,7.8999375,0.001434326171875,-64.9495912050629
sub01,test,15,spontaneous,3,104.0,0,40,8.039104166666666,0.001251220703125,-67.44262532042401
sub01,test,15,spontaneous,3,104.0,0,41,8.176854166666667,0.002166748046875,-60.154109146270976
sub01,test,15,spontaneous,3,104.0,0,42,8.328875,0.0010986328125,-63.73984216020019
sub01,test,15,spontaneous,3,104.0,0,43,8.446875,0.001434326171875,-63.71748540123426
sub01,test,15,spontaneous,3,104.0,0,44,8.601208333333334,0.00274658203125,-62.79281878437638
sub01,test,15,spontaneous,3,104.0,0,45,8.718375,0.00115966796875,-65.20515022335783
sub01,test,15,spontaneous,3,104.0,0,46,9.031729166666667,0.0010986328125,-67.4215706728098
sub01,test,15,spontaneous,3,104.0,0,47,9.382729166666667,0.00079345703125,-71.22206407722271
sub01,test,15,spontaneous,3,104.0,0,48,9.511875,0.0013427734375,-68.37070168817688
sub01,test,15,spontaneous,3,104.0,0,49,9.701541666666667,0.00091552734375,-69.16082735750838
sub01,test,15,spontaneous,3,104.0,0,50,9.817854166666667,0.0008544921875,-68.97689285999735
sub01,test,15,spontaneous,3,104.0,0,51,10.212979166666667,0.001312255859375,-67.02132465413966
sub01,test,15,spontaneous,3,104.0,0,52,10.359270833333333,0.001007080078125,-70.24861931506423
sub01,test,15,spontaneous,3,104.0,0,53,10.6311875,0.0009765625,-71.54373297313515
sub01,test,15,spontaneous,3,104.0,0,54,10.7348125,0.001739501953125,-65.87360865257081
sub01,test,15,spontaneous,3,104.0,0,55,10.912583333333334,0.00091552734375,-67.94768652482037
sub01,test,15,spontaneous,3,104.0,0,56,11.189479166666667,0.0018310546875,-66.87810096101734
sub01,test,15,spontaneous,3,104.0,0,57,11.422770833333333,0.001190185546875,-63.795350025833315
sub01,test,15,spontaneous,3,104.0,0,58,11.542604166666667,0.002166748046875,-61.53055570264396
sub01,test,15,spontaneous,3,104.0,0,59,11.658833333333334,0.001495361328125,-68.82299336737319
sub01,test,15,spontaneous,3,104.0,0,60,11.779375,0.0008544921875,-69.41355317183789
sub01,test,15,spontaneous,3,104.0,0,61,11.886166666666666,0.000823974609375,-69.6966734507373
sub01,test,15,spontaneous,3,104.0,0,62,12.062729166666667,0.001434326171875,-68.31598054538514
sub01,test,15,spontaneous,3,104.0,0,63,12.3585625,0.000946044921875,-67.14494112620419
sub01,test,15,spontaneous,3,104.0,0,64,12.4716875,0.001495361328125,-62.93990127761295
sub01,test,15,spontaneous,3,104.0,0,65,12.673770833333334,0.002288818359375,-61.07043732444363
sub01,test,15,spontaneous,3,104.0,0,66,12.905854166666666,0.0009765625,-66.63736834523188
sub01,test,15,spontaneous,3,104.0,0,67,13.021916666666666,0.000823974609375,-70.17977693044939
sub01,test,15,spontaneous,3,104.0,0,68,13.218458333333333,0.0018310546875,-66.77240057522977
sub01,test,15,spontaneous,3,104.0,0,69,13.454416666666667,0.0008544921875,-66.83502084092473
sub01,test,15,spontaneous,3,104.0,0,70,13.604645833333333,0.0008544921875,-71.95610092841314
sub01,test,15,spontaneous,3,104.0,0,71,13.756375,0.00225830078125,-65.41451130162494
sub01,test,15,spontaneous,3,104.0,0,72,13.919833333333333,0.0008544921875,-69.35137459029828
sub01,test,15,spontaneous,3,104.0,0,73,14.340604166666667,0.001617431640625,-66.50720044487477
sub01,test,15,spontaneous,3,104.0,0,74,14.628979166666667,0.000762939453125,-67.81249767387861
sub01,test,15,spontaneous,3,104.0,0,75,14.787125,0.00079345703125,-68.5641403284996
sub01,test,15,spontaneous,3,104.0,0,76,14.8968125,0.002197265625,-60.185393512278615
sub01,test,15,spontaneous,3,104.0,0,77,15.0378125,0.000762939453125,-70.69518354666815
sub01,test,15,spontaneous,3,104.0,0,78,15.172458333333333,0.000885009765625,-67.46597601823133
sub01,test,15,spontaneous,3,104.0,0,79,15.288770833333333,0.00091552734375,-70.12667640680738
sub01,test,15,spontaneous,3,104.0,0,80,15.445208333333333,0.001007080078125,-66.62853294143216
sub01,test,15,spontaneous,3,104.0,0,81,15.558125,0.001007080078125,-66.40279955887132
sub01,test,15,spontaneous,3,104.0,0,82,15.721395833333334,0.000823974609375,-70.73262646699567
sub01,test,15,spontaneous,3,104.0,0,83,15.998895833333334,0.00091552734375,-68.73934479321355
sub01,test,15,spontaneous,3,104.0,0,84,16.187291666666667,0.000823974609375,-67.42722099764383
sub01,test,15,spontaneous,3,104.0,0,85,16.421104166666666,0.000946044921875,-65.27092128981613
sub01,test,15,spontaneous,3,104.0,0,86,16.643708333333333,0.001220703125,-70.00081007440659
sub01,test,15,spontaneous,3,104.0,0,87,16.92791666666667,0.00079345703125,-69.58124215803588
sub01,test,15,spontaneous,3,104.0,0,88,17.2145,0.001434326171875,-68.22647023697488
sub01,test,15,spontaneous,3,104.0,0,89,17.781833333333335,0.001617431640625,-67.81117413757848
sub01,test,15,spontaneous,3,104.0,0,90,17.908145833333332,0.0010986328125,-63.43973249201493
sub01,test,15,spontaneous,3,104.0,0,91,18.178583333333332,0.0018310546875,-59.25243089687147
sub01,test,15,spontaneous,3,104.0,0,92,18.303895833333332,0.001251220703125,-65.16438789826601
sub01,test,15,spontaneous,3,104.0,0,93,18.6463125,0.00079345703125,-68.8051871880899
sub01,test,15,spontaneous,3,104.0,0,94,18.827166666666667,0.00115966796875,-67.81405945753954
sub01,test,15,spontaneous,3,104.0,0,95,19.047708333333333,0.0008544921875,-70.65910606160797
sub01,test,15,spontaneous,3,104.0,0,96,19.46925,0.00164794921875,-62.200403123153606
sub01,test,15,spontaneous,3,104.0,0,97,19.703708333333335,0.001068115234375,-65.91126505405515
sub01,test,15,spontaneous,3,104.0,0,98,20.134479166666665,0.001068115234375,-72.11977793904512
sub01,test,15,spontaneous,3,104.0,0,99,20.254020833333332,0.00091552734375,-68.05421905963955
sub01,test,15,spontaneous,3,104.0,0,100,20.4440625,0.00079345703125,-69.12690244944
sub01,test,15,spontaneous,3,104.0,0,101,20.560625,0.0008544921875,-68.98131162019506
sub01,test,15,spontaneous,3,104.0,0,102,20.8109375,0.00152587890625,-63.80422343152276
sub01,test,15,spontaneous,3,104.0,0,103,21.048875,0.00152587890625,-62.02034653852796
sub01,test,15,spontaneous,3,104.0,0,104,21.1489375,0.00115966796875,-65.97526790376453
sub01,test,15,spontaneous,3,104.0,0,105,21.504041666666666,0.0013427734375,-65.65226918428574
sub01,test,15,spontaneous,3,104.0,0,106,21.65522916666667,0.001434326171875,-66.31685389599807
sub01,test,15,spontaneous,3,104.0,0,107,21.786791666666666,0.0020751953125,-64.89570286511204
sub01,test,15,spontaneous,3,104.0,0,108,21.929395833333334,0.00079345703125,-71.88485716110713
sub01,test,15,spontaneous,3,104.0,0,109,22.170125,0.0008544921875,-68.68356208637853
sub01,test,15,spontaneous,3,104.0,0,110,22.320416666666667,0.000732421875,-70.71411265181816
sub01,test,15,spontaneous,3,104.0,0,111,22.449083333333334,0.0013427734375,-66.19338672964707
sub01,test,15,spontaneous,3,104.0,0,112,22.7144375,0.000885009765625,-68.52252594924036
sub01,test,15,spontaneous,3,104.0,0,113,22.958145833333333,0.001251220703125,-67.49637610281327
sub01,test,15,spontaneous,3,104.0,0,114,23.071270833333333,0.001312255859375,-66.1326213580856
sub01,test,15,spontaneous,3,104.0,0,115,23.261333333333333,0.001434326171875,-62.837018045190675
sub01,test,15,spontaneous,3,104.0,0,116,23.370583333333332,0.002044677734375,-63.55569059709272
sub01,test,15,spontaneous,3,104.0,0,117,23.535583333333335,0.0009765625,-66.97787216507716
sub01,test,15,spontaneous,3,104.0,0,118,23.692520833333333,0.00091552734375,-68.07912571395636
sub01,test,15,spontaneous,3,104.0,0,119,23.9611875,0.001678466796875,-66.88615673214336
sub01,test,15,spontaneous,3,104.0,0,120,24.2813125,0.0010986328125,-67.31214057459339
sub01,test,15,spontaneous,3,104.0,0,121,24.51425,0.001312255859375,-66.20989072018257
sub01,test,15,spontaneous,3,104.0,0,122,24.785354166666668,0.00067138671875,-69.4627149270923
sub01,test,15,spontaneous,3,104.0,0,123,25.022666666666666,0.001007080078125,-67.48052872663077
sub01,test,15,spontaneous,3,104.0,0,124,25.171625,0.001708984375,-62.616435733170654
sub01,test,15,spontaneous,3,104.0,0,125,25.296708333333335,0.00079345703125,-69.28759259055212
sub01,test,15,spontaneous,3,104.0,0,126,25.7360625,0.00115966796875,-68.92272666919123
sub01,test,15,spontaneous,3,104.0,0,127,25.99975,0.0009765625,-65.75598131209772
sub01,test,15,spontaneous,3,104.0,0,128,26.270354166666667,0.00128173828125,-67.62686043018003
sub01,test,15,spontaneous,3,104.0,0,129,26.388270833333333,0.002288818359375,-62.72155658241004
sub01,test,15,spontaneous,3,104.0,0,130,26.5865,0.0010986328125,-67.24309544088376
sub01,test,15,spontaneous,3,104.0,0,131,26.69783333333333,0.0008544921875,-68.2765161716927
sub01,test,15,spontaneous,3,104.0,0,132,26.817270833333332,0.00079345703125,-69.59826239689414
sub01,test,15,spontaneous,3,104.0,0,133,26.980083333333333,0.001129150390625,-67.97098469349977
sub01,test,15,spontaneous,3,104.0,0,134,27.085979166666668,0.00079345703125,-75.22941032924264
sub01,test,15,spontaneous,3,104.0,0,135,27.560166666666667,0.0013427734375,-68.66123723768212
sub01,test,15,spontaneous,3,104.0,0,136,27.7950625,0.000946044921875,-68.10045711821599
sub01,test,15,spontaneous,3,104.0,0,137,27.952395833333334,0.00079345703125,-70.08846886102155
sub01,test,15,spontaneous,3,104.0,0,138,28.1855,0.000946044921875,-67.4903830166579
sub01,test,15,spontaneous,3,104.0,0,139,28.584479166666668,0.00091552734375,-67.05109200296411
sub01,test,15,spontaneous,3,104.0,0,140,29.04625,0.000732421875,-70.3944922013414
sub01,test,15,spontaneous,3,104.0,0,141,29.2484375,0.001373291015625,-63.292150168221795
sub01,test,15,spontaneous,3,104.0,0,142,29.514166666666668,0.000946044921875,-68.14281359793088
sub01,test,15,spontaneous,3,104.0,0,143,29.668458333333334,0.000823974609375,-73.78203687784656
sub01,test,15,spontaneous,3,104.0,0,144,29.835875,0.001434326171875,-65.89483992656311
sub01,test,16,cued,3,112.0,16,0,0.0018958333333333334,0.0006103515625,-70.632446435598
sub01,test,16,cued,3,112.0,16,1,0.23052083333333334,0.002349853515625,-65.31134538097832
sub01,test,16,cued,3,112.0,16,2,0.4733541666666667,0.000823974609375,-68.5529949132143
sub01,test,16,cued,3,112.0,16,3,0.6361666666666667,0.00213623046875,-65.67260909437229
sub01,test,16,cued,3,112.0,16,4,0.7477291666666667,0.00128173828125,-67.21136664353138
sub01,test,16,cued,3,112.0,16,5,0.8986875,0.0009765625,-69.24102442057685
sub01,test,16,cued,3,112.0,16,6,1.0572708333333334,0.00286865234375,-64.01089057584232
sub01,test,16,cued,3,112.0,16,7,1.291,0.00067138671875,-70.9600176951003
sub01,test,16,cued,3,112.0,16,8,1.49625,0.002655029296875,-63.908507005253625
sub01,test,16,cued,3,112.0,16,9,1.7250416666666666,0.0010986328125,-66.86124259787937
sub01,test,16,cued,3,112.0,16,10,1.8395833333333333,0.000640869140625,-72.3335824859225
sub01,test,16,cued,3,112.0,16,11,1.9608333333333334,0.002105712890625,-64.66228026638503
sub01,test,16,cued,3,112.0,16,12,2.0737916666666667,0.000885009765625,-68.71880260915582
sub01,test,16,cued,3,112.0,16,13,2.1831875,0.00067138671875,-71.20186594281883
sub01,test,16,cued,3,112.0,16,14,2.5383125,0.002166748046875,-66.16250327585352
sub01,test,16,cued,3,112.0,16,15,2.7325208333333335,0.000701904296875,-70.8192687916159
sub01,test,16,cued,3,112.0,16,16,2.8545208333333334,0.000946044921875,-68.98815920310983
sub01,test,16,cued,3,112.0,16,17,3.023645833333333,0.002044677734375,-65.27869955270754
sub01,test,16,cued,3,112.0,16,18,3.1256458333333335,0.000640869140625,-70.45199041354579
sub01,test,16,cued,3,112.0,16,19,3.2827916666666668,0.000823974609375,-69.83773776104508
sub01,test,16,cued,3,112.0,16,20,3.4426041666666665,0.000885009765625,-67.8855687953569
sub01,test,16,cued,3,112.0,16,21,3.6245208333333334,0.001312255859375,-68.24859567760862
sub01,test,16,cued,3,112.0,16,22,3.7559375,0.001251220703125,-65.10540984947865
sub01,test,16,cued,3,112.0,16,23,3.944625,0.0009765625,-68.62987958154329
sub01,test,16,cued,3,112.0,16,24,4.081291666666667,0.00128173828125,-66.32471534354383
sub01,test,16,cued,3,112.0,16,25,4.182333333333333,0.000762939453125,-70.60375404894022
sub01,test,16,cued,3,112.0,16,26,4.409270833333333,0.00067138671875,-73.17444328814858
sub01,test,16,cued,3,112.0,16,27,4.587541666666667,0.001220703125,-68.34470353433034
sub01,test,16,cued,3,112.0,16,28,4.805791666666667,0.00091552734375,-68.68387329279678
sub01,test,16,cued,3,112.0,16,29,4.924541666666666,0.000640869140625,-71.55758220280492
sub01,test,16,cued,3,112.0,16,30,5.042479166666666,0.00103759765625,-70.12641603329473
sub01,test,16,cued,3,112.0,16,31,5.154916666666667,0.00164794921875,-66.28699392368614
sub01,test,16,cued,3,112.0,16,32,5.275791666666667,0.001068115234375,-68.5650890161077
sub01,test,16,cued,3,112.0,16,33,5.389208333333333,0.00079345703125,-68.98106706191672
sub01,test,16,cued,3,112.0,16,34,5.627416666666667,0.00140380859375,-69.58114008082076
sub01,test,16,cued,3,112.0,16,35,5.7493125,0.0008544921875,-69.5151762256357
sub01,test,16,cued,3,112.0,16,36,5.942270833333334,0.00091552734375,-68.02540496682212
sub01,test,16,cued,3,112.0,16,37,6.082666666666666,0.00140380859375,-68.89045251663904
sub01,test,16,cued,3,112.0,16,38,6.2945,0.00079345703125,-69.84504943783145
sub01,test,16,cued,3,112.0,16,39,6.526541666666667,0.000946044921875,-67.98963255745447
sub01,test,16,cued,3,112.0,16,40,6.626833333333333,0.0015869140625,-67.65227280741179
sub01,test,16,cued,3,112.0,16,41,6.7581875,0.00140380859375,-67.18278886316517
sub01,test,16,cued,3,112.0,16,42,6.868854166666667,0.00079345703125,-70.0744443730431
sub01,test,16,cued,3,112.0,16,43,7.033458333333333,0.001068115234375,-68.85220112353159
sub01,test,16,cued,3,112.0,16,44,7.1903125,0.00103759765625,-68.99608746201142
sub01,test,16,cued,3,112.0,16,45,7.382625,0.000885009765625,-69.69128139880635
sub01,test,16,cued,3,112.0,16,46,7.511166666666667,0.002105712890625,-64.07174783383228
sub01,test,16,cued,3,112.0,16,47,7.626333333333333,0.000823974609375,-70.60556238783794
sub01,test,16,cued,3,112.0,16,48,7.778770833333334,0.000946044921875,-69.14862031281261
sub01,test,16,cued,3,112.0,16,49,8.002791666666667,0.001617431640625,-66.97620537907854
sub01,test,16,cued,3,112.0,16,50,8.12575,0.0009765625,-71.32868338193202
sub01,test,16,cued,3,112.0,16,51,8.243666666666666,0.000946044921875,-68.84491884071178
sub01,test,16,cued,3,112.0,16,52,8.401354166666666,0.001312255859375,-68.7608082619573
sub01,test,16,cued,3,112.0,16,53,8.559645833333333,0.000732421875,-69.32085542859349
sub01,test,16,cued,3,112.0,16,54,8.710833333333333,0.001861572265625,-61.73002639253876
sub01,test,16,cued,3,112.0,16,55,8.89275,0.001617431640625,-67.23350364188374
sub01,test,16,cued,3,112.0,16,56,9.184083333333334,0.000579833984375,-72.57921453280785
sub01,test,16,cued,3,112.0,16,57,9.300833333333333,0.000762939453125,-71.23742423155613
sub01,test,16,cued,3,112.0,16,58,9.418520833333334,0.001495361328125,-69.09148575308632
sub01,test,16,cued,3,112.0,16,59,9.537958333333334,0.000885009765625,-67.1204698712582
sub01,test,16,cued,3,112.0,16,60,9.651729166666666,0.000762939453125,-72.07837973666298
sub01,test,16,cued,3,112.0,16,61,9.8558125,0.00152587890625,-66.84071659461142
sub01,test,16,cued,3,112.0,16,62,9.960229166666666,0.000762939453125,-70.76352540112185
sub01,test,16,cued,3,112.0,16,63,10.2345625,0.00250244140625,-64.8779799050028
sub01,test,16,cued,3,112.0,16,64,10.434645833333333,0.000732421875,-69.71073615233547
sub01,test,16,cued,3,112.0,16,65,10.594541666666666,0.002044677734375,-66.78117280789466
sub01,test,16,cued,3,112.0,16,66,10.7019375,0.000640869140625,-72.97312556862788
sub01,test,16,cued,3,112.0,16,67,10.828458333333334,0.0008544921875,-71.19065574863156
sub01,test,16,cued,3,112.0,16,68,11.066958333333334,0.000946044921875,-69.07381668219548
sub01,test,16,cued,3,112.0,16,69,11.209875,0.0008544921875,-70.58578112900392
sub01,test,16,cued,3,112.0,16,70,11.4353125,0.00140380859375,-68.46310960986573
sub01,test,16,cued,3,112.0,16,71,11.5985625,0.0008544921875,-71.49249724304707
sub01,test,16,cued,3,112.0,16,72,11.890333333333333,0.001312255859375,-68.78509564266842
sub01,test,16,cued,3,112.0,16,73,12.081395833333334,0.000823974609375,-68.68356208637853
sub01,test,16,cued,3,112.0,16,74,12.270854166666666,0.001983642578125,-64.9324868848064
sub01,test,16,cued,3,112.0,16,75,12.4674375,0.00079345703125,-70.76727685719459
sub01,test,16,cued,3,112.0,16,76,12.594229166666667,0.002044677734375,-65.35993901085239
sub01,test,16,cued,3,112.0,16,77,12.819645833333333,0.000762939453125,-71.66561872338389
sub01,test,16,cued,3,112.0,16,78,12.971979166666667,0.000762939453125,-71.17844367324845
sub01,test,16,cued,3,112.0,16,79,13.135645833333333,0.00067138671875,-68.59480211812156
sub01,test,16,cued,3,112.0,16,80,13.245145833333334,0.000732421875,-71.56961929320899
sub01,test,16,cued,3,112.0,16,81,13.410854166666667,0.001373291015625,-68.6768261358646
sub01,test,16,cued,3,112.0,16,82,13.525895833333333,0.000885009765625,-67.10326666783664
sub01,test,16,cued,3,112.0,16,83,13.642041666666668,0.000762939453125,-71.86051782975392
sub01,test,16,cued,3,112.0,16,84,13.753708333333334,0.0009765625,-69.4170889373591
sub01,test,16,cued,3,112.0,16,85,13.855375,0.00164794921875,-67.2099037474772
sub01,test,16,cued,3,112.0,16,86,14.0771875,0.00079345703125,-69.0944944774163
sub01,test,16,cued,3,112.0,16,87,14.221104166666667,0.0006103515625,-72.21831377739004
sub01,test,16,cued,3,112.0,16,88,14.370541666666666,0.001251220703125,-66.74806248009466
sub01,test,16,cued,3,112.0,16,89,14.538708333333334,0.0009765625,-68.41581149730214
sub01,test,16,cued,3,112.0,16,90,14.690666666666667,0.001007080078125,-71.4213549928671
sub01,test,16,cued,3,112.0,16,91,14.812645833333333,0.00067138671875,-71.53272630534074
sub01,test,16,cued,3,112.0,16,92,14.929354166666666,0.000946044921875,-69.68216027160554
sub01,test,16,cued,3,112.0,16,93,15.053395833333333,0.00244140625,-63.72003845776719
sub01,test,16,cued,3,112.0,16,94,15.245083333333334,0.000732421875,-70.16963115831788
sub01,test,16,cued,3,112.0,16,95,15.472895833333334,0.001312255859375,-67.77831265953029
sub01,test,16,cued,3,112.0,16,96,15.594333333333333,0.000823974609375,-67.17829805587704
sub01,test,16,cued,3,112.0,16,97,15.791270833333334,0.00079345703125,-67.42034517769997
sub01,test,16,cued,3,112.0,16,98,15.9086875,0.001373291015625,-67.15779767364275
sub01,test,16,cued,3,112.0,16,99,16.104104166666666,0.000823974609375,-68.3066702306815
sub01,test,16,cued,3,112.0,16,100,16.204375,0.00091552734375,-69.34021203301708
sub01,test,16,cued,3,112.0,16,101,16.305291666666665,0.00091552734375,-66.45602715182488
sub01,test,16,cued,3,112.0,16,102,16.57154166666667,0.000701904296875,-70.38923527350141
sub01,test,16,cued,3,112.0,16,103,16.727916666666665,0.000640869140625,-69.83965947247749
sub01,test,16,cued,3,112.0,16,104,16.828875,0.00274658203125,-63.838178970971455
sub01,test,16,cued,3,112.0,16,105,17.036875,0.00079345703125,-69.75718042627551
sub01,test,16,cued,3,112.0,16,106,17.281479166666667,0.001220703125,-66.64966258014431
sub01,test,16,cued,3,112.0,16,107,17.5865625,0.000885009765625,-69.05278513979601
sub01,test,16,cued,3,112.0,16,108,17.715479166666668,0.001739501953125,-67.42073306413863
sub01,test,16,cued,3,112.0,16,109,17.8720625,0.000762939453125,-68.56714870250474
sub01,test,16,cued,3,112.0,16,110,18.095875,0.000640869140625,-69.47238019497293
sub01,test,16,cued,3,112.0,16,111,18.205270833333334,0.002166748046875,-65.47184796791716
sub01,test,16,cued,3,112.0,16,112,18.329729166666667,0.0008544921875,-68.07674419651636
sub01,test,16,cued,3,112.0,16,113,18.522666666666666,0.0008544921875,-70.76952396684224
sub01,test,16,cued,3,112.0,16,114,18.7231875,0.00238037109375,-66.54016355298508
sub01,test,16,cued,3,112.0,16,115,18.841645833333335,0.001068115234375,-65.11424637184237
sub01,test,16,cued,3,112.0,16,116,18.953645833333333,0.000640869140625,-70.56784958905305
sub01,test,16,cued,3,112.0,16,117,19.074833333333334,0.0008544921875,-66.44600368274672
sub01,test,16,cued,3,112.0,16,118,19.25275,0.001190185546875,-69.53822327315066
sub01,test,16,cued,3,112.0,16,119,19.3878125,0.000885009765625,-69.16882334145616
sub01,test,16,cued,3,112.0,16,120,19.581729166666666,0.00079345703125,-68.26640400843554
sub01,test,16,cued,3,112.0,16,121,19.7694375,0.0015869140625,-68.17738304405333
sub01,test,16,cued,3,112.0,16,122,19.888208333333335,0.00115966796875,-68.37924178133618
sub01,test,16,cued,3,112.0,16,123,20.00525,0.000701904296875,-71.07403974159914
sub01,test,16,cued,3,112.0,16,124,20.228916666666667,0.00146484375,-69.58134423645063
sub01,test,16,cued,3,112.0,16,125,20.362875,0.00067138671875,-70.1882172485046
sub01,test,16,cued,3,112.0,16,126,20.55666666666667,0.000732421875,-68.37047041823655
sub01,test,16,cued,3,112.0,16,127,20.7985,0.001312255859375,-67.5870361697464
sub01,test,16,cued,3,112.0,16,128,20.905666666666665,0.000579833984375,-74.17954242333563
sub01,test,16,cued,3,112.0,16,129,21.149,0.000732421875,-71.07504664262291
sub01,test,16,cued,3,112.0,16,130,21.302291666666665,0.001495361328125,-66.30939051141071
sub01,test,16,cued,3,112.0,16,131,21.572895833333334,0.000640869140625,-71.32014820629804
sub01,test,16,cued,3,112.0,16,132,21.835729166666667,0.001373291015625,-65.99235695803479
sub01,test,16,cued,3,112.0,16,133,22.1218125,0.000762939453125,-71.04550247230607
sub01,test,16,cued,3,112.0,16,134,22.273125,0.00079345703125,-71.27598832030873
sub01,test,16,cued,3,112.0,16,135,22.39725,0.001617431640625,-65.58089567666335
sub01,test,16,cued,3,112.0,16,136,22.629375,0.000762939453125,-68.68464070814665
sub01,test,16,cued,3,112.0,16,137,22.782375,0.000762939453125,-71.8000694926209
sub01,test,16,cued,3,112.0,16,138,22.9369375,0.001251220703125,-69.24222729115957
sub01,test,16,cued,3,112.0,16,139,23.174791666666668,0.000732421875,-72.17541331623113
sub01,test,16,cued,3,112.0,16,140,23.411125,0.001434326171875,-67.45896087398658
sub01,test,16,cued,3,112.0,16,141,23.608416666666667,0.0009765625,-64.69742958997982
sub01,test,16,cued,3,112.0,16,142,23.903770833333333,0.001373291015625,-69.63816065620969
sub01,test,16,cued,3,112.0,16,143,24.040333333333333,0.00079345703125,-69.68853533974698
sub01,test,16,cued,3,112.0,16,144,24.15825,0.00079345703125,-67.94532310148044
sub01,test,16,cued,3,112.0,16,145,24.350645833333335,0.000946044921875,-66.70372172638183
sub01,test,16,cued,3,112.0,16,146,24.541979166666668,0.00091552734375,-70.10440742416095
sub01,test,16,cued,3,112.0,16,147,24.698541666666667,0.000640869140625,-72.29910861708477
sub01,test,16,cued,3,112.0,16,148,24.8119375,0.000946044921875,-67.19592039521467
sub01,test,16,cued,3,112.0,16,149,24.91225,0.001220703125,-69.85161360232587
sub01,test,16,cued,3,112.0,16,150,25.049354166666667,0.001312255859375,-67.65235455688094
sub01,test,16,cued,3,112.0,16,151,25.28322916666667,0.000732421875,-72.12371537961045
sub01,test,16,cued,3,112.0,16,152,25.450270833333335,0.00225830078125,-65.41786532140554
sub01,test,16,cued,3,112.0,16,153,25.562083333333334,0.0009765625,-67.90555201469522
sub01,test,16,cued,3,112.0,16,154,25.873916666666666,0.000823974609375,-67.33816002227232
sub01,test,16,cued,3,112.0,16,155,25.978666666666665,0.001251220703125,-68.96304416683222
sub01,test,16,cued,3,112.0,16,156,26.107583333333334,0.000762939453125,-68.27194769794949
sub01,test,16,cued,3,112.0,16,157,26.298666666666666,0.000885009765625,-70.53268363732234
sub01,test,16,cued,3,112.0,16,158,26.501354166666665,0.001861572265625,-66.32453470317765
sub01,test,16,cued,3,112.0,16,159,26.6651875,0.000823974609375,-70.30839568060912
sub01,test,16,cued,3,112.0,16,160,26.848125,0.001190185546875,-65.84497613525814
sub01,test,16,cued,3,112.0,16,161,26.9751875,0.001708984375,-65.9681691016746
sub01,test,16,cued,3,112.0,16,162,27.173333333333332,0.000823974609375,-68.97946836072347
sub01,test,16,cued,3,112.0,16,163,27.358125,0.000762939453125,-69.7357718430884
sub01,test,16,cued,3,112.0,16,164,27.518083333333333,0.002410888671875,-66.10924664796015
sub01,test,16,cued,3,112.0,16,165,27.63233333333333,0.00079345703125,-68.11262576006831
sub01,test,16,cued,3,112.0,16,166,27.75177083333333,0.0006103515625,-73.27268192975906
sub01,test,16,cued,3,112.0,16,167,27.868291666666668,0.00079345703125,-68.87169607755698
sub01,test,16,cued,3,112.0,16,168,28.108770833333335,0.00201416015625,-66.01646782934735
sub01,test,16,cued,3,112.0,16,169,28.2159375,0.000885009765625,-69.32532624811614
sub01,test,16,cued,3,112.0,16,170,28.380395833333335,0.000823974609375,-68.06192389166166
sub01,test,16,cued,3,112.0,16,171,28.6260625,0.001953125,-67.19176934937731
sub01,test,16,cued,3,112.0,16,172,28.805833333333332,0.000640869140625,-70.80788686345547
sub01,test,16,cued,3,112.0,16,173,28.922770833333335,0.000701904296875,-70.17544686823025
sub01,test,16,cued,3,112.0,16,174,29.156354166666667,0.00244140625,-64.53938992748931
sub01,test,16,cued,3,112.0,16,175,29.35129166666667,0.000823974609375,-70.04196365929738
sub01,test,16,cued,3,112.0,16,176,29.542854166666668,0.0008544921875,-67.57736138413406
sub01,test,16,cued,3,112.0,16,177,29.671416666666666,0.002838134765625,-64.52716831101368
sub01,test,16,cued,3,112.0,16,178,29.9005,0.000885009765625,-68.19060241686171
sub01,test,17,spontaneous,2,112.0,0,0,0.06116666666666667,0.00152587890625,-62.20050603710903
sub01,test,17,spontaneous,2,112.0,0,1,0.21695833333333334,0.001129150390625,-67.73804892590255
sub01,test,17,spontaneous,2,112.0,0,2,0.49616666666666664,0.001007080078125,-66.8521170936667
sub01,test,17,spontaneous,2,112.0,0,3,0.6036666666666667,0.001220703125,-61.78975534837237
sub01,test,17,spontaneous,2,112.0,0,4,0.7242291666666667,0.00396728515625,-51.46031785022579
sub01,test,17,spontaneous,2,112.0,0,5,0.8334166666666667,0.00390625,-51.92993863230587
sub01,test,17,spontaneous,2,112.0,0,6,0.9346875,0.003753662109375,-51.98669938893247
sub01,test,17,spontaneous,2,112.0,0,7,1.0355,0.00244140625,-54.93204416993923
sub01,test,17,spontaneous,2,112.0,0,8,1.1973958333333334,0.001953125,-60.402074328034914
sub01,test,17,spontaneous,2,112.0,0,9,1.3467291666666668,0.00079345703125,-71.72634256394244
sub01,test,17,spontaneous,2,112.0,0,10,1.52375,0.00244140625,-64.19982573615255
sub01,test,17,spontaneous,2,112.0,0,11,1.7881041666666666,0.001007080078125,-65.0277711918625
sub01,test,17,spontaneous,2,112.0,0,12,1.9014166666666668,0.00091552734375,-67.88232510067647
sub01,test,17,spontaneous,2,112.0,0,13,2.0060625,0.00225830078125,-66.9095456301149
sub01,test,17,spontaneous,2,112.0,0,14,2.1717291666666667,0.000946044921875,-70.16452238584766
sub01,test,17,spontaneous,2,112.0,0,15,2.4480833333333334,0.000823974609375,-68.15016393855743
sub01,test,17,spontaneous,2,112.0,0,16,2.5575625,0.0008544921875,-70.71090287987997
sub01,test,17,spontaneous,2,112.0,0,17,3.0972708333333334,0.0020751953125,-69.35631171542306
sub01,test,17,spontaneous,2,112.0,0,18,3.268875,0.000946044921875,-67.68806531175049
sub01,test,17,spontaneous,2,112.0,0,19,3.3832708333333334,0.00079345703125,-69.19180080390716
sub01,test,17,spontaneous,2,112.0,0,20,3.6309583333333335,0.001556396484375,-62.86845549078826
sub01,test,17,spontaneous,2,112.0,0,21,3.743520833333333,0.001953125,-59.466930749841524
sub01,test,17,spontaneous,2,112.0,0,22,3.8836666666666666,0.00201416015625,-58.90839862674685
sub01,test,17,spontaneous,2,112.0,0,23,4.0064375,0.002288818359375,-60.17509559126131
sub01,test,17,spontaneous,2,112.0,0,24,4.124583333333334,0.002593994140625,-61.53891860815488
sub01,test,17,spontaneous,2,112.0,0,25,4.241666666666666,0.00140380859375,-63.304930482755346
sub01,test,17,spontaneous,2,112.0,0,26,4.355958333333334,0.001312255859375,-64.34529612764673
sub01,test,17,spontaneous,2,112.0,0,27,4.484291666666667,0.001220703125,-64.34133317064293
sub01,test,17,spontaneous,2,112.0,0,28,4.683375,0.001678466796875,-64.96454151368434
sub01,test,17,spontaneous,2,112.0,0,29,4.913979166666667,0.000885009765625,-67.02255526575057
sub01,test,17,spontaneous,2,112.0,0,30,5.027875,0.000946044921875,-66.70370914645642
sub01,test,17,spontaneous,2,112.0,0,31,5.184104166666667,0.0009765625,-68.38398253396284
sub01,test,17,spontaneous,2,112.0,0,32,5.301541666666667,0.00146484375,-63.605303167882134
sub01,test,17,spontaneous,2,112.0,0,33,5.461479166666667,0.00128173828125,-62.32280413534149
sub01,test,17,spontaneous,2,112.0,0,34,5.647729166666666,0.0010986328125,-67.40087985928228
sub01,test,17,spontaneous,2,112.0,0,35,5.818583333333334,0.001739501953125,-66.62223115225265
sub01,test,17,spontaneous,2,112.0,0,36,6.006875,0.001739501953125,-64.19799416784568
sub01,test,17,spontaneous,2,112.0,0,37,6.116104166666666,0.0010986328125,-68.02677811622337
sub01,test,17,spontaneous,2,112.0,0,38,6.276208333333333,0.002655029296875,-63.348318536689504
sub01,test,17,spontaneous,2,112.0,0,39,6.468916666666667,0.001251220703125,-66.20288985937904
sub01,test,17,spontaneous,2,112.0,0,40,6.658083333333333,0.00091552734375,-72.88392970344248
sub01,test,17,spontaneous,2,112.0,0,41,6.7906875,0.001373291015625,-70.69076801077847
sub01,test,17,spontaneous,2,112.0,0,42,7.225208333333334,0.001983642578125,-66.44517329557422
sub01,test,17,spontaneous,2,112.0,0,43,7.494104166666666,0.001220703125,-63.224600838563106
sub01,test,17,spontaneous,2,112.0,0,44,7.680291666666666,0.00128173828125,-65.8527405734375
sub01,test,17,spontaneous,2,112.0,0,45,8.036416666666666,0.00079345703125,-69.2180904237098
sub01,test,17,spontaneous,2,112.0,0,46,8.142375,0.0013427734375,-68.94875500253296
sub01,test,17,spontaneous,2,112.0,0,47,8.425083333333333,0.0008544921875,-71.3182071521717
sub01,test,17,spontaneous,2,112.0,0,48,8.585895833333334,0.0009765625,-65.23451595277122
sub01,test,17,spontaneous,2,112.0,0,49,8.74125,0.00079345703125,-67.97718585659241
sub01,test,17,spontaneous,2,112.0,0,50,8.933458333333334,0.00091552734375,-68.00720705183492
sub01,test,17,spontaneous,2,112.0,0,51,9.061770833333334,0.00115966796875,-68.67782016514636
sub01,test,17,spontaneous,2,112.0,0,52,9.249833333333333,0.00103759765625,-65.65940727670815
sub01,test,17,spontaneous,2,112.0,0,53,9.4035,0.001251220703125,-64.32203607151675
sub01,test,17,spontaneous,2,112.0,0,54,9.556791666666667,0.002166748046875,-60.92918004313324
sub01,test,17,spontaneous,2,112.0,0,55,9.760354166666668,0.0008544921875,-67.00690505741287
sub01,test,17,spontaneous,2,112.0,0,56,9.950041666666667,0.0009765625,-65.28887414134549
sub01,test,17,spontaneous,2,112.0,0,57,10.0659375,0.001739501953125,-62.56631310764621
sub01,test,17,spontaneous,2,112.0,0,58,10.307604166666666,0.00091552734375,-67.00732758892346
sub01,test,17,spontaneous,2,112.0,0,59,10.413583333333333,0.00079345703125,-70.6557079218192
sub01,test,17,spontaneous,2,112.0,0,60,10.605541666666667,0.001678466796875,-69.55771312461664
sub01,test,17,spontaneous,2,112.0,0,61,10.777270833333333,0.0010986328125,-64.70736592989086
sub01,test,17,spontaneous,2,112.0,0,62,11.0520625,0.001312255859375,-66.07519699233264
sub01,test,17,spontaneous,2,112.0,0,63,11.2395625,0.0008544921875,-71.25223908783384
sub01,test,17,spontaneous,2,112.0,0,64,11.51325,0.001434326171875,-71.31630467013096
sub01,test,17,spontaneous,2,112.0,0,65,11.6759375,0.00103759765625,-67.12588685241437
sub01,test,17,spontaneous,2,112.0,0,66,11.8668125,0.0009765625,-70.36448287345023
sub01,test,17,spontaneous,2,112.0,0,67,11.9866875,0.001312255859375,-68.35094337671555
sub01,test,17,spontaneous,2,112.0,0,68,12.3275625,0.001495361328125,-65.3250119509765
sub01,test,17,spontaneous,2,112.0,0,69,12.533875,0.00091552734375,-66.09225152459244
sub01,test,17,spontaneous,2,112.0,0,70,12.776083333333334,0.001068115234375,-66.51813534875387
sub01,test,17,spontaneous,2,112.0,0,71,13.233854166666667,0.00164794921875,-62.30217122429529
sub01,test,17,spontaneous,2,112.0,0,72,13.5461875,0.0010986328125,-69.01863760316577
sub01,test,17,spontaneous,2,112.0,0,73,13.679208333333333,0.001861572265625,-68.40313375757384
sub01,test,17,spontaneous,2,112.0,0,74,14.034416666666667,0.001068115234375,-67.38013356472888
sub01,test,17,spontaneous,2,112.0,0,75,14.38575,0.001708984375,-68.32078637590969
sub01,test,17,spontaneous,2,112.0,0,76,14.527416666666667,0.000946044921875,-65.45292793147497
sub01,test,17,spontaneous,2,112.0,0,77,14.717645833333334,0.000823974609375,-69.51028022114119
sub01,test,17,spontaneous,2,112.0,0,78,14.954666666666666,0.002471923828125,-64.9567871511716
sub01,test,17,spontaneous,2,112.0,0,79,15.227229166666667,0.00079345703125,-70.46035144281903
sub01,test,17,spontaneous,2,112.0,0,80,15.3956875,0.001861572265625,-67.01383354338952
sub01,test,17,spontaneous,2,112.0,0,81,15.694166666666666,0.00079345703125,-71.82877662850298
sub01,test,17,spontaneous,2,112.0,0,82,16.006666666666668,0.000946044921875,-70.10400451782222
sub01,test,17,spontaneous,2,112.0,0,83,16.457291666666666,0.001312255859375,-70.86191066067916
sub01,test,17,spontaneous,2,112.0,0,84,16.792625,0.001007080078125,-67.783755242072
sub01,test,17,spontaneous,2,112.0,0,85,17.064875,0.000946044921875,-68.2936619913732
sub01,test,17,spontaneous,2,112.0,0,86,17.2629375,0.00250244140625,-65.88884225069593
sub01,test,17,spontaneous,2,112.0,0,87,17.380458333333333,0.000732421875,-70.24707294079806
sub01,test,17,spontaneous,2,112.0,0,88,17.6859375,0.00152587890625,-70.4815140538604
sub01,test,17,spontaneous,2,112.0,0,89,18.0869375,0.000762939453125,-68.0141178325629
sub01,test,17,spontaneous,2,112.0,0,90,18.270104166666666,0.0013427734375,-64.23377054570253
sub01,test,17,spontaneous,2,112.0,0,91,18.4703125,0.000762939453125,-67.61114621480957
sub01,test,17,spontaneous,2,112.0,0,92,18.769416666666668,0.00152587890625,-66.46190625139442
sub01,test,17,spontaneous,2,112.0,0,93,19.292729166666668,0.002105712890625,-67.02510328240238
sub01,test,17,spontaneous,2,112.0,0,94,19.779916666666665,0.001007080078125,-68.29061027663106
sub01,test,17,spontaneous,2,112.0,0,95,20.0344375,0.00091552734375,-69.55221149931407
sub01,test,17,spontaneous,2,112.0,0,96,20.267270833333335,0.002349853515625,-66.18580448406934
sub01,test,17,spontaneous,2,112.0,0,97,20.80675,0.0023193359375,-65.92636684321585
sub01,test,17,spontaneous,2,112.0,0,98,21.132020833333332,0.000823974609375,-70.73811634104649
sub01,test,17,spontaneous,2,112.0,0,99,21.328583333333334,0.001495361328125,-62.38563666911341
sub01,test,17,spontaneous,2,112.0,0,100,21.707625,0.0009765625,-71.31189567704214
sub01,test,17,spontaneous,2,112.0,0,101,21.832291666666666,0.0010986328125,-67.70876537956325
sub01,test,17,spontaneous,2,112.0,0,102,22.105270833333332,0.0009765625,-67.54337548906244
sub01,test,17,spontaneous,2,112.0,0,103,22.2519375,0.0010986328125,-69.1353419543889
sub01,test,17,spontaneous,2,112.0,0,104,22.725583333333333,0.001190185546875,-65.62080921032002
sub01,test,17,spontaneous,2,112.0,0,105,22.889854166666666,0.001129150390625,-65.58852755925274
sub01,test,17,spontaneous,2,112.0,0,106,23.005645833333332,0.000823974609375,-70.66656576349752
sub01,test,17,spontaneous,2,112.0,0,107,23.15372916666667,0.001220703125,-66.97104279959842
sub01,test,17,spontaneous,2,112.0,0,108,23.321291666666667,0.001220703125,-65.21671185967216
sub01,test,17,spontaneous,2,112.0,0,109,23.4646875,0.00079345703125,-72.04474125543564
sub01,test,17,spontaneous,2,112.0,0,110,23.637770833333335,0.001190185546875,-64.15314391545552
sub01,test,17,spontaneous,2,112.0,0,111,23.745395833333333,0.001007080078125,-69.28837915625367
sub01,test,17,spontaneous,2,112.0,0,112,23.974354166666668,0.00152587890625,-69.25720972833817
sub01,test,17,spontaneous,2,112.0,0,113,24.095020833333333,0.0008544921875,-70.35914076042597
sub01,test,17,spontaneous,2,112.0,0,114,24.340541666666667,0.0008544921875,-67.99414373105094
sub01,test,17,spontaneous,2,112.0,0,115,24.505770833333333,0.00152587890625,-64.03830761312926
sub01,test,17,spontaneous,2,112.0,0,116,24.7985,0.0008544921875,-67.93525499477539
sub01,test,17,spontaneous,2,112.0,0,117,25.047041666666665,0.001434326171875,-66.29135648028559
sub01,test,17,spontaneous,2,112.0,0,118,25.313791666666667,0.0009765625,-65.72277708422195
sub01,test,17,spontaneous,2,112.0,0,119,25.59497916666667,0.001068115234375,-68.36946721534679
sub01,test,17,spontaneous,2,112.0,0,120,26.096479166666665,0.000823974609375,-66.84339078768888
sub01,test,17,spontaneous,2,112.0,0,121,26.60575,0.0008544921875,-68.51902943056085
sub01,test,17,spontaneous,2,112.0,0,122,26.719416666666667,0.00152587890625,-64.85680437256788
sub01,test,17,spontaneous,2,112.0,0,123,27.348208333333332,0.00115966796875,-64.86176534365961
sub01,test,17,spontaneous,2,112.0,0,124,27.8235,0.000885009765625,-68.96625356416445
sub01,test,17,spontaneous,2,112.0,0,125,28.0881875,0.00079345703125,-67.87450123541036
sub01,test,17,spontaneous,2,112.0,0,126,28.362958333333335,0.001190185546875,-68.51567514748291
sub01,test,17,spontaneous,2,112.0,0,127,28.595020833333333,0.000762939453125,-69.19733092346347
sub01,test,17,spontaneous,2,112.0,0,128,28.706416666666666,0.001068115234375,-65.63826408808433
sub01,test,17,spontaneous,2,112.0,0,129,28.8578125,0.001739501953125,-64.85113563358293
sub01,test,17,spontaneous,2,112.0,0,130,29.022375,0.000732421875,-71.43556104617676
sub01,test,17,spontaneous,2,112.0,0,131,29.142770833333334,0.0008544921875,-67.33934690560139
sub01,test,17,spontaneous,2,112.0,0,132,29.346645833333334,0.000885009765625,-67.19120989404983
sub01,test,17,spontaneous,2,112.0,0,133,29.570645833333334,0.001007080078125,-68.57772321126413
sub01,test,17,spontaneous,2,112.0,0,134,29.806729166666667,0.00079345703125,-69.18641760263243
sub01,test,17,spontaneous,2,112.0,0,135,29.919166666666666,0.00079345703125,-71.49531038274232
sub01,test,18,cued,3,112.0,18,0,0.3284375,0.00299072265625,-63.161132585972545
sub01,test,18,cued,3,112.0,18,1,0.45675,0.000732421875,-68.1484946806859
sub01,test,18,cued,3,112.0,18,2,0.6106666666666667,0.000762939453125,-72.40316639454153
sub01,test,18,cued,3,112.0,18,3,0.7422708333333333,0.000823974609375,-71.03640054446701
sub01,test,18,cued,3,112.0,18,4,0.9699375,0.001068115234375,-68.91884932474501
sub01,test,18,cued,3,112.0,18,5,1.1865833333333333,0.00128173828125,-68.32067239108619
sub01,test,18,cued,3,112.0,18,6,1.5209583333333334,0.000885009765625,-66.94416520354432
sub01,test,18,cued,3,112.0,18,7,1.6289166666666666,0.00115966796875,-70.16787872837529
sub01,test,18,cued,3,112.0,18,8,2.096375,0.002166748046875,-65.28544783935388
sub01,test,18,cued,3,112.0,18,9,2.2125416666666666,0.000762939453125,-69.22642671074848
sub01,test,18,cued,3,112.0,18,10,2.5640833333333335,0.002655029296875,-66.63199800030227
sub01,test,18,cued,3,112.0,18,11,2.7268541666666666,0.000732421875,-68.90191084312025
sub01,test,18,cued,3,112.0,18,12,2.9204166666666667,0.00103759765625,-67.57274957872781
sub01,test,18,cued,3,112.0,18,13,3.0904375,0.001251220703125,-69.11786085617767
sub01,test,18,cued,3,112.0,18,14,3.2316041666666666,0.000946044921875,-69.37320136968202
sub01,test,18,cued,3,112.0,18,15,3.4688125,0.00103759765625,-65.77614406828404
sub01,test,18,cued,3,112.0,18,16,3.7441666666666666,0.001220703125,-64.48341009601333
sub01,test,18,cued,3,112.0,18,17,3.8937291666666667,0.0009765625,-70.20652965123551
sub01,test,18,cued,3,112.0,18,18,4.1719375,0.001373291015625,-69.2079201032964
sub01,test,18,cued,3,112.0,18,19,4.488166666666666,0.00079345703125,-69.606285004017
sub01,test,18,cued,3,112.0,18,20,4.683479166666666,0.001861572265625,-67.3854227233296
sub01,test,18,cued,3,112.0,18,21,4.8029375,0.001007080078125,-68.25381613351469
sub01,test,18,cued,3,112.0,18,22,4.953291666666667,0.001129150390625,-68.2057760970771
sub01,test,18,cued,3,112.0,18,23,5.144541666666667,0.00079345703125,-73.02438986005062
sub01,test,18,cued,3,112.0,18,24,5.245375,0.002532958984375,-63.180538565453155
sub01,test,18,cued,3,112.0,18,25,5.644666666666667,0.001434326171875,-70.73289261539726
sub01,test,18,cued,3,112.0,18,26,5.775854166666667,0.0009765625,-65.29583777749814
sub01,test,18,cued,3,112.0,18,27,6.106208333333333,0.001678466796875,-65.66361705969526
sub01,test,18,cued,3,112.0,18,28,6.436208333333333,0.000823974609375,-69.49040185442855
sub01,test,18,cued,3,112.0,18,29,6.58075,0.00323486328125,-62.315100401825696
sub01,test,18,cued,3,112.0,18,30,6.787770833333333,0.000823974609375,-72.41990422261162
sub01,test,18,cued,3,112.0,18,31,7.02525,0.003082275390625,-64.04503143815892
sub01,test,18,cued,3,112.0,18,32,7.177416666666667,0.000946044921875,-70.34473344522317
sub01,test,18,cued,3,112.0,18,33,7.3960625,0.002716064453125,-63.86520765978364
sub01,test,18,cued,3,112.0,18,34,7.534708333333334,0.001007080078125,-67.1906510532459
sub01,test,18,cued,3,112.0,18,35,7.686458333333333,0.000946044921875,-71.72521436226651
sub01,test,18,cued,3,112.0,18,36,7.818395833333334,0.00128173828125,-66.23301285015637
sub01,test,18,cued,3,112.0,18,37,7.927458333333333,0.0009765625,-68.04332200196708
sub01,test,18,cued,3,112.0,18,38,8.149229166666666,0.0018310546875,-67.98922602618816
sub01,test,18,cued,3,112.0,18,39,8.51225,0.00079345703125,-69.73603627510721
sub01,test,18,cued,3,112.0,18,40,8.646354166666667,0.002532958984375,-63.2518283955106
sub01,test,18,cued,3,112.0,18,41,8.825208333333334,0.00079345703125,-71.44965718258408
sub01,test,18,cued,3,112.0,18,42,8.973270833333334,0.001312255859375,-67.72420583763228
sub01,test,18,cued,3,112.0,18,43,9.082916666666666,0.001861572265625,-64.39790416022015
sub01,test,18,cued,3,112.0,18,44,9.2089375,0.001068115234375,-67.78935679858006
sub01,test,18,cued,3,112.0,18,45,9.377395833333333,0.0008544921875,-67.48354857916124
sub01,test,18,cued,3,112.0,18,46,9.483708333333333,0.002685546875,-65.324237304093
sub01,test,18,cued,3,112.0,18,47,9.7246875,0.0008544921875,-66.97466587584468
sub01,test,18,cued,3,112.0,18,48,9.8943125,0.00347900390625,-61.95834105255966
sub01,test,18,cued,3,112.0,18,49,10.076645833333334,0.000823974609375,-69.14511244792394
sub01,test,18,cued,3,112.0,18,50,10.2665625,0.0010986328125,-69.95917899868837
sub01,test,18,cued,3,112.0,18,51,10.588270833333333,0.0008544921875,-66.69490766584761
sub01,test,18,cued,3,112.0,18,52,10.738958333333333,0.001373291015625,-68.44873972241554
sub01,test,18,cued,3,112.0,18,53,10.85675,0.001556396484375,-71.1058809711964
sub01,test,18,cued,3,112.0,18,54,10.975166666666667,0.000732421875,-69.4525259806003
sub01,test,18,cued,3,112.0,18,55,11.162875,0.0028076171875,-62.70770741307462
sub01,test,18,cued,3,112.0,18,56,11.480041666666667,0.00244140625,-64.18798393905199
sub01,test,18,cued,3,112.0,18,57,11.798666666666668,0.000885009765625,-66.52100873313759
sub01,test,18,cued,3,112.0,18,58,11.9265,0.00115966796875,-71.08960591788798
sub01,test,18,cued,3,112.0,18,59,12.068166666666666,0.001190185546875,-66.97353230321919
sub01,test,18,cued,3,112.0,18,60,12.303479166666667,0.001129150390625,-64.36613262187183
sub01,test,18,cued,3,112.0,18,61,12.4973125,0.00091552734375,-67.0357784577243
sub01,test,18,cued,3,112.0,18,62,12.615104166666667,0.000946044921875,-69.44663675965515
sub01,test,18,cued,3,112.0,18,63,12.726854166666667,0.002410888671875,-62.446035364862816
sub01,test,18,cued,3,112.0,18,64,13.005833333333333,0.00079345703125,-69.7434436419606
sub01,test,18,cued,3,112.0,18,65,13.2793125,0.0009765625,-66.72738890331541
sub01,test,18,cued,3,112.0,18,66,13.553916666666666,0.002471923828125,-61.34312010627493
sub01,test,18,cued,3,112.0,18,67,13.751979166666667,0.0010986328125,-65.07736195980765
sub01,test,18,cued,3,112.0,18,68,13.8594375,0.0018310546875,-63.63290611693999
sub01,test,18,cued,3,112.0,18,69,14.020895833333332,0.00115966796875,-65.21570348446366
sub01,test,18,cued,3,112.0,18,70,14.253875,0.001922607421875,-63.75163317721689
sub01,test,18,cued,3,112.0,18,71,14.5295625,0.001251220703125,-64.24531971288643
sub01,test,18,cued,3,112.0,18,72,14.67375,0.0028076171875,-62.81800989301878
sub01,test,18,cued,3,112.0,18,73,14.8046875,0.001068115234375,-66.99445866489201
sub01,test,18,cued,3,112.0,18,74,14.9340625,0.00091552734375,-67.70354814792059
sub01,test,18,cued,3,112.0,18,75,15.034729166666667,0.002227783203125,-62.90560244600922
sub01,test,18,cued,3,112.0,18,76,15.197395833333333,0.000701904296875,-71.272108741821
sub01,test,18,cued,3,112.0,18,77,15.317958333333333,0.00079345703125,-68.49940131562411
sub01,test,18,cued,3,112.0,18,78,15.421,0.001068115234375,-68.91519383731949
sub01,test,18,cued,3,112.0,18,79,15.5428125,0.0008544921875,-69.85430165914595
sub01,test,18,cued,3,112.0,18,80,15.740958333333333,0.0008544921875,-70.31340415841801
sub01,test,18,cued,3,112.0,18,81,15.87125,0.002685546875,-63.25421654548701
sub01,test,18,cued,3,112.0,18,82,16.182666666666666,0.001190185546875,-68.60096436184692
sub01,test,18,cued,3,112.0,18,83,16.289270833333333,0.00103759765625,-66.81282396771334
sub01,test,18,cued,3,112.0,18,84,16.562875,0.00140380859375,-63.712655963325346
sub01,test,18,cued,3,112.0,18,85,16.717333333333332,0.00140380859375,-61.666574742745006
sub01,test,18,cued,3,112.0,18,86,16.835708333333333,0.000732421875,-70.3147021111377
sub01,test,18,cued,3,112.0,18,87,17.033895833333332,0.00201416015625,-63.941466988212824
sub01,test,18,cued,3,112.0,18,88,17.185291666666668,0.000762939453125,-71.59412107862406
sub01,test,18,cued,3,112.0,18,89,17.35258333333333,0.0015869140625,-64.9347959744667
sub01,test,18,cued,3,112.0,18,90,17.620083333333334,0.00079345703125,-68.05858171350661
sub01,test,18,cued,3,112.0,18,91,17.776,0.00140380859375,-63.285596938152906
sub01,test,18,cued,3,112.0,18,92,17.946,0.001190185546875,-64.092418639506
sub01,test,18,cued,3,112.0,18,93,18.113375,0.002655029296875,-62.15881382611368
sub01,test,18,cued,3,112.0,18,94,18.3230625,0.001220703125,-65.30543365915938
sub01,test,18,cued,3,112.0,18,95,18.477208333333333,0.0020751953125,-63.386792463803644
sub01,test,18,cued,3,112.0,18,96,18.635541666666665,0.000885009765625,-67.13998039292852
sub01,test,18,cued,3,112.0,18,97,18.836395833333334,0.001617431640625,-66.37949034499177
sub01,test,18,cued,3,112.0,18,98,19.293604166666668,0.002044677734375,-63.60391199930216
sub01,test,18,cued,3,112.0,18,99,19.533333333333335,0.001129150390625,-68.33198262340805
sub01,test,18,cued,3,112.0,18,100,19.83725,0.003875732421875,-60.5629257538667
sub01,test,18,cued,3,112.0,18,101,20.005229166666666,0.000823974609375,-68.31790624700591
sub01,test,18,cued,3,112.0,18,102,20.154166666666665,0.00079345703125,-69.0543443402639
sub01,test,18,cued,3,112.0,18,103,20.3164375,0.00091552734375,-69.05134088885421
sub01,test,18,cued,3,112.0,18,104,20.437875,0.001617431640625,-65.80079015158924
sub01,test,18,cued,3,112.0,18,105,20.623958333333334,0.000823974609375,-70.97609444899905
sub01,test,18,cued,3,112.0,18,106,20.74877083333333,0.00091552734375,-67.91192096522222
sub01,test,18,cued,3,112.0,18,107,20.874458333333333,0.002899169921875,-62.10956760843288
sub01,test,18,cued,3,112.0,18,108,21.096833333333333,0.001007080078125,-68.08626071879003
sub01,test,18,cued,3,112.0,18,109,21.459895833333334,0.002777099609375,-55.50350721653915
sub01,test,18,cued,3,112.0,18,110,21.605791666666665,0.00177001953125,-59.46616334358258
sub01,test,18,cued,3,112.0,18,111,21.721395833333332,0.00262451171875,-56.2620984862594
sub01,test,18,cued,3,112.0,18,112,21.910604166666666,0.002288818359375,-60.78638659441645
sub01,test,18,cued,3,112.0,18,113,22.1065,0.00128173828125,-65.59895626147583
sub01,test,18,cued,3,112.0,18,114,22.231833333333334,0.001678466796875,-62.20108381087725
sub01,test,18,cued,3,112.0,18,115,22.440666666666665,0.002197265625,-62.863298110053236
sub01,test,18,cued,3,112.0,18,116,22.580979166666665,0.001068115234375,-67.66518289055085
sub01,test,18,cued,3,112.0,18,117,22.9501875,0.00164794921875,-66.75341927524838
sub01,test,18,cued,3,112.0,18,118,23.5534375,0.001983642578125,-64.13729833821772
sub01,test,18,cued,3,112.0,18,119,24.076958333333334,0.0023193359375,-63.63240760909832
sub01,test,18,cued,3,112.0,18,120,24.342875,0.001007080078125,-68.88234522071298
sub01,test,18,cued,3,112.0,18,121,24.577145833333333,0.00225830078125,-64.75159024813208
sub01,test,18,cued,3,112.0,18,122,24.694479166666667,0.0010986328125,-68.39930398947354
sub01,test,18,cued,3,112.0,18,123,24.805666666666667,0.001068115234375,-67.99131279254381
sub01,test,18,cued,3,112.0,18,124,25.038729166666666,0.00091552734375,-70.6221592569043
sub01,test,18,cued,3,112.0,18,125,25.1568125,0.002716064453125,-61.331925993806
sub01,test,18,cued,3,112.0,18,126,25.349979166666667,0.000946044921875,-67.77622445533567
sub01,test,18,cued,3,112.0,18,127,25.474520833333333,0.00079345703125,-69.05624228282429
sub01,test,18,cued,3,112.0,18,128,25.599833333333333,0.0029296875,-62.19749533088869
sub01,test,18,cued,3,112.0,18,129,25.782,0.001068115234375,-67.23876531383742
sub01,test,18,cued,3,112.0,18,130,25.948395833333333,0.0010986328125,-66.90745066366057
sub01,test,18,cued,3,112.0,18,131,26.059479166666666,0.000946044921875,-70.02478341057814
sub01,test,18,cued,3,112.0,18,132,26.302020833333334,0.002471923828125,-67.29949772078612
sub01,test,18,cued,3,112.0,18,133,26.413479166666665,0.001129150390625,-68.7497372742846
sub01,test,18,cued,3,112.0,18,134,26.607895833333334,0.00115966796875,-66.48572601795541
sub01,test,18,cued,3,112.0,18,135,26.767833333333332,0.002532958984375,-63.128060986305385
sub01,test,18,cued,3,112.0,18,136,26.915375,0.00103759765625,-69.18041285954418
sub01,test,18,cued,3,112.0,18,137,27.199729166666668,0.001007080078125,-66.85583338396911
sub01,test,18,cued,3,112.0,18,138,27.3066875,0.00103759765625,-67.49363092982068
sub01,test,18,cued,3,112.0,18,139,27.57860416666667,0.001220703125,-66.54146795517607
sub01,test,18,cued,3,112.0,18,140,27.69925,0.00079345703125,-70.91692730440931
sub01,test,18,cued,3,112.0,18,141,27.860583333333334,0.000946044921875,-69.00941551838037
sub01,test,18,cued,3,112.0,18,142,28.173666666666666,0.00079345703125,-70.22749318671126
sub01,test,18,cued,3,112.0,18,143,28.27775,0.002655029296875,-71.70728325866313
sub01,test,18,cued,3,112.0,18,144,28.40672916666667,0.001007080078125,-66.01654666350281
sub01,test,18,cued,3,112.0,18,145,28.834625,0.001556396484375,-64.462208727728
sub01,test,18,cued,3,112.0,18,146,29.150229166666666,0.000762939453125,-68.71654459420758
sub01,test,18,cued,3,112.0,18,147,29.342145833333333,0.001129150390625,-65.81996146318777
sub01,test,18,cued,3,112.0,18,148,29.655395833333333,0.00146484375,-67.84182498838543
sub01,test,18,cued,3,112.0,18,149,29.89375,0.0013427734375,-64.18267545016187
sub01,test,19,cued,2,100.0,18,0,0.08360416666666666,0.00079345703125,-67.9017734435547
sub01,test,19,cued,2,100.0,18,1,0.23083333333333333,0.00201416015625,-66.409491309193
sub01,test,19,cued,2,100.0,18,2,0.3929375,0.001007080078125,-68.40274465214962
sub01,test,19,cued,2,100.0,18,3,0.6377916666666666,0.001617431640625,-65.90324164129183
sub01,test,19,cued,2,100.0,18,4,0.8250416666666667,0.000762939453125,-71.80015505627533
sub01,test,19,cued,2,100.0,18,5,1.0943541666666667,0.0009765625,-65.90447775591839
sub01,test,19,cued,2,100.0,18,6,1.3670416666666667,0.0009765625,-66.72910790329018
sub01,test,19,cued,2,100.0,18,7,1.6367708333333333,0.00103759765625,-67.0544405310719
sub01,test,19,cued,2,100.0,18,8,1.7977083333333332,0.000762939453125,-72.67908895734779
sub01,test,19,cued,2,100.0,18,9,2.1119583333333334,0.001251220703125,-69.00186488431386
sub01,test,19,cued,2,100.0,18,10,2.343770833333333,0.00091552734375,-68.13611575382085
sub01,test,19,cued,2,100.0,18,11,2.6262083333333335,0.000885009765625,-66.81297240539476
sub01,test,19,cued,2,100.0,18,12,2.7470625,0.00128173828125,-68.48865834910795
sub01,test,19,cued,2,100.0,18,13,2.8572291666666665,0.00079345703125,-69.83925296641264
sub01,test,19,cued,2,100.0,18,14,2.9767083333333333,0.0008544921875,-69.31116152502801
sub01,test,19,cued,2,100.0,18,15,3.1689166666666666,0.00091552734375,-69.73474133295002
sub01,test,19,cued,2,100.0,18,16,3.364895833333333,0.001007080078125,-67.00593206703353
sub01,test,19,cued,2,100.0,18,17,3.5984375,0.000762939453125,-71.34618682757417
sub01,test,19,cued,2,100.0,18,18,3.80125,0.00164794921875,-66.25411224702124
sub01,test,19,cued,2,100.0,18,19,4.144375,0.00079345703125,-69.0939247705899
sub01,test,19,cued,2,100.0,18,20,4.2925625,0.001129150390625,-71.36260800557662
sub01,test,19,cued,2,100.0,18,21,4.613395833333334,0.0009765625,-67.45581714917917
sub01,test,19,cued,2,100.0,18,22,4.722729166666666,0.00177001953125,-64.60193205398816
sub01,test,19,cued,2,100.0,18,23,4.883145833333334,0.00079345703125,-69.65683347707235
sub01,test,19,cued,2,100.0,18,24,5.075458333333334,0.000762939453125,-72.06267894595938
sub01,test,19,cued,2,100.0,18,25,5.2426458333333334,0.0009765625,-68.33341764596008
sub01,test,19,cued,2,100.0,18,26,5.475666666666666,0.000885009765625,-69.1687993686449
sub01,test,19,cued,2,100.0,18,27,5.594104166666667,0.0009765625,-69.30574814048781
sub01,test,19,cued,2,100.0,18,28,5.7843333333333335,0.00177001953125,-65.71809126125989
sub01,test,19,cued,2,100.0,18,29,5.94875,0.001007080078125,-65.16546730748935
sub01,test,19,cued,2,100.0,18,30,6.136520833333333,0.000885009765625,-69.1315920601898
sub01,test,19,cued,2,100.0,18,31,6.37475,0.001190185546875,-69.00950538699077
sub01,test,19,cued,2,100.0,18,32,6.532375,0.000762939453125,-71.67734014197424
sub01,test,19,cued,2,100.0,18,33,6.653416666666667,0.001373291015625,-65.38778019348081
sub01,test,19,cued,2,100.0,18,34,6.8693333333333335,0.001861572265625,-64.56859744475254
sub01,test,19,cued,2,100.0,18,35,7.073145833333333,0.00079345703125,-71.12960611218799
sub01,test,19,cued,2,100.0,18,36,7.197770833333333,0.0010986328125,-65.23316656511565
sub01,test,19,cued,2,100.0,18,37,7.311020833333333,0.000701904296875,-71.96064306662394
sub01,test,19,cued,2,100.0,18,38,7.470375,0.00079345703125,-69.15146111998696
sub01,test,19,cued,2,100.0,18,39,7.705541666666667,0.001312255859375,-66.24109018505236
sub01,test,19,cued,2,100.0,18,40,7.9,0.00091552734375,-67.02288096162452
sub01,test,19,cued,2,100.0,18,41,8.3316875,0.000762939453125,-70.15048446525499
sub01,test,19,cued,2,100.0,18,42,8.450791666666667,0.001251220703125,-65.48415344188571
sub01,test,19,cued,2,100.0,18,43,8.602125,0.0009765625,-68.11814036527443
sub01,test,19,cued,2,100.0,18,44,8.876229166666667,0.000823974609375,-69.64654180303657
sub01,test,19,cued,2,100.0,18,45,8.9936875,0.000885009765625,-69.0656097219434
sub01,test,19,cued,2,100.0,18,46,9.231395833333334,0.0010986328125,-68.89432705666304
sub01,test,19,cued,2,100.0,18,47,9.384916666666667,0.000946044921875,-67.44295286212703
sub01,test,19,cued,2,100.0,18,48,9.545083333333332,0.00238037109375,-68.48974931374875
sub01,test,19,cued,2,100.0,18,49,9.746833333333333,0.001068115234375,-69.09723189601026
sub01,test,19,cued,2,100.0,18,50,10.127166666666668,0.0008544921875,-72.3919458939635
sub01,test,19,cued,2,100.0,18,51,10.292145833333333,0.001251220703125,-70.16452238584766
sub01,test,19,cued,2,100.0,18,52,10.398354166666667,0.000732421875,-70.43391922015864
sub01,test,19,cued,2,100.0,18,53,10.599375,0.001312255859375,-65.6192005302019
sub01,test,19,cued,2,100.0,18,54,10.7831875,0.001007080078125,-67.94030303994144
sub01,test,19,cued,2,100.0,18,55,10.9078125,0.00103759765625,-67.37784454645974
sub01,test,19,cued,2,100.0,18,56,11.143125,0.000762939453125,-68.25501858359458
sub01,test,19,cued,2,100.0,18,57,11.4579375,0.000885009765625,-69.0802896108942
sub01,test,19,cued,2,100.0,18,58,11.6509375,0.000732421875,-68.57323098216635
sub01,test,19,cued,2,100.0,18,59,11.842791666666667,0.001434326171875,-67.70308483198828
sub01,test,19,cued,2,100.0,18,60,11.960291666666667,0.001007080078125,-67.0352675996031
sub01,test,19,cued,2,100.0,18,61,12.075708333333333,0.000732421875,-74.13499035215705
sub01,test,19,cued,2,100.0,18,62,12.206125,0.001434326171875,-67.54552957551991
sub01,test,19,cued,2,100.0,18,63,12.4334375,0.0008544921875,-67.28049043047768
sub01,test,19,cued,2,100.0,18,64,12.555854166666666,0.0010986328125,-68.1748176447284
sub01,test,19,cued,2,100.0,18,65,12.709791666666666,0.001068115234375,-66.74872660706912
sub01,test,19,cued,2,100.0,18,66,12.940583333333333,0.000885009765625,-66.69904325094345
sub01,test,19,cued,2,100.0,18,67,13.133729166666667,0.001678466796875,-67.03833376755259
sub01,test,19,cued,2,100.0,18,68,13.291458333333333,0.000885009765625,-72.49633315043486
sub01,test,19,cued,2,100.0,18,69,13.487541666666667,0.000732421875,-70.5166461020015
sub01,test,19,cued,2,100.0,18,70,13.683020833333334,0.001007080078125,-68.69057896097777
sub01,test,19,cued,2,100.0,18,71,13.9133125,0.00079345703125,-69.0841548220832
sub01,test,19,cued,2,100.0,18,72,14.206,0.001220703125,-66.98712573529865
sub01,test,19,cued,2,100.0,18,73,14.3505625,0.000701904296875,-72.08736350472394
sub01,test,19,cued,2,100.0,18,74,14.468645833333333,0.000885009765625,-68.22158145474918
sub01,test,19,cued,2,100.0,18,75,14.6573125,0.000823974609375,-67.69946138798844
sub01,test,19,cued,2,100.0,18,76,14.933895833333333,0.000823974609375,-67.88301484045954
sub01,test,19,cued,2,100.0,18,77,15.20575,0.001129150390625,-69.45668738255893
sub01,test,19,cued,2,100.0,18,78,15.511104166666666,0.00103759765625,-68.10245255811198
sub01,test,19,cued,2,100.0,18,79,15.715395833333334,0.000885009765625,-67.61628574323454
sub01,test,19,cued,2,100.0,18,80,15.953479166666666,0.0008544921875,-68.76774009107683
sub01,test,19,cued,2,100.0,18,81,16.11075,0.000762939453125,-69.97733087199379
sub01,test,19,cued,2,100.0,18,82,16.541083333333333,0.000823974609375,-68.57001708211511
sub01,test,19,cued,2,100.0,18,83,16.728458333333332,0.00164794921875,-66.00666865808205
sub01,test,19,cued,2,100.0,18,84,16.89075,0.000732421875,-69.50649334152742
sub01,test,19,cued,2,100.0,18,85,17.1160625,0.00140380859375,-68.99492887829625
sub01,test,19,cued,2,100.0,18,86,17.239520833333334,0.000732421875,-70.01231494236637
sub01,test,19,cued,2,100.0,18,87,17.473854166666666,0.00146484375,-68.180799136583
sub01,test,19,cued,2,100.0,18,88,17.7498125,0.000946044921875,-65.40542347713229
sub01,test,19,cued,2,100.0,18,89,17.868375,0.00146484375,-70.3429702804025
sub01,test,19,cued,2,100.0,18,90,18.2168125,0.00091552734375,-69.63343395838338
sub01,test,19,cued,2,100.0,18,91,18.451479166666665,0.000762939453125,-69.40049281520531
sub01,test,19,cued,2,100.0,18,92,18.726583333333334,0.000762939453125,-69.05059556296106
sub01,test,19,cued,2,100.0,18,93,18.8339375,0.001251220703125,-68.45723778993394
sub01,test,19,cued,2,100.0,18,94,18.998833333333334,0.001068115234375,-67.65209283927689
sub01,test,19,cued,2,100.0,18,95,19.361104166666667,0.001678466796875,-69.15909146190256
sub01,test,19,cued,2,100.0,18,96,19.748833333333334,0.0009765625,-67.52293916904446
sub01,test,19,cued,2,100.0,18,97,19.975291666666667,0.00103759765625,-65.60888733896932
sub01,test,19,cued,2,100.0,18,98,20.291395833333333,0.0008544921875,-71.76872245237763
sub01,test,19,cued,2,100.0,18,99,20.4400625,0.000640869140625,-74.65839543100054
sub01,test,19,cued,2,100.0,18,100,20.758895833333334,0.000823974609375,-66.86283844436106
sub01,test,19,cued,2,100.0,18,101,20.995729166666667,0.00244140625,-62.60810201322249
sub01,test,19,cued,2,100.0,18,102,21.2683125,0.000823974609375,-66.97094465567997
sub01,test,19,cued,2,100.0,18,103,21.543020833333333,0.000946044921875,-70.84474843133398
sub01,test,19,cued,2,100.0,18,104,21.697645833333333,0.001220703125,-65.76869529714638
sub01,test,19,cued,2,100.0,18,105,21.818291666666667,0.00079345703125,-68.63121171890906
sub01,test,19,cued,2,100.0,18,106,21.9671875,0.000640869140625,-72.42005156834378
sub01,test,19,cued,2,100.0,18,107,22.088125,0.00140380859375,-68.92733202847276
sub01,test,19,cued,2,100.0,18,108,22.280291666666667,0.0009765625,-68.43645587752629
sub01,test,19,cued,2,100.0,18,109,22.514270833333335,0.00103759765625,-68.47068724291192
sub01,test,19,cued,2,100.0,18,110,22.788854166666667,0.003265380859375,-64.54045237761949
sub01,test,19,cued,2,100.0,18,111,22.986520833333334,0.000701904296875,-69.10428760666835
sub01,test,19,cued,2,100.0,18,112,23.1406875,0.00067138671875,-70.1307265847696
sub01,test,19,cued,2,100.0,18,113,23.26475,0.000946044921875,-65.81486841126552
sub01,test,19,cued,2,100.0,18,114,23.374291666666668,0.00115966796875,-68.58503678746322
sub01,test,19,cued,2,100.0,18,115,23.5725625,0.000762939453125,-68.68049321276297
sub01,test,19,cued,2,100.0,18,116,23.7660625,0.00140380859375,-63.95370726184378
sub01,test,19,cued,2,100.0,18,117,23.984895833333333,0.001434326171875,-64.32576810580345
sub01,test,19,cued,2,100.0,18,118,24.118,0.00079345703125,-71.3170274711912
sub01,test,19,cued,2,100.0,18,119,24.3173125,0.001617431640625,-65.32777977798891
sub01,test,19,cued,2,100.0,18,120,24.435541666666666,0.001190185546875,-66.10041478993358
sub01,test,19,cued,2,100.0,18,121,24.5565,0.00213623046875,-60.37817418334555
sub01,test,19,cued,2,100.0,18,122,24.673458333333333,0.001617431640625,-62.280306558728576
sub01,test,19,cued,2,100.0,18,123,24.821229166666665,0.000762939453125,-69.79508792044041
sub01,test,19,cued,2,100.0,18,124,24.933125,0.002166748046875,-60.99121820111843
sub01,test,19,cued,2,100.0,18,125,25.0615,0.000823974609375,-65.72583101842811
sub01,test,19,cued,2,100.0,18,126,25.174479166666668,0.002838134765625,-60.40990179660334
sub01,test,19,cued,2,100.0,18,127,25.365520833333335,0.0010986328125,-66.4590592620742
sub01,test,19,cued,2,100.0,18,128,25.4806875,0.001251220703125,-65.17890517245642
sub01,test,19,cued,2,100.0,18,129,25.618583333333333,0.00115966796875,-63.72218869638743
sub01,test,19,cued,2,100.0,18,130,25.731958333333335,0.001434326171875,-62.64517462693611
sub01,test,19,cued,2,100.0,18,131,25.839958333333332,0.001129150390625,-66.70080421855997
sub01,test,19,cued,2,100.0,18,132,26.034479166666667,0.001129150390625,-64.75249634655695
sub01,test,19,cued,2,100.0,18,133,26.168145833333334,0.001220703125,-63.24047014673661
sub01,test,19,cued,2,100.0,18,134,26.2750625,0.00128173828125,-63.8572467606201
sub01,test,19,cued,2,100.0,18,135,26.382229166666665,0.002197265625,-61.43775479542839
sub01,test,19,cued,2,100.0,18,136,26.502145833333334,0.0015869140625,-63.17222140270013
sub01,test,19,cued,2,100.0,18,137,26.619229166666667,0.0009765625,-64.15670452958179
sub01,test,19,cued,2,100.0,18,138,26.78375,0.00152587890625,-62.42264120217417
sub01,test,19,cued,2,100.0,18,139,26.900020833333333,0.001922607421875,-60.58260619659543
sub01,test,19,cued,2,100.0,18,140,27.016125,0.00189208984375,-59.75482749813256
sub01,test,19,cued,2,100.0,18,141,27.124229166666666,0.001190185546875,-65.19688844810906
sub01,test,19,cued,2,100.0,18,142,27.324145833333333,0.001220703125,-67.09756157836028
sub01,test,19,cued,2,100.0,18,143,27.435791666666667,0.00146484375,-66.25399383331953
sub01,test,19,cued,2,100.0,18,144,27.54825,0.0015869140625,-64.14384996576244
sub01,test,19,cued,2,100.0,18,145,27.648520833333333,0.00115966796875,-64.14570274524048
sub01,test,19,cued,2,100.0,18,146,27.7510625,0.001312255859375,-65.5394253011621
sub01,test,19,cued,2,100.0,18,147,27.948875,0.000823974609375,-67.89156250983868
sub01,test,19,cued,2,100.0,18,148,28.065875,0.0018310546875,-67.57544912569506
sub01,test,19,cued,2,100.0,18,149,28.182354166666666,0.00146484375,-65.3548660321943
sub01,test,19,cued,2,100.0,18,150,28.39014583333333,0.001373291015625,-64.5087746090653
sub01,test,19,cued,2,100.0,18,151,28.570354166666668,0.00103759765625,-67.34806254826256
sub01,test,19,cued,2,100.0,18,152,28.671479166666668,0.00115966796875,-65.17217217787473
sub01,test,19,cued,2,100.0,18,153,28.812520833333334,0.00115966796875,-65.02017106972416
sub01,test,19,cued,2,100.0,18,154,29.000520833333333,0.001190185546875,-65.70413376453037
sub01,test,19,cued,2,100.0,18,155,29.122229166666667,0.000701904296875,-72.84622542717632
sub01,test,19,cued,2,100.0,18,156,29.318270833333333,0.00213623046875,-63.98773088083245
sub01,test,19,cued,2,100.0,18,157,29.432729166666668,0.001220703125,-67.29955805700325
sub01,test,19,cued,2,100.0,18,158,29.627354166666667,0.00079345703125,-72.31080896336178
sub01,test,19,cued,2,100.0,18,159,29.826770833333335,0.0009765625,-66.95783380321465
sub01,test,19,cued,2,100.0,18,160,29.942041666666668,0.001495361328125,-62.96228941548357
sub01,test,20,cued,2,116.0,12,0,0.15785416666666666,0.0023193359375,-66.71206622996252
sub01,test,20,cued,2,116.0,12,1,0.5674166666666667,0.00384521484375,-62.93009598090969
sub01,test,20,cued,2,116.0,12,2,1.026125,0.0062255859375,-60.214224409651365
sub01,test,20,cued,2,116.0,12,3,1.4536041666666666,0.004913330078125,-62.79148281193788
sub01,test,20,cued,2,116.0,12,4,1.9545208333333333,0.00396728515625,-63.82872085245377
sub01,test,20,cued,2,116.0,12,5,2.4660208333333333,0.00152587890625,-71.06886323643224
sub01,test,20,cued,2,116.0,12,6,2.9439375,0.00299072265625,-66.32670420672032
sub01,test,20,cued,2,116.0,12,7,3.3153333333333332,0.00146484375,-66.65614749839354
sub01,test,20,cued,2,116.0,12,8,3.7263125,0.001983642578125,-60.94825860039326
sub01,test,20,cued,2,116.0,12,9,4.12175,0.00299072265625,-65.5869113793241
sub01,test,20,cued,2,116.0,12,10,4.502166666666667,0.0023193359375,-65.53243097620853
sub01,test,20,cued,2,116.0,12,11,4.949145833333334,0.00286865234375,-65.8020186729637
sub01,test,20,cued,2,116.0,12,12,5.416166666666666,0.001922607421875,-62.062326560733574
sub01,test,20,cued,2,116.0,12,13,6.0616875,0.002410888671875,-65.25954483854939
sub01,test,20,cued,2,116.0,12,14,6.467458333333333,0.002288818359375,-66.84860816716169
sub01,test,20,cued,2,116.0,12,15,6.83675,0.00286865234375,-63.06389015703674
sub01,test,20,cued,2,116.0,12,16,7.2046875,0.001678466796875,-69.58552972253659
sub01,test,20,cued,2,116.0,12,17,7.606833333333333,0.001922607421875,-60.80195319403583
sub01,test,20,cued,2,116.0,12,18,8.054229166666667,0.002410888671875,-65.91532099937348
sub01,test,20,cued,2,116.0,12,19,8.3405625,0.001953125,-67.47215544558777
sub01,test,20,cued,2,116.0,12,20,8.689229166666667,0.002716064453125,-66.79897172301916
sub01,test,20,cued,2,116.0,12,21,9.002416666666667,0.002197265625,-68.09476563094367
sub01,test,20,cued,2,116.0,12,22,9.360916666666666,0.002197265625,-66.56423902656196
sub01,test,20,cued,2,116.0,12,23,9.661270833333333,0.00152587890625,-67.2092092045382
sub01,test,20,cued,2,116.0,12,24,10.015104166666667,0.0025634765625,-66.10289803386286
sub01,test,20,cued,2,116.0,12,25,10.370625,0.00274658203125,-64.33517058939657
sub01,test,20,cued,2,116.0,12,26,10.736583333333334,0.001678466796875,-68.30243104648459
sub01,test,20,cued,2,116.0,12,27,11.424583333333333,0.0015869140625,-67.2311715682331
sub01,test,20,cued,2,116.0,12,28,11.812270833333333,0.00201416015625,-68.50005709164847
sub01,test,20,cued,2,116.0,12,29,12.167770833333334,0.003204345703125,-65.80408073141321
sub01,test,20,cued,2,116.0,12,30,12.4726875,0.00250244140625,-67.5091937935897
sub01,test,20,cued,2,116.0,12,31,13.039,0.003387451171875,-61.455209704568844
sub01,test,20,cued,2,116.0,12,32,13.959520833333332,0.002655029296875,-65.4212206368271
sub01,test,20,cued,2,116.0,12,33,14.460854166666667,0.003570556640625,-64.24572278186596
sub01,test,20,cued,2,116.0,12,34,14.969479166666666,0.00213623046875,-65.22432822748065
sub01,test,20,cued,2,116.0,12,35,15.462020833333334,0.0018310546875,-63.168718218137954
sub01,test,20,cued,2,116.0,12,36,16.0141875,0.001983642578125,-64.87191283984683
sub01,test,20,cued,2,116.0,12,37,16.3520625,0.001373291015625,-65.44327755628045
sub01,test,20,cued,2,116.0,12,38,16.506,0.003387451171875,-64.72480478773336
sub01,test,20,cued,2,116.0,12,39,17.075145833333334,0.00146484375,-66.3351396797109
sub01,test,20,cued,2,116.0,12,40,17.503729166666666,0.001617431640625,-68.51525603738666
sub01,test,20,cued,2,116.0,12,41,17.882708333333333,0.00146484375,-63.23747363455783
sub01,test,20,cued,2,116.0,12,42,18.816270833333334,0.003143310546875,-54.209400686059325
sub01,test,20,cued,2,116.0,12,43,19.07935416666667,0.002410888671875,-55.902567994679224
sub01,test,20,cued,2,116.0,12,44,19.281770833333333,0.002166748046875,-58.5065351917277
sub01,test,20,cued,2,116.0,12,45,19.444958333333332,0.0015869140625,-62.83379107974841
sub01,test,20,cued,2,116.0,12,46,19.5940625,0.00152587890625,-60.734728391392245
sub01,test,20,cued,2,116.0,12,47,20.648458333333334,0.001617431640625,-65.54710507834368
sub01,test,20,cued,2,116.0,12,48,21.181145833333332,0.0032958984375,-58.01070519137765
sub01,test,20,cued,2,116.0,12,49,21.3128125,0.004547119140625,-54.15455964741719
sub01,test,20,cued,2,116.0,12,50,21.417229166666665,0.003387451171875,-54.95158264663283
sub01,test,20,cued,2,116.0,12,51,21.580291666666668,0.00360107421875,-55.96179542730376
sub01,test,20,cued,2,116.0,12,52,21.716020833333335,0.004852294921875,-56.070003128784094
sub01,test,20,cued,2,116.0,12,53,22.210020833333335,0.002685546875,-63.02782310298929
sub01,test,20,cued,2,116.0,12,54,22.4785625,0.00201416015625,-59.93168528187454
sub01,test,20,cued,2,116.0,12,55,22.684,0.003448486328125,-58.29505790159482
sub01,test,20,cued,2,116.0,12,56,22.8069375,0.00286865234375,-56.995660945023694
sub01,test,20,cued,2,116.0,12,57,22.963708333333333,0.0018310546875,-62.10521846701154
sub01,test,20,cued,2,116.0,12,58,23.1225,0.00335693359375,-56.09482949559564
sub01,test,20,cued,2,116.0,12,59,23.2695625,0.002899169921875,-59.807113538962454
sub01,test,20,cued,2,116.0,12,60,23.3906875,0.00177001953125,-65.59341255921893
sub01,test,20,cued,2,116.0,12,61,23.507,0.00225830078125,-60.860516690292734
sub01,test,20,cued,2,116.0,12,62,23.618875,0.00225830078125,-61.959116428478964
sub01,test,20,cued,2,116.0,12,63,23.806625,0.0023193359375,-62.093913416694555
sub01,test,20,cued,2,116.0,12,64,23.942770833333334,0.00152587890625,-64.4770587257898
sub01,test,20,cued,2,116.0,12,65,24.134666666666668,0.001922607421875,-62.413274317110464
sub01,test,20,cued,2,116.0,12,66,24.2681875,0.002838134765625,-62.49593844909914
sub01,test,20,cued,2,116.0,12,67,24.489083333333333,0.002227783203125,-63.09299884198836
sub01,test,20,cued,2,116.0,12,68,24.684666666666665,0.00164794921875,-62.27451311864527
sub01,test,20,cued,2,116.0,12,69,24.785229166666667,0.001556396484375,-68.60173741674183
sub01,test,20,cued,2,116.0,12,70,25.333229166666666,0.003387451171875,-63.263763938083734
sub01,test,20,cued,2,116.0,12,71,25.861625,0.003204345703125,-63.023082933585435
sub01,test,20,cued,2,116.0,12,72,25.970958333333332,0.00164794921875,-63.09886004095259
sub01,test,20,cued,2,116.0,12,73,26.081125,0.0020751953125,-62.12795419368093
sub01,test,20,cued,2,116.0,12,74,26.241458333333334,0.001861572265625,-63.27709456150772
sub01,test,20,cued,2,116.0,12,75,26.394,0.0028076171875,-57.91634982872539
sub01,test,20,cued,2,116.0,12,76,26.508125,0.0030517578125,-59.940299434461146
sub01,test,20,cued,2,116.0,12,77,26.648,0.023193359375,-42.265695005813555
sub01,test,20,cued,2,116.0,12,78,26.776395833333332,0.003173828125,-60.41471992434579
sub01,test,20,cued,2,116.0,12,79,26.893416666666667,0.0037841796875,-61.156015554622556
sub01,test,20,cued,2,116.0,12,80,27.010125,0.00433349609375,-63.243657920115126
sub01,test,20,cued,2,116.0,12,81,27.1415,0.00164794921875,-62.94268191974897
sub01,test,20,cued,2,116.0,12,82,27.458041666666666,0.00286865234375,-59.93330668350349
sub01,test,20,cued,2,116.0,12,83,27.649375,0.002288818359375,-57.09244604615803
sub01,test,20,cued,2,116.0,12,84,27.850020833333332,0.001922607421875,-58.11198219576315
sub01,test,20,cued,2,116.0,12,85,27.962125,0.004669189453125,-51.17769020034171
sub01,test,20,cued,2,116.0,12,86,28.072875,0.052337646484375,-35.58893975983732
sub01,test,20,cued,2,116.0,12,87,28.267666666666667,0.035980224609375,-34.40625000248208
sub01,test,20,cued,2,116.0,12,88,28.381229166666667,0.016510009765625,-42.151239086562114
sub01,test,20,cued,2,116.0,12,89,28.500979166666667,0.009429931640625,-49.573969340821684
sub01,test,20,cued,2,116.0,12,90,28.605145833333335,0.003021240234375,-55.91673542649356
sub01,test,20,cued,2,116.0,12,91,28.86025,0.0025634765625,-60.48475007109998
sub01,test,20,cued,2,116.0,12,92,28.96922916666667,0.003875732421875,-58.806067899727
sub01,test,20,cued,2,116.0,12,93,29.134708333333332,0.002349853515625,-59.13697192973075
sub01,test,20,cued,2,116.0,12,94,29.25025,0.001617431640625,-65.55372984066302
sub01,test,20,cued,2,116.0,12,95,29.412020833333333,0.0018310546875,-62.2208189210948
sub01,test,20,cued,2,116.0,12,96,29.562895833333332,0.002044677734375,-63.66784364903725
sub01,test,20,cued,2,116.0,12,97,29.676125,0.001739501953125,-64.21601180131476
sub01,test,20,cued,2,116.0,12,98,29.9155,0.00250244140625,-61.93575821383781
sub01,test,20,cued,2,116.0,12,99,30.028125,0.003326416015625,-61.642905401303096
