subject,phase,trial,click_idx,click_time_s,matched_tap_time_s,matched_tap_idx,asynchrony_s,rms_db,asynchrony_ms,missed_beat,accented,condition,meter,bpm,switch_time,low_confidence_trial
sub01,test,1,0,0.0244375,,,,,,True,,spontaneous,3,120.0,0,False
sub01,test,1,1,0.5244375,0.49352083333333335,0.0,-0.030916666666666648,-51.11630823228592,-30.916666666666647,False,1.0,spontaneous,3,120.0,0,False
sub01,test,1,2,1.0244375,1.0313333333333334,1.0,0.006895833333333545,-59.799739005033416,6.895833333333545,False,0.0,spontaneous,3,120.0,0,False
sub01,test,1,3,1.5244375,1.3692083333333334,2.0,-0.15522916666666653,-60.962211835227265,-155.22916666666652,False,0.0,spontaneous,3,120.0,0,False
sub01,test,1,4,2.0244375,1.9128541666666667,3.0,-0.11158333333333315,-49.567056704464896,-111.58333333333314,False,1.0,spontaneous,3,120.0,0,False
sub01,test,1,5,2.5244375,2.4255,4.0,-0.0989374999999999,-55.363677877755,-98.9374999999999,False,0.0,spontaneous,3,120.0,0,False
sub01,test,1,6,3.0244375,2.8720208333333335,5.0,-0.15241666666666642,-53.20160084263116,-152.41666666666643,False,1.0,spontaneous,3,120.0,0,False
sub01,test,1,7,3.5244375,3.3725,6.0,-0.15193749999999984,-52.20920206721225,-151.93749999999983,False,1.0,spontaneous,3,120.0,0,False
sub01,test,1,8,4.0244375,3.9205833333333335,7.0,-0.1038541666666668,-56.346985529096905,-103.8541666666668,False,0.0,spontaneous,3,120.0,0,False
sub01,test,1,9,4.5244375,,,,,,True,,spontaneous,3,120.0,0,False
sub01,test,1,10,5.0244375,4.844145833333333,9.0,-0.18029166666666718,-51.85664205388014,-180.2916666666672,False,1.0,spontaneous,3,120.0,0,False
sub01,test,1,11,5.5244375,5.364354166666667,10.0,-0.16008333333333358,-54.51768266738008,-160.08333333333357,False,1.0,spontaneous,3,120.0,0,False
sub01,test,1,12,6.0244375,,,,,,True,,spontaneous,3,120.0,0,False
sub01,test,1,13,6.5244375,6.383375,12.0,-0.1410625000000003,-49.843923753086884,-141.0625000000003,False,1.0,spontaneous,3,120.0,0,False
sub01,test,1,14,7.0244375,6.9381875,13.0,-0.0862500000000006,-55.148786565339535,-86.2500000000006,False,1.0,spontaneous,3,120.0,0,False
sub01,test,1,15,7.5244375,7.347041666666667,14.0,-0.17739583333333364,-53.61083869410619,-177.39583333333366,False,1.0,spontaneous,3,120.0,0,False
sub01,test,1,16,8.0244375,,,,,,True,,spontaneous,3,120.0,0,False
sub01,test,1,17,8.5244375,8.413770833333333,16.0,-0.11066666666666691,-56.40233999321565,-110.66666666666691,False,0.0,spontaneous,3,120.0,0,False
sub01,test,1,18,9.0244375,,,,,,True,,spontaneous,3,120.0,0,False
sub01,test,1,19,9.5244375,9.720729166666667,19.0,0.1962916666666672,-60.95016650685544,196.2916666666672,False,0.0,spontaneous,3,120.0,0,False
sub01,test,1,20,10.0244375,10.070020833333333,20.0,0.04558333333333309,-56.5187736024448,45.58333333333309,False,0.0,spontaneous,3,120.0,0,False
sub01,test,1,21,10.5244375,10.5019375,21.0,-0.022499999999999076,-51.51180822057678,-22.499999999999076,False,1.0,spontaneous,3,120.0,0,False
sub01,test,1,22,11.0244375,10.932625,22.0,-0.09181249999999963,-53.50221382342336,-91.81249999999963,False,1.0,spontaneous,3,120.0,0,False
sub01,test,1,23,11.5244375,,,,,,True,,spontaneous,3,120.0,0,False
sub01,test,1,24,12.0244375,,,,,,True,,spontaneous,3,120.0,0,False
sub01,test,1,25,12.5244375,,,,,,True,,spontaneous,3,120.0,0,False
sub01,test,1,26,13.0244375,13.147979166666667,27.0,0.12354166666666799,-55.51385631026915,123.541666666668,False,0.0,spontaneous,3,120.0,0,False
sub01,test,1,27,13.5244375,13.577354166666666,28.0,0.0529166666666665,-57.045622951275654,52.9166666666665,False,0.0,spontaneous,3,120.0,0,False
sub01,test,1,28,14.0244375,13.960666666666667,29.0,-0.06377083333333289,-60.774089999491,-63.77083333333289,False,0.0,spontaneous,3,120.0,0,False
sub01,test,1,29,14.5244375,14.465479166666666,30.0,-0.058958333333333,-54.60432398589721,-58.958333333333,False,1.0,spontaneous,3,120.0,0,False
sub01,test,1,30,15.0244375,14.93225,31.0,-0.09218749999999964,-60.03513999363846,-92.18749999999964,False,0.0,spontaneous,3,120.0,0,False
sub01,test,1,31,15.5244375,15.324770833333334,32.0,-0.19966666666666555,-59.77690386121152,-199.66666666666555,False,0.0,spontaneous,3,120.0,0,False
sub01,test,1,32,16.0244375,,,,,,True,,spontaneous,3,120.0,0,False
sub01,test,1,33,16.5244375,16.66229166666667,35.0,0.13785416666666706,-55.316224567635224,137.85416666666706,False,0.0,spontaneous,3,120.0,0,False
sub01,test,1,34,17.0244375,17.1073125,36.0,0.08287499999999781,-59.47261851592729,82.87499999999781,False,0.0,spontaneous,3,120.0,0,False
sub01,test,1,35,17.5244375,17.570354166666668,37.0,0.04591666666666683,-55.88137203867639,45.91666666666683,False,0.0,spontaneous,3,120.0,0,False
sub01,test,1,36,18.0244375,17.874458333333333,38.0,-0.1499791666666681,-60.37696125865906,-149.9791666666681,False,0.0,spontaneous,3,120.0,0,False
sub01,test,1,37,18.5244375,18.364833333333333,39.0,-0.15960416666666788,-56.029733312642094,-159.60416666666788,False,0.0,spontaneous,3,120.0,0,False
sub01,test,1,38,19.0244375,18.921020833333333,40.0,-0.10341666666666782,-60.3970732106051,-103.41666666666782,False,0.0,spontaneous,3,120.0,0,False
sub01,test,1,39,19.5244375,19.628875,42.0,0.10443749999999952,-55.21234521525712,104.43749999999952,False,0.0,spontaneous,3,120.0,0,False
sub01,test,1,40,20.0244375,20.111166666666666,43.0,0.08672916666666453,-54.11906102235295,86.72916666666453,False,1.0,spontaneous,3,120.0,0,False
sub01,test,1,41,20.5244375,20.437833333333334,44.0,-0.08660416666666748,-58.4516551810425,-86.60416666666748,False,0.0,spontaneous,3,120.0,0,False
sub01,test,1,42,21.0244375,20.9665,45.0,-0.05793750000000131,-49.02619554907083,-57.93750000000131,False,1.0,spontaneous,3,120.0,0,False
sub01,test,1,43,21.5244375,21.447166666666668,46.0,-0.0772708333333334,-55.04655135211173,-77.2708333333334,False,1.0,spontaneous,3,120.0,0,False
sub01,test,1,44,22.0244375,,,,,,True,,spontaneous,3,120.0,0,False
sub01,test,1,45,22.5244375,22.344916666666666,48.0,-0.1795208333333349,-54.294373401754434,-179.5208333333349,False,1.0,spontaneous,3,120.0,0,False
sub01,test,1,46,23.0244375,23.0795625,50.0,0.05512500000000031,-60.37617033501717,55.12500000000031,False,0.0,spontaneous,3,120.0,0,False
sub01,test,1,47,23.5244375,23.549354166666667,51.0,0.024916666666666032,-51.55006330278869,24.916666666666032,False,1.0,spontaneous,3,120.0,0,False
sub01,test,1,48,24.0244375,24.10025,52.0,0.07581249999999784,-53.35481314095909,75.81249999999784,False,1.0,spontaneous,3,120.0,0,False
sub01,test,1,49,24.5244375,24.385895833333333,53.0,-0.13854166666666856,-54.47745219006606,-138.54166666666856,False,1.0,spontaneous,3,120.0,0,False
sub01,test,1,50,25.0244375,24.946104166666668,54.0,-0.07833333333333314,-49.399987878634775,-78.33333333333314,False,1.0,spontaneous,3,120.0,0,False
sub01,test,1,51,25.5244375,25.420020833333332,55.0,-0.10441666666666904,-55.66715660628031,-104.41666666666904,False,0.0,spontaneous,3,120.0,0,False
sub01,test,1,52,26.0244375,26.06175,57.0,0.03731249999999875,-49.22088695735911,37.31249999999875,False,1.0,spontaneous,3,120.0,0,False
sub01,test,1,53,26.5244375,26.5574375,58.0,0.0329999999999977,-52.6780660855887,32.9999999999977,False,1.0,spontaneous,3,120.0,0,False
sub01,test,1,54,27.0244375,26.868395833333334,59.0,-0.15604166666666686,-58.76632120151024,-156.04166666666686,False,0.0,spontaneous,3,120.0,0,False
sub01,test,1,55,27.5244375,27.340708333333332,60.0,-0.18372916666666939,-52.20174059434961,-183.72916666666939,False,1.0,spontaneous,3,120.0,0,False
sub01,test,1,56,28.0244375,27.912854166666666,61.0,-0.11158333333333559,-55.009636008233315,-111.58333333333559,False,1.0,spontaneous,3,120.0,0,False
sub01,test,1,57,28.5244375,28.687479166666666,63.0,0.16304166666666475,-50.843437523863464,163.04166666666475,False,1.0,spontaneous,3,120.0,0,False
sub01,test,1,58,29.0244375,28.856979166666665,64.0,-0.16745833333333593,-65.69325284477783,-167.45833333333593,False,0.0,spontaneous,3,120.0,0,False
sub01,test,1,59,29.5244375,29.618854166666665,66.0,0.09441666666666393,-57.26289536833228,94.41666666666393,False,0.0,spontaneous,3,120.0,0,False
sub01,test,2,0,0.0244375,,,,,,True,,cued,3,104.0,14,False
sub01,test,2,1,0.6013541666666666,0.5833958333333333,0.0,-0.0179583333333333,-62.96491790711314,-17.9583333333333,False,0.0,cued,3,104.0,14,False
sub01,test,2,2,1.1782708333333334,1.04175,1.0,-0.13652083333333342,-64.64553255326834,-136.52083333333343,False,0.0,cued,3,104.0,14,False
sub01,test,2,3,1.7551875,1.7063333333333333,2.0,-0.04885416666666664,-55.70147309530621,-48.85416666666664,False,1.0,cued,3,104.0,14,False
sub01,test,2,4,2.332104166666667,2.24775,4.0,-0.08435416666666695,-67.555917056758,-84.35416666666696,False,0.0,cued,3,104.0,14,False
sub01,test,2,5,2.9090208333333334,2.7548333333333335,5.0,-0.15418749999999992,-65.98999176680056,-154.18749999999991,False,0.0,cued,3,104.0,14,False
sub01,test,2,6,3.4859375,3.3913125,6.0,-0.09462499999999974,-60.55179998134203,-94.62499999999974,False,1.0,cued,3,104.0,14,False
sub01,test,2,7,4.062854166666667,4.006895833333333,7.0,-0.055958333333333776,-67.75417980540306,-55.958333333333776,False,0.0,cued,3,104.0,14,False
sub01,test,2,8,4.639770833333333,4.464041666666667,8.0,-0.17572916666666671,-67.09423700781285,-175.7291666666667,False,0.0,cued,3,104.0,14,False
sub01,test,2,9,5.2166875,5.1615416666666665,9.0,-0.05514583333333345,-57.55005401036392,-55.14583333333345,False,1.0,cued,3,104.0,14,False
sub01,test,2,10,5.793604166666666,5.816270833333333,10.0,0.022666666666666835,-59.74197409357106,22.666666666666835,False,1.0,cued,3,104.0,14,False
sub01,test,2,11,6.370520833333333,6.296541666666666,11.0,-0.0739791666666667,-61.49370944476569,-73.97916666666671,False,1.0,cued,3,104.0,14,False
sub01,test,2,12,6.9474375,6.9185625,12.0,-0.028875000000000206,-54.69241232905185,-28.875000000000206,False,1.0,cued,3,104.0,14,False
sub01,test,2,13,7.524354166666667,7.524708333333334,14.0,0.00035416666666687746,-62.17508429636375,0.35416666666687746,False,0.0,cued,3,104.0,14,False
sub01,test,2,14,8.101270833333333,8.013666666666667,15.0,-0.08760416666666515,-65.92281764656559,-87.60416666666515,False,0.0,cued,3,104.0,14,False
sub01,test,2,15,8.6781875,8.528833333333333,17.0,-0.1493541666666669,-54.31088268845869,-149.3541666666669,False,1.0,cued,3,104.0,14,False
sub01,test,2,16,9.255104166666667,9.125125,18.0,-0.12997916666666676,-57.76279256646727,-129.97916666666674,False,1.0,cued,3,104.0,14,False
sub01,test,2,17,9.832020833333333,9.620770833333333,19.0,-0.21124999999999972,-58.23748366131199,-211.24999999999972,False,1.0,cued,3,104.0,14,False
sub01,test,2,18,10.4089375,10.229166666666666,20.0,-0.17977083333333432,-54.63774144701476,-179.77083333333434,False,1.0,cued,3,104.0,14,False
sub01,test,2,19,10.985854166666666,10.9285,21.0,-0.05735416666666637,-62.106117244227676,-57.35416666666637,False,0.0,cued,3,104.0,14,False
sub01,test,2,20,11.562770833333333,11.421104166666666,22.0,-0.1416666666666675,-61.395312827816284,-141.66666666666748,False,1.0,cued,3,104.0,14,False
sub01,test,2,21,12.1396875,12.028916666666667,23.0,-0.11077083333333348,-55.580406606068124,-110.77083333333348,False,1.0,cued,3,104.0,14,False
sub01,test,2,22,12.716604166666666,12.6549375,25.0,-0.06166666666666565,-63.88350158554858,-61.66666666666565,False,0.0,cued,3,104.0,14,False
sub01,test,2,23,13.293520833333334,13.1516875,26.0,-0.14183333333333437,-65.56787848915157,-141.83333333333437,False,0.0,cued,3,104.0,14,False
sub01,test,2,24,13.8704375,13.744270833333333,27.0,-0.12616666666666632,-55.41407101515853,-126.16666666666632,False,1.0,cued,3,104.0,14,False
sub01,test,2,25,14.447354166666667,14.372895833333333,28.0,-0.07445833333333418,-67.21254908479636,-74.45833333333418,False,0.0,cued,3,104.0,14,False
sub01,test,2,26,15.024270833333333,15.171229166666667,29.0,0.14695833333333397,-63.12099015398205,146.95833333333397,False,0.0,cued,3,104.0,14,False
sub01,test,2,27,15.6011875,15.6943125,30.0,0.09312500000000057,-62.33673203108641,93.12500000000057,False,0.0,cued,3,104.0,14,False
sub01,test,2,28,16.178104166666667,16.227979166666668,31.0,0.049875000000000114,-55.366694077525686,49.875000000000114,False,1.0,cued,3,104.0,14,False
sub01,test,2,29,16.755020833333333,16.811645833333333,32.0,0.05662500000000037,-58.47151317055369,56.62500000000037,False,1.0,cued,3,104.0,14,False
sub01,test,2,30,17.3319375,17.426625,33.0,0.0946875000000027,-60.53187038661506,94.6875000000027,False,1.0,cued,3,104.0,14,False
sub01,test,2,31,17.908854166666668,17.936854166666667,35.0,0.027999999999998693,-67.16283721631616,27.999999999998693,False,0.0,cued,3,104.0,14,False
sub01,test,2,32,18.485770833333333,18.487958333333335,37.0,0.002187500000001563,-61.796309140168155,2.187500000001563,False,1.0,cued,3,104.0,14,False
sub01,test,2,33,19.0626875,19.079958333333334,39.0,0.01727083333333468,-64.90695565699858,17.27083333333468,False,0.0,cued,3,104.0,14,False
sub01,test,2,34,19.63960416666667,19.651854166666666,40.0,0.012249999999998096,-66.75839628409798,12.249999999998096,False,0.0,cued,3,104.0,14,False
sub01,test,2,35,20.216520833333334,20.218770833333334,41.0,0.0022500000000000853,-60.80201806936848,2.2500000000000853,False,1.0,cued,3,104.0,14,False
sub01,test,2,36,20.7934375,20.817270833333332,42.0,0.023833333333332263,-62.37757787778631,23.833333333332263,False,0.0,cued,3,104.0,14,False
sub01,test,2,37,21.370354166666665,21.400145833333333,43.0,0.029791666666667993,-65.22684450715292,29.791666666667993,False,0.0,cued,3,104.0,14,False
sub01,test,2,38,21.947270833333334,22.000354166666668,44.0,0.05308333333333337,-61.377575449194275,53.08333333333337,False,1.0,cued,3,104.0,14,False
sub01,test,2,39,22.5241875,22.539520833333334,45.0,0.01533333333333431,-55.885920291573036,15.33333333333431,False,1.0,cued,3,104.0,14,False
sub01,test,2,40,23.101104166666666,23.11039583333333,46.0,0.009291666666666032,-56.44490697961978,9.291666666666032,False,1.0,cued,3,104.0,14,False
sub01,test,2,41,23.678020833333335,23.717625,47.0,0.039604166666666885,-61.84871309355054,39.604166666666885,False,1.0,cued,3,104.0,14,False
sub01,test,2,42,24.2549375,24.2953125,48.0,0.04037500000000094,-63.268369950565805,40.37500000000094,False,0.0,cued,3,104.0,14,False
sub01,test,2,43,24.831854166666666,24.8628125,51.0,0.03095833333333431,-62.00251525568898,30.95833333333431,False,1.0,cued,3,104.0,14,False
sub01,test,2,44,25.40877083333333,25.421833333333332,54.0,0.013062500000000199,-59.1731722830679,13.062500000000199,False,1.0,cued,3,104.0,14,False
sub01,test,2,45,25.9856875,25.984,57.0,-0.0016874999999991758,-63.58248615580753,-1.6874999999991758,False,0.0,cued,3,104.0,14,False
sub01,test,2,46,26.562604166666667,26.5508125,58.0,-0.011791666666667311,-67.26743069906595,-11.791666666667311,False,0.0,cued,3,104.0,14,False
sub01,test,2,47,27.139520833333332,27.131729166666666,59.0,-0.007791666666665975,-67.34263654392147,-7.791666666665975,False,0.0,cued,3,104.0,14,False
sub01,test,2,48,27.7164375,27.717770833333333,60.0,0.0013333333333314101,-65.19304225944873,1.3333333333314101,False,0.0,cued,3,104.0,14,False
sub01,test,2,49,28.293354166666667,28.2938125,62.0,0.00045833333333433757,-63.376860590241115,0.45833333333433757,False,0.0,cued,3,104.0,14,False
sub01,test,2,50,28.870270833333333,28.8905,63.0,0.020229166666666742,-69.822315132771,20.229166666666742,False,0.0,cued,3,104.0,14,False
sub01,test,2,51,29.4471875,29.535541666666667,64.0,0.08835416666666873,-58.651326337501416,88.35416666666873,False,1.0,cued,3,104.0,14,False
sub01,test,3,0,0.0244375,0.20870833333333333,0.0,0.18427083333333333,-52.05605589415811,184.27083333333331,False,1.0,cued,2,108.0,16,False
sub01,test,3,1,0.58,0.625625,1.0,0.04562500000000003,-59.13201299870074,45.62500000000003,False,1.0,cued,2,108.0,16,False
sub01,test,3,2,1.1355625,1.0812916666666668,2.0,-0.05427083333333327,-62.22276799569477,-54.27083333333327,False,1.0,cued,2,108.0,16,False
sub01,test,3,3,1.691125,1.6395,3.0,-0.05162500000000003,-59.17496429007179,-51.62500000000003,False,1.0,cued,2,108.0,16,False
sub01,test,3,4,2.2466875,2.2232083333333335,4.0,-0.023479166666666718,-59.974838705173795,-23.479166666666718,False,1.0,cued,2,108.0,16,False
sub01,test,3,5,2.80225,2.7491875,6.0,-0.05306249999999979,-57.35112941880958,-53.06249999999979,False,1.0,cued,2,108.0,16,False
sub01,test,3,6,3.3578125,3.256104166666667,7.0,-0.10170833333333329,-62.0322148201833,-101.70833333333329,False,1.0,cued,2,108.0,16,False
sub01,test,3,7,3.913375,3.7900833333333335,8.0,-0.12329166666666636,-70.04017816911572,-123.29166666666636,False,0.0,cued,2,108.0,16,False
sub01,test,3,8,4.4689375,4.335833333333333,9.0,-0.13310416666666658,-65.78569235326663,-133.10416666666657,False,0.0,cued,2,108.0,16,False
sub01,test,3,9,5.0245,4.9325625,10.0,-0.09193749999999934,-61.62066144247831,-91.93749999999935,False,1.0,cued,2,108.0,16,False
sub01,test,3,10,5.5800625,5.512375,11.0,-0.06768750000000079,-61.822011379046415,-67.6875000000008,False,1.0,cued,2,108.0,16,False
sub01,test,3,11,6.135625,6.0656875,12.0,-0.06993749999999999,-60.03869010211416,-69.93749999999999,False,1.0,cued,2,108.0,16,False
sub01,test,3,12,6.6911875,6.607020833333333,13.0,-0.0841666666666665,-63.378394889702264,-84.1666666666665,False,1.0,cued,2,108.0,16,False
sub01,test,3,13,7.24675,7.144875,14.0,-0.10187499999999972,-67.71945148314764,-101.87499999999972,False,0.0,cued,2,108.0,16,False
sub01,test,3,14,7.8023125,7.605125,15.0,-0.19718750000000007,-62.38031717430096,-197.18750000000006,False,1.0,cued,2,108.0,16,False
sub01,test,3,15,8.357875,8.163354166666666,16.0,-0.1945208333333337,-62.547836087065406,-194.5208333333337,False,1.0,cued,2,108.0,16,False
sub01,test,3,16,8.9134375,8.712520833333333,17.0,-0.20091666666666796,-67.60350449805075,-200.91666666666796,False,0.0,cued,2,108.0,16,False
sub01,test,3,17,9.469,9.293083333333334,18.0,-0.17591666666666583,-64.91388133663193,-175.91666666666583,False,0.0,cued,2,108.0,16,False
sub01,test,3,18,10.0245625,9.867104166666667,20.0,-0.1574583333333326,-60.81673566157738,-157.45833333333258,False,1.0,cued,2,108.0,16,False
sub01,test,3,19,10.580125,10.438708333333333,21.0,-0.14141666666666808,-63.31366821972074,-141.41666666666808,False,1.0,cued,2,108.0,16,False
sub01,test,3,20,11.1356875,10.996354166666666,22.0,-0.1393333333333331,-61.19303954936864,-139.3333333333331,False,1.0,cued,2,108.0,16,False
sub01,test,3,21,11.69125,11.552583333333333,23.0,-0.13866666666666738,-66.18842050789657,-138.66666666666737,False,0.0,cued,2,108.0,16,False
sub01,test,3,22,12.2468125,12.035125,24.0,-0.21168750000000003,-62.392174589915676,-211.68750000000003,False,1.0,cued,2,108.0,16,False
sub01,test,3,23,12.802375,12.594,25.0,-0.2083750000000002,-59.31168869013508,-208.3750000000002,False,1.0,cued,2,108.0,16,False
sub01,test,3,24,13.3579375,,,,,,True,,cued,2,108.0,16,False
sub01,test,3,25,13.9135,13.697729166666667,27.0,-0.2157708333333339,-68.9833337553719,-215.7708333333339,False,0.0,cued,2,108.0,16,False
sub01,test,3,26,14.4690625,,,,,,True,,cued,2,108.0,16,False
sub01,test,3,27,15.024625,15.138333333333334,30.0,0.1137083333333333,-64.76014646562221,113.7083333333333,False,0.0,cued,2,108.0,16,False
sub01,test,3,28,15.5801875,15.602979166666668,31.0,0.02279166666666832,-63.44342413871297,22.79166666666832,False,0.0,cued,2,108.0,16,False
sub01,test,3,29,16.13575,16.0381875,32.0,-0.09756250000000222,-62.93011298333675,-97.56250000000222,False,1.0,cued,2,108.0,16,False
sub01,test,3,30,16.6913125,16.621729166666668,33.0,-0.06958333333333044,-61.35713764579175,-69.58333333333044,False,1.0,cued,2,108.0,16,False
sub01,test,3,31,17.246875,,,,,,True,,cued,2,108.0,16,False
sub01,test,3,32,17.8024375,,,,,,True,,cued,2,108.0,16,False
sub01,test,3,33,18.358,18.374291666666668,34.0,0.01629166666666748,-60.69935524371587,16.29166666666748,False,1.0,cued,2,108.0,16,False
sub01,test,3,34,18.9135625,18.920666666666666,35.0,0.007104166666664469,-62.92786257640441,7.104166666664469,False,1.0,cued,2,108.0,16,False
sub01,test,3,35,19.469125,19.458645833333332,36.0,-0.010479166666666373,-63.96129520267225,-10.479166666666373,False,0.0,cued,2,108.0,16,False
sub01,test,3,36,20.0246875,20.0215625,37.0,-0.003124999999997158,-67.91153879703526,-3.124999999997158,False,0.0,cued,2,108.0,16,False
sub01,test,3,37,20.58025,20.554875,38.0,-0.02537500000000037,-65.81764472234659,-25.37500000000037,False,0.0,cued,2,108.0,16,False
sub01,test,3,38,21.1358125,21.110708333333335,41.0,-0.02510416666666515,-60.81500344055081,-25.10416666666515,False,1.0,cued,2,108.0,16,False
sub01,test,3,39,21.691375,21.673583333333333,43.0,-0.01779166666666754,-63.70198381066646,-17.79166666666754,False,0.0,cued,2,108.0,16,False
sub01,test,3,40,22.2469375,22.2518125,44.0,0.004874999999998408,-65.06439716848406,4.874999999998408,False,0.0,cued,2,108.0,16,False
sub01,test,3,41,22.8025,22.782104166666667,47.0,-0.020395833333331836,-67.99501058117504,-20.395833333331836,False,0.0,cued,2,108.0,16,False
sub01,test,3,42,23.3580625,23.3173125,48.0,-0.040749999999999176,-67.57027688914926,-40.749999999999176,False,0.0,cued,2,108.0,16,False
sub01,test,3,43,23.913625,23.89741666666667,49.0,-0.01620833333333138,-65.78005477288879,-16.20833333333138,False,0.0,cued,2,108.0,16,False
sub01,test,3,44,24.4691875,24.403770833333333,51.0,-0.06541666666666757,-65.13853411321342,-65.41666666666757,False,0.0,cued,2,108.0,16,False
sub01,test,3,45,25.02475,25.0004375,52.0,-0.024312500000000625,-66.2184777562177,-24.312500000000625,False,0.0,cued,2,108.0,16,False
sub01,test,3,46,25.5803125,25.536166666666666,53.0,-0.044145833333335105,-61.16529897521308,-44.145833333335105,False,1.0,cued,2,108.0,16,False
sub01,test,3,47,26.135875,26.132166666666667,54.0,-0.0037083333333320923,-64.33966983434176,-3.7083333333320923,False,0.0,cued,2,108.0,16,False
sub01,test,3,48,26.6914375,26.703229166666667,55.0,0.011791666666667311,-68.03093455342909,11.791666666667311,False,0.0,cued,2,108.0,16,False
sub01,test,3,49,27.247,27.2546875,56.0,0.007687499999999403,-63.63351604064205,7.687499999999403,False,0.0,cued,2,108.0,16,False
sub01,test,3,50,27.8025625,27.7968125,57.0,-0.005749999999999034,-63.38104941277189,-5.749999999999034,False,1.0,cued,2,108.0,16,False
sub01,test,3,51,28.358125,28.3485,58.0,-0.009624999999999773,-63.88526722651597,-9.624999999999773,False,0.0,cued,2,108.0,16,False
sub01,test,3,52,28.9136875,28.916083333333333,59.0,0.0023958333333311543,-66.79868970544635,2.3958333333311543,False,0.0,cued,2,108.0,16,False
sub01,test,3,53,29.46925,29.461520833333335,60.0,-0.0077291666666639,-68.63898602525354,-7.7291666666639,False,0.0,cued,2,108.0,16,False
sub01,test,4,0,0.0244375,0.22789583333333333,0.0,0.20345833333333332,-57.368845907099775,203.45833333333331,False,1.0,spontaneous,2,116.0,0,False
sub01,test,4,1,0.5416875,0.6052708333333333,1.0,0.06358333333333333,-58.41795982102369,63.58333333333333,False,1.0,spontaneous,2,116.0,0,False
sub01,test,4,2,1.0589375,1.1162708333333333,2.0,0.057333333333333236,-60.132530536609714,57.333333333333236,False,1.0,spontaneous,2,116.0,0,False
sub01,test,4,3,1.5761875,1.5954791666666666,3.0,0.019291666666666485,-61.91827926449285,19.291666666666487,False,0.0,spontaneous,2,116.0,0,False
sub01,test,4,4,2.0934375,2.076,4.0,-0.017437499999999773,-66.17399889131418,-17.437499999999773,False,0.0,spontaneous,2,116.0,0,False
sub01,test,4,5,2.6106875,2.5807291666666665,5.0,-0.02995833333333353,-66.34316724461092,-29.95833333333353,False,0.0,spontaneous,2,116.0,0,False
sub01,test,4,6,3.1279375,3.0994375,6.0,-0.028499999999999748,-65.32770321914235,-28.499999999999748,False,0.0,spontaneous,2,116.0,0,False
sub01,test,4,7,3.6451875,3.6001875,7.0,-0.04499999999999993,-63.00934047203286,-44.99999999999993,False,0.0,spontaneous,2,116.0,0,False
sub01,test,4,8,4.1624375,4.15075,8.0,-0.01168749999999985,-65.2900137536288,-11.68749999999985,False,0.0,spontaneous,2,116.0,0,False
sub01,test,4,9,4.6796875,4.665604166666666,9.0,-0.01408333333333367,-63.24176758573202,-14.08333333333367,False,0.0,spontaneous,2,116.0,0,False
sub01,test,4,10,5.1969375,5.174229166666667,10.0,-0.02270833333333311,-64.20122221801915,-22.70833333333311,False,0.0,spontaneous,2,116.0,0,False
sub01,test,4,11,5.7141875,5.751875,11.0,0.03768749999999965,-64.35202328832075,37.68749999999965,False,0.0,spontaneous,2,116.0,0,False
sub01,test,4,12,6.2314375,6.212416666666667,12.0,-0.019020833333333265,-61.618217904470505,-19.020833333333265,False,1.0,spontaneous,2,116.0,0,False
sub01,test,4,13,6.7486875,6.753645833333334,13.0,0.00495833333333362,-60.535859639855744,4.95833333333362,False,1.0,spontaneous,2,116.0,0,False
sub01,test,4,14,7.2659375,7.2936875,14.0,0.027750000000000163,-60.49917656452237,27.750000000000163,False,1.0,spontaneous,2,116.0,0,False
sub01,test,4,15,7.7831875,7.814395833333333,15.0,0.03120833333333284,-61.180569854787365,31.20833333333284,False,1.0,spontaneous,2,116.0,0,False
sub01,test,4,16,8.3004375,8.358416666666667,16.0,0.05797916666666758,-63.82639484686994,57.97916666666758,False,0.0,spontaneous,2,116.0,0,False
sub01,test,4,17,8.8176875,8.853208333333333,17.0,0.035520833333333,-61.0427981952685,35.520833333333,False,1.0,spontaneous,2,116.0,0,False
sub01,test,4,18,9.3349375,9.3536875,18.0,0.018749999999998934,-59.87531345628728,18.749999999998934,False,1.0,spontaneous,2,116.0,0,False
sub01,test,4,19,9.8521875,9.898625,19.0,0.04643749999999969,-62.90977708980793,46.43749999999969,False,0.0,spontaneous,2,116.0,0,False
sub01,test,4,20,10.3694375,10.435958333333334,20.0,0.06652083333333358,-61.40129632001746,66.52083333333358,False,1.0,spontaneous,2,116.0,0,False
sub01,test,4,21,10.8866875,10.949208333333333,21.0,0.06252083333333225,-59.57313898791547,62.52083333333225,False,1.0,spontaneous,2,116.0,0,False
sub01,test,4,22,11.4039375,11.458833333333333,22.0,0.054895833333333144,-63.28387971097531,54.895833333333144,False,0.0,spontaneous,2,116.0,0,False
sub01,test,4,23,11.9211875,11.928166666666666,23.0,0.006979166666665648,-66.97528209585411,6.979166666665648,False,0.0,spontaneous,2,116.0,0,False
sub01,test,4,24,12.4384375,12.427791666666666,24.0,-0.010645833333333243,-63.72873891332134,-10.645833333333243,False,0.0,spontaneous,2,116.0,0,False
sub01,test,4,25,12.9556875,13.011354166666667,25.0,0.0556666666666672,-62.774647378904795,55.6666666666672,False,0.0,spontaneous,2,116.0,0,False
sub01,test,4,26,13.4729375,13.545083333333332,26.0,0.07214583333333202,-64.40677460307649,72.14583333333202,False,0.0,spontaneous,2,116.0,0,False
sub01,test,4,27,13.9901875,14.134458333333333,27.0,0.14427083333333357,-66.6017480704775,144.27083333333357,False,0.0,spontaneous,2,116.0,0,False
sub01,test,4,28,14.5074375,14.581166666666666,28.0,0.0737291666666664,-61.162783699467305,73.7291666666664,False,1.0,spontaneous,2,116.0,0,False
sub01,test,4,29,15.0246875,15.055520833333333,29.0,0.030833333333331936,-63.32329382219031,30.833333333331936,False,0.0,spontaneous,2,116.0,0,False
sub01,test,4,30,15.5419375,15.567104166666667,30.0,0.025166666666667226,-65.69311749158243,25.166666666667226,False,0.0,spontaneous,2,116.0,0,False
sub01,test,4,31,16.0591875,16.087520833333333,31.0,0.028333333333332433,-64.00644374069968,28.333333333332433,False,0.0,spontaneous,2,116.0,0,False
sub01,test,4,32,16.5764375,16.583916666666667,33.0,0.007479166666666259,-47.1619223641979,7.479166666666259,False,1.0,spontaneous,2,116.0,0,False
sub01,test,4,33,17.0936875,17.1174375,34.0,0.023749999999999716,-60.010363188016534,23.749999999999716,False,1.0,spontaneous,2,116.0,0,False
sub01,test,4,34,17.6109375,17.620291666666667,35.0,0.009354166666668107,-63.623288967009124,9.354166666668107,False,0.0,spontaneous,2,116.0,0,False
sub01,test,4,35,18.1281875,18.117020833333335,36.0,-0.011166666666664327,-63.62847355040003,-11.166666666664327,False,0.0,spontaneous,2,116.0,0,False
sub01,test,4,36,18.6454375,18.7214375,37.0,0.07600000000000051,-64.32091935136738,76.00000000000051,False,0.0,spontaneous,2,116.0,0,False
sub01,test,4,37,19.1626875,19.2119375,38.0,0.04925000000000068,-63.743824662929796,49.25000000000068,False,0.0,spontaneous,2,116.0,0,False
sub01,test,4,38,19.6799375,19.6745625,40.0,-0.005375000000000796,-63.87280629789097,-5.375000000000796,False,0.0,spontaneous,2,116.0,0,False
sub01,test,4,39,20.1971875,20.065083333333334,41.0,-0.13210416666666447,-59.67636087124756,-132.10416666666447,False,1.0,spontaneous,2,116.0,0,False
sub01,test,4,40,20.7144375,20.7136875,43.0,-0.0007500000000000284,-57.4736732473375,-0.7500000000000284,False,1.0,spontaneous,2,116.0,0,False
sub01,test,4,41,21.2316875,21.335229166666668,44.0,0.10354166666666842,-60.478326510484024,103.54166666666842,False,1.0,spontaneous,2,116.0,0,False
sub01,test,4,42,21.7489375,21.723583333333334,45.0,-0.025354166666666345,-60.79789418181042,-25.354166666666345,False,1.0,spontaneous,2,116.0,0,False
sub01,test,4,43,22.2661875,22.277833333333334,46.0,0.011645833333332689,-59.595817512228194,11.645833333332689,False,1.0,spontaneous,2,116.0,0,False
sub01,test,4,44,22.7834375,22.834791666666668,47.0,0.051354166666666146,-55.27235231796742,51.354166666666146,False,1.0,spontaneous,2,116.0,0,False
sub01,test,4,45,23.3006875,23.348770833333333,49.0,0.048083333333334366,-62.2723934592367,48.083333333334366,False,0.0,spontaneous,2,116.0,0,False
sub01,test,4,46,23.8179375,23.795916666666667,51.0,-0.02202083333333249,-56.84937018159185,-22.02083333333249,False,1.0,spontaneous,2,116.0,0,False
sub01,test,4,47,24.3351875,24.345645833333332,52.0,0.010458333333332348,-60.28074717740861,10.458333333332348,False,1.0,spontaneous,2,116.0,0,False
sub01,test,4,48,24.8524375,24.852875,53.0,0.00043750000000031264,-47.42973451700175,0.43750000000031264,False,1.0,spontaneous,2,116.0,0,False
sub01,test,4,49,25.3696875,25.252625,55.0,-0.11706250000000296,-27.211808726663293,-117.06250000000296,False,1.0,spontaneous,2,116.0,0,False
sub01,test,4,50,25.8869375,25.931479166666666,58.0,0.04454166666666737,-48.668829438544066,44.54166666666737,False,1.0,spontaneous,2,116.0,0,False
sub01,test,4,51,26.4041875,26.4188125,59.0,0.01462500000000233,-56.42948138324357,14.62500000000233,False,1.0,spontaneous,2,116.0,0,False
sub01,test,4,52,26.9214375,26.893770833333335,61.0,-0.027666666666664952,-61.803684882525204,-27.666666666664952,False,1.0,spontaneous,2,116.0,0,False
sub01,test,4,53,27.4386875,27.40727083333333,62.0,-0.03141666666666865,-62.438469967256964,-31.416666666668647,False,0.0,spontaneous,2,116.0,0,False
sub01,test,4,54,27.9559375,27.9513125,64.0,-0.004625000000000767,-61.73822113210814,-4.625000000000767,False,1.0,spontaneous,2,116.0,0,False
sub01,test,4,55,28.4731875,28.456583333333334,66.0,-0.016604166666667197,-63.968966428064675,-16.604166666667197,False,0.0,spontaneous,2,116.0,0,False
sub01,test,4,56,28.9904375,28.988416666666666,67.0,-0.0020208333333329165,-63.76497338511453,-2.0208333333329165,False,0.0,spontaneous,2,116.0,0,False
sub01,test,5,0,0.0244375,0.05420833333333333,0.0,0.02977083333333333,-67.46903322503289,29.77083333333333,False,0.0,spontaneous,3,108.0,0,True
sub01,test,5,1,0.58,0.4645416666666667,1.0,-0.11545833333333327,-65.22328114582753,-115.45833333333327,False,1.0,spontaneous,3,108.0,0,True
sub01,test,5,2,1.1355625,0.9543333333333334,2.0,-0.18122916666666666,-65.08765474480776,-181.22916666666666,False,1.0,spontaneous,3,108.0,0,True
sub01,test,5,3,1.691125,1.8460416666666666,4.0,0.1549166666666666,-65.2624874014291,154.9166666666666,False,1.0,spontaneous,3,108.0,0,True
sub01,test,5,4,2.2466875,2.2897708333333333,5.0,0.04308333333333314,-69.83335684433246,43.083333333333144,False,0.0,spontaneous,3,108.0,0,True
sub01,test,5,5,2.80225,2.8175416666666666,7.0,0.015291666666666703,-64.48150927908755,15.291666666666703,False,1.0,spontaneous,3,108.0,0,True
sub01,test,5,6,3.3578125,3.3047708333333334,8.0,-0.053041666666666654,-65.78396822302352,-53.04166666666666,False,0.0,spontaneous,3,108.0,0,True
sub01,test,5,7,3.913375,3.731104166666667,9.0,-0.18227083333333294,-67.33115030363533,-182.27083333333294,False,0.0,spontaneous,3,108.0,0,True
sub01,test,5,8,4.4689375,4.2822708333333335,10.0,-0.18666666666666654,-63.800205314931176,-186.66666666666654,False,1.0,spontaneous,3,108.0,0,True
sub01,test,5,9,5.0245,4.871270833333333,11.0,-0.15322916666666675,-65.5126757267075,-153.22916666666674,False,1.0,spontaneous,3,108.0,0,True
sub01,test,5,10,5.5800625,5.736,13.0,0.1559374999999994,-64.63061857060967,155.9374999999994,False,1.0,spontaneous,3,108.0,0,True
sub01,test,5,11,6.135625,6.204541666666667,14.0,0.06891666666666652,-64.15861391355102,68.91666666666652,False,1.0,spontaneous,3,108.0,0,True
sub01,test,5,12,6.6911875,6.641333333333334,15.0,-0.04985416666666609,-61.5469687651776,-49.85416666666609,False,1.0,spontaneous,3,108.0,0,True
sub01,test,5,13,7.24675,7.170458333333333,16.0,-0.0762916666666662,-59.60659481311508,-76.2916666666662,False,1.0,spontaneous,3,108.0,0,True
sub01,test,5,14,7.8023125,7.660125,18.0,-0.14218750000000036,-64.12523412838775,-142.18750000000034,False,1.0,spontaneous,3,108.0,0,True
sub01,test,5,15,8.357875,8.193291666666667,19.0,-0.16458333333333286,-69.06479426151779,-164.58333333333286,False,0.0,spontaneous,3,108.0,0,True
sub01,test,5,16,8.9134375,9.055020833333334,22.0,0.14158333333333317,-71.19228238892887,141.58333333333317,False,0.0,spontaneous,3,108.0,0,True
sub01,test,5,17,9.469,9.318708333333333,23.0,-0.15029166666666605,-68.43520201046576,-150.29166666666606,False,0.0,spontaneous,3,108.0,0,True
sub01,test,5,18,10.0245625,,,,,,True,,spontaneous,3,108.0,0,True
sub01,test,5,19,10.580125,,,,,,True,,spontaneous,3,108.0,0,True
sub01,test,5,20,11.1356875,11.28125,27.0,0.14556250000000048,-67.070879043744,145.56250000000048,False,0.0,spontaneous,3,108.0,0,True
sub01,test,5,21,11.69125,11.864416666666667,28.0,0.1731666666666669,-57.819178963255084,173.1666666666669,False,1.0,spontaneous,3,108.0,0,True
sub01,test,5,22,12.2468125,12.295354166666666,30.0,0.04854166666666515,-61.587265687847356,48.54166666666515,False,1.0,spontaneous,3,108.0,0,True
sub01,test,5,23,12.802375,12.866854166666666,32.0,0.06447916666666664,-63.46639973168613,64.47916666666664,False,1.0,spontaneous,3,108.0,0,True
sub01,test,5,24,13.3579375,13.341208333333332,33.0,-0.016729166666667794,-65.46263929807157,-16.729166666667794,False,1.0,spontaneous,3,108.0,0,True
sub01,test,5,25,13.9135,13.907833333333333,34.0,-0.005666666666668263,-63.92828228738023,-5.666666666668263,False,1.0,spontaneous,3,108.0,0,True
sub01,test,5,26,14.4690625,14.432958333333334,35.0,-0.03610416666666616,-69.53352790508401,-36.10416666666616,False,0.0,spontaneous,3,108.0,0,True
sub01,test,5,27,15.024625,14.942458333333333,36.0,-0.08216666666666761,-66.64912990755812,-82.16666666666761,False,0.0,spontaneous,3,108.0,0,True
sub01,test,5,28,15.5801875,15.506875,37.0,-0.07331249999999834,-64.93664243872102,-73.31249999999834,False,1.0,spontaneous,3,108.0,0,True
sub01,test,5,29,16.13575,16.040020833333333,38.0,-0.09572916666666842,-67.25935354482087,-95.72916666666842,False,0.0,spontaneous,3,108.0,0,True
sub01,test,5,30,16.6913125,16.607895833333334,39.0,-0.0834166666666647,-64.57108305254667,-83.4166666666647,False,1.0,spontaneous,3,108.0,0,True
sub01,test,5,31,17.246875,17.170270833333333,40.0,-0.07660416666666592,-63.82522226091091,-76.60416666666592,False,1.0,spontaneous,3,108.0,0,True
sub01,test,5,32,17.8024375,17.714958333333332,41.0,-0.0874791666666681,-68.60218590177693,-87.4791666666681,False,0.0,spontaneous,3,108.0,0,True
sub01,test,5,33,18.358,18.292791666666666,42.0,-0.06520833333333442,-65.93254964826221,-65.20833333333442,False,0.0,spontaneous,3,108.0,0,True
sub01,test,5,34,18.9135625,18.814125,43.0,-0.09943750000000051,-66.64933753727308,-99.43750000000051,False,0.0,spontaneous,3,108.0,0,True
sub01,test,5,35,19.469125,19.409916666666668,44.0,-0.05920833333333064,-64.5528635034959,-59.20833333333064,False,1.0,spontaneous,3,108.0,0,True
sub01,test,5,36,20.0246875,19.927479166666668,46.0,-0.0972083333333309,-65.96362027197112,-97.2083333333309,False,0.0,spontaneous,3,108.0,0,True
sub01,test,5,37,20.58025,20.533041666666666,48.0,-0.04720833333333374,-65.50581439842298,-47.20833333333374,False,1.0,spontaneous,3,108.0,0,True
sub01,test,5,38,21.1358125,21.0719375,50.0,-0.06387499999999946,-65.61002246389957,-63.87499999999946,False,1.0,spontaneous,3,108.0,0,True
sub01,test,5,39,21.691375,21.654395833333332,52.0,-0.03697916666666856,-66.77178590244043,-36.97916666666856,False,0.0,spontaneous,3,108.0,0,True
sub01,test,5,40,22.2469375,22.218083333333333,53.0,-0.028854166666668846,-68.11464523072989,-28.854166666668846,False,0.0,spontaneous,3,108.0,0,True
sub01,test,5,41,22.8025,22.7935625,54.0,-0.008937499999998266,-67.91287583061235,-8.937499999998266,False,0.0,spontaneous,3,108.0,0,True
sub01,test,5,42,23.3580625,23.336854166666665,55.0,-0.02120833333333394,-68.16493960931845,-21.20833333333394,False,0.0,spontaneous,3,108.0,0,True
sub01,test,5,43,23.913625,23.909958333333332,57.0,-0.003666666666667595,-68.7835458080499,-3.666666666667595,False,0.0,spontaneous,3,108.0,0,True
sub01,test,5,44,24.4691875,24.489520833333334,58.0,0.020333333333333314,-68.27891573018172,20.333333333333314,False,0.0,spontaneous,3,108.0,0,True
sub01,test,5,45,25.02475,24.967125,59.0,-0.05762500000000159,-69.03527322999753,-57.62500000000159,False,0.0,spontaneous,3,108.0,0,True
sub01,test,5,46,25.5803125,25.517041666666668,60.0,-0.06327083333333405,-65.98617777900353,-63.27083333333405,False,0.0,spontaneous,3,108.0,0,True
sub01,test,5,47,26.135875,26.048375,61.0,-0.08749999999999858,-62.986837304727494,-87.49999999999858,False,1.0,spontaneous,3,108.0,0,True
sub01,test,5,48,26.6914375,26.849208333333333,62.0,0.15777083333333408,-66.68908555133368,157.77083333333408,False,0.0,spontaneous,3,108.0,0,True
sub01,test,5,49,27.247,27.37375,63.0,0.12675000000000125,-71.1831252755973,126.75000000000125,False,0.0,spontaneous,3,108.0,0,True
sub01,test,5,50,27.8025625,27.650625,64.0,-0.15193749999999895,-63.10960054717003,-151.93749999999895,False,1.0,spontaneous,3,108.0,0,True
sub01,test,5,51,28.358125,28.170333333333332,66.0,-0.18779166666666924,-65.70349711795448,-187.79166666666924,False,1.0,spontaneous,3,108.0,0,True
sub01,test,5,52,28.9136875,28.772458333333333,67.0,-0.14122916666666896,-66.52604185565019,-141.22916666666896,False,0.0,spontaneous,3,108.0,0,True
sub01,test,5,53,29.46925,29.406666666666666,68.0,-0.06258333333333255,-64.84609151636903,-62.58333333333255,False,1.0,spontaneous,3,108.0,0,True
sub01,test,6,0,0.0244375,,,,,,True,,spontaneous,2,112.0,0,True
sub01,test,6,1,0.5601458333333333,0.46822916666666664,0.0,-0.0919166666666667,-66.91245567736931,-91.9166666666667,False,1.0,spontaneous,2,112.0,0,True
sub01,test,6,2,1.0958541666666666,0.8992708333333334,1.0,-0.19658333333333322,-64.80373474611665,-196.58333333333323,False,1.0,spontaneous,2,112.0,0,True
sub01,test,6,3,1.6315625,1.5343958333333334,2.0,-0.09716666666666662,-64.55199763101416,-97.16666666666663,False,1.0,spontaneous,2,112.0,0,True
sub01,test,6,4,2.1672708333333333,2.0757708333333333,5.0,-0.09149999999999991,-67.56716330502837,-91.49999999999991,False,1.0,spontaneous,2,112.0,0,True
sub01,test,6,5,2.7029791666666667,2.746125,8.0,0.04314583333333344,-65.47622707559816,43.14583333333344,False,1.0,spontaneous,2,112.0,0,True
sub01,test,6,6,3.2386875,3.2730208333333333,11.0,0.034333333333333105,-70.73375721909541,34.3333333333331,False,0.0,spontaneous,2,112.0,0,True
sub01,test,6,7,3.774395833333333,3.9308958333333335,13.0,0.1565000000000003,-69.78104399656542,156.5000000000003,False,0.0,spontaneous,2,112.0,0,True
sub01,test,6,8,4.310104166666667,4.139270833333334,14.0,-0.1708333333333334,-68.72587632571144,-170.8333333333334,False,0.0,spontaneous,2,112.0,0,True
sub01,test,6,9,4.8458125,4.8954375,15.0,0.04962499999999981,-66.594432916361,49.62499999999981,False,1.0,spontaneous,2,112.0,0,True
sub01,test,6,10,5.381520833333333,,,,,,True,,spontaneous,2,112.0,0,True
sub01,test,6,11,5.917229166666667,5.736916666666667,16.0,-0.18031250000000032,-69.92892693152335,-180.3125000000003,False,0.0,spontaneous,2,112.0,0,True
sub01,test,6,12,6.4529375,6.2729375,17.0,-0.17999999999999972,-69.76646009124207,-179.99999999999972,False,0.0,spontaneous,2,112.0,0,True
sub01,test,6,13,6.988645833333333,,,,,,True,,spontaneous,2,112.0,0,True
sub01,test,6,14,7.524354166666667,,,,,,True,,spontaneous,2,112.0,0,True
sub01,test,6,15,8.0600625,,,,,,True,,spontaneous,2,112.0,0,True
sub01,test,6,16,8.595770833333333,8.6708125,22.0,0.07504166666666734,-70.08783816053207,75.04166666666734,False,0.0,spontaneous,2,112.0,0,True
sub01,test,6,17,9.131479166666667,,,,,,True,,spontaneous,2,112.0,0,True
sub01,test,6,18,9.6671875,9.664645833333333,25.0,-0.0025416666666675525,-70.12499912173942,-2.5416666666675525,False,0.0,spontaneous,2,112.0,0,True
sub01,test,6,19,10.202895833333333,10.027854166666666,26.0,-0.17504166666666698,-63.876309102888335,-175.04166666666697,False,1.0,spontaneous,2,112.0,0,True
sub01,test,6,20,10.738604166666667,,,,,,True,,spontaneous,2,112.0,0,True
sub01,test,6,21,11.2743125,,,,,,True,,spontaneous,2,112.0,0,True
sub01,test,6,22,11.810020833333333,11.95,30.0,0.13997916666666654,-68.64186113815971,139.97916666666654,False,0.0,spontaneous,2,112.0,0,True
sub01,test,6,23,12.345729166666667,12.4084375,31.0,0.06270833333333314,-65.18748424857404,62.708333333333144,False,1.0,spontaneous,2,112.0,0,True
sub01,test,6,24,12.8814375,12.919625,32.0,0.038187499999999375,-70.50953354793295,38.187499999999375,False,0.0,spontaneous,2,112.0,0,True
sub01,test,6,25,13.417145833333333,13.434645833333333,33.0,0.01750000000000007,-65.9035698579655,17.50000000000007,False,1.0,spontaneous,2,112.0,0,True
sub01,test,6,26,13.952854166666667,13.980833333333333,34.0,0.027979166666666444,-69.31900669342583,27.979166666666444,False,0.0,spontaneous,2,112.0,0,True
sub01,test,6,27,14.4885625,14.561333333333334,35.0,0.07277083333333323,-66.11196437831364,72.77083333333323,False,1.0,spontaneous,2,112.0,0,True
sub01,test,6,28,15.024270833333333,15.077416666666666,36.0,0.05314583333333367,-67.43597472734055,53.14583333333367,False,1.0,spontaneous,2,112.0,0,True
sub01,test,6,29,15.559979166666666,15.656479166666667,37.0,0.0965000000000007,-72.28487266421476,96.5000000000007,False,0.0,spontaneous,2,112.0,0,True
sub01,test,6,30,16.0956875,16.131625,38.0,0.03593749999999929,-69.4096782630058,35.93749999999929,False,0.0,spontaneous,2,112.0,0,True
sub01,test,6,31,16.631395833333332,16.698645833333334,39.0,0.06725000000000136,-68.10980739233003,67.25000000000136,False,1.0,spontaneous,2,112.0,0,True
sub01,test,6,32,17.167104166666668,17.1670625,40.0,-4.1666666668049857e-05,-67.54449253462796,-0.041666666668049857,False,1.0,spontaneous,2,112.0,0,True
sub01,test,6,33,17.7028125,17.671354166666667,41.0,-0.031458333333333144,-64.02959636489793,-31.458333333333144,False,1.0,spontaneous,2,112.0,0,True
sub01,test,6,34,18.238520833333332,18.216916666666666,42.0,-0.021604166666666202,-66.33884939539776,-21.604166666666202,False,1.0,spontaneous,2,112.0,0,True
sub01,test,6,35,18.774229166666668,18.743166666666667,43.0,-0.03106250000000088,-69.3423120722399,-31.06250000000088,False,0.0,spontaneous,2,112.0,0,True
sub01,test,6,36,19.3099375,19.308229166666667,44.0,-0.0017083333333332007,-65.65218680371815,-1.7083333333332007,False,1.0,spontaneous,2,112.0,0,True
sub01,test,6,37,19.845645833333332,19.854166666666668,45.0,0.008520833333335531,-67.87553462106435,8.520833333335531,False,1.0,spontaneous,2,112.0,0,True
sub01,test,6,38,20.381354166666668,20.353854166666668,46.0,-0.027499999999999858,-67.69417249959069,-27.499999999999858,False,1.0,spontaneous,2,112.0,0,True
sub01,test,6,39,20.9170625,20.9051875,47.0,-0.011874999999999858,-68.65969016192498,-11.874999999999858,False,0.0,spontaneous,2,112.0,0,True
sub01,test,6,40,21.452770833333332,,,,,,True,,spontaneous,2,112.0,0,True
sub01,test,6,41,21.988479166666668,21.918354166666667,48.0,-0.07012500000000088,-68.90817580418735,-70.12500000000088,False,0.0,spontaneous,2,112.0,0,True
sub01,test,6,42,22.5241875,22.42214583333333,49.0,-0.10204166666666836,-68.21809524416832,-102.04166666666836,False,1.0,spontaneous,2,112.0,0,True
sub01,test,6,43,23.059895833333332,22.945833333333333,50.0,-0.11406249999999929,-66.28046461319697,-114.06249999999929,False,1.0,spontaneous,2,112.0,0,True
sub01,test,6,44,23.595604166666668,,,,,,True,,spontaneous,2,112.0,0,True
sub01,test,6,45,24.1313125,,,,,,True,,spontaneous,2,112.0,0,True
sub01,test,6,46,24.667020833333332,24.543104166666666,51.0,-0.12391666666666623,-68.25122414152148,-123.91666666666623,False,1.0,spontaneous,2,112.0,0,True
sub01,test,6,47,25.202729166666668,25.10835416666667,52.0,-0.09437499999999943,-63.92289979654423,-94.37499999999943,False,1.0,spontaneous,2,112.0,0,True
sub01,test,6,48,25.7384375,25.584625,53.0,-0.1538125000000008,-70.54769670382197,-153.8125000000008,False,0.0,spontaneous,2,112.0,0,True
sub01,test,6,49,26.274145833333332,,,,,,True,,spontaneous,2,112.0,0,True
sub01,test,6,50,26.809854166666668,26.810854166666665,54.0,0.0009999999999976694,-73.64472896268015,0.9999999999976694,False,0.0,spontaneous,2,112.0,0,True
sub01,test,6,51,27.3455625,27.2191875,56.0,-0.12637499999999946,-69.49080215764535,-126.37499999999946,False,0.0,spontaneous,2,112.0,0,True
sub01,test,6,52,27.881270833333332,27.700541666666666,57.0,-0.18072916666666572,-71.50952197031043,-180.72916666666572,False,0.0,spontaneous,2,112.0,0,True
sub01,test,6,53,28.416979166666668,28.2906875,59.0,-0.1262916666666669,-68.61327472264253,-126.29166666666691,False,0.0,spontaneous,2,112.0,0,True
sub01,test,6,54,28.9526875,28.824208333333335,60.0,-0.12847916666666492,-68.84412243795883,-128.47916666666492,False,0.0,spontaneous,2,112.0,0,True
sub01,test,6,55,29.488395833333332,29.371708333333334,61.0,-0.11668749999999761,-69.02772153646521,-116.68749999999761,False,0.0,spontaneous,2,112.0,0,True
sub01,test,7,0,0.0244375,,,,,,True,,cued,3,112.0,12,True
sub01,test,7,1,0.5601458333333333,0.5207083333333333,1.0,-0.039437500000000014,-73.53698589035716,-39.437500000000014,False,0.0,cued,3,112.0,12,True
sub01,test,7,2,1.0958541666666666,1.0606041666666666,3.0,-0.035250000000000004,-65.78876947708267,-35.25,False,1.0,cued,3,112.0,12,True
sub01,test,7,3,1.6315625,1.5469375,5.0,-0.08462499999999995,-60.635384940773406,-84.62499999999994,False,1.0,cued,3,112.0,12,True
sub01,test,7,4,2.1672708333333333,2.1094583333333334,6.0,-0.05781249999999982,-64.34401301199593,-57.81249999999982,False,1.0,cued,3,112.0,12,True
sub01,test,7,5,2.7029791666666667,2.585625,7.0,-0.11735416666666687,-66.32460695887332,-117.35416666666687,False,0.0,cued,3,112.0,12,True
sub01,test,7,6,3.2386875,,,,,,True,,cued,3,112.0,12,True
sub01,test,7,7,3.774395833333333,,,,,,True,,cued,3,112.0,12,True
sub01,test,7,8,4.310104166666667,,,,,,True,,cued,3,112.0,12,True
sub01,test,7,9,4.8458125,4.760666666666666,8.0,-0.0851458333333337,-71.85151720809895,-85.1458333333337,False,0.0,cued,3,112.0,12,True
sub01,test,7,10,5.381520833333333,5.52625,11.0,0.14472916666666702,-64.41978737065212,144.72916666666703,False,1.0,cued,3,112.0,12,True
sub01,test,7,11,5.917229166666667,,,,,,True,,cued,3,112.0,12,True
sub01,test,7,12,6.4529375,,,,,,True,,cued,3,112.0,12,True
sub01,test,7,13,6.988645833333333,,,,,,True,,cued,3,112.0,12,True
sub01,test,7,14,7.524354166666667,7.374729166666667,13.0,-0.14962500000000034,-66.92767213037108,-149.62500000000034,False,0.0,cued,3,112.0,12,True
sub01,test,7,15,8.0600625,8.050875,15.0,-0.009187500000001236,-70.8530139939259,-9.187500000001236,False,0.0,cued,3,112.0,12,True
sub01,test,7,16,8.595770833333333,,,,,,True,,cued,3,112.0,12,True
sub01,test,7,17,9.131479166666667,9.0689375,17.0,-0.06254166666666627,-67.6656912368172,-62.54166666666627,False,0.0,cued,3,112.0,12,True
sub01,test,7,18,9.6671875,9.611666666666666,18.0,-0.05552083333333435,-67.18609315750729,-55.52083333333435,False,0.0,cued,3,112.0,12,True
sub01,test,7,19,10.202895833333333,10.255354166666667,19.0,0.05245833333333394,-67.04079203022987,52.45833333333394,False,0.0,cued,3,112.0,12,True
sub01,test,7,20,10.738604166666667,10.715854166666666,20.0,-0.02275000000000027,-66.2939403178336,-22.75000000000027,False,0.0,cued,3,112.0,12,True
sub01,test,7,21,11.2743125,,,,,,True,,cued,3,112.0,12,True
sub01,test,7,22,11.810020833333333,11.873770833333333,23.0,0.06375000000000064,-68.54842819931413,63.75000000000064,False,0.0,cued,3,112.0,12,True
sub01,test,7,23,12.345729166666667,,,,,,True,,cued,3,112.0,12,True
sub01,test,7,24,12.8814375,12.8509375,24.0,-0.03049999999999997,-72.76164103836965,-30.49999999999997,False,0.0,cued,3,112.0,12,True
sub01,test,7,25,13.417145833333333,13.418958333333334,25.0,0.001812500000001549,-66.79773533743105,1.812500000001549,False,0.0,cued,3,112.0,12,True
sub01,test,7,26,13.952854166666667,,,,,,True,,cued,3,112.0,12,True
sub01,test,7,27,14.4885625,14.486666666666666,27.0,-0.001895833333334096,-65.78230838216308,-1.895833333334096,False,1.0,cued,3,112.0,12,True
sub01,test,7,28,15.024270833333333,15.0266875,28.0,0.0024166666666669556,-66.30172464509997,2.4166666666669556,False,0.0,cued,3,112.0,12,True
sub01,test,7,29,15.559979166666666,15.504875,29.0,-0.05510416666666629,-67.19141585273013,-55.10416666666629,False,0.0,cued,3,112.0,12,True
sub01,test,7,30,16.0956875,16.073541666666667,30.0,-0.022145833333333087,-65.63177664189044,-22.145833333333087,False,1.0,cued,3,112.0,12,True
sub01,test,7,31,16.631395833333332,16.634375,31.0,0.0029791666666660888,-67.93572645015172,2.9791666666660888,False,0.0,cued,3,112.0,12,True
sub01,test,7,32,17.167104166666668,17.094645833333335,33.0,-0.07245833333333351,-67.14550854355966,-72.45833333333351,False,0.0,cued,3,112.0,12,True
sub01,test,7,33,17.7028125,17.655125,34.0,-0.04768749999999855,-66.35658457496919,-47.68749999999855,False,0.0,cued,3,112.0,12,True
sub01,test,7,34,18.238520833333332,18.217583333333334,36.0,-0.02093749999999872,-67.85675196484524,-20.93749999999872,False,0.0,cued,3,112.0,12,True
sub01,test,7,35,18.774229166666668,18.757916666666667,37.0,-0.016312500000001506,-64.6818993140525,-16.312500000001506,False,1.0,cued,3,112.0,12,True
sub01,test,7,36,19.3099375,19.299875,38.0,-0.010062500000000085,-64.22116891732314,-10.062500000000085,False,1.0,cued,3,112.0,12,True
sub01,test,7,37,19.845645833333332,19.818625,39.0,-0.027020833333331495,-65.33662967164838,-27.020833333331495,False,1.0,cued,3,112.0,12,True
sub01,test,7,38,20.381354166666668,20.35408333333333,40.0,-0.027270833333336242,-65.83189579536686,-27.270833333336242,False,1.0,cued,3,112.0,12,True
sub01,test,7,39,20.9170625,20.9090625,41.0,-0.007999999999999119,-68.57776393080643,-7.999999999999119,False,0.0,cued,3,112.0,12,True
sub01,test,7,40,21.452770833333332,21.477770833333334,43.0,0.02500000000000213,-66.25795481669124,25.00000000000213,False,0.0,cued,3,112.0,12,True
sub01,test,7,41,21.988479166666668,21.948020833333334,44.0,-0.040458333333333485,-68.67210604966951,-40.458333333333485,False,0.0,cued,3,112.0,12,True
sub01,test,7,42,22.5241875,22.5020625,45.0,-0.022124999999999062,-61.15289730388785,-22.124999999999062,False,1.0,cued,3,112.0,12,True
sub01,test,7,43,23.059895833333332,23.017270833333335,46.0,-0.04262499999999747,-62.77920372523898,-42.62499999999747,False,1.0,cued,3,112.0,12,True
sub01,test,7,44,23.595604166666668,23.5939375,47.0,-0.0016666666666687036,-65.26568773619019,-1.6666666666687036,False,1.0,cued,3,112.0,12,True
sub01,test,7,45,24.1313125,24.1124375,48.0,-0.018875000000001307,-63.71942941076797,-18.875000000001307,False,1.0,cued,3,112.0,12,True
sub01,test,7,46,24.667020833333332,24.6633125,49.0,-0.0037083333333320923,-64.9760892196781,-3.7083333333320923,False,1.0,cued,3,112.0,12,True
sub01,test,7,47,25.202729166666668,25.191708333333334,50.0,-0.011020833333333258,-65.92276265492815,-11.020833333333258,False,0.0,cued,3,112.0,12,True
sub01,test,7,48,25.7384375,25.62602083333333,51.0,-0.11241666666666816,-65.03499160518483,-112.41666666666816,False,1.0,cued,3,112.0,12,True
sub01,test,7,49,26.274145833333332,26.227916666666665,52.0,-0.046229166666666544,-66.5777707022806,-46.22916666666654,False,0.0,cued,3,112.0,12,True
sub01,test,7,50,26.809854166666668,26.788604166666666,53.0,-0.02125000000000199,-64.999259559064,-21.25000000000199,False,1.0,cued,3,112.0,12,True
sub01,test,7,51,27.3455625,27.307583333333334,54.0,-0.03797916666666623,-62.72479538636144,-37.97916666666623,False,1.0,cued,3,112.0,12,True
sub01,test,7,52,27.881270833333332,27.88383333333333,55.0,0.002562499999999801,-64.88099551705045,2.562499999999801,False,1.0,cued,3,112.0,12,True
sub01,test,7,53,28.416979166666668,28.431,57.0,0.014020833333333371,-64.5409000781089,14.020833333333371,False,1.0,cued,3,112.0,12,True
sub01,test,7,54,28.9526875,28.9308125,59.0,-0.02187500000000142,-64.51205227556858,-21.87500000000142,False,1.0,cued,3,112.0,12,True
sub01,test,7,55,29.488395833333332,29.499270833333334,62.0,0.010875000000002188,-64.15108326004044,10.875000000002188,False,1.0,cued,3,112.0,12,True
sub01,test,8,0,0.0244375,0.003958333333333334,0.0,-0.020479166666666666,-61.54780313277556,-20.479166666666668,False,1.0,spontaneous,3,112.0,0,True
sub01,test,8,1,0.5601458333333333,0.51975,1.0,-0.0403958333333333,-62.37911696354706,-40.3958333333333,False,1.0,spontaneous,3,112.0,0,True
sub01,test,8,2,1.0958541666666666,0.9767708333333334,3.0,-0.11908333333333321,-65.79386300600403,-119.0833333333332,False,1.0,spontaneous,3,112.0,0,True
sub01,test,8,3,1.6315625,1.4327916666666667,4.0,-0.19877083333333334,-70.20417311733668,-198.77083333333334,False,0.0,spontaneous,3,112.0,0,True
sub01,test,8,4,2.1672708333333333,2.3345208333333334,6.0,0.16725000000000012,-68.03820545450428,167.2500000000001,False,0.0,spontaneous,3,112.0,0,True
sub01,test,8,5,2.7029791666666667,2.8406041666666666,7.0,0.1376249999999999,-67.96567148661461,137.6249999999999,False,0.0,spontaneous,3,112.0,0,True
sub01,test,8,6,3.2386875,3.331,8.0,0.0923124999999998,-64.14630820257102,92.3124999999998,False,1.0,spontaneous,3,112.0,0,True
sub01,test,8,7,3.774395833333333,3.6639375,9.0,-0.11045833333333333,-63.73600295200251,-110.45833333333333,False,1.0,spontaneous,3,112.0,0,True
sub01,test,8,8,4.310104166666667,4.1879375,10.0,-0.12216666666666676,-66.93110703266609,-122.16666666666676,False,0.0,spontaneous,3,112.0,0,True
sub01,test,8,9,4.8458125,4.991625,12.0,0.1458124999999999,-67.15315790802615,145.8124999999999,False,0.0,spontaneous,3,112.0,0,True
sub01,test,8,10,5.381520833333333,,,,,,True,,spontaneous,3,112.0,0,True
sub01,test,8,11,5.917229166666667,5.920083333333333,14.0,0.00285416666666638,-68.02121743754442,2.85416666666638,False,0.0,spontaneous,3,112.0,0,True
sub01,test,8,12,6.4529375,6.325375,16.0,-0.1275624999999998,-65.39759118780033,-127.5624999999998,False,1.0,spontaneous,3,112.0,0,True
sub01,test,8,13,6.988645833333333,6.8539375,17.0,-0.1347083333333332,-64.01398240355545,-134.7083333333332,False,1.0,spontaneous,3,112.0,0,True
sub01,test,8,14,7.524354166666667,7.656041666666667,19.0,0.13168749999999996,-61.54576176259007,131.68749999999994,False,1.0,spontaneous,3,112.0,0,True
sub01,test,8,15,8.0600625,,,,,,True,,spontaneous,3,112.0,0,True
sub01,test,8,16,8.595770833333333,8.596520833333333,20.0,0.0007500000000000284,-67.6824448077988,0.7500000000000284,False,0.0,spontaneous,3,112.0,0,True
sub01,test,8,17,9.131479166666667,9.2395625,22.0,0.10808333333333309,-70.07533052157706,108.08333333333309,False,0.0,spontaneous,3,112.0,0,True
sub01,test,8,18,9.6671875,9.708375,24.0,0.04118749999999949,-63.23303068681508,41.18749999999949,False,1.0,spontaneous,3,112.0,0,True
sub01,test,8,19,10.202895833333333,9.995166666666666,25.0,-0.20772916666666674,-68.7307597291693,-207.72916666666674,False,0.0,spontaneous,3,112.0,0,True
sub01,test,8,20,10.738604166666667,10.5664375,26.0,-0.17216666666666747,-65.33411596048596,-172.16666666666748,False,1.0,spontaneous,3,112.0,0,True
sub01,test,8,21,11.2743125,11.354104166666668,28.0,0.07979166666666693,-64.61757711909038,79.79166666666693,False,1.0,spontaneous,3,112.0,0,True
sub01,test,8,22,11.810020833333333,11.774458333333333,29.0,-0.035562499999999275,-66.02294876767523,-35.562499999999275,False,0.0,spontaneous,3,112.0,0,True
sub01,test,8,23,12.345729166666667,12.259083333333333,30.0,-0.08664583333333375,-64.3249012858338,-86.64583333333375,False,1.0,spontaneous,3,112.0,0,True
sub01,test,8,24,12.8814375,13.037833333333333,32.0,0.15639583333333285,-69.97300251953136,156.39583333333286,False,0.0,spontaneous,3,112.0,0,True
sub01,test,8,25,13.417145833333333,13.455979166666667,33.0,0.03883333333333461,-62.53210333502449,38.83333333333461,False,1.0,spontaneous,3,112.0,0,True
sub01,test,8,26,13.952854166666667,13.9881875,34.0,0.03533333333333388,-66.41781813533734,35.33333333333388,False,0.0,spontaneous,3,112.0,0,True
sub01,test,8,27,14.4885625,14.46825,35.0,-0.020312500000001066,-63.69763813403385,-20.312500000001066,False,1.0,spontaneous,3,112.0,0,True
sub01,test,8,28,15.024270833333333,14.992979166666666,36.0,-0.031291666666666273,-65.99565136090479,-31.291666666666273,False,1.0,spontaneous,3,112.0,0,True
sub01,test,8,29,15.559979166666666,15.5143125,37.0,-0.045666666666665634,-65.31482946098659,-45.666666666665634,False,1.0,spontaneous,3,112.0,0,True
sub01,test,8,30,16.0956875,16.017854166666666,38.0,-0.07783333333333431,-67.33070995892578,-77.83333333333431,False,0.0,spontaneous,3,112.0,0,True
sub01,test,8,31,16.631395833333332,16.5419375,39.0,-0.08945833333333297,-69.83949702472145,-89.45833333333297,False,0.0,spontaneous,3,112.0,0,True
sub01,test,8,32,17.167104166666668,17.046583333333334,40.0,-0.12052083333333385,-65.45888690439057,-120.52083333333385,False,1.0,spontaneous,3,112.0,0,True
sub01,test,8,33,17.7028125,17.650229166666666,41.0,-0.052583333333334537,-66.20236220851194,-52.58333333333454,False,0.0,spontaneous,3,112.0,0,True
sub01,test,8,34,18.238520833333332,18.113708333333335,43.0,-0.12481249999999733,-67.44088002917879,-124.81249999999733,False,0.0,spontaneous,3,112.0,0,True
sub01,test,8,35,18.774229166666668,18.655166666666666,44.0,-0.11906250000000185,-64.18243322799641,-119.06250000000185,False,1.0,spontaneous,3,112.0,0,True
sub01,test,8,36,19.3099375,19.200125,45.0,-0.10981250000000031,-66.38502153156753,-109.81250000000031,False,0.0,spontaneous,3,112.0,0,True
sub01,test,8,37,19.845645833333332,19.836333333333332,46.0,-0.009312500000000057,-67.3647959000272,-9.312500000000057,False,0.0,spontaneous,3,112.0,0,True
sub01,test,8,38,20.381354166666668,20.370854166666668,47.0,-0.010500000000000398,-63.66662826797469,-10.500000000000398,False,1.0,spontaneous,3,112.0,0,True
sub01,test,8,39,20.9170625,20.902770833333335,48.0,-0.014291666666665037,-68.15833526778563,-14.291666666665037,False,0.0,spontaneous,3,112.0,0,True
sub01,test,8,40,21.452770833333332,21.414125,49.0,-0.03864583333333371,-64.04302928592594,-38.64583333333371,False,1.0,spontaneous,3,112.0,0,True
sub01,test,8,41,21.988479166666668,21.948083333333333,50.0,-0.04039583333333496,-67.25178373172048,-40.39583333333496,False,0.0,spontaneous,3,112.0,0,True
sub01,test,8,42,22.5241875,22.577354166666666,51.0,0.05316666666666592,-69.9433194243257,53.16666666666592,False,0.0,spontaneous,3,112.0,0,True
sub01,test,8,43,23.059895833333332,23.091145833333332,52.0,0.03125,-67.76289690967329,31.25,False,0.0,spontaneous,3,112.0,0,True
sub01,test,8,44,23.595604166666668,23.601,53.0,0.005395833333331268,-67.95090926354315,5.395833333331268,False,0.0,spontaneous,3,112.0,0,True
sub01,test,8,45,24.1313125,24.124104166666665,55.0,-0.007208333333334593,-65.35485666655296,-7.208333333334593,False,1.0,spontaneous,3,112.0,0,True
sub01,test,8,46,24.667020833333332,24.6203125,56.0,-0.04670833333333135,-64.17077854327117,-46.70833333333135,False,1.0,spontaneous,3,112.0,0,True
sub01,test,8,47,25.202729166666668,25.13885416666667,57.0,-0.06387499999999946,-60.739331592754354,-63.87499999999946,False,1.0,spontaneous,3,112.0,0,True
sub01,test,8,48,25.7384375,25.654354166666668,58.0,-0.08408333333333218,-67.8395188658214,-84.08333333333218,False,0.0,spontaneous,3,112.0,0,True
sub01,test,8,49,26.274145833333332,26.2225,59.0,-0.051645833333331836,-63.15720844658344,-51.64583333333184,False,1.0,spontaneous,3,112.0,0,True
sub01,test,8,50,26.809854166666668,26.802083333333332,60.0,-0.007770833333335503,-66.15756083901744,-7.770833333335503,False,0.0,spontaneous,3,112.0,0,True
sub01,test,8,51,27.3455625,27.3159375,61.0,-0.029624999999999346,-62.36563878721698,-29.624999999999346,False,1.0,spontaneous,3,112.0,0,True
sub01,test,8,52,27.881270833333332,27.878875,62.0,-0.0023958333333311543,-61.44637574513175,-2.3958333333311543,False,1.0,spontaneous,3,112.0,0,True
sub01,test,8,53,28.416979166666668,28.435333333333332,63.0,0.018354166666664895,-66.81089672363883,18.354166666664895,False,0.0,spontaneous,3,112.0,0,True
sub01,test,8,54,28.9526875,28.916354166666668,64.0,-0.03633333333333155,-68.71155201011852,-36.33333333333155,False,0.0,spontaneous,3,112.0,0,True
sub01,test,8,55,29.488395833333332,29.433583333333335,65.0,-0.054812499999997044,-64.69449004982532,-54.812499999997044,False,1.0,spontaneous,3,112.0,0,True
sub01,test,9,0,0.0244375,0.01225,0.0,-0.0121875,-65.49267222679556,-12.1875,False,0.0,spontaneous,3,100.0,0,True
sub01,test,9,1,0.6244375,0.6550208333333334,3.0,0.030583333333333407,-64.40110668045807,30.583333333333407,False,1.0,spontaneous,3,100.0,0,True
sub01,test,9,2,1.2244375,1.1245416666666668,5.0,-0.0998958333333333,-65.15570710657654,-99.8958333333333,False,0.0,spontaneous,3,100.0,0,True
sub01,test,9,3,1.8244375,1.7343541666666666,6.0,-0.0900833333333333,-58.4934346887194,-90.08333333333329,False,1.0,spontaneous,3,100.0,0,True
sub01,test,9,4,2.4244375,2.277458333333333,8.0,-0.14697916666666666,-66.63695420534512,-146.97916666666666,False,0.0,spontaneous,3,100.0,0,True
sub01,test,9,5,3.0244375,3.1760625,10.0,0.15162500000000012,-57.22930476381323,151.6250000000001,False,1.0,spontaneous,3,100.0,0,True
sub01,test,9,6,3.6244375,3.6525416666666666,11.0,0.028104166666666597,-64.05733958675204,28.104166666666597,False,1.0,spontaneous,3,100.0,0,True
sub01,test,9,7,4.2244375,4.000479166666667,12.0,-0.22395833333333304,-64.803632784519,-223.95833333333303,False,0.0,spontaneous,3,100.0,0,True
sub01,test,9,8,4.8244375,4.592208333333334,13.0,-0.2322291666666665,-60.354907882015176,-232.2291666666665,False,1.0,spontaneous,3,100.0,0,True
sub01,test,9,9,5.4244375,,,,,,True,,spontaneous,3,100.0,0,True
sub01,test,9,10,6.0244375,5.83125,14.0,-0.1931875000000005,-69.27072435934149,-193.1875000000005,False,0.0,spontaneous,3,100.0,0,True
sub01,test,9,11,6.6244375,,,,,,True,,spontaneous,3,100.0,0,True
sub01,test,9,12,7.2244375,7.15625,16.0,-0.06818749999999962,-66.94672294779399,-68.18749999999963,False,0.0,spontaneous,3,100.0,0,True
sub01,test,9,13,7.8244375,7.647729166666666,17.0,-0.1767083333333339,-70.02243879911994,-176.7083333333339,False,0.0,spontaneous,3,100.0,0,True
sub01,test,9,14,8.4244375,8.396729166666667,18.0,-0.027708333333333002,-63.519410176043216,-27.708333333333,False,1.0,spontaneous,3,100.0,0,True
sub01,test,9,15,9.0244375,,,,,,True,,spontaneous,3,100.0,0,True
sub01,test,9,16,9.6244375,9.636791666666667,19.0,0.012354166666666444,-63.51416448553976,12.354166666666444,False,1.0,spontaneous,3,100.0,0,True
sub01,test,9,17,10.2244375,10.454791666666667,21.0,0.23035416666666642,-64.63082278146963,230.3541666666664,False,0.0,spontaneous,3,100.0,0,True
sub01,test,9,18,10.8244375,10.878875,22.0,0.05443750000000058,-59.418567609535195,54.43750000000058,False,1.0,spontaneous,3,100.0,0,True
sub01,test,9,19,11.4244375,,,,,,True,,spontaneous,3,100.0,0,True
sub01,test,9,20,12.0244375,12.035833333333333,23.0,0.011395833333333272,-68.84089488524629,11.395833333333272,False,0.0,spontaneous,3,100.0,0,True
sub01,test,9,21,12.6244375,,,,,,True,,spontaneous,3,100.0,0,True
sub01,test,9,22,13.2244375,13.229645833333333,24.0,0.005208333333332149,-63.34274721030465,5.208333333332149,False,1.0,spontaneous,3,100.0,0,True
sub01,test,9,23,13.8244375,13.7005,25.0,-0.12393750000000026,-60.72836255904864,-123.93750000000026,False,1.0,spontaneous,3,100.0,0,True
sub01,test,9,24,14.4244375,14.499020833333333,27.0,0.074583333333333,-65.7464881488314,74.583333333333,False,0.0,spontaneous,3,100.0,0,True
sub01,test,9,25,15.0244375,15.003541666666667,28.0,-0.020895833333332448,-68.00765065161676,-20.895833333332448,False,0.0,spontaneous,3,100.0,0,True
sub01,test,9,26,15.6244375,15.787895833333334,30.0,0.16345833333333282,-63.87915582672455,163.4583333333328,False,1.0,spontaneous,3,100.0,0,True
sub01,test,9,27,16.2244375,16.1725625,31.0,-0.051874999999999005,-68.66043283352329,-51.874999999999005,False,0.0,spontaneous,3,100.0,0,True
sub01,test,9,28,16.8244375,16.873416666666667,33.0,0.048979166666669016,-68.41183498172461,48.979166666669016,False,0.0,spontaneous,3,100.0,0,True
sub01,test,9,29,17.4244375,17.597041666666666,34.0,0.172604166666666,-67.02877226371771,172.604166666666,False,0.0,spontaneous,3,100.0,0,True
sub01,test,9,30,18.0244375,18.075583333333334,35.0,0.051145833333333,-61.312149693753454,51.145833333333,False,1.0,spontaneous,3,100.0,0,True
sub01,test,9,31,18.6244375,18.568916666666667,36.0,-0.055520833333332575,-64.66864569096914,-55.520833333332575,False,0.0,spontaneous,3,100.0,0,True
sub01,test,9,32,19.2244375,19.203875,37.0,-0.020562500000000483,-59.49597269959866,-20.562500000000483,False,1.0,spontaneous,3,100.0,0,True
sub01,test,9,33,19.8244375,19.8661875,38.0,0.0417500000000004,-61.5851252151848,41.7500000000004,False,1.0,spontaneous,3,100.0,0,True
sub01,test,9,34,20.4244375,20.3879375,39.0,-0.0365000000000002,-62.430774705495324,-36.5000000000002,False,1.0,spontaneous,3,100.0,0,True
sub01,test,9,35,21.0244375,20.992020833333335,40.0,-0.032416666666666316,-64.04413339244938,-32.416666666666316,False,1.0,spontaneous,3,100.0,0,True
sub01,test,9,36,21.6244375,21.531583333333334,41.0,-0.09285416666666535,-61.66009114533927,-92.85416666666535,False,1.0,spontaneous,3,100.0,0,True
sub01,test,9,37,22.2244375,22.147666666666666,42.0,-0.07677083333333456,-63.30073014415392,-76.77083333333456,False,1.0,spontaneous,3,100.0,0,True
sub01,test,9,38,22.8244375,22.76535416666667,43.0,-0.059083333333330046,-66.5590981980138,-59.083333333330046,False,0.0,spontaneous,3,100.0,0,True
sub01,test,9,39,23.4244375,23.3483125,44.0,-0.07612500000000111,-68.20555307810586,-76.12500000000111,False,0.0,spontaneous,3,100.0,0,True
sub01,test,9,40,24.0244375,23.883604166666668,45.0,-0.14083333333333314,-64.41353611999249,-140.83333333333314,False,1.0,spontaneous,3,100.0,0,True
sub01,test,9,41,24.6244375,24.443354166666666,46.0,-0.18108333333333348,-60.56559313998768,-181.08333333333348,False,1.0,spontaneous,3,100.0,0,True
sub01,test,9,42,25.2244375,25.1663125,47.0,-0.058125000000000426,-65.87931526119421,-58.125000000000426,False,0.0,spontaneous,3,100.0,0,True
sub01,test,9,43,25.8244375,25.770520833333332,48.0,-0.05391666666666595,-64.98724291377651,-53.91666666666595,False,0.0,spontaneous,3,100.0,0,True
sub01,test,9,44,26.4244375,26.22779166666667,50.0,-0.1966458333333314,-65.69988481293562,-196.6458333333314,False,0.0,spontaneous,3,100.0,0,True
sub01,test,9,45,27.0244375,27.062604166666667,53.0,0.03816666666666535,-73.8417627205524,38.16666666666535,False,0.0,spontaneous,3,100.0,0,True
sub01,test,9,46,27.6244375,27.570958333333333,56.0,-0.053479166666665634,-65.8402625664168,-53.479166666665634,False,0.0,spontaneous,3,100.0,0,True
sub01,test,9,47,28.2244375,28.2480625,57.0,0.02362499999999912,-66.211451368158,23.62499999999912,False,0.0,spontaneous,3,100.0,0,True
sub01,test,9,48,28.8244375,28.786020833333332,58.0,-0.038416666666666544,-63.31275903212419,-38.41666666666654,False,1.0,spontaneous,3,100.0,0,True
sub01,test,9,49,29.4244375,29.340229166666667,59.0,-0.08420833333333277,-63.64937294696524,-84.20833333333277,False,1.0,spontaneous,3,100.0,0,True
sub01,test,10,0,0.0244375,,,,,,True,,cued,2,112.0,16,True
sub01,test,10,1,0.5601458333333333,0.6777708333333333,1.0,0.11762499999999998,-65.47730794965196,117.62499999999999,False,0.0,cued,2,112.0,16,True
sub01,test,10,2,1.0958541666666666,1.0614375,2.0,-0.03441666666666654,-60.59270349442705,-34.41666666666654,False,1.0,cued,2,112.0,16,True
sub01,test,10,3,1.6315625,1.5687291666666667,3.0,-0.0628333333333333,-65.11793205024392,-62.8333333333333,False,0.0,cued,2,112.0,16,True
sub01,test,10,4,2.1672708333333333,2.09575,4.0,-0.07152083333333348,-65.26884195635321,-71.52083333333348,False,0.0,cued,2,112.0,16,True
sub01,test,10,5,2.7029791666666667,2.5810625,5.0,-0.1219166666666669,-68.66801185035632,-121.9166666666669,False,0.0,cued,2,112.0,16,True
sub01,test,10,6,3.2386875,,,,,,True,,cued,2,112.0,16,True
sub01,test,10,7,3.774395833333333,3.9345416666666666,8.0,0.16014583333333343,-67.44251634110495,160.14583333333343,False,0.0,cued,2,112.0,16,True
sub01,test,10,8,4.310104166666667,4.440229166666667,9.0,0.1301249999999996,-66.234983414816,130.1249999999996,False,0.0,cued,2,112.0,16,True
sub01,test,10,9,4.8458125,,,,,,True,,cued,2,112.0,16,True
sub01,test,10,10,5.381520833333333,5.2921458333333335,10.0,-0.08937499999999954,-63.66194570543951,-89.37499999999955,False,1.0,cued,2,112.0,16,True
sub01,test,10,11,5.917229166666667,5.788354166666666,11.0,-0.12887500000000074,-68.10214415367761,-128.87500000000074,False,0.0,cued,2,112.0,16,True
sub01,test,10,12,6.4529375,6.598270833333333,13.0,0.14533333333333331,-67.20208030643792,145.33333333333331,False,0.0,cued,2,112.0,16,True
sub01,test,10,13,6.988645833333333,,,,,,True,,cued,2,112.0,16,True
sub01,test,10,14,7.524354166666667,7.411270833333333,14.0,-0.11308333333333387,-61.32267245320706,-113.08333333333387,False,1.0,cued,2,112.0,16,True
sub01,test,10,15,8.0600625,7.9300625,15.0,-0.13000000000000078,-64.8177984499424,-130.0000000000008,False,1.0,cued,2,112.0,16,True
sub01,test,10,16,8.595770833333333,8.426770833333334,16.0,-0.1689999999999987,-64.50027984996544,-168.9999999999987,False,1.0,cued,2,112.0,16,True
sub01,test,10,17,9.131479166666667,,,,,,True,,cued,2,112.0,16,True
sub01,test,10,18,9.6671875,,,,,,True,,cued,2,112.0,16,True
sub01,test,10,19,10.202895833333333,,,,,,True,,cued,2,112.0,16,True
sub01,test,10,20,10.738604166666667,10.6803125,17.0,-0.0582916666666673,-65.00265392956733,-58.2916666666673,False,1.0,cued,2,112.0,16,True
sub01,test,10,21,11.2743125,,,,,,True,,cued,2,112.0,16,True
sub01,test,10,22,11.810020833333333,,,,,,True,,cued,2,112.0,16,True
sub01,test,10,23,12.345729166666667,,,,,,True,,cued,2,112.0,16,True
sub01,test,10,24,12.8814375,12.920979166666667,19.0,0.039541666666666586,-62.78603854865857,39.541666666666586,False,1.0,cued,2,112.0,16,True
sub01,test,10,25,13.417145833333333,,,,,,True,,cued,2,112.0,16,True
sub01,test,10,26,13.952854166666667,,,,,,True,,cued,2,112.0,16,True
sub01,test,10,27,14.4885625,14.636520833333334,20.0,0.1479583333333334,-64.11526107115574,147.95833333333343,False,1.0,cued,2,112.0,16,True
sub01,test,10,28,15.024270833333333,,,,,,True,,cued,2,112.0,16,True
sub01,test,10,29,15.559979166666666,,,,,,True,,cued,2,112.0,16,True
sub01,test,10,30,16.0956875,15.928291666666667,21.0,-0.16739583333333385,-70.20950508473283,-167.39583333333385,False,0.0,cued,2,112.0,16,True
sub01,test,10,31,16.631395833333332,16.624125,22.0,-0.007270833333333115,-65.09056507627679,-7.270833333333115,False,1.0,cued,2,112.0,16,True
sub01,test,10,32,17.167104166666668,17.357916666666668,24.0,0.19081249999999983,-66.2327532850329,190.81249999999983,False,0.0,cued,2,112.0,16,True
sub01,test,10,33,17.7028125,17.650791666666667,25.0,-0.05202083333333363,-61.52450302031636,-52.02083333333363,False,1.0,cued,2,112.0,16,True
sub01,test,10,34,18.238520833333332,18.198458333333335,26.0,-0.04006249999999767,-58.80024088182934,-40.06249999999767,False,1.0,cued,2,112.0,16,True
sub01,test,10,35,18.774229166666668,18.745375,27.0,-0.028854166666668846,-61.59123912841877,-28.854166666668846,False,1.0,cued,2,112.0,16,True
sub01,test,10,36,19.3099375,19.412604166666668,28.0,0.1026666666666678,-63.35046270681343,102.6666666666678,False,1.0,cued,2,112.0,16,True
sub01,test,10,37,19.845645833333332,19.856729166666668,29.0,0.011083333333335332,-68.75933066791345,11.083333333335332,False,0.0,cued,2,112.0,16,True
sub01,test,10,38,20.381354166666668,,,,,,True,,cued,2,112.0,16,True
sub01,test,10,39,20.9170625,21.020333333333333,31.0,0.1032708333333332,-67.88030756604032,103.2708333333332,False,0.0,cued,2,112.0,16,True
sub01,test,10,40,21.452770833333332,,,,,,True,,cued,2,112.0,16,True
sub01,test,10,41,21.988479166666668,22.017229166666667,32.0,0.02874999999999872,-66.39637534142017,28.74999999999872,False,0.0,cued,2,112.0,16,True
sub01,test,10,42,22.5241875,22.5621875,33.0,0.038000000000000256,-67.2814069842564,38.000000000000256,False,0.0,cued,2,112.0,16,True
sub01,test,10,43,23.059895833333332,22.961875,34.0,-0.098020833333333,-65.4121672749923,-98.020833333333,False,0.0,cued,2,112.0,16,True
sub01,test,10,44,23.595604166666668,23.4656875,35.0,-0.12991666666666646,-66.22352537238221,-129.91666666666646,False,0.0,cued,2,112.0,16,True
sub01,test,10,45,24.1313125,,,,,,True,,cued,2,112.0,16,True
sub01,test,10,46,24.667020833333332,24.539520833333334,38.0,-0.12749999999999773,-68.66253787150657,-127.49999999999773,False,0.0,cued,2,112.0,16,True
sub01,test,10,47,25.202729166666668,25.004625,39.0,-0.19810416666666697,-62.341010678967955,-198.10416666666697,False,1.0,cued,2,112.0,16,True
sub01,test,10,48,25.7384375,25.600083333333334,40.0,-0.1383541666666659,-65.22637662881111,-138.3541666666659,False,0.0,cued,2,112.0,16,True
sub01,test,10,49,26.274145833333332,26.1170625,41.0,-0.15708333333333258,-65.11762128126085,-157.08333333333258,False,0.0,cued,2,112.0,16,True
sub01,test,10,50,26.809854166666668,26.684458333333332,42.0,-0.12539583333333582,-63.474663367958186,-125.39583333333582,False,1.0,cued,2,112.0,16,True
sub01,test,10,51,27.3455625,27.13825,43.0,-0.20731250000000045,-63.12736813813467,-207.31250000000045,False,1.0,cued,2,112.0,16,True
sub01,test,10,52,27.881270833333332,27.758333333333333,44.0,-0.12293749999999903,-63.46323764074856,-122.93749999999903,False,1.0,cued,2,112.0,16,True
sub01,test,10,53,28.416979166666668,28.419104166666667,46.0,0.0021249999999994884,-48.884366941346585,2.1249999999994884,False,1.0,cued,2,112.0,16,True
sub01,test,10,54,28.9526875,28.859020833333332,47.0,-0.09366666666666745,-58.25245976770568,-93.66666666666745,False,1.0,cued,2,112.0,16,True
sub01,test,10,55,29.488395833333332,,,,,,True,,cued,2,112.0,16,True
sub01,test,11,0,0.0244375,,,,,,True,,spontaneous,2,104.0,0,True
sub01,test,11,1,0.6013541666666666,0.6433541666666667,2.0,0.04200000000000004,-57.20378839678155,42.000000000000036,False,1.0,spontaneous,2,104.0,0,True
sub01,test,11,2,1.1782708333333334,1.0794375,3.0,-0.09883333333333333,-64.67039055217735,-98.83333333333333,False,1.0,spontaneous,2,104.0,0,True
sub01,test,11,3,1.7551875,1.5421666666666667,4.0,-0.21302083333333321,-69.55748445372049,-213.0208333333332,False,0.0,spontaneous,2,104.0,0,True
sub01,test,11,4,2.332104166666667,,,,,,True,,spontaneous,2,104.0,0,True
sub01,test,11,5,2.9090208333333334,2.95475,7.0,0.04572916666666682,-66.56570370257174,45.72916666666682,False,0.0,spontaneous,2,104.0,0,True
sub01,test,11,6,3.4859375,,,,,,True,,spontaneous,2,104.0,0,True
sub01,test,11,7,4.062854166666667,,,,,,True,,spontaneous,2,104.0,0,True
sub01,test,11,8,4.639770833333333,,,,,,True,,spontaneous,2,104.0,0,True
sub01,test,11,9,5.2166875,5.337458333333333,9.0,0.12077083333333327,-70.2880286491212,120.77083333333327,False,0.0,spontaneous,2,104.0,0,True
sub01,test,11,10,5.793604166666666,5.826104166666667,10.0,0.03250000000000064,-65.11820546323558,32.50000000000064,False,1.0,spontaneous,2,104.0,0,True
sub01,test,11,11,6.370520833333333,,,,,,True,,spontaneous,2,104.0,0,True
sub01,test,11,12,6.9474375,,,,,,True,,spontaneous,2,104.0,0,True
sub01,test,11,13,7.524354166666667,,,,,,True,,spontaneous,2,104.0,0,True
sub01,test,11,14,8.101270833333333,,,,,,True,,spontaneous,2,104.0,0,True
sub01,test,11,15,8.6781875,8.516833333333333,11.0,-0.16135416666666735,-64.58102489220016,-161.35416666666737,False,1.0,spontaneous,2,104.0,0,True
sub01,test,11,16,9.255104166666667,,,,,,True,,spontaneous,2,104.0,0,True
sub01,test,11,17,9.832020833333333,,,,,,True,,spontaneous,2,104.0,0,True
sub01,test,11,18,10.4089375,10.368395833333333,14.0,-0.04054166666666781,-70.21750057138873,-40.54166666666781,False,0.0,spontaneous,2,104.0,0,True
sub01,test,11,19,10.985854166666666,,,,,,True,,spontaneous,2,104.0,0,True
sub01,test,11,20,11.562770833333333,,,,,,True,,spontaneous,2,104.0,0,True
sub01,test,11,21,12.1396875,12.117125,15.0,-0.02256250000000115,-71.91583351987562,-22.56250000000115,False,0.0,spontaneous,2,104.0,0,True
sub01,test,11,22,12.716604166666666,12.859625,16.0,0.14302083333333293,-69.72988275647401,143.02083333333292,False,0.0,spontaneous,2,104.0,0,True
sub01,test,11,23,13.293520833333334,13.352083333333333,17.0,0.05856249999999896,-69.83362740094944,58.56249999999896,False,0.0,spontaneous,2,104.0,0,True
sub01,test,11,24,13.8704375,13.866770833333334,19.0,-0.0036666666666658188,-66.97917511116044,-3.6666666666658188,False,0.0,spontaneous,2,104.0,0,True
sub01,test,11,25,14.447354166666667,14.4475,20.0,0.00014583333333284543,-63.32271419145294,0.14583333333284543,False,1.0,spontaneous,2,104.0,0,True
sub01,test,11,26,15.024270833333333,15.096125,21.0,0.0718541666666681,-70.87072277754837,71.8541666666681,False,0.0,spontaneous,2,104.0,0,True
sub01,test,11,27,15.6011875,15.499875,22.0,-0.10131250000000058,-70.07093211490142,-101.31250000000058,False,0.0,spontaneous,2,104.0,0,True
sub01,test,11,28,16.178104166666667,16.095270833333334,23.0,-0.08283333333333331,-66.6621212119543,-82.83333333333331,False,0.0,spontaneous,2,104.0,0,True
sub01,test,11,29,16.755020833333333,16.644395833333334,24.0,-0.11062499999999886,-62.71145984945288,-110.62499999999886,False,1.0,spontaneous,2,104.0,0,True
sub01,test,11,30,17.3319375,,,,,,True,,spontaneous,2,104.0,0,True
sub01,test,11,31,17.908854166666668,18.046208333333333,27.0,0.13735416666666467,-64.06566210004881,137.35416666666467,False,1.0,spontaneous,2,104.0,0,True
sub01,test,11,32,18.485770833333333,18.6285625,29.0,0.14279166666666754,-65.5083001338574,142.79166666666754,False,1.0,spontaneous,2,104.0,0,True
sub01,test,11,33,19.0626875,19.0541875,30.0,-0.008499999999997954,-69.49177623048028,-8.499999999997954,False,0.0,spontaneous,2,104.0,0,True
sub01,test,11,34,19.63960416666667,19.564354166666668,31.0,-0.07525000000000048,-66.83362496802134,-75.25000000000048,False,0.0,spontaneous,2,104.0,0,True
sub01,test,11,35,20.216520833333334,20.204270833333332,33.0,-0.012250000000001648,-63.90816130662921,-12.250000000001648,False,1.0,spontaneous,2,104.0,0,True
sub01,test,11,36,20.7934375,20.727604166666666,34.0,-0.06583333333333385,-66.44176762737345,-65.83333333333385,False,1.0,spontaneous,2,104.0,0,True
sub01,test,11,37,21.370354166666665,21.263625,35.0,-0.1067291666666641,-61.79174489117548,-106.7291666666641,False,1.0,spontaneous,2,104.0,0,True
sub01,test,11,38,21.947270833333334,21.840958333333333,36.0,-0.10631250000000136,-50.65921110522706,-106.31250000000136,False,1.0,spontaneous,2,104.0,0,True
sub01,test,11,39,22.5241875,22.448541666666667,37.0,-0.07564583333333275,-58.19128248688551,-75.64583333333275,False,1.0,spontaneous,2,104.0,0,True
sub01,test,11,40,23.101104166666666,23.0021875,38.0,-0.0989166666666641,-65.0850912999364,-98.9166666666641,False,1.0,spontaneous,2,104.0,0,True
sub01,test,11,41,23.678020833333335,23.573291666666666,39.0,-0.10472916666666876,-65.41415956300297,-104.72916666666876,False,1.0,spontaneous,2,104.0,0,True
sub01,test,11,42,24.2549375,24.14014583333333,41.0,-0.11479166666666885,-63.5104063023318,-114.79166666666885,False,1.0,spontaneous,2,104.0,0,True
sub01,test,11,43,24.831854166666666,24.74875,42.0,-0.08310416666666498,-67.55121591681706,-83.10416666666498,False,0.0,spontaneous,2,104.0,0,True
sub01,test,11,44,25.40877083333333,25.300020833333335,43.0,-0.10874999999999702,-70.65629588337232,-108.74999999999702,False,0.0,spontaneous,2,104.0,0,True
sub01,test,11,45,25.9856875,,,,,,True,,spontaneous,2,104.0,0,True
sub01,test,11,46,26.562604166666667,26.399520833333334,44.0,-0.1630833333333328,-73.8251954026817,-163.0833333333328,False,0.0,spontaneous,2,104.0,0,True
sub01,test,11,47,27.139520833333332,27.128229166666667,45.0,-0.011291666666664923,-66.26723292323186,-11.291666666664923,False,1.0,spontaneous,2,104.0,0,True
sub01,test,11,48,27.7164375,27.678145833333332,46.0,-0.0382916666666695,-69.34366395395162,-38.2916666666695,False,0.0,spontaneous,2,104.0,0,True
sub01,test,11,49,28.293354166666667,,,,,,True,,spontaneous,2,104.0,0,True
sub01,test,11,50,28.870270833333333,28.819666666666667,47.0,-0.05060416666666612,-67.89920969889272,-50.60416666666612,False,0.0,spontaneous,2,104.0,0,True
sub01,test,11,51,29.4471875,,,,,,True,,spontaneous,2,104.0,0,True
sub01,test,12,0,0.0244375,0.21064583333333334,0.0,0.18620833333333334,-63.81139172897199,186.20833333333334,False,1.0,spontaneous,2,120.0,0,True
sub01,test,12,1,0.5244375,0.5131458333333333,1.0,-0.0112916666666667,-69.36271047948142,-11.2916666666667,False,0.0,spontaneous,2,120.0,0,True
sub01,test,12,2,1.0244375,0.8803125,2.0,-0.14412499999999984,-63.48648858343356,-144.12499999999983,False,1.0,spontaneous,2,120.0,0,True
sub01,test,12,3,1.5244375,1.6965833333333333,4.0,0.17214583333333344,-63.387221068262754,172.14583333333343,False,1.0,spontaneous,2,120.0,0,True
sub01,test,12,4,2.0244375,1.9875208333333334,5.0,-0.03691666666666649,-65.34925969284797,-36.91666666666649,False,1.0,spontaneous,2,120.0,0,True
sub01,test,12,5,2.5244375,2.3752291666666667,6.0,-0.14920833333333317,-66.28986224305693,-149.20833333333317,False,1.0,spontaneous,2,120.0,0,True
sub01,test,12,6,3.0244375,3.1220625,8.0,0.0976250000000003,-71.48984444119934,97.6250000000003,False,0.0,spontaneous,2,120.0,0,True
sub01,test,12,7,3.5244375,3.4597291666666665,9.0,-0.06470833333333337,-63.059325849306404,-64.70833333333337,False,1.0,spontaneous,2,120.0,0,True
sub01,test,12,8,4.0244375,3.8556041666666667,10.0,-0.1688333333333336,-66.10460497404495,-168.8333333333336,False,1.0,spontaneous,2,120.0,0,True
sub01,test,12,9,4.5244375,4.439104166666667,12.0,-0.0853333333333337,-63.00137198140262,-85.33333333333371,False,1.0,spontaneous,2,120.0,0,True
sub01,test,12,10,5.0244375,4.891291666666667,13.0,-0.13314583333333374,-65.523734658289,-133.14583333333374,False,1.0,spontaneous,2,120.0,0,True
sub01,test,12,11,5.5244375,5.551833333333334,14.0,0.027395833333333286,-70.43919906551623,27.395833333333286,False,0.0,spontaneous,2,120.0,0,True
sub01,test,12,12,6.0244375,,,,,,True,,spontaneous,2,120.0,0,True
sub01,test,12,13,6.5244375,,,,,,True,,spontaneous,2,120.0,0,True
sub01,test,12,14,7.0244375,,,,,,True,,spontaneous,2,120.0,0,True
sub01,test,12,15,7.5244375,,,,,,True,,spontaneous,2,120.0,0,True
sub01,test,12,16,8.0244375,8.199791666666666,15.0,0.1753541666666667,-65.74487463711785,175.35416666666669,False,1.0,spontaneous,2,120.0,0,True
sub01,test,12,17,8.5244375,,,,,,True,,spontaneous,2,120.0,0,True
sub01,test,12,18,9.0244375,8.945625,16.0,-0.07881249999999973,-68.35090502907372,-78.81249999999973,False,0.0,spontaneous,2,120.0,0,True
sub01,test,12,19,9.5244375,9.3294375,17.0,-0.19500000000000028,-68.08777950680667,-195.00000000000028,False,0.0,spontaneous,2,120.0,0,True
sub01,test,12,20,10.0244375,10.1849375,19.0,0.16050000000000075,-64.50813145801165,160.50000000000074,False,1.0,spontaneous,2,120.0,0,True
sub01,test,12,21,10.5244375,,,,,,True,,spontaneous,2,120.0,0,True
sub01,test,12,22,11.0244375,10.937645833333333,20.0,-0.0867916666666666,-66.69543277109383,-86.7916666666666,False,0.0,spontaneous,2,120.0,0,True
sub01,test,12,23,11.5244375,11.625354166666666,21.0,0.10091666666666654,-69.58609068368453,100.91666666666654,False,0.0,spontaneous,2,120.0,0,True
sub01,test,12,24,12.0244375,12.106958333333333,22.0,0.0825208333333336,-64.36284020366793,82.5208333333336,False,1.0,spontaneous,2,120.0,0,True
sub01,test,12,25,12.5244375,12.423395833333334,23.0,-0.10104166666666536,-69.55525275954831,-101.04166666666536,False,0.0,spontaneous,2,120.0,0,True
sub01,test,12,26,13.0244375,12.914208333333333,24.0,-0.1102291666666666,-63.7977538454016,-110.2291666666666,False,1.0,spontaneous,2,120.0,0,True
sub01,test,12,27,13.5244375,13.530895833333334,26.0,0.006458333333334565,-67.0241832997505,6.458333333334565,False,0.0,spontaneous,2,120.0,0,True
sub01,test,12,28,14.0244375,14.0198125,28.0,-0.004624999999998991,-68.06703203730267,-4.624999999998991,False,0.0,spontaneous,2,120.0,0,True
sub01,test,12,29,14.5244375,,,,,,True,,spontaneous,2,120.0,0,True
sub01,test,12,30,15.0244375,14.926729166666666,29.0,-0.09770833333333329,-69.64121145480715,-97.70833333333329,False,0.0,spontaneous,2,120.0,0,True
sub01,test,12,31,15.5244375,15.4818125,30.0,-0.04262499999999925,-66.48962922899152,-42.62499999999925,False,0.0,spontaneous,2,120.0,0,True
sub01,test,12,32,16.0244375,,,,,,True,,spontaneous,2,120.0,0,True
sub01,test,12,33,16.5244375,16.501354166666665,31.0,-0.023083333333335787,-67.00469191716148,-23.083333333335787,False,0.0,spontaneous,2,120.0,0,True
sub01,test,12,34,17.0244375,16.942291666666666,32.0,-0.08214583333333536,-65.03012289682957,-82.14583333333536,False,1.0,spontaneous,2,120.0,0,True
sub01,test,12,35,17.5244375,17.417958333333335,33.0,-0.10647916666666646,-70.22341076913324,-106.47916666666646,False,0.0,spontaneous,2,120.0,0,True
sub01,test,12,36,18.0244375,17.8786875,34.0,-0.1457499999999996,-66.32111424086487,-145.7499999999996,False,1.0,spontaneous,2,120.0,0,True
sub01,test,12,37,18.5244375,18.4725,35.0,-0.05193750000000108,-63.85668713041043,-51.93750000000108,False,1.0,spontaneous,2,120.0,0,True
sub01,test,12,38,19.0244375,18.992333333333335,36.0,-0.0321041666666666,-66.0743321207895,-32.1041666666666,False,1.0,spontaneous,2,120.0,0,True
sub01,test,12,39,19.5244375,19.416979166666668,38.0,-0.10745833333333366,-70.44451577724212,-107.45833333333366,False,0.0,spontaneous,2,120.0,0,True
sub01,test,12,40,20.0244375,19.9088125,39.0,-0.11562500000000142,-65.8895394421204,-115.62500000000142,False,1.0,spontaneous,2,120.0,0,True
sub01,test,12,41,20.5244375,,,,,,True,,spontaneous,2,120.0,0,True
sub01,test,12,42,21.0244375,20.928520833333334,41.0,-0.09591666666666754,-67.20604909773365,-95.91666666666754,False,0.0,spontaneous,2,120.0,0,True
sub01,test,12,43,21.5244375,21.424,42.0,-0.10043750000000173,-67.5189713348591,-100.43750000000173,False,0.0,spontaneous,2,120.0,0,True
sub01,test,12,44,22.0244375,21.9309375,43.0,-0.09350000000000236,-63.58340874584589,-93.50000000000236,False,1.0,spontaneous,2,120.0,0,True
sub01,test,12,45,22.5244375,22.388083333333334,44.0,-0.136354166666667,-67.20281772711864,-136.354166666667,False,0.0,spontaneous,2,120.0,0,True
sub01,test,12,46,23.0244375,22.901854166666666,45.0,-0.12258333333333482,-66.31808071549901,-122.58333333333482,False,1.0,spontaneous,2,120.0,0,True
sub01,test,12,47,23.5244375,23.6661875,47.0,0.14174999999999827,-62.822774476475345,141.74999999999827,False,1.0,spontaneous,2,120.0,0,True
sub01,test,12,48,24.0244375,,,,,,True,,spontaneous,2,120.0,0,True
sub01,test,12,49,24.5244375,,,,,,True,,spontaneous,2,120.0,0,True
sub01,test,12,50,25.0244375,,,,,,True,,spontaneous,2,120.0,0,True
sub01,test,12,51,25.5244375,25.632375,52.0,0.10793749999999847,-70.58192515893408,107.93749999999847,False,0.0,spontaneous,2,120.0,0,True
sub01,test,12,52,26.0244375,26.093520833333333,53.0,0.06908333333333161,-66.90853924395074,69.08333333333161,False,0.0,spontaneous,2,120.0,0,True
sub01,test,12,53,26.5244375,26.523145833333334,55.0,-0.001291666666666913,-67.93555122711746,-1.291666666666913,False,0.0,spontaneous,2,120.0,0,True
sub01,test,12,54,27.0244375,27.014645833333333,56.0,-0.00979166666666842,-66.85353263582572,-9.79166666666842,False,0.0,spontaneous,2,120.0,0,True
sub01,test,12,55,27.5244375,27.515854166666667,57.0,-0.008583333333334053,-65.79489842518497,-8.583333333334053,False,1.0,spontaneous,2,120.0,0,True
sub01,test,12,56,28.0244375,27.971,58.0,-0.05343750000000114,-66.6442764825093,-53.43750000000114,False,0.0,spontaneous,2,120.0,0,True
sub01,test,12,57,28.5244375,28.468291666666666,59.0,-0.05614583333333556,-68.50762058968114,-56.14583333333556,False,0.0,spontaneous,2,120.0,0,True
sub01,test,12,58,29.0244375,28.9455625,62.0,-0.07887500000000003,-66.21697273123401,-78.87500000000003,False,1.0,spontaneous,2,120.0,0,True
sub01,test,12,59,29.5244375,29.438229166666666,64.0,-0.08620833333333522,-65.675834940416,-86.20833333333522,False,1.0,spontaneous,2,120.0,0,True
sub01,test,13,0,0.0244375,0.25845833333333335,0.0,0.23402083333333334,-60.00463805407,234.02083333333334,False,1.0,cued,2,100.0,14,True
sub01,test,13,1,0.6244375,0.6487708333333333,1.0,0.024333333333333318,-60.718402417036586,24.333333333333318,False,1.0,cued,2,100.0,14,True
sub01,test,13,2,1.2244375,1.1955,2.0,-0.02893750000000006,-56.14265029673291,-28.93750000000006,False,1.0,cued,2,100.0,14,True
sub01,test,13,3,1.8244375,1.7610833333333333,3.0,-0.0633541666666666,-61.8457180711951,-63.3541666666666,False,1.0,cued,2,100.0,14,True
sub01,test,13,4,2.4244375,2.274020833333333,4.0,-0.15041666666666664,-64.34382210325447,-150.41666666666663,False,0.0,cued,2,100.0,14,True
sub01,test,13,5,3.0244375,2.8998541666666666,5.0,-0.12458333333333327,-64.49662311470607,-124.58333333333327,False,0.0,cued,2,100.0,14,True
sub01,test,13,6,3.6244375,3.782979166666667,7.0,0.1585416666666668,-67.86985533575097,158.5416666666668,False,0.0,cued,2,100.0,14,True
sub01,test,13,7,4.2244375,,,,,,True,,cued,2,100.0,14,True
sub01,test,13,8,4.8244375,,,,,,True,,cued,2,100.0,14,True
sub01,test,13,9,5.4244375,5.343895833333334,11.0,-0.08054166666666607,-66.2217711018509,-80.54166666666606,False,0.0,cued,2,100.0,14,True
sub01,test,13,10,6.0244375,,,,,,True,,cued,2,100.0,14,True
sub01,test,13,11,6.6244375,6.770020833333334,15.0,0.14558333333333362,-62.611123957911026,145.58333333333363,False,1.0,cued,2,100.0,14,True
sub01,test,13,12,7.2244375,7.232166666666667,16.0,0.007729166666667453,-62.78937398348682,7.729166666667453,False,0.0,cued,2,100.0,14,True
sub01,test,13,13,7.8244375,7.662041666666667,17.0,-0.16239583333333307,-65.97331163487867,-162.3958333333331,False,0.0,cued,2,100.0,14,True
sub01,test,13,14,8.4244375,8.2593125,19.0,-0.16512499999999974,-52.24443353568837,-165.12499999999974,False,1.0,cued,2,100.0,14,True
sub01,test,13,15,9.0244375,9.189791666666666,21.0,0.1653541666666669,-61.56300070672004,165.3541666666669,False,1.0,cued,2,100.0,14,True
sub01,test,13,16,9.6244375,9.667145833333333,22.0,0.042708333333331794,-64.84455739226004,42.708333333331794,False,0.0,cued,2,100.0,14,True
sub01,test,13,17,10.2244375,10.1051875,23.0,-0.11925000000000097,-61.68383811601189,-119.25000000000097,False,1.0,cued,2,100.0,14,True
sub01,test,13,18,10.8244375,,,,,,True,,cued,2,100.0,14,True
sub01,test,13,19,11.4244375,11.538145833333333,25.0,0.1137083333333333,-65.53659973442515,113.7083333333333,False,0.0,cued,2,100.0,14,True
sub01,test,13,20,12.0244375,11.928291666666667,26.0,-0.09614583333333293,-63.03020419115569,-96.14583333333293,False,0.0,cued,2,100.0,14,True
sub01,test,13,21,12.6244375,12.855520833333333,27.0,0.23108333333333242,-69.6862612419128,231.0833333333324,False,0.0,cued,2,100.0,14,True
sub01,test,13,22,13.2244375,,,,,,True,,cued,2,100.0,14,True
sub01,test,13,23,13.8244375,13.763479166666666,28.0,-0.06095833333333367,-64.98388776320061,-60.95833333333367,False,0.0,cued,2,100.0,14,True
sub01,test,13,24,14.4244375,14.224541666666667,29.0,-0.19989583333333272,-65.35180213314922,-199.89583333333272,False,0.0,cued,2,100.0,14,True
sub01,test,13,25,15.0244375,14.920041666666666,30.0,-0.10439583333333324,-63.5641760747593,-104.39583333333324,False,0.0,cued,2,100.0,14,True
sub01,test,13,26,15.6244375,15.5580625,31.0,-0.06637500000000074,-64.50413683189976,-66.37500000000074,False,0.0,cued,2,100.0,14,True
sub01,test,13,27,16.2244375,16.243041666666667,32.0,0.01860416666666609,-65.34856710982113,18.60416666666609,False,0.0,cued,2,100.0,14,True
sub01,test,13,28,16.8244375,,,,,,True,,cued,2,100.0,14,True
sub01,test,13,29,17.4244375,17.4128125,33.0,-0.011624999999998664,-62.2571297227644,-11.624999999998664,False,1.0,cued,2,100.0,14,True
sub01,test,13,30,18.0244375,,,,,,True,,cued,2,100.0,14,True
sub01,test,13,31,18.6244375,,,,,,True,,cued,2,100.0,14,True
sub01,test,13,32,19.2244375,19.118729166666668,34.0,-0.1057083333333324,-61.91898738288848,-105.7083333333324,False,1.0,cued,2,100.0,14,True
sub01,test,13,33,19.8244375,19.718395833333332,35.0,-0.10604166666666615,-64.35864710241201,-106.04166666666615,False,0.0,cued,2,100.0,14,True
sub01,test,13,34,20.4244375,20.336479166666667,37.0,-0.08795833333333292,-60.81141014202312,-87.95833333333292,False,1.0,cued,2,100.0,14,True
sub01,test,13,35,21.0244375,20.893104166666667,38.0,-0.13133333333333397,-60.99548652183442,-131.33333333333397,False,1.0,cued,2,100.0,14,True
sub01,test,13,36,21.6244375,21.755,39.0,0.13056249999999991,-60.233186180603894,130.56249999999991,False,1.0,cued,2,100.0,14,True
sub01,test,13,37,22.2244375,22.226916666666668,41.0,0.002479166666667254,-59.644669988170726,2.479166666667254,False,1.0,cued,2,100.0,14,True
sub01,test,13,38,22.8244375,22.744625,42.0,-0.07981249999999918,-64.77984255854176,-79.81249999999918,False,0.0,cued,2,100.0,14,True
sub01,test,13,39,23.4244375,23.410604166666666,44.0,-0.013833333333334252,-63.09029162056362,-13.833333333334252,False,0.0,cued,2,100.0,14,True
sub01,test,13,40,24.0244375,,,,,,True,,cued,2,100.0,14,True
sub01,test,13,41,24.6244375,,,,,,True,,cued,2,100.0,14,True
sub01,test,13,42,25.2244375,,,,,,True,,cued,2,100.0,14,True
sub01,test,13,43,25.8244375,25.757125,45.0,-0.06731249999999989,-66.07628990612807,-67.31249999999989,False,0.0,cued,2,100.0,14,True
sub01,test,13,44,26.4244375,26.289979166666665,46.0,-0.13445833333333468,-60.09745076919572,-134.45833333333468,False,1.0,cued,2,100.0,14,True
sub01,test,13,45,27.0244375,26.856604166666667,47.0,-0.16783333333333417,-60.97789900162377,-167.83333333333417,False,1.0,cued,2,100.0,14,True
sub01,test,13,46,27.6244375,27.485854166666666,48.0,-0.13858333333333306,-62.31713016485407,-138.58333333333306,False,1.0,cued,2,100.0,14,True
sub01,test,13,47,28.2244375,28.087020833333334,49.0,-0.13741666666666674,-65.83862461076697,-137.41666666666674,False,0.0,cued,2,100.0,14,True
sub01,test,13,48,28.8244375,28.598270833333334,50.0,-0.22616666666666418,-60.835832410764525,-226.16666666666418,False,1.0,cued,2,100.0,14,True
sub01,test,13,49,29.4244375,29.3464375,52.0,-0.0779999999999994,-61.967079438524166,-77.9999999999994,False,1.0,cued,2,100.0,14,True
sub01,test,14,0,0.0244375,0.1859375,0.0,0.1615,-61.265920035445575,161.5,False,1.0,cued,3,104.0,12,True
sub01,test,14,1,0.6013541666666666,0.5988333333333333,1.0,-0.0025208333333333055,-63.91371873105349,-2.5208333333333055,False,1.0,cued,3,104.0,12,True
sub01,test,14,2,1.1782708333333334,1.060125,2.0,-0.1181458333333334,-65.88832935273386,-118.1458333333334,False,0.0,cued,3,104.0,12,True
sub01,test,14,3,1.7551875,1.5808333333333333,3.0,-0.1743541666666666,-62.52680770006503,-174.3541666666666,False,1.0,cued,3,104.0,12,True
sub01,test,14,4,2.332104166666667,2.1711458333333336,4.0,-0.16095833333333331,-65.56467041386938,-160.95833333333331,False,1.0,cued,3,104.0,12,True
sub01,test,14,5,2.9090208333333334,3.081958333333333,6.0,0.17293749999999974,-70.04602113056055,172.93749999999974,False,0.0,cued,3,104.0,12,True
sub01,test,14,6,3.4859375,,,,,,True,,cued,3,104.0,12,True
sub01,test,14,7,4.062854166666667,3.9985208333333335,8.0,-0.06433333333333335,-63.169417285578206,-64.33333333333336,False,1.0,cued,3,104.0,12,True
sub01,test,14,8,4.639770833333333,4.7065,11.0,0.06672916666666673,-65.88315525914345,66.72916666666673,False,1.0,cued,3,104.0,12,True
sub01,test,14,9,5.2166875,5.0398125,12.0,-0.1768749999999999,-66.41668562851778,-176.8749999999999,False,0.0,cued,3,104.0,12,True
sub01,test,14,10,5.793604166666666,5.892854166666667,14.0,0.0992500000000005,-68.26655460541458,99.25000000000051,False,0.0,cued,3,104.0,12,True
sub01,test,14,11,6.370520833333333,6.2988125,16.0,-0.0717083333333326,-66.73193890628423,-71.7083333333326,False,0.0,cued,3,104.0,12,True
sub01,test,14,12,6.9474375,6.9366875,18.0,-0.010750000000000703,-67.70838406376842,-10.750000000000703,False,0.0,cued,3,104.0,12,True
sub01,test,14,13,7.524354166666667,,,,,,True,,cued,3,104.0,12,True
sub01,test,14,14,8.101270833333333,,,,,,True,,cued,3,104.0,12,True
sub01,test,14,15,8.6781875,,,,,,True,,cued,3,104.0,12,True
sub01,test,14,16,9.255104166666667,9.0951875,19.0,-0.1599166666666676,-67.79944759582007,-159.9166666666676,False,0.0,cued,3,104.0,12,True
sub01,test,14,17,9.832020833333333,9.6395,20.0,-0.19252083333333303,-68.3896396563066,-192.52083333333303,False,0.0,cued,3,104.0,12,True
sub01,test,14,18,10.4089375,,,,,,True,,cued,3,104.0,12,True
sub01,test,14,19,10.985854166666666,11.0656875,23.0,0.0798333333333332,-62.41422957731405,79.8333333333332,False,1.0,cued,3,104.0,12,True
sub01,test,14,20,11.562770833333333,,,,,,True,,cued,3,104.0,12,True
sub01,test,14,21,12.1396875,12.232645833333333,25.0,0.09295833333333192,-60.95306215929698,92.95833333333192,False,1.0,cued,3,104.0,12,True
sub01,test,14,22,12.716604166666666,12.827083333333333,26.0,0.11047916666666602,-63.98994042477212,110.47916666666602,False,1.0,cued,3,104.0,12,True
sub01,test,14,23,13.293520833333334,,,,,,True,,cued,3,104.0,12,True
sub01,test,14,24,13.8704375,13.912020833333333,27.0,0.04158333333333353,-67.66109948113746,41.58333333333353,False,0.0,cued,3,104.0,12,True
sub01,test,14,25,14.447354166666667,14.414520833333333,28.0,-0.03283333333333438,-69.21963866498773,-32.83333333333438,False,0.0,cued,3,104.0,12,True
sub01,test,14,26,15.024270833333333,14.9359375,29.0,-0.08833333333333293,-59.24185042196447,-88.33333333333293,False,1.0,cued,3,104.0,12,True
sub01,test,14,27,15.6011875,15.520666666666667,31.0,-0.08052083333333293,-65.22656396168989,-80.52083333333293,False,1.0,cued,3,104.0,12,True
sub01,test,14,28,16.178104166666667,16.075708333333335,32.0,-0.10239583333333258,-65.07036003746349,-102.39583333333258,False,1.0,cued,3,104.0,12,True
sub01,test,14,29,16.755020833333333,16.613208333333333,33.0,-0.14181250000000034,-64.56148594813614,-141.81250000000034,False,1.0,cued,3,104.0,12,True
sub01,test,14,30,17.3319375,17.427729166666666,35.0,0.09579166666666694,-46.84598407405463,95.79166666666694,False,1.0,cued,3,104.0,12,True
sub01,test,14,31,17.908854166666668,17.821770833333332,37.0,-0.08708333333333584,-50.55589456978915,-87.08333333333584,False,1.0,cued,3,104.0,12,True
sub01,test,14,32,18.485770833333333,18.361583333333332,40.0,-0.12418750000000145,-63.0949805345838,-124.18750000000145,False,1.0,cued,3,104.0,12,True
sub01,test,14,33,19.0626875,18.943375,41.0,-0.11931249999999949,-66.98638153829792,-119.31249999999949,False,0.0,cued,3,104.0,12,True
sub01,test,14,34,19.63960416666667,,,,,,True,,cued,3,104.0,12,True
sub01,test,14,35,20.216520833333334,19.999,42.0,-0.21752083333333516,-70.14812926218853,-217.52083333333516,False,0.0,cued,3,104.0,12,True
sub01,test,14,36,20.7934375,,,,,,True,,cued,3,104.0,12,True
sub01,test,14,37,21.370354166666665,,,,,,True,,cued,3,104.0,12,True
sub01,test,14,38,21.947270833333334,21.7355,45.0,-0.21177083333333613,-65.47456233678516,-211.77083333333613,False,1.0,cued,3,104.0,12,True
sub01,test,14,39,22.5241875,22.325375,46.0,-0.19881249999999895,-65.40431195056604,-198.81249999999895,False,1.0,cued,3,104.0,12,True
sub01,test,14,40,23.101104166666666,22.902666666666665,47.0,-0.1984375000000007,-68.48411928474411,-198.4375000000007,False,0.0,cued,3,104.0,12,True
sub01,test,14,41,23.678020833333335,,,,,,True,,cued,3,104.0,12,True
sub01,test,14,42,24.2549375,,,,,,True,,cued,3,104.0,12,True
sub01,test,14,43,24.831854166666666,24.895458333333334,49.0,0.0636041666666678,-70.90438764469737,63.604166666667794,False,0.0,cued,3,104.0,12,True
sub01,test,14,44,25.40877083333333,25.4446875,51.0,0.03591666666666882,-71.03244373066023,35.91666666666882,False,0.0,cued,3,104.0,12,True
sub01,test,14,45,25.9856875,,,,,,True,,cued,3,104.0,12,True
sub01,test,14,46,26.562604166666667,26.372854166666666,54.0,-0.18975000000000009,-68.3125707827281,-189.75000000000009,False,0.0,cued,3,104.0,12,True
sub01,test,14,47,27.139520833333332,27.3636875,56.0,0.22416666666666885,-69.4689489402054,224.16666666666885,False,0.0,cued,3,104.0,12,True
sub01,test,14,48,27.7164375,27.860833333333332,57.0,0.14439583333333061,-68.55796961227074,144.39583333333061,False,0.0,cued,3,104.0,12,True
sub01,test,14,49,28.293354166666667,28.4726875,59.0,0.17933333333333223,-64.97629275034743,179.33333333333223,False,1.0,cued,3,104.0,12,True
sub01,test,14,50,28.870270833333333,29.03725,60.0,0.16697916666666757,-66.73732914055223,166.97916666666757,False,0.0,cued,3,104.0,12,True
sub01,test,14,51,29.4471875,,,,,,True,,cued,3,104.0,12,True
sub01,test,15,0,0.0244375,0.1131875,0.0,0.08875,-62.37366524072361,88.75,False,1.0,spontaneous,3,104.0,0,True
sub01,test,15,1,0.6013541666666666,0.5187291666666667,1.0,-0.08262499999999995,-63.61031153497414,-82.62499999999994,False,1.0,spontaneous,3,104.0,0,True
sub01,test,15,2,1.1782708333333334,1.1738958333333334,3.0,-0.004375000000000018,-68.32235134770609,-4.375000000000018,False,0.0,spontaneous,3,104.0,0,True
sub01,test,15,3,1.7551875,1.8769375,5.0,0.12175000000000002,-67.3286443406265,121.75000000000003,False,0.0,spontaneous,3,104.0,0,True
sub01,test,15,4,2.332104166666667,,,,,,True,,spontaneous,3,104.0,0,True
sub01,test,15,5,2.9090208333333334,2.7045208333333335,7.0,-0.2044999999999999,-66.92778325646103,-204.49999999999991,False,0.0,spontaneous,3,104.0,0,True
sub01,test,15,6,3.4859375,3.647875,9.0,0.16193750000000007,-64.902801831435,161.93750000000006,False,0.0,spontaneous,3,104.0,0,True
sub01,test,15,7,4.062854166666667,4.092041666666667,10.0,0.029187499999999922,-64.19972160351735,29.187499999999922,False,0.0,spontaneous,3,104.0,0,True
sub01,test,15,8,4.639770833333333,4.5479375,11.0,-0.09183333333333366,-61.59732088854444,-91.83333333333366,False,1.0,spontaneous,3,104.0,0,True
sub01,test,15,9,5.2166875,5.044895833333333,12.0,-0.17179166666666656,-63.42250852843036,-171.79166666666657,False,1.0,spontaneous,3,104.0,0,True
sub01,test,15,10,5.793604166666666,5.9918125,14.0,0.19820833333333354,-62.36734839452886,198.20833333333354,False,1.0,spontaneous,3,104.0,0,True
sub01,test,15,11,6.370520833333333,6.392833333333333,15.0,0.022312499999999957,-62.676980952804044,22.312499999999957,False,1.0,spontaneous,3,104.0,0,True
sub01,test,15,12,6.9474375,6.85275,16.0,-0.09468750000000004,-61.680238033594776,-94.68750000000003,False,1.0,spontaneous,3,104.0,0,True
sub01,test,15,13,7.524354166666667,7.4163125,17.0,-0.10804166666666681,-61.200654549616075,-108.04166666666681,False,1.0,spontaneous,3,104.0,0,True
sub01,test,15,14,8.101270833333333,8.121895833333333,20.0,0.02062500000000078,-58.33491036925225,20.62500000000078,False,1.0,spontaneous,3,104.0,0,True
sub01,test,15,15,8.6781875,8.601208333333334,21.0,-0.07697916666666593,-63.41198907822844,-76.97916666666593,False,1.0,spontaneous,3,104.0,0,True
sub01,test,15,16,9.255104166666667,9.031625,22.0,-0.22347916666666734,-65.3148201384157,-223.47916666666734,False,0.0,spontaneous,3,104.0,0,True
sub01,test,15,17,9.832020833333333,,,,,,True,,spontaneous,3,104.0,0,True
sub01,test,15,18,10.4089375,,,,,,True,,spontaneous,3,104.0,0,True
sub01,test,15,19,10.985854166666666,11.1896875,25.0,0.20383333333333375,-64.21714715577663,203.83333333333377,False,0.0,spontaneous,3,104.0,0,True
sub01,test,15,20,11.562770833333333,11.482979166666667,26.0,-0.07979166666666693,-63.68852036631359,-79.79166666666693,False,1.0,spontaneous,3,104.0,0,True
sub01,test,15,21,12.1396875,12.063020833333333,28.0,-0.07666666666666799,-63.94084699096531,-76.666666666668,False,0.0,spontaneous,3,104.0,0,True
sub01,test,15,22,12.716604166666666,12.6530625,30.0,-0.06354166666666572,-60.27142318925121,-63.54166666666572,False,1.0,spontaneous,3,104.0,0,True
sub01,test,15,23,13.293520833333334,13.217770833333333,31.0,-0.0757500000000011,-64.32624730637025,-75.7500000000011,False,0.0,spontaneous,3,104.0,0,True
sub01,test,15,24,13.8704375,13.756791666666667,32.0,-0.113645833333333,-61.86971035145444,-113.645833333333,False,1.0,spontaneous,3,104.0,0,True
sub01,test,15,25,14.447354166666667,14.340958333333333,33.0,-0.10639583333333391,-64.11233429434414,-106.39583333333391,False,0.0,spontaneous,3,104.0,0,True
sub01,test,15,26,15.024270833333333,14.840791666666666,34.0,-0.18347916666666642,-57.72393432458358,-183.4791666666664,False,1.0,spontaneous,3,104.0,0,True
sub01,test,15,27,15.6011875,15.499729166666667,35.0,-0.10145833333333343,-61.890821345276585,-101.45833333333343,False,1.0,spontaneous,3,104.0,0,True
sub01,test,15,28,16.178104166666667,,,,,,True,,spontaneous,3,104.0,0,True
sub01,test,15,29,16.755020833333333,16.643833333333333,36.0,-0.11118749999999977,-69.44849185736675,-111.18749999999977,False,0.0,spontaneous,3,104.0,0,True
sub01,test,15,30,17.3319375,17.214895833333333,37.0,-0.11704166666666538,-61.78197118501348,-117.04166666666538,False,1.0,spontaneous,3,104.0,0,True
sub01,test,15,31,17.908854166666668,17.782375,38.0,-0.12647916666666958,-63.01395941107665,-126.47916666666958,False,1.0,spontaneous,3,104.0,0,True
sub01,test,15,32,18.485770833333333,18.2830625,39.0,-0.2027083333333337,-64.73368428186309,-202.7083333333337,False,0.0,spontaneous,3,104.0,0,True
sub01,test,15,33,19.0626875,,,,,,True,,spontaneous,3,104.0,0,True
sub01,test,15,34,19.63960416666667,19.4416875,41.0,-0.19791666666666785,-61.8913556239073,-197.91666666666785,False,1.0,spontaneous,3,104.0,0,True
sub01,test,15,35,20.216520833333334,20.133645833333333,42.0,-0.08287500000000136,-65.81491087394467,-82.87500000000136,False,0.0,spontaneous,3,104.0,0,True
sub01,test,15,36,20.7934375,20.789958333333335,43.0,-0.0034791666666649235,-63.7480565169963,-3.4791666666649235,False,0.0,spontaneous,3,104.0,0,True
sub01,test,15,37,21.370354166666665,,,,,,True,,spontaneous,3,104.0,0,True
sub01,test,15,38,21.947270833333334,21.7858125,45.0,-0.1614583333333357,-61.58607188598157,-161.4583333333357,False,1.0,spontaneous,3,104.0,0,True
sub01,test,15,39,22.5241875,22.428895833333332,46.0,-0.0952916666666681,-67.72212690949789,-95.2916666666681,False,0.0,spontaneous,3,104.0,0,True
sub01,test,15,40,23.101104166666666,22.940208333333334,47.0,-0.16089583333333124,-71.36145500609962,-160.89583333333124,False,0.0,spontaneous,3,104.0,0,True
sub01,test,15,41,23.678020833333335,,,,,,True,,spontaneous,3,104.0,0,True
sub01,test,15,42,24.2549375,,,,,,True,,spontaneous,3,104.0,0,True
sub01,test,15,43,24.831854166666666,,,,,,True,,spontaneous,3,104.0,0,True
sub01,test,15,44,25.40877083333333,,,,,,True,,spontaneous,3,104.0,0,True
sub01,test,15,45,25.9856875,,,,,,True,,spontaneous,3,104.0,0,True
sub01,test,15,46,26.562604166666667,26.3875625,53.0,-0.1750416666666652,-62.94460761045813,-175.0416666666652,False,1.0,spontaneous,3,104.0,0,True
sub01,test,15,47,27.139520833333332,26.97925,54.0,-0.1602708333333318,-65.20325039589211,-160.2708333333318,False,0.0,spontaneous,3,104.0,0,True
sub01,test,15,48,27.7164375,27.815458333333332,56.0,0.09902083333333067,-71.46982319566177,99.02083333333067,False,0.0,spontaneous,3,104.0,0,True
sub01,test,15,49,28.293354166666667,28.0874375,57.0,-0.20591666666666697,-65.66352389653517,-205.91666666666697,False,0.0,spontaneous,3,104.0,0,True
sub01,test,15,50,28.870270833333333,28.650020833333333,58.0,-0.22025000000000006,-69.47942520843215,-220.25000000000006,False,0.0,spontaneous,3,104.0,0,True
sub01,test,15,51,29.4471875,29.2279375,59.0,-0.21924999999999883,-63.92104311451818,-219.24999999999883,False,0.0,spontaneous,3,104.0,0,True
sub01,test,16,0,0.0244375,0.23066666666666666,0.0,0.20622916666666666,-64.5605867363076,206.22916666666666,False,1.0,cued,3,112.0,16,True
sub01,test,16,1,0.5601458333333333,0.6361666666666667,1.0,0.07602083333333332,-64.96566084724716,76.02083333333331,False,1.0,cued,3,112.0,16,True
sub01,test,16,2,1.0958541666666666,1.05725,3.0,-0.03860416666666655,-63.786407492061805,-38.60416666666655,False,1.0,cued,3,112.0,16,True
sub01,test,16,3,1.6315625,1.4965,4.0,-0.13506250000000009,-62.60961763354321,-135.06250000000009,False,1.0,cued,3,112.0,16,True
sub01,test,16,4,2.1672708333333333,2.1198125,7.0,-0.04745833333333316,-71.67267235468152,-47.45833333333316,False,0.0,cued,3,112.0,16,True
sub01,test,16,5,2.7029791666666667,2.7613333333333334,9.0,0.05835416666666671,-69.00995260414041,58.35416666666671,False,0.0,cued,3,112.0,16,True
sub01,test,16,6,3.2386875,,,,,,True,,cued,3,112.0,16,True
sub01,test,16,7,3.774395833333333,3.6237291666666667,11.0,-0.1506666666666665,-68.1658411495124,-150.66666666666652,False,0.0,cued,3,112.0,16,True
sub01,test,16,8,4.310104166666667,,,,,,True,,cued,3,112.0,16,True
sub01,test,16,9,4.8458125,,,,,,True,,cued,3,112.0,16,True
sub01,test,16,10,5.381520833333333,5.420229166666667,16.0,0.03870833333333401,-68.86518097124912,38.70833333333401,False,0.0,cued,3,112.0,16,True
sub01,test,16,11,5.917229166666667,6.083083333333334,18.0,0.16585416666666664,-69.04689496381336,165.85416666666663,False,0.0,cued,3,112.0,16,True
sub01,test,16,12,6.4529375,6.627125,19.0,0.17418750000000038,-68.32813925053851,174.1875000000004,False,0.0,cued,3,112.0,16,True
sub01,test,16,13,6.988645833333333,7.0405625,21.0,0.051916666666667055,-69.37096521392688,51.916666666667055,False,0.0,cued,3,112.0,16,True
sub01,test,16,14,7.524354166666667,7.511625,23.0,-0.012729166666666458,-63.492623021369,-12.729166666666458,False,1.0,cued,3,112.0,16,True
sub01,test,16,15,8.0600625,8.002333333333333,25.0,-0.057729166666668164,-65.81558635470991,-57.72916666666816,False,1.0,cued,3,112.0,16,True
sub01,test,16,16,8.595770833333333,8.695104166666667,27.0,0.09933333333333394,-64.60306660032535,99.33333333333394,False,1.0,cued,3,112.0,16,True
sub01,test,16,17,9.131479166666667,,,,,,True,,cued,3,112.0,16,True
sub01,test,16,18,9.6671875,9.855333333333334,30.0,0.18814583333333346,-67.04349271406615,188.14583333333346,False,0.0,cued,3,112.0,16,True
sub01,test,16,19,10.202895833333333,10.234625,31.0,0.031729166666666586,-63.617018644246315,31.729166666666586,False,1.0,cued,3,112.0,16,True
sub01,test,16,20,10.738604166666667,10.594791666666667,32.0,-0.14381249999999923,-65.88498480568646,-143.81249999999923,False,1.0,cued,3,112.0,16,True
sub01,test,16,21,11.2743125,11.435125,33.0,0.1608124999999987,-68.7608297485278,160.8124999999987,False,0.0,cued,3,112.0,16,True
sub01,test,16,22,11.810020833333333,11.890166666666667,34.0,0.08014583333333469,-67.94306630117089,80.14583333333469,False,0.0,cued,3,112.0,16,True
sub01,test,16,23,12.345729166666667,12.2701875,35.0,-0.07554166666666617,-64.86361581777885,-75.54166666666617,False,1.0,cued,3,112.0,16,True
sub01,test,16,24,12.8814375,13.028625,37.0,0.14718749999999936,-69.32092713876432,147.18749999999937,False,0.0,cued,3,112.0,16,True
sub01,test,16,25,13.417145833333333,13.411083333333334,38.0,-0.0060624999999987494,-67.0928560543272,-6.0624999999987494,False,0.0,cued,3,112.0,16,True
sub01,test,16,26,13.952854166666667,13.855291666666666,40.0,-0.09756250000000044,-65.87059077786405,-97.56250000000044,False,1.0,cued,3,112.0,16,True
sub01,test,16,27,14.4885625,14.3704375,41.0,-0.11812500000000092,-70.86184180292196,-118.12500000000092,False,0.0,cued,3,112.0,16,True
sub01,test,16,28,15.024270833333333,15.0536875,42.0,0.02941666666666798,-62.7148911593427,29.41666666666798,False,1.0,cued,3,112.0,16,True
sub01,test,16,29,15.559979166666666,15.467875,43.0,-0.0921041666666671,-66.37612349614328,-92.1041666666671,False,0.0,cued,3,112.0,16,True
sub01,test,16,30,16.0956875,16.19925,44.0,0.10356249999999889,-70.04046086735141,103.56249999999889,False,0.0,cued,3,112.0,16,True
sub01,test,16,31,16.631395833333332,16.8291875,45.0,0.19779166666666725,-62.620120909311495,197.79166666666725,False,1.0,cued,3,112.0,16,True
sub01,test,16,32,17.167104166666668,17.280645833333335,46.0,0.11354166666666643,-67.45208195071865,113.54166666666643,False,0.0,cued,3,112.0,16,True
sub01,test,16,33,17.7028125,17.715,47.0,0.012187499999999574,-66.63234680638655,12.187499999999574,False,0.0,cued,3,112.0,16,True
sub01,test,16,34,18.238520833333332,18.204916666666666,48.0,-0.03360416666666666,-64.99705819849902,-33.60416666666666,False,1.0,cued,3,112.0,16,True
sub01,test,16,35,18.774229166666668,18.723375,50.0,-0.05085416666666731,-62.67949489924778,-50.85416666666731,False,1.0,cued,3,112.0,16,True
sub01,test,16,36,19.3099375,19.252395833333335,51.0,-0.05754166666666549,-66.33113077367393,-57.54166666666549,False,1.0,cued,3,112.0,16,True
sub01,test,16,37,19.845645833333332,19.765375,52.0,-0.08027083333333351,-64.59182129974926,-80.27083333333351,False,1.0,cued,3,112.0,16,True
sub01,test,16,38,20.381354166666668,20.229166666666668,53.0,-0.15218750000000014,-68.01138083641415,-152.18750000000014,False,0.0,cued,3,112.0,16,True
sub01,test,16,39,20.9170625,20.794958333333334,54.0,-0.12210416666666646,-66.33424591442667,-122.10416666666646,False,0.0,cued,3,112.0,16,True
sub01,test,16,40,21.452770833333332,21.4238125,55.0,-0.028958333333331865,-74.12024061371496,-28.958333333331865,False,0.0,cued,3,112.0,16,True
sub01,test,16,41,21.988479166666668,21.835229166666668,56.0,-0.1532499999999999,-67.76734622008378,-153.2499999999999,False,0.0,cued,3,112.0,16,True
sub01,test,16,42,22.5241875,22.5286875,57.0,0.0045000000000001705,-69.20349908249976,4.5000000000001705,False,0.0,cued,3,112.0,16,True
sub01,test,16,43,23.059895833333332,22.936833333333333,58.0,-0.12306249999999963,-69.88871537634681,-123.06249999999963,False,0.0,cued,3,112.0,16,True
sub01,test,16,44,23.595604166666668,,,,,,True,,cued,3,112.0,16,True
sub01,test,16,45,24.1313125,,,,,,True,,cued,3,112.0,16,True
sub01,test,16,46,24.667020833333332,24.536208333333335,60.0,-0.13081249999999756,-65.65319771577333,-130.81249999999756,False,1.0,cued,3,112.0,16,True
sub01,test,16,47,25.202729166666668,25.04325,61.0,-0.15947916666666728,-64.95727114873685,-159.47916666666728,False,1.0,cued,3,112.0,16,True
sub01,test,16,48,25.7384375,,,,,,True,,cued,3,112.0,16,True
sub01,test,16,49,26.274145833333332,,,,,,True,,cued,3,112.0,16,True
sub01,test,16,50,26.809854166666668,26.802604166666665,65.0,-0.007250000000002643,-66.57231962176562,-7.250000000002643,False,0.0,cued,3,112.0,16,True
sub01,test,16,51,27.3455625,27.518041666666665,67.0,0.1724791666666654,-63.597309093407866,172.4791666666654,False,1.0,cued,3,112.0,16,True
sub01,test,16,52,27.881270833333332,,,,,,True,,cued,3,112.0,16,True
sub01,test,16,53,28.416979166666668,28.6263125,69.0,0.20933333333333337,-63.3430629496022,209.33333333333337,False,1.0,cued,3,112.0,16,True
sub01,test,16,54,28.9526875,29.156604166666668,70.0,0.20391666666666808,-63.74405729130725,203.91666666666808,False,1.0,cued,3,112.0,16,True
sub01,test,16,55,29.488395833333332,29.6715625,71.0,0.18316666666666848,-61.63242941114152,183.16666666666848,False,1.0,cued,3,112.0,16,True
sub01,test,17,0,0.0244375,0.044583333333333336,0.0,0.020145833333333335,-60.205053828674735,20.145833333333336,False,1.0,spontaneous,2,112.0,0,True
sub01,test,17,1,0.5601458333333333,0.6428541666666666,2.0,0.08270833333333327,-61.20799675468177,82.70833333333327,False,1.0,spontaneous,2,112.0,0,True
sub01,test,17,2,1.0958541666666666,1.0739375,3.0,-0.021916666666666584,-65.45986419088437,-21.916666666666586,False,0.0,spontaneous,2,112.0,0,True
sub01,test,17,3,1.6315625,1.5241458333333333,4.0,-0.10741666666666672,-62.85374037268512,-107.41666666666671,False,1.0,spontaneous,2,112.0,0,True
sub01,test,17,4,2.1672708333333333,2.0065833333333334,5.0,-0.16068749999999987,-62.33766038150064,-160.6874999999999,False,1.0,spontaneous,2,112.0,0,True
sub01,test,17,5,2.7029791666666667,2.558125,6.0,-0.14485416666666673,-68.76615451147799,-144.85416666666674,False,0.0,spontaneous,2,112.0,0,True
sub01,test,17,6,3.2386875,3.097770833333333,7.0,-0.14091666666666702,-62.24111005257049,-140.91666666666703,False,1.0,spontaneous,2,112.0,0,True
sub01,test,17,7,3.774395833333333,3.6114166666666665,8.0,-0.16297916666666667,-61.35134397138867,-162.97916666666669,False,1.0,spontaneous,2,112.0,0,True
sub01,test,17,8,4.310104166666667,4.485229166666667,10.0,0.17512499999999953,-64.856864510029,175.12499999999955,False,1.0,spontaneous,2,112.0,0,True
sub01,test,17,9,4.8458125,4.683666666666666,11.0,-0.16214583333333366,-63.42389193819283,-162.14583333333366,False,1.0,spontaneous,2,112.0,0,True
sub01,test,17,10,5.381520833333333,5.211416666666667,12.0,-0.1701041666666665,-66.99434611692499,-170.10416666666652,False,0.0,spontaneous,2,112.0,0,True
sub01,test,17,11,5.917229166666667,5.819083333333333,13.0,-0.0981458333333336,-64.35663980793566,-98.1458333333336,False,1.0,spontaneous,2,112.0,0,True
sub01,test,17,12,6.4529375,6.2761875,15.0,-0.17675000000000018,-64.76892210526819,-176.75000000000017,False,1.0,spontaneous,2,112.0,0,True
sub01,test,17,13,6.988645833333333,6.791041666666667,16.0,-0.19760416666666636,-65.6215364006092,-197.60416666666634,False,0.0,spontaneous,2,112.0,0,True
sub01,test,17,14,7.524354166666667,7.658354166666666,18.0,0.13399999999999945,-64.1509511729634,133.99999999999946,False,1.0,spontaneous,2,112.0,0,True
sub01,test,17,15,8.0600625,8.1424375,19.0,0.08237499999999898,-69.33968154592571,82.37499999999898,False,0.0,spontaneous,2,112.0,0,True
sub01,test,17,16,8.595770833333333,8.5251875,20.0,-0.07058333333333344,-67.65842813168044,-70.58333333333344,False,0.0,spontaneous,2,112.0,0,True
sub01,test,17,17,9.131479166666667,,,,,,True,,spontaneous,2,112.0,0,True
sub01,test,17,18,9.6671875,9.536520833333332,21.0,-0.13066666666666826,-60.51087906211628,-130.66666666666828,False,1.0,spontaneous,2,112.0,0,True
sub01,test,17,19,10.202895833333333,10.045020833333334,22.0,-0.15787499999999888,-61.765200119504975,-157.87499999999886,False,1.0,spontaneous,2,112.0,0,True
sub01,test,17,20,10.738604166666667,10.605708333333334,23.0,-0.13289583333333255,-67.62661651111038,-132.89583333333255,False,0.0,spontaneous,2,112.0,0,True
sub01,test,17,21,11.2743125,,,,,,True,,spontaneous,2,112.0,0,True
sub01,test,17,22,11.810020833333333,11.676708333333334,26.0,-0.13331249999999883,-69.48368765263635,-133.31249999999883,False,0.0,spontaneous,2,112.0,0,True
sub01,test,17,23,12.345729166666667,12.327770833333334,28.0,-0.017958333333332632,-66.79198812367123,-17.958333333332632,False,0.0,spontaneous,2,112.0,0,True
sub01,test,17,24,12.8814375,12.776479166666666,29.0,-0.10495833333333415,-64.97869602810187,-104.95833333333415,False,0.0,spontaneous,2,112.0,0,True
sub01,test,17,25,13.417145833333333,13.519416666666666,31.0,0.10227083333333375,-68.49268632867867,102.27083333333375,False,0.0,spontaneous,2,112.0,0,True
sub01,test,17,26,13.952854166666667,14.0345,33.0,0.08164583333333297,-65.727532892111,81.64583333333297,False,0.0,spontaneous,2,112.0,0,True
sub01,test,17,27,14.4885625,14.38625,34.0,-0.10231250000000003,-63.68022075636653,-102.31250000000003,False,1.0,spontaneous,2,112.0,0,True
sub01,test,17,28,15.024270833333333,14.953708333333333,35.0,-0.07056249999999942,-62.631849788373096,-70.56249999999942,False,1.0,spontaneous,2,112.0,0,True
sub01,test,17,29,15.559979166666666,15.396354166666667,36.0,-0.1636249999999997,-64.02828267311895,-163.6249999999997,False,1.0,spontaneous,2,112.0,0,True
sub01,test,17,30,16.0956875,15.917229166666667,37.0,-0.17845833333333339,-72.05104266797754,-178.45833333333337,False,0.0,spontaneous,2,112.0,0,True
sub01,test,17,31,16.631395833333332,16.7756875,39.0,0.1442916666666676,-68.61360113896582,144.2916666666676,False,0.0,spontaneous,2,112.0,0,True
sub01,test,17,32,17.167104166666668,17.263125,40.0,0.09602083333333056,-63.077938323604826,96.02083333333056,False,1.0,spontaneous,2,112.0,0,True
sub01,test,17,33,17.7028125,17.686583333333335,41.0,-0.016229166666665407,-66.79150521697808,-16.229166666665407,False,0.0,spontaneous,2,112.0,0,True
sub01,test,17,34,18.238520833333332,18.269979166666666,42.0,0.031458333333333144,-67.7059320075695,31.458333333333144,False,0.0,spontaneous,2,112.0,0,True
sub01,test,17,35,18.774229166666668,18.769666666666666,43.0,-0.004562500000002245,-64.02995175508065,-4.562500000002245,False,1.0,spontaneous,2,112.0,0,True
sub01,test,17,36,19.3099375,19.2929375,44.0,-0.01699999999999946,-63.59286712502688,-16.99999999999946,False,1.0,spontaneous,2,112.0,0,True
sub01,test,17,37,19.845645833333332,19.780416666666667,45.0,-0.0652291666666649,-64.94011867611155,-65.2291666666649,False,0.0,spontaneous,2,112.0,0,True
sub01,test,17,38,20.381354166666668,20.267416666666666,46.0,-0.11393750000000225,-65.2821101906843,-113.93750000000225,False,0.0,spontaneous,2,112.0,0,True
sub01,test,17,39,20.9170625,20.806854166666668,47.0,-0.11020833333333258,-63.23519574375979,-110.20833333333258,False,1.0,spontaneous,2,112.0,0,True
sub01,test,17,40,21.452770833333332,21.304604166666667,49.0,-0.14816666666666478,-61.68539839015953,-148.16666666666478,False,1.0,spontaneous,2,112.0,0,True
sub01,test,17,41,21.988479166666668,21.912729166666665,51.0,-0.07575000000000287,-72.8331547056984,-75.75000000000287,False,0.0,spontaneous,2,112.0,0,True
sub01,test,17,42,22.5241875,22.698104166666667,54.0,0.17391666666666694,-65.18433187894753,173.91666666666694,False,0.0,spontaneous,2,112.0,0,True
sub01,test,17,43,23.059895833333332,23.125625,56.0,0.06572916666666728,-67.14080918994486,65.72916666666728,False,0.0,spontaneous,2,112.0,0,True
sub01,test,17,44,23.595604166666668,23.608041666666665,58.0,0.012437499999997215,-64.14148690111209,12.437499999997215,False,1.0,spontaneous,2,112.0,0,True
sub01,test,17,45,24.1313125,23.972916666666666,59.0,-0.1583958333333335,-65.66859789104537,-158.3958333333335,False,0.0,spontaneous,2,112.0,0,True
sub01,test,17,46,24.667020833333332,24.5063125,60.0,-0.16070833333333212,-62.773029636623434,-160.70833333333212,False,1.0,spontaneous,2,112.0,0,True
sub01,test,17,47,25.202729166666668,25.047458333333335,61.0,-0.1552708333333328,-63.443647355930935,-155.2708333333328,False,1.0,spontaneous,2,112.0,0,True
sub01,test,17,48,25.7384375,25.593583333333335,62.0,-0.14485416666666495,-64.74152729110243,-144.85416666666495,False,1.0,spontaneous,2,112.0,0,True
sub01,test,17,49,26.274145833333332,26.177479166666668,63.0,-0.09666666666666401,-67.744026135794,-96.66666666666401,False,0.0,spontaneous,2,112.0,0,True
sub01,test,17,50,26.809854166666668,26.697916666666668,64.0,-0.1119374999999998,-63.4769453385842,-111.9374999999998,False,1.0,spontaneous,2,112.0,0,True
sub01,test,17,51,27.3455625,27.352666666666668,65.0,0.0071041666666680214,-69.04373869962006,7.104166666668021,False,0.0,spontaneous,2,112.0,0,True
sub01,test,17,52,27.881270833333332,27.822458333333334,66.0,-0.05881249999999838,-64.17605850358734,-58.81249999999838,False,1.0,spontaneous,2,112.0,0,True
sub01,test,17,53,28.416979166666668,28.386395833333335,67.0,-0.03058333333333252,-72.68330685518734,-30.58333333333252,False,0.0,spontaneous,2,112.0,0,True
sub01,test,17,54,28.9526875,29.025020833333333,69.0,0.07233333333333292,-69.79230260705822,72.33333333333292,False,0.0,spontaneous,2,112.0,0,True
sub01,test,17,55,29.488395833333332,29.371166666666667,70.0,-0.1172291666666645,-67.61790864863677,-117.2291666666645,False,0.0,spontaneous,2,112.0,0,True
sub01,test,18,0,0.0244375,,,,,,True,,cued,3,112.0,18,True
sub01,test,18,1,0.5601458333333333,0.7386875,1.0,0.1785416666666667,-68.84758921231236,178.5416666666667,False,0.0,cued,3,112.0,18,True
sub01,test,18,2,1.0958541666666666,1.1858958333333334,3.0,0.0900416666666668,-64.32619406055724,90.0416666666668,False,0.0,cued,3,112.0,18,True
sub01,test,18,3,1.6315625,1.627875,4.0,-0.0036875000000000657,-68.30564345587582,-3.6875000000000657,False,0.0,cued,3,112.0,18,True
sub01,test,18,4,2.1672708333333333,2.0960625,5.0,-0.07120833333333332,-64.01573784457723,-71.20833333333331,False,1.0,cued,3,112.0,18,True
sub01,test,18,5,2.7029791666666667,2.5644791666666666,6.0,-0.13850000000000007,-63.77332318786297,-138.50000000000006,False,1.0,cued,3,112.0,18,True
sub01,test,18,6,3.2386875,3.0891458333333333,7.0,-0.1495416666666669,-66.43838981885635,-149.5416666666669,False,0.0,cued,3,112.0,18,True
sub01,test,18,7,3.774395833333333,3.6821458333333332,8.0,-0.09224999999999994,-66.40482435152245,-92.24999999999994,False,0.0,cued,3,112.0,18,True
sub01,test,18,8,4.310104166666667,4.172479166666666,9.0,-0.13762500000000077,-65.21564818390783,-137.62500000000077,False,0.0,cued,3,112.0,18,True
sub01,test,18,9,4.8458125,4.684166666666667,10.0,-0.16164583333333304,-63.52796499664051,-161.64583333333303,False,1.0,cued,3,112.0,18,True
sub01,test,18,10,5.381520833333333,5.244208333333333,11.0,-0.13731250000000017,-61.561234122204866,-137.31250000000017,False,1.0,cued,3,112.0,18,True
sub01,test,18,11,5.917229166666667,6.106375,13.0,0.1891458333333329,-67.25211172899884,189.14583333333292,False,0.0,cued,3,112.0,18,True
sub01,test,18,12,6.4529375,6.5795,14.0,0.12656250000000036,-62.36492184818415,126.56250000000036,False,1.0,cued,3,112.0,18,True
sub01,test,18,13,6.988645833333333,7.025333333333333,15.0,0.036687500000000206,-63.507533271621185,36.687500000000206,False,1.0,cued,3,112.0,18,True
sub01,test,18,14,7.524354166666667,7.394770833333333,16.0,-0.1295833333333336,-64.23671300923671,-129.5833333333336,False,1.0,cued,3,112.0,18,True
sub01,test,18,15,8.0600625,8.149583333333334,18.0,0.08952083333333327,-65.74241820760707,89.52083333333327,False,0.0,cued,3,112.0,18,True
sub01,test,18,16,8.595770833333333,8.643416666666667,19.0,0.04764583333333405,-63.72206918160583,47.64583333333405,False,1.0,cued,3,112.0,18,True
sub01,test,18,17,9.131479166666667,9.079291666666666,21.0,-0.0521875000000005,-68.35840455200521,-52.1875000000005,False,0.0,cued,3,112.0,18,True
sub01,test,18,18,9.6671875,9.484145833333333,22.0,-0.18304166666666788,-64.24245343456639,-183.04166666666788,False,1.0,cued,3,112.0,18,True
sub01,test,18,19,10.202895833333333,,,,,,True,,cued,3,112.0,18,True
sub01,test,18,20,10.738604166666667,10.7355625,24.0,-0.003041666666666387,-66.37741613589543,-3.041666666666387,False,0.0,cued,3,112.0,18,True
sub01,test,18,21,11.2743125,11.159395833333333,25.0,-0.11491666666666767,-63.308003636567165,-114.91666666666767,False,1.0,cued,3,112.0,18,True
sub01,test,18,22,11.810020833333333,11.926666666666666,27.0,0.11664583333333312,-65.59521577599594,116.64583333333312,False,0.0,cued,3,112.0,18,True
sub01,test,18,23,12.345729166666667,12.361333333333333,28.0,0.015604166666665975,-62.67128270766973,15.604166666665975,False,1.0,cued,3,112.0,18,True
sub01,test,18,24,12.8814375,12.7055,29.0,-0.17593749999999986,-62.99099125727042,-175.93749999999986,False,1.0,cued,3,112.0,18,True
sub01,test,18,25,13.417145833333333,13.530770833333333,31.0,0.11362500000000075,-61.58494317493664,113.62500000000075,False,1.0,cued,3,112.0,18,True
sub01,test,18,26,13.952854166666667,13.855979166666666,32.0,-0.09687500000000071,-64.41905743378446,-96.87500000000071,False,0.0,cued,3,112.0,18,True
sub01,test,18,27,14.4885625,14.670583333333333,34.0,0.18202083333333263,-61.682095875147375,182.02083333333263,False,1.0,cued,3,112.0,18,True
sub01,test,18,28,15.024270833333333,15.010770833333334,35.0,-0.013499999999998735,-63.90686268105562,-13.499999999998735,False,1.0,cued,3,112.0,18,True
sub01,test,18,29,15.559979166666666,15.420520833333333,36.0,-0.13945833333333368,-69.3104666690681,-139.45833333333368,False,0.0,cued,3,112.0,18,True
sub01,test,18,30,16.0956875,16.178916666666666,38.0,0.08322916666666558,-66.9773816350694,83.22916666666558,False,0.0,cued,3,112.0,18,True
sub01,test,18,31,16.631395833333332,16.542270833333333,39.0,-0.08912499999999923,-62.77734010928104,-89.12499999999923,False,1.0,cued,3,112.0,18,True
sub01,test,18,32,17.167104166666668,17.030625,40.0,-0.1364791666666676,-62.69554196902363,-136.4791666666676,False,1.0,cued,3,112.0,18,True
sub01,test,18,33,17.7028125,,,,,,True,,cued,3,112.0,18,True
sub01,test,18,34,18.238520833333332,18.111916666666666,42.0,-0.12660416666666663,-67.0341323406364,-126.60416666666663,False,0.0,cued,3,112.0,18,True
sub01,test,18,35,18.774229166666668,18.8369375,44.0,0.06270833333333314,-65.20300834500904,62.708333333333144,False,0.0,cued,3,112.0,18,True
sub01,test,18,36,19.3099375,19.29,45.0,-0.01993750000000105,-62.699540953650896,-19.93750000000105,False,1.0,cued,3,112.0,18,True
sub01,test,18,37,19.845645833333332,19.8355,47.0,-0.010145833333332632,-63.26561046799015,-10.145833333332632,False,1.0,cued,3,112.0,18,True
sub01,test,18,38,20.381354166666668,20.433979166666667,49.0,0.052624999999999034,-65.09197154094164,52.624999999999034,False,0.0,cued,3,112.0,18,True
sub01,test,18,39,20.9170625,20.872354166666668,50.0,-0.04470833333333246,-64.29614151914919,-44.70833333333246,False,1.0,cued,3,112.0,18,True
sub01,test,18,40,21.452770833333332,21.4050625,51.0,-0.047708333333332575,-62.07250450405127,-47.708333333332575,False,1.0,cued,3,112.0,18,True
sub01,test,18,41,21.988479166666668,21.9068125,52.0,-0.081666666666667,-57.02352121954611,-81.666666666667,False,1.0,cued,3,112.0,18,True
sub01,test,18,42,22.5241875,22.4370625,53.0,-0.08712500000000034,-64.1517551414521,-87.12500000000034,False,1.0,cued,3,112.0,18,True
sub01,test,18,43,23.059895833333332,22.9460625,54.0,-0.11383333333333212,-66.00110579952846,-113.83333333333212,False,0.0,cued,3,112.0,18,True
sub01,test,18,44,23.595604166666668,23.531833333333335,55.0,-0.06377083333333289,-64.89901700839285,-63.77083333333289,False,0.0,cued,3,112.0,18,True
sub01,test,18,45,24.1313125,24.0755,56.0,-0.055812499999998266,-63.73286318464114,-55.812499999998266,False,1.0,cued,3,112.0,18,True
sub01,test,18,46,24.667020833333332,24.5753125,58.0,-0.09170833333333306,-64.53703355969196,-91.70833333333306,False,0.0,cued,3,112.0,18,True
sub01,test,18,47,25.202729166666668,25.153333333333332,59.0,-0.049395833333335304,-63.80781311087199,-49.395833333335304,False,1.0,cued,3,112.0,18,True
sub01,test,18,48,25.7384375,25.577729166666668,60.0,-0.16070833333333212,-66.44447942037652,-160.70833333333212,False,0.0,cued,3,112.0,18,True
sub01,test,18,49,26.274145833333332,26.30216666666667,61.0,0.02802083333333627,-60.8660506027403,28.02083333333627,False,1.0,cued,3,112.0,18,True
sub01,test,18,50,26.809854166666668,26.745854166666668,62.0,-0.06400000000000006,-65.10003494124537,-64.00000000000006,False,0.0,cued,3,112.0,18,True
sub01,test,18,51,27.3455625,,,,,,True,,cued,3,112.0,18,True
sub01,test,18,52,27.881270833333332,27.765833333333333,64.0,-0.11543749999999875,-69.79755391792293,-115.43749999999875,False,0.0,cued,3,112.0,18,True
sub01,test,18,53,28.416979166666668,28.4409375,66.0,0.02395833333333286,-69.55165424022324,23.95833333333286,False,0.0,cued,3,112.0,18,True
sub01,test,18,54,28.9526875,28.81125,67.0,-0.14143749999999855,-65.04207979854945,-141.43749999999855,False,0.0,cued,3,112.0,18,True
sub01,test,18,55,29.488395833333332,29.656333333333333,69.0,0.16793750000000074,-66.11919911492504,167.93750000000074,False,0.0,cued,3,112.0,18,True
sub01,test,19,0,0.0244375,0.23125,0.0,0.2068125,-63.64134976180378,206.8125,False,1.0,cued,2,100.0,18,True
sub01,test,19,1,0.6244375,0.6359166666666667,1.0,0.011479166666666707,-65.28938629769837,11.479166666666707,False,1.0,cued,2,100.0,18,True
sub01,test,19,2,1.2244375,1.3403333333333334,3.0,0.11589583333333331,-66.75631984515128,115.89583333333331,False,0.0,cued,2,100.0,18,True
sub01,test,19,3,1.8244375,1.63325,4.0,-0.19118749999999984,-67.36044952392328,-191.18749999999983,False,0.0,cued,2,100.0,18,True
sub01,test,19,4,2.4244375,,,,,,True,,cued,2,100.0,18,True
sub01,test,19,5,3.0244375,2.9659583333333335,7.0,-0.058479166666666416,-69.54466800066375,-58.479166666666416,False,0.0,cued,2,100.0,18,True
sub01,test,19,6,3.6244375,3.7981458333333333,9.0,0.17370833333333335,-65.1752871102013,173.70833333333334,False,1.0,cued,2,100.0,18,True
sub01,test,19,7,4.2244375,4.292791666666667,10.0,0.06835416666666738,-68.74325486968118,68.35416666666738,False,0.0,cued,2,100.0,18,True
sub01,test,19,8,4.8244375,4.723020833333333,11.0,-0.10141666666666715,-66.69023884918333,-101.41666666666715,False,0.0,cued,2,100.0,18,True
sub01,test,19,9,5.4244375,,,,,,True,,cued,2,100.0,18,True
sub01,test,19,10,6.0244375,5.936125,13.0,-0.08831250000000068,-66.41626706173555,-88.31250000000068,False,1.0,cued,2,100.0,18,True
sub01,test,19,11,6.6244375,6.654375,15.0,0.02993749999999995,-67.78410891121558,29.93749999999995,False,0.0,cued,2,100.0,18,True
sub01,test,19,12,7.2244375,7.392166666666666,17.0,0.1677291666666667,-68.59218113984794,167.7291666666667,False,0.0,cued,2,100.0,18,True
sub01,test,19,13,7.8244375,7.686916666666667,18.0,-0.13752083333333331,-66.58891037784942,-137.52083333333331,False,1.0,cued,2,100.0,18,True
sub01,test,19,14,8.4244375,8.46725,19.0,0.04281250000000014,-67.0592757120051,42.81250000000014,False,0.0,cued,2,100.0,18,True
sub01,test,19,15,9.0244375,9.236604166666666,20.0,0.21216666666666661,-67.80476498605152,212.16666666666663,False,0.0,cued,2,100.0,18,True
sub01,test,19,16,9.6244375,9.5464375,21.0,-0.07800000000000118,-69.64861359539654,-78.00000000000118,False,0.0,cued,2,100.0,18,True
sub01,test,19,17,10.2244375,10.1234375,24.0,-0.10100000000000087,-65.20750625517391,-101.00000000000087,False,1.0,cued,2,100.0,18,True
sub01,test,19,18,10.8244375,10.7801875,26.0,-0.0442499999999999,-67.0473760276111,-44.2499999999999,False,0.0,cued,2,100.0,18,True
sub01,test,19,19,11.4244375,11.598083333333333,27.0,0.1736458333333335,-72.66562824919093,173.64583333333348,False,0.0,cued,2,100.0,18,True
sub01,test,19,20,12.0244375,12.206770833333334,29.0,0.18233333333333412,-63.70822668724881,182.3333333333341,False,1.0,cued,2,100.0,18,True
sub01,test,19,21,12.6244375,12.554645833333334,30.0,-0.06979166666666714,-68.10321462102598,-69.79166666666714,False,0.0,cued,2,100.0,18,True
sub01,test,19,22,13.2244375,13.133645833333333,31.0,-0.09079166666666794,-66.88844714309216,-90.79166666666794,False,0.0,cued,2,100.0,18,True
sub01,test,19,23,13.8244375,,,,,,True,,cued,2,100.0,18,True
sub01,test,19,24,14.4244375,14.2023125,33.0,-0.22212500000000013,-66.27006402458892,-222.1250000000001,False,1.0,cued,2,100.0,18,True
sub01,test,19,25,15.0244375,15.2019375,34.0,0.1775000000000002,-66.78026229881617,177.50000000000023,False,0.0,cued,2,100.0,18,True
sub01,test,19,26,15.6244375,15.507,35.0,-0.1174375000000012,-70.67030060890124,-117.4375000000012,False,0.0,cued,2,100.0,18,True
sub01,test,19,27,16.2244375,,,,,,True,,cued,2,100.0,18,True
sub01,test,19,28,16.8244375,16.725354166666666,36.0,-0.09908333333333275,-65.72389982993538,-99.08333333333275,False,1.0,cued,2,100.0,18,True
sub01,test,19,29,17.4244375,17.470145833333333,38.0,0.045708333333333684,-65.81361536193027,45.708333333333684,False,1.0,cued,2,100.0,18,True
sub01,test,19,30,18.0244375,17.868625,39.0,-0.1558124999999997,-67.12238095607464,-155.8124999999997,False,0.0,cued,2,100.0,18,True
sub01,test,19,31,18.6244375,18.832020833333335,40.0,0.20758333333333567,-66.82730248587302,207.58333333333567,False,0.0,cued,2,100.0,18,True
sub01,test,19,32,19.2244375,19.359958333333335,41.0,0.13552083333333442,-64.9845778956302,135.52083333333442,False,1.0,cued,2,100.0,18,True
sub01,test,19,33,19.8244375,19.916916666666665,42.0,0.09247916666666711,-68.22591039283294,92.47916666666711,False,0.0,cued,2,100.0,18,True
sub01,test,19,34,20.4244375,20.451270833333332,43.0,0.026833333333332376,-67.3551602175973,26.833333333332376,False,0.0,cued,2,100.0,18,True
sub01,test,19,35,21.0244375,20.974145833333335,44.0,-0.0502916666666664,-64.63005593852021,-50.2916666666664,False,1.0,cued,2,100.0,18,True
sub01,test,19,36,21.6244375,21.696729166666668,46.0,0.07229166666666842,-67.56387631047863,72.29166666666842,False,0.0,cued,2,100.0,18,True
sub01,test,19,37,22.2244375,22.087145833333334,47.0,-0.13729166666666615,-66.91506406502349,-137.29166666666615,False,0.0,cued,2,100.0,18,True
sub01,test,19,38,22.8244375,22.786520833333334,48.0,-0.037916666666664156,-62.961105573966194,-37.916666666664156,False,1.0,cued,2,100.0,18,True
sub01,test,19,39,23.4244375,23.370854166666668,49.0,-0.053583333333332206,-67.68565817870505,-53.583333333332206,False,0.0,cued,2,100.0,18,True
sub01,test,19,40,24.0244375,23.983416666666667,50.0,-0.041020833333334394,-66.15876690410106,-41.020833333334394,False,1.0,cued,2,100.0,18,True
sub01,test,19,41,24.6244375,24.61675,52.0,-0.007687499999999403,-62.11583125891694,-7.687499999999403,False,1.0,cued,2,100.0,18,True
sub01,test,19,42,25.2244375,25.173520833333335,53.0,-0.05091666666666583,-59.79422307302407,-50.91666666666583,False,1.0,cued,2,100.0,18,True
sub01,test,19,43,25.8244375,25.767729166666665,54.0,-0.056708333333332916,-58.34849277198298,-56.70833333333292,False,1.0,cued,2,100.0,18,True
sub01,test,19,44,26.4244375,26.360458333333334,55.0,-0.06397916666666603,-59.38185572829768,-63.97916666666603,False,1.0,cued,2,100.0,18,True
sub01,test,19,45,27.0244375,26.968895833333335,56.0,-0.0555416666666666,-59.46740054623809,-55.5416666666666,False,1.0,cued,2,100.0,18,True
sub01,test,19,46,27.6244375,27.5195625,58.0,-0.10487499999999983,-63.36320853928595,-104.87499999999983,False,1.0,cued,2,100.0,18,True
sub01,test,19,47,28.2244375,28.064229166666667,59.0,-0.16020833333333329,-63.22427032234461,-160.2083333333333,False,1.0,cued,2,100.0,18,True
sub01,test,19,48,28.8244375,28.6684375,60.0,-0.1559999999999988,-64.89630162743299,-155.9999999999988,False,1.0,cued,2,100.0,18,True
sub01,test,19,49,29.4244375,29.317125,62.0,-0.10731249999999903,-61.78898811056008,-107.31249999999903,False,1.0,cued,2,100.0,18,True
sub01,test,20,0,0.0244375,0.15858333333333333,0.0,0.13414583333333333,-62.50491058447495,134.14583333333331,False,0.0,cued,2,116.0,12,False
sub01,test,20,1,0.5416875,0.5675833333333333,1.0,0.02589583333333334,-59.688859916270985,25.89583333333334,False,1.0,cued,2,116.0,12,False
sub01,test,20,2,1.0589375,1.0256875,2.0,-0.03325,-55.166865068595435,-33.25,False,1.0,cued,2,116.0,12,False
sub01,test,20,3,1.5761875,1.4543125,3.0,-0.12187500000000018,-58.37323337295845,-121.87500000000017,False,1.0,cued,2,116.0,12,False
sub01,test,20,4,2.0934375,1.9542083333333333,4.0,-0.13922916666666652,-56.742357100395395,-139.22916666666652,False,1.0,cued,2,116.0,12,False
sub01,test,20,5,2.6106875,2.4662291666666665,5.0,-0.14445833333333358,-65.33173748221377,-144.45833333333357,False,0.0,cued,2,116.0,12,False
sub01,test,20,6,3.1279375,2.9444166666666667,6.0,-0.18352083333333313,-61.74686809383445,-183.52083333333314,False,0.0,cued,2,116.0,12,False
sub01,test,20,7,3.6451875,3.7050833333333335,8.0,0.05989583333333348,-59.72360765812092,59.895833333333485,False,1.0,cued,2,116.0,12,False
sub01,test,20,8,4.1624375,4.121708333333333,9.0,-0.04072916666666693,-59.3463599645619,-40.72916666666693,False,1.0,cued,2,116.0,12,False
sub01,test,20,9,4.6796875,4.502270833333333,10.0,-0.17741666666666678,-64.01825965436929,-177.41666666666677,False,0.0,cued,2,116.0,12,False
sub01,test,20,10,5.1969375,5.3955,12.0,0.19856250000000042,-62.28563354505908,198.56250000000043,False,0.0,cued,2,116.0,12,False
sub01,test,20,11,5.7141875,5.7000625,13.0,-0.014125000000000831,-63.011441180500896,-14.125000000000831,False,0.0,cued,2,116.0,12,False
sub01,test,20,12,6.2314375,6.061375,14.0,-0.17006250000000023,-59.055541154973234,-170.06250000000023,False,1.0,cued,2,116.0,12,False
sub01,test,20,13,6.7486875,6.836520833333333,16.0,0.08783333333333321,-59.51868188739017,87.8333333333332,False,1.0,cued,2,116.0,12,False
sub01,test,20,14,7.2659375,7.204979166666667,17.0,-0.06095833333333278,-67.57924321065076,-60.95833333333278,False,0.0,cued,2,116.0,12,False
sub01,test,20,15,7.7831875,7.586,18.0,-0.19718750000000007,-61.74520526109164,-197.18750000000006,False,0.0,cued,2,116.0,12,False
sub01,test,20,16,8.3004375,8.341166666666666,20.0,0.04072916666666693,-65.06751808074594,40.72916666666693,False,0.0,cued,2,116.0,12,False
sub01,test,20,17,8.8176875,8.689541666666667,21.0,-0.12814583333333296,-63.38771764865541,-128.14583333333297,False,0.0,cued,2,116.0,12,False
sub01,test,20,18,9.3349375,9.361229166666666,23.0,0.026291666666665492,-64.98406455393035,26.291666666665492,False,0.0,cued,2,116.0,12,False
sub01,test,20,19,9.8521875,10.015375,25.0,0.16318750000000115,-63.615010030356316,163.18750000000114,False,0.0,cued,2,116.0,12,False
sub01,test,20,20,10.3694375,10.370958333333334,26.0,0.0015208333333340818,-62.52447142226156,1.5208333333340818,False,0.0,cued,2,116.0,12,False
sub01,test,20,21,10.8866875,10.737041666666666,27.0,-0.14964583333333437,-65.15730908959225,-149.64583333333437,False,0.0,cued,2,116.0,12,False
sub01,test,20,22,11.4039375,,,,,,True,,cued,2,116.0,12,False
sub01,test,20,23,11.9211875,11.812729166666667,29.0,-0.1084583333333331,-65.1534703172055,-108.4583333333331,False,0.0,cued,2,116.0,12,False
sub01,test,20,24,12.4384375,12.472354166666667,31.0,0.03391666666666815,-62.10375936012936,33.91666666666815,False,0.0,cued,2,116.0,12,False
sub01,test,20,25,12.9556875,13.0393125,32.0,0.08362499999999962,-61.30255887488609,83.62499999999962,False,0.0,cued,2,116.0,12,False
sub01,test,20,26,13.4729375,13.473833333333333,33.0,0.0008958333333328738,-63.25434082372672,0.8958333333328738,False,0.0,cued,2,116.0,12,False
sub01,test,20,27,13.9901875,13.959145833333332,34.0,-0.031041666666666856,-62.00151763769714,-31.041666666666856,False,0.0,cued,2,116.0,12,False
sub01,test,20,28,14.5074375,14.461145833333333,35.0,-0.04629166666666684,-60.37047443309624,-46.29166666666684,False,1.0,cued,2,116.0,12,False
sub01,test,20,29,15.0246875,14.969895833333334,36.0,-0.05479166666666657,-59.65826666529576,-54.79166666666657,False,1.0,cued,2,116.0,12,False
sub01,test,20,30,15.5419375,15.462229166666667,37.0,-0.0797083333333326,-60.2390052834121,-79.7083333333326,False,1.0,cued,2,116.0,12,False
sub01,test,20,31,16.0591875,16.014375,38.0,-0.044812499999999034,-59.40791989602498,-44.812499999999034,False,1.0,cued,2,116.0,12,False
sub01,test,20,32,16.5764375,16.506354166666668,39.0,-0.07008333333333283,-57.787839447313374,-70.08333333333283,False,1.0,cued,2,116.0,12,False
sub01,test,20,33,17.0936875,17.075479166666668,40.0,-0.018208333333333826,-63.368079946210884,-18.208333333333826,False,0.0,cued,2,116.0,12,False
sub01,test,20,34,17.6109375,17.504020833333332,41.0,-0.10691666666666677,-64.77005853781353,-106.91666666666677,False,0.0,cued,2,116.0,12,False
sub01,test,20,35,18.1281875,,,,,,True,,cued,2,116.0,12,False
sub01,test,20,36,18.6454375,18.733708333333333,43.0,0.08827083333333263,-60.40430609320238,88.27083333333263,False,1.0,cued,2,116.0,12,False
sub01,test,20,37,19.1626875,19.1626875,44.0,0.0,-59.19272872943679,0.0,False,1.0,cued,2,116.0,12,False
sub01,test,20,38,19.6799375,19.615166666666667,45.0,-0.06477083333333411,-63.89003854521462,-64.77083333333411,False,0.0,cued,2,116.0,12,False
sub01,test,20,39,20.1971875,,,,,,True,,cued,2,116.0,12,False
sub01,test,20,40,20.7144375,20.64816666666667,46.0,-0.06627083333333061,-64.27648698685707,-66.27083333333061,False,0.0,cued,2,116.0,12,False
sub01,test,20,41,21.2316875,21.181125,47.0,-0.05056249999999807,-60.34221910396645,-50.56249999999807,False,1.0,cued,2,116.0,12,False
sub01,test,20,42,21.7489375,21.716541666666668,50.0,-0.03239583333333229,-51.63664014854369,-32.39583333333229,False,1.0,cued,2,116.0,12,False
sub01,test,20,43,22.2661875,22.209395833333332,51.0,-0.056791666666669016,-60.99180022440172,-56.791666666669016,False,1.0,cued,2,116.0,12,False
sub01,test,20,44,22.7834375,22.709833333333332,52.0,-0.07360416666666936,-57.13027255488669,-73.60416666666936,False,1.0,cued,2,116.0,12,False
sub01,test,20,45,23.3006875,23.206416666666666,54.0,-0.09427083333333286,-57.37209481479845,-94.27083333333286,False,1.0,cued,2,116.0,12,False
sub01,test,20,46,23.8179375,23.806416666666667,56.0,-0.011520833333332092,-63.61244090830831,-11.520833333332092,False,0.0,cued,2,116.0,12,False
sub01,test,20,47,24.3351875,24.268354166666665,58.0,-0.06683333333333508,-61.05947929625282,-66.83333333333508,False,0.0,cued,2,116.0,12,False
sub01,test,20,48,24.8524375,24.790041666666667,60.0,-0.06239583333333343,-64.73956129406156,-62.39583333333343,False,0.0,cued,2,116.0,12,False
sub01,test,20,49,25.3696875,25.332854166666667,61.0,-0.03683333333333394,-58.339079406317936,-36.83333333333394,False,1.0,cued,2,116.0,12,False
sub01,test,20,50,25.8869375,25.860875,62.0,-0.026062499999998323,-57.647147331938385,-26.062499999998323,False,1.0,cued,2,116.0,12,False
sub01,test,20,51,26.4041875,26.459520833333332,65.0,0.055333333333333456,-58.61128708265135,55.33333333333346,False,1.0,cued,2,116.0,12,False
sub01,test,20,52,26.9214375,26.893854166666667,67.0,-0.027583333333332405,-57.968651419188404,-27.583333333332405,False,1.0,cued,2,116.0,12,False
sub01,test,20,53,27.4386875,27.394208333333335,68.0,-0.04447916666666529,-61.65820618332275,-44.47916666666529,False,0.0,cued,2,116.0,12,False
sub01,test,20,54,27.9559375,27.864375,69.0,-0.09156250000000199,-57.520177411579795,-91.56250000000199,False,1.0,cued,2,116.0,12,False
sub01,test,20,55,28.4731875,28.486958333333334,72.0,0.013770833333332178,-50.58317957206471,13.770833333332178,False,1.0,cued,2,116.0,12,False
sub01,test,20,56,28.9904375,28.940458333333332,73.0,-0.049979166666666686,-58.17299482185609,-49.979166666666686,False,1.0,cued,2,116.0,12,False
