subject,phase,trial,condition,meter,bpm,switch_time,tap_idx,tap_time_s,peak_amp,rms_db
sub05,test,1,cued,2,120.0,12,0,2.2527083333333335,0.04150390625,-39.99648526728375
sub05,test,1,cued,2,120.0,12,1,2.3527916666666666,0.001312255859375,-58.928834866066865
sub05,test,1,cued,2,120.0,12,2,2.67925,0.010467529296875,-49.9411872563571
sub05,test,1,cued,2,120.0,12,3,3.2117708333333335,0.00689697265625,-52.7752384982774
sub05,test,1,cued,2,120.0,12,4,4.1790416666666665,0.04510498046875,-39.521203823296105
sub05,test,1,cued,2,120.0,12,5,4.296333333333333,0.001495361328125,-57.307443594003146
sub05,test,1,cued,2,120.0,12,6,4.705854166666667,0.018829345703125,-46.029173401754505
sub05,test,1,cued,2,120.0,12,7,4.806208333333333,0.00140380859375,-58.09602624178707
sub05,test,1,cued,2,120.0,12,8,5.2031875,0.026611328125,-42.84132786089685
sub05,test,1,cued,2,120.0,12,9,5.338895833333333,0.001312255859375,-58.61693002835043
sub05,test,1,cued,2,120.0,12,10,5.720375,0.007232666015625,-52.69672740206495
sub05,test,1,cued,2,120.0,12,11,6.1765625,0.049560546875,-39.03559075889194
sub05,test,1,cued,2,120.0,12,12,6.292833333333333,0.00091552734375,-63.152998242168856
sub05,test,1,cued,2,120.0,12,13,6.684666666666667,0.004486083984375,-56.0814410428027
sub05,test,1,cued,2,120.0,12,14,7.2065625,0.03179931640625,-41.50633476039154
sub05,test,1,cued,2,120.0,12,15,7.729958333333333,0.002655029296875,-59.9453442145994
sub05,test,1,cued,2,120.0,12,16,8.162520833333334,0.03741455078125,-41.36147115720181
sub05,test,1,cued,2,120.0,12,17,8.6826875,0.003936767578125,-56.6909255647057
sub05,test,1,cued,2,120.0,12,18,9.169375,0.040374755859375,-40.64317429095827
sub05,test,1,cued,2,120.0,12,19,10.161354166666667,0.0247802734375,-43.47490700102717
sub05,test,1,cued,2,120.0,12,20,10.706166666666666,0.004852294921875,-55.94249393870746
sub05,test,1,cued,2,120.0,12,21,11.179958333333333,0.04119873046875,-40.79499427530307
sub05,test,1,cued,2,120.0,12,22,11.662958333333334,0.006439208984375,-53.97795685357221
sub05,test,1,cued,2,120.0,12,23,12.1918125,0.0313720703125,-42.624239467102754
sub05,test,1,cued,2,120.0,12,24,12.7046875,0.005279541015625,-55.9188146879345
sub05,test,1,cued,2,120.0,12,25,12.883,0.000946044921875,-62.28106716894831
sub05,test,1,cued,2,120.0,12,26,13.214895833333333,0.025787353515625,-43.73262324118691
sub05,test,1,cued,2,120.0,12,27,14.194354166666667,0.031585693359375,-42.26961300352446
sub05,test,1,cued,2,120.0,12,28,14.680125,0.00860595703125,-51.15139789323909
sub05,test,1,cued,2,120.0,12,29,15.2586875,0.0166015625,-46.41437270397938
sub05,test,1,cued,2,120.0,12,30,16.258854166666666,0.023406982421875,-43.89487803547533
sub05,test,1,cued,2,120.0,12,31,16.865270833333334,0.009033203125,-51.688092086873276
sub05,test,1,cued,2,120.0,12,32,18.583083333333335,0.000946044921875,-77.08910423674038
sub05,test,1,cued,2,120.0,12,33,22.17525,0.0283203125,-42.243953667877385
sub05,test,1,cued,2,120.0,12,34,22.30925,0.0010986328125,-60.959895279313805
sub05,test,1,cued,2,120.0,12,35,22.649625,0.01336669921875,-47.74782365854751
sub05,test,1,cued,2,120.0,12,36,23.160291666666666,0.010223388671875,-50.41994518733688
sub05,test,1,cued,2,120.0,12,37,23.266270833333333,0.001617431640625,-59.14573065159765
sub05,test,1,cued,2,120.0,12,38,23.410104166666667,0.001922607421875,-66.46242862872103
sub05,test,1,cued,2,120.0,12,39,23.686166666666665,0.05841064453125,-37.667088202578014
sub05,test,1,cued,2,120.0,12,40,23.844208333333334,0.001007080078125,-61.260483811059316
sub05,test,1,cued,2,120.0,12,41,24.138479166666666,0.008056640625,-52.784294163152516
sub05,test,1,cued,2,120.0,12,42,24.6760625,0.0096435546875,-50.77042664239581
sub05,test,1,cued,2,120.0,12,43,24.8169375,0.002288818359375,-62.581137503462195
sub05,test,1,cued,2,120.0,12,44,25.1560625,0.05950927734375,-37.6482110723498
sub05,test,1,cued,2,120.0,12,45,25.314333333333334,0.00091552734375,-63.98120716384148
sub05,test,1,cued,2,120.0,12,46,25.669395833333333,0.01104736328125,-50.76183938881834
sub05,test,1,cued,2,120.0,12,47,26.135208333333335,0.015167236328125,-47.841106714246365
sub05,test,1,cued,2,120.0,12,48,26.628104166666667,0.037567138671875,-41.16579749211171
sub05,test,1,cued,2,120.0,12,49,27.152895833333332,0.00677490234375,-53.263038190304634
sub05,test,1,cued,2,120.0,12,50,27.667,0.014373779296875,-47.847011293448816
sub05,test,1,cued,2,120.0,12,51,27.774166666666666,0.0009765625,-61.97599990626803
sub05,test,1,cued,2,120.0,12,52,28.0026875,0.001953125,-69.0961591573496
sub05,test,1,cued,2,120.0,12,53,28.163958333333333,0.02716064453125,-43.46503379621009
sub05,test,1,cued,2,120.0,12,54,28.299520833333332,0.00103759765625,-62.147211618194085
sub05,test,1,cued,2,120.0,12,55,28.65525,0.0135498046875,-47.509575105957424
sub05,test,1,cued,2,120.0,12,56,29.15522916666667,0.01959228515625,-44.7949860506321
sub05,test,1,cued,2,120.0,12,57,29.2595625,0.001068115234375,-60.84649276899752
sub05,test,1,cued,2,120.0,12,58,29.667895833333333,0.050048828125,-39.25065066544621
sub05,test,2,cued,2,100.0,18,0,2.6392708333333332,0.053985595703125,-38.35734437035734
sub05,test,2,cued,2,100.0,18,1,2.753645833333333,0.001190185546875,-59.15623223619232
sub05,test,2,cued,2,100.0,18,2,3.1596041666666665,0.007415771484375,-52.45449004466784
sub05,test,2,cued,2,100.0,18,3,3.7478333333333333,0.0477294921875,-39.718370279007786
sub05,test,2,cued,2,100.0,18,4,3.89175,0.000823974609375,-63.04654402930693
sub05,test,2,cued,2,100.0,18,5,4.3285625,0.006378173828125,-53.963200668560496
sub05,test,2,cued,2,100.0,18,6,4.941125,0.039031982421875,-41.18298310605297
sub05,test,2,cued,2,100.0,18,7,5.557916666666666,0.00726318359375,-52.66697283832457
sub05,test,2,cued,2,100.0,18,8,6.159458333333333,0.0419921875,-40.28889722503952
sub05,test,2,cued,2,100.0,18,9,6.781104166666666,0.013153076171875,-47.7650691788977
sub05,test,2,cued,2,100.0,18,10,7.390958333333334,0.036529541015625,-41.695460109751295
sub05,test,2,cued,2,100.0,18,11,7.963625,0.012359619140625,-48.33478202793621
sub05,test,2,cued,2,100.0,18,12,8.587104166666666,0.037261962890625,-41.414356601357476
sub05,test,2,cued,2,100.0,18,13,9.199020833333334,0.012908935546875,-48.69265542063612
sub05,test,2,cued,2,100.0,18,14,9.7745625,0.03289794921875,-42.40026360456804
sub05,test,2,cued,2,100.0,18,15,10.352041666666667,0.008880615234375,-50.93909247331899
sub05,test,2,cued,2,100.0,18,16,10.968541666666667,0.03173828125,-42.737752853134154
sub05,test,2,cued,2,100.0,18,17,11.563104166666667,0.009246826171875,-50.503729773597016
sub05,test,2,cued,2,100.0,18,18,11.6850625,0.0008544921875,-64.34670201970575
sub05,test,2,cued,2,100.0,18,19,12.18475,0.03790283203125,-41.544938100754536
sub05,test,2,cued,2,100.0,18,20,12.767479166666666,0.024261474609375,-44.051128683365874
sub05,test,2,cued,2,100.0,18,21,13.391395833333334,0.033905029296875,-42.228470162191115
sub05,test,2,cued,2,100.0,18,22,14.003041666666666,0.01654052734375,-46.705790879791834
sub05,test,2,cued,2,100.0,18,23,14.575645833333333,0.03131103515625,-42.87810972211898
sub05,test,2,cued,2,100.0,18,24,15.171270833333333,0.01324462890625,-47.73591592608636
sub05,test,2,cued,2,100.0,18,25,15.762354166666666,0.03131103515625,-43.005651090361425
sub05,test,2,cued,2,100.0,18,26,16.366104166666666,0.01434326171875,-47.038017836880584
sub05,test,2,cued,2,100.0,18,27,16.993125,0.0308837890625,-43.08761857122191
sub05,test,2,cued,2,100.0,18,28,17.575,0.010406494140625,-50.3061556012861
sub05,test,2,cued,2,100.0,18,29,18.157583333333335,0.04168701171875,-39.83438602698066
sub05,test,2,cued,2,100.0,18,30,18.814354166666668,0.00701904296875,-52.94101443616425
sub05,test,2,cued,2,100.0,18,31,19.4433125,0.047882080078125,-38.45687769051237
sub05,test,2,cued,2,100.0,18,32,19.560875,0.001312255859375,-60.50597247855474
sub05,test,2,cued,2,100.0,18,33,19.900520833333335,0.007171630859375,-52.94471990089323
sub05,test,2,cued,2,100.0,18,34,20.493041666666667,0.015777587890625,-46.3289426675546
sub05,test,2,cued,2,100.0,18,35,20.630020833333333,0.00079345703125,-65.41037997905579
sub05,test,2,cued,2,100.0,18,36,21.191708333333334,0.058929443359375,-37.241723002902404
sub05,test,2,cued,2,100.0,18,37,21.306145833333332,0.001068115234375,-60.73806937718466
sub05,test,2,cued,2,100.0,18,38,21.748729166666667,0.0096435546875,-50.16693891951868
sub05,test,2,cued,2,100.0,18,39,21.88233333333333,0.000762939453125,-64.68748292140111
sub05,test,2,cued,2,100.0,18,40,22.333625,0.01458740234375,-46.77721692566302
sub05,test,2,cued,2,100.0,18,41,22.94654166666667,0.02581787109375,-43.7361179947363
sub05,test,2,cued,2,100.0,18,42,23.05291666666667,0.00091552734375,-63.776565083302486
sub05,test,2,cued,2,100.0,18,43,23.587583333333335,0.02032470703125,-44.72963984469015
sub05,test,2,cued,2,100.0,18,44,24.171083333333332,0.019561767578125,-45.181145033782144
sub05,test,2,cued,2,100.0,18,45,24.749125,0.030975341796875,-42.93198033574206
sub05,test,2,cued,2,100.0,18,46,24.869458333333334,0.001190185546875,-60.967613696215885
sub05,test,2,cued,2,100.0,18,47,25.3685,0.012725830078125,-48.067211724715726
sub05,test,2,cued,2,100.0,18,48,25.952625,0.020477294921875,-44.657967094879126
sub05,test,2,cued,2,100.0,18,49,26.535916666666665,0.026153564453125,-44.01988520872399
sub05,test,2,cued,2,100.0,18,50,27.145041666666668,0.017303466796875,-45.228007206292055
sub05,test,2,cued,2,100.0,18,51,27.2781875,0.0008544921875,-65.66668132591563
sub05,test,2,cued,2,100.0,18,52,27.736020833333335,0.016510009765625,-46.57007863844732
sub05,test,2,cued,2,100.0,18,53,27.8618125,0.0008544921875,-63.69923790139253
sub05,test,2,cued,2,100.0,18,54,28.347583333333333,0.027374267578125,-43.83203222321648
sub05,test,2,cued,2,100.0,18,55,28.47625,0.000946044921875,-62.598363295974586
sub05,test,2,cued,2,100.0,18,56,28.9685,0.02166748046875,-44.14332500195818
sub05,test,2,cued,2,100.0,18,57,29.5470625,0.026702880859375,-42.620238078722466
sub05,test,3,cued,2,108.0,14,0,1.3298333333333334,0.0338134765625,-40.71687890614723
sub05,test,3,cued,2,108.0,14,1,1.8537083333333333,0.033935546875,-42.362675424159455
sub05,test,3,cued,2,108.0,14,2,2.4290416666666665,0.027740478515625,-41.62713041921325
sub05,test,3,cued,2,108.0,14,3,2.9611875,0.034881591796875,-41.78650272545311
sub05,test,3,cued,2,108.0,14,4,3.5616666666666665,0.02783203125,-41.547466596880724
sub05,test,3,cued,2,108.0,14,5,3.6619166666666665,0.001190185546875,-60.74330604487284
sub05,test,3,cued,2,108.0,14,6,4.106458333333333,0.0279541015625,-43.29697714460764
sub05,test,3,cued,2,108.0,14,7,4.644645833333334,0.024261474609375,-43.0549338352693
sub05,test,3,cued,2,108.0,14,8,5.177791666666667,0.038116455078125,-41.51384064769742
sub05,test,3,cued,2,108.0,14,9,5.787354166666667,0.014404296875,-46.24145994319086
sub05,test,3,cued,2,108.0,14,10,6.3021666666666665,0.03680419921875,-41.12239524145753
sub05,test,3,cued,2,108.0,14,11,6.865125,0.014434814453125,-47.00926730628565
sub05,test,3,cued,2,108.0,14,12,7.366291666666666,0.010955810546875,-49.460846121207
sub05,test,3,cued,2,108.0,14,13,7.96275,0.017730712890625,-45.24629342954442
sub05,test,3,cued,2,108.0,14,14,8.485125,0.03265380859375,-41.37037483360808
sub05,test,3,cued,2,108.0,14,15,9.0964375,0.0152587890625,-46.51365474489907
sub05,test,3,cued,2,108.0,14,16,9.641479166666667,0.01287841796875,-48.04357918483475
sub05,test,3,cued,2,108.0,14,17,10.2334375,0.0093994140625,-49.843022431025695
sub05,test,3,cued,2,108.0,14,18,10.7099375,0.02325439453125,-44.47857755100806
sub05,test,3,cued,2,108.0,14,19,11.304479166666667,0.033477783203125,-42.24782990866349
sub05,test,3,cued,2,108.0,14,20,11.426291666666666,0.001129150390625,-60.71734531020094
sub05,test,3,cued,2,108.0,14,21,11.871041666666667,0.012847900390625,-48.78656261084533
sub05,test,3,cued,2,108.0,14,22,12.432625,0.011260986328125,-48.4989920019631
sub05,test,3,cued,2,108.0,14,23,12.987916666666667,0.019439697265625,-45.47796755786433
sub05,test,3,cued,2,108.0,14,24,13.526875,0.0128173828125,-47.36597958151643
sub05,test,3,cued,2,108.0,14,25,14.033729166666667,0.026580810546875,-43.62189905769082
sub05,test,3,cued,2,108.0,14,26,14.6340625,0.006256103515625,-53.55558841353605
sub05,test,3,cued,2,108.0,14,27,15.230208333333334,0.018341064453125,-45.714794238627036
sub05,test,3,cued,2,108.0,14,28,15.767895833333334,0.0318603515625,-41.04970378742369
sub05,test,3,cued,2,108.0,14,29,15.869041666666666,0.00140380859375,-58.3674163583337
sub05,test,3,cued,2,108.0,14,30,16.2715,0.01470947265625,-46.863705616040825
sub05,test,3,cued,2,108.0,14,31,16.898270833333335,0.015625,-46.416931909726344
sub05,test,3,cued,2,108.0,14,32,17.459875,0.0301513671875,-41.08590334611958
sub05,test,3,cued,2,108.0,14,33,17.586979166666666,0.003173828125,-61.15073655087738
sub05,test,3,cued,2,108.0,14,34,17.969604166666667,0.01678466796875,-46.28307783282744
sub05,test,3,cued,2,108.0,14,35,18.54,0.011016845703125,-48.88248017488726
sub05,test,3,cued,2,108.0,14,36,19.111270833333332,0.041961669921875,-39.362521729058656
sub05,test,3,cued,2,108.0,14,37,19.6216875,0.00640869140625,-53.9746636313659
sub05,test,3,cued,2,108.0,14,38,20.159458333333333,0.01055908203125,-49.49342652296447
sub05,test,3,cued,2,108.0,14,39,20.726666666666667,0.03521728515625,-40.36280047976377
sub05,test,3,cued,2,108.0,14,40,20.855729166666666,0.001220703125,-59.44465886775979
sub05,test,3,cued,2,108.0,14,41,21.316895833333334,0.00592041015625,-54.66728936227982
sub05,test,3,cued,2,108.0,14,42,21.802229166666667,0.01031494140625,-49.34249631303225
sub05,test,3,cued,2,108.0,14,43,22.398979166666667,0.03948974609375,-39.69765931795759
sub05,test,3,cued,2,108.0,14,44,22.499625,0.001556396484375,-56.89722191944446
sub05,test,3,cued,2,108.0,14,45,22.98825,0.005523681640625,-55.15601900963219
sub05,test,3,cued,2,108.0,14,46,23.4995625,0.0101318359375,-49.79455373927653
sub05,test,3,cued,2,108.0,14,47,24.03708333333333,0.0587158203125,-36.82612517270986
sub05,test,3,cued,2,108.0,14,48,24.137604166666666,0.001708984375,-56.17118751458925
sub05,test,3,cued,2,108.0,14,49,24.626479166666666,0.0172119140625,-45.75128891832114
sub05,test,3,cued,2,108.0,14,50,25.206791666666668,0.01580810546875,-46.37089021885924
sub05,test,3,cued,2,108.0,14,51,25.707916666666666,0.049072265625,-38.4879430879511
sub05,test,3,cued,2,108.0,14,52,25.809270833333333,0.001251220703125,-59.83428721704429
sub05,test,3,cued,2,108.0,14,53,26.291166666666665,0.0103759765625,-49.51943825278573
sub05,test,3,cued,2,108.0,14,54,26.835041666666665,0.0157470703125,-46.28226912834645
sub05,test,3,cued,2,108.0,14,55,27.393645833333334,0.037017822265625,-40.277492639173346
sub05,test,3,cued,2,108.0,14,56,27.953645833333333,0.00823974609375,-51.45112918091414
sub05,test,3,cued,2,108.0,14,57,28.497625,0.012603759765625,-47.87778358297616
sub05,test,3,cued,2,108.0,14,58,29.008208333333332,0.036651611328125,-40.403238757025576
sub05,test,3,cued,2,108.0,14,59,29.1093125,0.001922607421875,-57.10190389984756
sub05,test,3,cued,2,108.0,14,60,29.599833333333333,0.017547607421875,-45.23044792248222
sub05,test,4,cued,3,116.0,18,0,2.7656666666666667,0.05291748046875,-37.58816905244767
sub05,test,4,cued,3,116.0,18,1,2.8753125,0.0018310546875,-55.736003682755396
sub05,test,4,cued,3,116.0,18,2,3.272,0.017425537109375,-46.54788126941057
sub05,test,4,cued,3,116.0,18,3,3.8040625,0.024810791015625,-44.31428252755035
sub05,test,4,cued,3,116.0,18,4,4.353729166666667,0.056854248046875,-36.9602759762214
sub05,test,4,cued,3,116.0,18,5,4.458208333333333,0.0018310546875,-56.57030060521764
sub05,test,4,cued,3,116.0,18,6,4.861375,0.019439697265625,-45.33600201673345
sub05,test,4,cued,3,116.0,18,7,5.383291666666667,0.022216796875,-44.63867811695182
sub05,test,4,cued,3,116.0,18,8,5.870583333333333,0.044219970703125,-38.44181282247585
sub05,test,4,cued,3,116.0,18,9,6.40125,0.0224609375,-45.23562554476658
sub05,test,4,cued,3,116.0,18,10,6.912,0.0120849609375,-48.83476311097531
sub05,test,4,cued,3,116.0,18,11,7.409666666666666,0.051361083984375,-37.45896624432827
sub05,test,4,cued,3,116.0,18,12,7.516229166666666,0.00152587890625,-57.580450057438895
sub05,test,4,cued,3,116.0,18,13,7.958104166666667,0.010009765625,-50.07405414157912
sub05,test,4,cued,3,116.0,18,14,8.448479166666667,0.013885498046875,-47.69691655545405
sub05,test,4,cued,3,116.0,18,15,8.978583333333333,0.0443115234375,-38.6642397110482
sub05,test,4,cued,3,116.0,18,16,9.488895833333334,0.00714111328125,-53.27779969121834
sub05,test,4,cued,3,116.0,18,17,9.993541666666667,0.009368896484375,-50.482800359092806
sub05,test,4,cued,3,116.0,18,18,10.537916666666666,0.0458984375,-38.331287195342505
sub05,test,4,cued,3,116.0,18,19,11.0705,0.010986328125,-49.55120405564922
sub05,test,4,cued,3,116.0,18,20,11.583229166666667,0.02069091796875,-45.35143925630379
sub05,test,4,cued,3,116.0,18,21,12.088354166666667,0.03045654296875,-41.584089457075905
sub05,test,4,cued,3,116.0,18,22,12.6350625,0.01116943359375,-49.69727143612735
sub05,test,4,cued,3,116.0,18,23,13.116333333333333,0.00775146484375,-52.237890798504935
sub05,test,4,cued,3,116.0,18,24,13.629354166666667,0.06243896484375,-36.118314137892455
sub05,test,4,cued,3,116.0,18,25,13.7394375,0.001495361328125,-58.287119265575754
sub05,test,4,cued,3,116.0,18,26,14.155979166666667,0.00531005859375,-54.53664742537886
sub05,test,4,cued,3,116.0,18,27,14.668791666666667,0.00933837890625,-50.26212147547832
sub05,test,4,cued,3,116.0,18,28,15.187791666666667,0.0726318359375,-35.32343494848937
sub05,test,4,cued,3,116.0,18,29,15.313041666666667,0.001678466796875,-56.313305990997605
sub05,test,4,cued,3,116.0,18,30,15.7091875,0.01055908203125,-49.68910607830523
sub05,test,4,cued,3,116.0,18,31,16.230041666666665,0.0184326171875,-45.30048771053672
sub05,test,4,cued,3,116.0,18,32,16.7450625,0.062774658203125,-36.393362501017876
sub05,test,4,cued,3,116.0,18,33,16.84572916666667,0.001922607421875,-55.280409579792
sub05,test,4,cued,3,116.0,18,34,17.232416666666666,0.008544921875,-50.81776251853143
sub05,test,4,cued,3,116.0,18,35,17.813395833333335,0.0179443359375,-46.34768085436739
sub05,test,4,cued,3,116.0,18,36,18.276125,0.050872802734375,-38.12398427295736
sub05,test,4,cued,3,116.0,18,37,18.862166666666667,0.006591796875,-53.247408488729555
sub05,test,4,cued,3,116.0,18,38,19.325395833333335,0.005401611328125,-55.65629095911856
sub05,test,4,cued,3,116.0,18,39,19.8190625,0.04736328125,-38.164302169594976
sub05,test,4,cued,3,116.0,18,40,19.939416666666666,0.001922607421875,-55.67237857088251
sub05,test,4,cued,3,116.0,18,41,20.408166666666666,0.02276611328125,-44.5560806256932
sub05,test,4,cued,3,116.0,18,42,20.865395833333334,0.021484375,-43.907237978169356
sub05,test,4,cued,3,116.0,18,43,20.970083333333335,0.001617431640625,-57.849083089887834
sub05,test,4,cued,3,116.0,18,44,21.446208333333335,0.01300048828125,-48.26669734757027
sub05,test,4,cued,3,116.0,18,45,21.931166666666666,0.04095458984375,-40.03541554222129
sub05,test,4,cued,3,116.0,18,46,22.439375,0.007659912109375,-51.961454992424876
sub05,test,4,cued,3,116.0,18,47,22.968458333333334,0.024169921875,-43.77346230216827
sub05,test,4,cued,3,116.0,18,48,23.073270833333332,0.001434326171875,-57.94285103967596
sub05,test,4,cued,3,116.0,18,49,23.508541666666666,0.005859375,-54.178857710610835
sub05,test,4,cued,3,116.0,18,50,23.952708333333334,0.052825927734375,-37.73118558107554
sub05,test,4,cued,3,116.0,18,51,24.0540625,0.002685546875,-52.53213842880478
sub05,test,4,cued,3,116.0,18,52,24.515791666666665,0.003570556640625,-57.18799669651048
sub05,test,4,cued,3,116.0,18,53,25.0363125,0.034759521484375,-41.61577115639888
sub05,test,4,cued,3,116.0,18,54,25.137166666666666,0.00177001953125,-56.08023424108862
sub05,test,4,cued,3,116.0,18,55,25.5735625,0.00445556640625,-55.83371887935022
sub05,test,4,cued,3,116.0,18,56,26.050145833333332,0.030517578125,-42.4692692537069
sub05,test,4,cued,3,116.0,18,57,26.154333333333334,0.00164794921875,-56.810516602025615
sub05,test,4,cued,3,116.0,18,58,26.616479166666668,0.007080078125,-53.59264913746007
sub05,test,4,cued,3,116.0,18,59,27.0990625,0.046875,-38.67854854447999
sub05,test,4,cued,3,116.0,18,60,27.1994375,0.00201416015625,-54.37067905457691
sub05,test,4,cued,3,116.0,18,61,27.625125,0.007568359375,-51.76223393355088
sub05,test,4,cued,3,116.0,18,62,28.1934375,0.039306640625,-40.27803887536702
sub05,test,4,cued,3,116.0,18,63,28.299916666666668,0.00177001953125,-57.267587898248074
sub05,test,4,cued,3,116.0,18,64,28.661354166666666,0.01416015625,-47.394289567182184
sub05,test,4,cued,3,116.0,18,65,29.255583333333334,0.032562255859375,-42.14277267556398
sub05,test,4,cued,3,116.0,18,66,29.361875,0.001434326171875,-57.34427234372699
sub05,test,4,cued,3,116.0,18,67,29.744770833333334,0.013641357421875,-47.68779871801123
sub05,test,5,spontaneous,3,120.0,0,0,1.7438541666666667,0.05950927734375,-37.335102177729965
sub05,test,5,spontaneous,3,120.0,0,1,1.8547708333333333,0.00164794921875,-56.92524961806554
sub05,test,5,spontaneous,3,120.0,0,2,2.195520833333333,0.00738525390625,-52.59209713118986
sub05,test,5,spontaneous,3,120.0,0,3,2.6685625,0.011138916015625,-49.85482301840784
sub05,test,5,spontaneous,3,120.0,0,4,3.1481666666666666,0.054412841796875,-37.960165101314466
sub05,test,5,spontaneous,3,120.0,0,5,3.2621041666666666,0.0015869140625,-58.041605676856236
sub05,test,5,spontaneous,3,120.0,0,6,3.6808541666666668,0.006134033203125,-54.026758303968386
sub05,test,5,spontaneous,3,120.0,0,7,4.1694375,0.01544189453125,-47.49519740545053
sub05,test,5,spontaneous,3,120.0,0,8,4.649208333333333,0.067352294921875,-36.65223245152654
sub05,test,5,spontaneous,3,120.0,0,9,4.7681458333333335,0.001434326171875,-58.45326286619736
sub05,test,5,spontaneous,3,120.0,0,10,5.195979166666667,0.016815185546875,-46.86694019578504
sub05,test,5,spontaneous,3,120.0,0,11,5.710645833333333,0.016357421875,-47.13805243736757
sub05,test,5,spontaneous,3,120.0,0,12,6.172416666666667,0.050537109375,-38.666499150282895
sub05,test,5,spontaneous,3,120.0,0,13,6.2740833333333335,0.001495361328125,-57.957380797834915
sub05,test,5,spontaneous,3,120.0,0,14,6.6958125,0.017364501953125,-46.77264557442777
sub05,test,5,spontaneous,3,120.0,0,15,7.1895,0.0107421875,-50.56657383711533
sub05,test,5,spontaneous,3,120.0,0,16,7.64525,0.04815673828125,-38.88998278347903
sub05,test,5,spontaneous,3,120.0,0,17,8.193375,0.011749267578125,-49.85096167740344
sub05,test,5,spontaneous,3,120.0,0,18,8.706833333333334,0.020660400390625,-44.788402799406875
sub05,test,5,spontaneous,3,120.0,0,19,9.151854166666666,0.045379638671875,-39.47846350912125
sub05,test,5,spontaneous,3,120.0,0,20,9.723125,0.010772705078125,-50.53966546662713
sub05,test,5,spontaneous,3,120.0,0,21,10.1651875,0.02001953125,-45.17568343611069
sub05,test,5,spontaneous,3,120.0,0,22,10.659020833333333,0.06103515625,-37.26502005145495
sub05,test,5,spontaneous,3,120.0,0,23,11.219395833333333,0.007080078125,-53.354949588752305
sub05,test,5,spontaneous,3,120.0,0,24,11.661125,0.01397705078125,-48.15210375560098
sub05,test,5,spontaneous,3,120.0,0,25,12.153916666666667,0.03955078125,-39.54182775888186
sub05,test,5,spontaneous,3,120.0,0,26,12.799125,0.026824951171875,-42.28683722173872
sub05,test,5,spontaneous,3,120.0,0,27,13.342166666666667,0.027801513671875,-42.748459772702276
sub05,test,5,spontaneous,3,120.0,0,28,13.93875,0.018096923828125,-46.813663670995695
sub05,test,5,spontaneous,3,120.0,0,29,15.651604166666667,0.031768798828125,-41.7313114831922
sub05,test,5,spontaneous,3,120.0,0,30,16.1934375,0.0220947265625,-44.44960620267884
sub05,test,5,spontaneous,3,120.0,0,31,17.138625,0.0804443359375,-34.934162403680425
sub05,test,5,spontaneous,3,120.0,0,32,17.239541666666668,0.0018310546875,-55.80644899136085
sub05,test,5,spontaneous,3,120.0,0,33,17.6509375,0.0101318359375,-50.78142420833916
sub05,test,5,spontaneous,3,120.0,0,34,18.2110625,0.045654296875,-39.274079071654505
sub05,test,5,spontaneous,3,120.0,0,35,18.31125,0.002044677734375,-56.201132439244084
sub05,test,5,spontaneous,3,120.0,0,36,18.705270833333334,0.01190185546875,-49.660686948538384
sub05,test,5,spontaneous,3,120.0,0,37,19.192,0.048980712890625,-38.66123959583884
sub05,test,5,spontaneous,3,120.0,0,38,19.294375,0.0020751953125,-56.90042223011151
sub05,test,5,spontaneous,3,120.0,0,39,19.675791666666665,0.008026123046875,-52.525513137419765
sub05,test,5,spontaneous,3,120.0,0,40,20.1658125,0.035736083984375,-40.92895081456042
sub05,test,5,spontaneous,3,120.0,0,41,20.7061875,0.012664794921875,-49.09248489692799
sub05,test,5,spontaneous,3,120.0,0,42,21.210208333333334,0.066131591796875,-36.34147985397839
sub05,test,5,spontaneous,3,120.0,0,43,21.310375,0.00177001953125,-56.204241045649674
sub05,test,5,spontaneous,3,120.0,0,44,21.703625,0.008941650390625,-51.62266439122575
sub05,test,5,spontaneous,3,120.0,0,45,22.1938125,0.063720703125,-36.52577792846576
sub05,test,5,spontaneous,3,120.0,0,46,22.296666666666667,0.00201416015625,-55.394558895475
sub05,test,5,spontaneous,3,120.0,0,47,22.709583333333335,0.0050048828125,-56.16416209698592
sub05,test,5,spontaneous,3,120.0,0,48,23.15125,0.049896240234375,-38.81029021616789
sub05,test,5,spontaneous,3,120.0,0,49,23.255791666666667,0.001678466796875,-56.932975514361445
sub05,test,5,spontaneous,3,120.0,0,50,23.681375,0.00775146484375,-52.72351317036517
sub05,test,5,spontaneous,3,120.0,0,51,24.193770833333332,0.048370361328125,-38.87458328802366
sub05,test,5,spontaneous,3,120.0,0,52,24.296729166666665,0.00146484375,-59.18954670385596
sub05,test,5,spontaneous,3,120.0,0,53,24.695833333333333,0.007232666015625,-53.52503369225303
sub05,test,5,spontaneous,3,120.0,0,54,25.175,0.046112060546875,-39.2928165465916
sub05,test,5,spontaneous,3,120.0,0,55,25.2913125,0.00146484375,-58.38504366401635
sub05,test,5,spontaneous,3,120.0,0,56,25.704625,0.005584716796875,-55.482999838159586
sub05,test,5,spontaneous,3,120.0,0,57,26.178541666666668,0.036041259765625,-40.55036811120088
sub05,test,5,spontaneous,3,120.0,0,58,26.731375,0.00689697265625,-53.66336002001424
sub05,test,5,spontaneous,3,120.0,0,59,27.19558333333333,0.042816162109375,-39.929357454317696
sub05,test,5,spontaneous,3,120.0,0,60,27.720791666666667,0.005950927734375,-55.076194253411124
sub05,test,5,spontaneous,3,120.0,0,61,28.179541666666665,0.028900146484375,-42.208011750918
sub05,test,5,spontaneous,3,120.0,0,62,28.74341666666667,0.005035400390625,-55.99961775284464
sub05,test,5,spontaneous,3,120.0,0,63,29.197020833333333,0.026092529296875,-43.302246320854664
sub05,test,5,spontaneous,3,120.0,0,64,29.6563125,0.00762939453125,-52.83133494507815
sub05,test,6,cued,3,108.0,12,0,1.3423333333333334,0.037384033203125,-40.456916095306845
sub05,test,6,cued,3,108.0,12,1,1.8285625,0.015625,-47.58864756257295
sub05,test,6,cued,3,108.0,12,2,2.395958333333333,0.015228271484375,-47.90103399801335
sub05,test,6,cued,3,108.0,12,3,2.9226666666666667,0.04205322265625,-39.72893326955634
sub05,test,6,cued,3,108.0,12,4,3.033,0.001190185546875,-60.62049657977283
sub05,test,6,cued,3,108.0,12,5,3.4852708333333333,0.012298583984375,-49.69723314406566
sub05,test,6,cued,3,108.0,12,6,4.058666666666666,0.016326904296875,-47.63001788420717
sub05,test,6,cued,3,108.0,12,7,4.598020833333333,0.03839111328125,-40.2191375993356
sub05,test,6,cued,3,108.0,12,8,5.1766875,0.02239990234375,-45.12504249209019
sub05,test,6,cued,3,108.0,12,9,5.7515833333333335,0.02032470703125,-46.05855895623752
sub05,test,6,cued,3,108.0,12,10,6.24625,0.031036376953125,-41.52171927445043
sub05,test,6,cued,3,108.0,12,11,6.8325625,0.0152587890625,-48.300538615629065
sub05,test,6,cued,3,108.0,12,12,7.380395833333333,0.009033203125,-51.986612570687925
sub05,test,6,cued,3,108.0,12,13,7.922770833333334,0.076202392578125,-35.521637491885535
sub05,test,6,cued,3,108.0,12,14,8.028916666666667,0.00189208984375,-56.462703463259494
sub05,test,6,cued,3,108.0,12,15,8.512270833333334,0.018157958984375,-46.828527662258935
sub05,test,6,cued,3,108.0,12,16,9.0419375,0.020782470703125,-45.85857640019226
sub05,test,6,cued,3,108.0,12,17,9.5935625,0.056854248046875,-37.62512129628948
sub05,test,6,cued,3,108.0,12,18,9.713875,0.00146484375,-57.790395076925456
sub05,test,6,cued,3,108.0,12,19,10.139416666666667,0.01519775390625,-48.10232045687192
sub05,test,6,cued,3,108.0,12,20,10.6959375,0.015625,-47.77861435803588
sub05,test,6,cued,3,108.0,12,21,11.2728125,0.05572509765625,-37.688385984466
sub05,test,6,cued,3,108.0,12,22,11.83675,0.022308349609375,-44.95221117348852
sub05,test,6,cued,3,108.0,12,23,12.362083333333333,0.026092529296875,-43.69760238062602
sub05,test,6,cued,3,108.0,12,24,12.961625,0.047576904296875,-38.63732361815049
sub05,test,6,cued,3,108.0,12,25,13.5384375,0.013641357421875,-48.38689156479374
sub05,test,6,cued,3,108.0,12,26,14.07375,0.053436279296875,-38.31561543277583
sub05,test,6,cued,3,108.0,12,27,14.18975,0.001739501953125,-56.0630770392311
sub05,test,6,cued,3,108.0,12,28,14.633,0.0064697265625,-54.615520487022955
sub05,test,6,cued,3,108.0,12,29,15.177729166666667,0.069244384765625,-36.13283584282203
sub05,test,6,cued,3,108.0,12,30,15.292416666666666,0.001922607421875,-55.21024834705112
sub05,test,6,cued,3,108.0,12,31,15.75025,0.024932861328125,-44.261088951953276
sub05,test,6,cued,3,108.0,12,32,16.318604166666667,0.054901123046875,-37.68325954191743
sub05,test,6,cued,3,108.0,12,33,16.4250625,0.001495361328125,-58.05911306245511
sub05,test,6,cued,3,108.0,12,34,16.834625,0.0074462890625,-53.28737639018553
sub05,test,6,cued,3,108.0,12,35,17.418666666666667,0.044830322265625,-39.351724358984015
sub05,test,6,cued,3,108.0,12,36,17.539958333333335,0.00140380859375,-58.6550489795176
sub05,test,6,cued,3,108.0,12,37,17.974770833333334,0.0078125,-53.01509002399493
sub05,test,6,cued,3,108.0,12,38,18.524479166666666,0.052001953125,-38.17334158147672
sub05,test,6,cued,3,108.0,12,39,18.658104166666668,0.001373291015625,-59.343720262854944
sub05,test,6,cued,3,108.0,12,40,19.059104166666668,0.004150390625,-57.7525491896744
sub05,test,6,cued,3,108.0,12,41,19.6681875,0.053680419921875,-38.1449799554241
sub05,test,6,cued,3,108.0,12,42,19.7705,0.001251220703125,-59.046468759465746
sub05,test,6,cued,3,108.0,12,43,20.186833333333333,0.013763427734375,-48.863337642552565
sub05,test,6,cued,3,108.0,12,44,20.775375,0.047027587890625,-39.01482445765617
sub05,test,6,cued,3,108.0,12,45,21.3093125,0.01239013671875,-49.44640334396298
sub05,test,6,cued,3,108.0,12,46,21.8646875,0.051361083984375,-38.26774519565706
sub05,test,6,cued,3,108.0,12,47,22.422458333333335,0.011993408203125,-50.01039659256615
sub05,test,6,cued,3,108.0,12,48,22.966875,0.039520263671875,-40.174667008195485
sub05,test,6,cued,3,108.0,12,49,23.5214375,0.01751708984375,-46.91675458403768
sub05,test,6,cued,3,108.0,12,50,24.031145833333333,0.06671142578125,-36.34674396611492
sub05,test,6,cued,3,108.0,12,51,24.142104166666666,0.001556396484375,-58.28470207243746
sub05,test,6,cued,3,108.0,12,52,24.61916666666667,0.016815185546875,-46.936530307798265
sub05,test,6,cued,3,108.0,12,53,25.1629375,0.05169677734375,-38.29520348607716
sub05,test,6,cued,3,108.0,12,54,25.716291666666667,0.015380859375,-47.36064596670688
sub05,test,6,cued,3,108.0,12,55,26.2978125,0.036468505859375,-40.80910503986142
sub05,test,6,cued,3,108.0,12,56,26.8364375,0.012359619140625,-49.14963474908337
sub05,test,6,cued,3,108.0,12,57,27.383145833333334,0.03729248046875,-40.72383352609638
sub05,test,6,cued,3,108.0,12,58,27.914708333333333,0.0101318359375,-50.39241798587604
sub05,test,6,cued,3,108.0,12,59,28.521520833333334,0.03204345703125,-41.94352225760619
sub05,test,6,cued,3,108.0,12,60,28.6283125,0.00140380859375,-59.17840406683475
sub05,test,6,cued,3,108.0,12,61,29.060354166666666,0.02447509765625,-43.41044598851502
sub05,test,6,cued,3,108.0,12,62,29.620333333333335,0.053741455078125,-38.12938806317576
sub05,test,6,cued,3,108.0,12,63,29.726666666666667,0.0018310546875,-56.20674049276823
sub05,test,7,spontaneous,3,104.0,0,0,2.5043125,0.06915283203125,-36.39728438719969
sub05,test,7,spontaneous,3,104.0,0,1,2.617395833333333,0.00164794921875,-57.78836775815937
sub05,test,7,spontaneous,3,104.0,0,2,3.0554791666666667,0.011016845703125,-49.59526586209695
sub05,test,7,spontaneous,3,104.0,0,3,3.6247708333333333,0.011383056640625,-49.94578862849296
sub05,test,7,spontaneous,3,104.0,0,4,4.161770833333334,0.03497314453125,-40.72220796841388
sub05,test,7,spontaneous,3,104.0,0,5,4.2843125,0.00128173828125,-60.667312838767764
sub05,test,7,spontaneous,3,104.0,0,6,4.701020833333334,0.00836181640625,-52.41887868106069
sub05,test,7,spontaneous,3,104.0,0,7,5.340354166666667,0.0174560546875,-47.18980626528557
sub05,test,7,spontaneous,3,104.0,0,8,5.465895833333334,0.00140380859375,-59.823013799192886
sub05,test,7,spontaneous,3,104.0,0,9,5.907229166666666,0.050140380859375,-38.627334689266675
sub05,test,7,spontaneous,3,104.0,0,10,6.037208333333333,0.001129150390625,-61.74556623564598
sub05,test,7,spontaneous,3,104.0,0,11,6.499833333333333,0.01849365234375,-45.99021384768835
sub05,test,7,spontaneous,3,104.0,0,12,7.045895833333334,0.018280029296875,-46.68104457312473
sub05,test,7,spontaneous,3,104.0,0,13,7.6234166666666665,0.057708740234375,-37.55512881481858
sub05,test,7,spontaneous,3,104.0,0,14,7.748,0.001190185546875,-60.12922205619748
sub05,test,7,spontaneous,3,104.0,0,15,8.243291666666666,0.009552001953125,-51.419203684630716
sub05,test,7,spontaneous,3,104.0,0,16,8.8245625,0.016815185546875,-46.987720347625356
sub05,test,7,spontaneous,3,104.0,0,17,9.348270833333334,0.065338134765625,-36.274643090974
sub05,test,7,spontaneous,3,104.0,0,18,9.46225,0.001251220703125,-58.82911381153622
sub05,test,7,spontaneous,3,104.0,0,19,9.950645833333333,0.0164794921875,-47.0181279212937
sub05,test,7,spontaneous,3,104.0,0,20,10.539666666666667,0.01544189453125,-47.63798469859317
sub05,test,7,spontaneous,3,104.0,0,21,10.652375,0.001068115234375,-62.277183298791186
sub05,test,7,spontaneous,3,104.0,0,22,11.097625,0.064239501953125,-36.478587580458516
sub05,test,7,spontaneous,3,104.0,0,23,11.208479166666667,0.001708984375,-57.8199625053349
sub05,test,7,spontaneous,3,104.0,0,24,11.68,0.014068603515625,-48.72246840894896
sub05,test,7,spontaneous,3,104.0,0,25,12.256229166666667,0.026458740234375,-43.38019969805451
sub05,test,7,spontaneous,3,104.0,0,26,12.8158125,0.07073974609375,-35.68085943387369
sub05,test,7,spontaneous,3,104.0,0,27,12.922770833333333,0.002685546875,-53.24774681421366
sub05,test,7,spontaneous,3,104.0,0,28,13.409,0.010345458984375,-50.61823611952133
sub05,test,7,spontaneous,3,104.0,0,29,13.990395833333332,0.071990966796875,-36.010008196701364
sub05,test,7,spontaneous,3,104.0,0,30,14.098145833333334,0.00115966796875,-59.48999024288818
sub05,test,7,spontaneous,3,104.0,0,31,14.591395833333333,0.008544921875,-52.130005310521874
sub05,test,7,spontaneous,3,104.0,0,32,15.197729166666667,0.04296875,-39.13251297370178
sub05,test,7,spontaneous,3,104.0,0,33,15.325708333333333,0.001220703125,-60.73207786944377
sub05,test,7,spontaneous,3,104.0,0,34,16.328854166666666,0.04229736328125,-39.802249202404155
sub05,test,7,spontaneous,3,104.0,0,35,16.893375,0.014801025390625,-48.298573648230544
sub05,test,7,spontaneous,3,104.0,0,36,17.541270833333332,0.052093505859375,-38.14893443599408
sub05,test,7,spontaneous,3,104.0,0,37,17.667208333333335,0.001434326171875,-58.005352531142094
sub05,test,7,spontaneous,3,104.0,0,38,18.087875,0.01220703125,-49.20111777068278
sub05,test,7,spontaneous,3,104.0,0,39,18.6169375,0.043365478515625,-39.645136295891064
sub05,test,7,spontaneous,3,104.0,0,40,18.757625,0.001556396484375,-56.849586173128586
sub05,test,7,spontaneous,3,104.0,0,41,19.266395833333334,0.00640869140625,-54.38983880682382
sub05,test,7,spontaneous,3,104.0,0,42,19.864854166666667,0.052978515625,-37.923783008456084
sub05,test,7,spontaneous,3,104.0,0,43,20.418125,0.017364501953125,-46.717714111188506
sub05,test,7,spontaneous,3,104.0,0,44,21.0018125,0.05609130859375,-37.370270973879
sub05,test,7,spontaneous,3,104.0,0,45,21.552333333333333,0.017425537109375,-47.19910878224886
sub05,test,7,spontaneous,3,104.0,0,46,22.159708333333334,0.038665771484375,-40.48426028100225
sub05,test,7,spontaneous,3,104.0,0,47,22.268666666666668,0.001220703125,-59.33344947294208
sub05,test,7,spontaneous,3,104.0,0,48,22.693708333333333,0.022674560546875,-45.18336618950536
sub05,test,7,spontaneous,3,104.0,0,49,22.857708333333335,0.0029296875,-63.03467649655453
sub05,test,7,spontaneous,3,104.0,0,50,23.279395833333332,0.0399169921875,-40.102416810962815
sub05,test,7,spontaneous,3,104.0,0,51,23.379854166666668,0.001312255859375,-60.1839340267274
sub05,test,7,spontaneous,3,104.0,0,52,23.843083333333333,0.014739990234375,-48.42895713729324
sub05,test,7,spontaneous,3,104.0,0,53,24.402041666666666,0.036712646484375,-40.645927435806215
sub05,test,7,spontaneous,3,104.0,0,54,24.5093125,0.00115966796875,-61.22435694695676
sub05,test,7,spontaneous,3,104.0,0,55,24.987375,0.013885498046875,-48.58046053230025
sub05,test,7,spontaneous,3,104.0,0,56,25.579958333333334,0.038665771484375,-39.97216484583902
sub05,test,7,spontaneous,3,104.0,0,57,26.145208333333333,0.010009765625,-50.72694153679276
sub05,test,7,spontaneous,3,104.0,0,58,26.736916666666666,0.051666259765625,-37.95936880971139
sub05,test,7,spontaneous,3,104.0,0,59,26.85985416666667,0.001190185546875,-59.521674841862186
sub05,test,7,spontaneous,3,104.0,0,60,27.284958333333332,0.010986328125,-50.032450418726256
sub05,test,7,spontaneous,3,104.0,0,61,27.883145833333334,0.0506591796875,-38.08776576970304
sub05,test,7,spontaneous,3,104.0,0,62,27.993291666666668,0.001312255859375,-61.446892927919954
sub05,test,7,spontaneous,3,104.0,0,63,28.464520833333335,0.012451171875,-49.19936797297491
sub05,test,7,spontaneous,3,104.0,0,64,29.04104166666667,0.03509521484375,-40.93155382040336
sub05,test,7,spontaneous,3,104.0,0,65,29.5911875,0.008453369140625,-51.831206917502456
sub05,test,8,spontaneous,2,116.0,0,0,1.1990833333333333,0.0738525390625,-36.18548027980022
sub05,test,8,spontaneous,2,116.0,0,1,1.3081875,0.002655029296875,-52.741839294173005
sub05,test,8,spontaneous,2,116.0,0,2,2.2154375,0.04034423828125,-40.01186973681644
sub05,test,8,spontaneous,2,116.0,0,3,2.757625,0.00360107421875,-58.794636044661395
sub05,test,8,spontaneous,2,116.0,0,4,3.2687708333333334,0.047271728515625,-39.29997657917201
sub05,test,8,spontaneous,2,116.0,0,5,3.7887916666666666,0.005859375,-55.94615424502127
sub05,test,8,spontaneous,2,116.0,0,6,4.311354166666667,0.04302978515625,-39.69997919836066
sub05,test,8,spontaneous,2,116.0,0,7,4.81075,0.014678955078125,-48.454020885834545
sub05,test,8,spontaneous,2,116.0,0,8,5.380354166666667,0.06134033203125,-37.11803139402924
sub05,test,8,spontaneous,2,116.0,0,9,5.851875,0.00421142578125,-57.92881874115739
sub05,test,8,spontaneous,2,116.0,0,10,6.4072708333333335,0.049285888671875,-38.67133842231465
sub05,test,8,spontaneous,2,116.0,0,11,6.530833333333334,0.001373291015625,-59.76176749749929
sub05,test,8,spontaneous,2,116.0,0,12,6.890354166666667,0.006561279296875,-54.850348713312684
sub05,test,8,spontaneous,2,116.0,0,13,7.421270833333334,0.061676025390625,-37.213144573749545
sub05,test,8,spontaneous,2,116.0,0,14,7.921979166666667,0.008819580078125,-52.499554426570484
sub05,test,8,spontaneous,2,116.0,0,15,8.458791666666666,0.049713134765625,-38.7437488977884
sub05,test,8,spontaneous,2,116.0,0,16,8.610479166666666,0.00164794921875,-57.89581910427553
sub05,test,8,spontaneous,2,116.0,0,17,8.960354166666667,0.009124755859375,-52.38254271562549
sub05,test,8,spontaneous,2,116.0,0,18,9.521541666666666,0.06072998046875,-37.1936921046646
sub05,test,8,spontaneous,2,116.0,0,19,10.0063125,0.010009765625,-52.08575545708281
sub05,test,8,spontaneous,2,116.0,0,20,10.549895833333334,0.04754638671875,-39.16421503433506
sub05,test,8,spontaneous,2,116.0,0,21,10.6906875,0.00372314453125,-50.520753461828775
sub05,test,8,spontaneous,2,116.0,0,22,11.058625,0.02679443359375,-43.616141083499684
sub05,test,8,spontaneous,2,116.0,0,23,11.5805625,0.01422119140625,-48.820459654442885
sub05,test,8,spontaneous,2,116.0,0,24,11.682104166666667,0.00250244140625,-54.46668027097828
sub05,test,8,spontaneous,2,116.0,0,25,12.055375,0.087646484375,-34.23994224340673
sub05,test,8,spontaneous,2,116.0,0,26,12.163645833333334,0.002899169921875,-51.08864644059736
sub05,test,8,spontaneous,2,116.0,0,27,12.588520833333334,0.014617919921875,-48.69108926279427
sub05,test,8,spontaneous,2,116.0,0,28,13.119729166666668,0.030548095703125,-42.47715686659664
sub05,test,8,spontaneous,2,116.0,0,29,13.575333333333333,0.05279541015625,-38.15229758566153
sub05,test,8,spontaneous,2,116.0,0,30,14.1475625,0.021697998046875,-45.23108683135235
sub05,test,8,spontaneous,2,116.0,0,31,14.666833333333333,0.0140380859375,-49.19541589410389
sub05,test,8,spontaneous,2,116.0,0,32,15.174416666666668,0.071929931640625,-35.71533863147569
sub05,test,8,spontaneous,2,116.0,0,33,15.311708333333334,0.001556396484375,-57.39058718533361
sub05,test,8,spontaneous,2,116.0,0,34,15.695479166666667,0.01873779296875,-46.99185448619531
sub05,test,8,spontaneous,2,116.0,0,35,16.20189583333333,0.0283203125,-43.29650892804239
sub05,test,8,spontaneous,2,116.0,0,36,16.6856875,0.063690185546875,-36.73465372162251
sub05,test,8,spontaneous,2,116.0,0,37,16.80275,0.003143310546875,-53.46672473262886
sub05,test,8,spontaneous,2,116.0,0,38,17.238416666666666,0.02587890625,-43.859511660661326
sub05,test,8,spontaneous,2,116.0,0,39,17.739208333333334,0.023162841796875,-44.920723808413605
sub05,test,8,spontaneous,2,116.0,0,40,18.244333333333334,0.062744140625,-36.78343645181971
sub05,test,8,spontaneous,2,116.0,0,41,18.768041666666665,0.02020263671875,-46.327874067863604
sub05,test,8,spontaneous,2,116.0,0,42,19.282541666666667,0.028594970703125,-43.162157300085696
sub05,test,8,spontaneous,2,116.0,0,43,19.790104166666666,0.066314697265625,-36.354410857757344
sub05,test,8,spontaneous,2,116.0,0,44,19.899354166666665,0.001556396484375,-57.00366746208228
sub05,test,8,spontaneous,2,116.0,0,45,20.309708333333333,0.01715087890625,-47.2179730954915
sub05,test,8,spontaneous,2,116.0,0,46,20.830916666666667,0.022613525390625,-45.09315394699887
sub05,test,8,spontaneous,2,116.0,0,47,21.3308125,0.07159423828125,-35.81568867694339
sub05,test,8,spontaneous,2,116.0,0,48,21.455041666666666,0.00164794921875,-56.568897237067034
sub05,test,8,spontaneous,2,116.0,0,49,21.874666666666666,0.02392578125,-44.590602452937134
sub05,test,8,spontaneous,2,116.0,0,50,22.3785,0.031005859375,-42.37152749362879
sub05,test,8,spontaneous,2,116.0,0,51,22.910333333333334,0.046234130859375,-39.05689303498321
sub05,test,8,spontaneous,2,116.0,0,52,23.419958333333334,0.01287841796875,-49.31876781321512
sub05,test,8,spontaneous,2,116.0,0,53,23.927458333333334,0.02166748046875,-45.056184880768164
sub05,test,8,spontaneous,2,116.0,0,54,24.0915,0.003082275390625,-61.97333568508689
sub05,test,8,spontaneous,2,116.0,0,55,24.451020833333335,0.0615234375,-36.760053907966125
sub05,test,8,spontaneous,2,116.0,0,56,24.998645833333335,0.024444580078125,-44.859575550076215
sub05,test,8,spontaneous,2,116.0,0,57,25.496416666666665,0.0208740234375,-45.761577962418976
sub05,test,8,spontaneous,2,116.0,0,58,26.000895833333335,0.06134033203125,-36.7900598386194
sub05,test,8,spontaneous,2,116.0,0,59,26.5241875,0.034393310546875,-41.53134073242462
sub05,test,8,spontaneous,2,116.0,0,60,26.9999375,0.01776123046875,-46.88102572271458
sub05,test,8,spontaneous,2,116.0,0,61,27.575020833333333,0.054412841796875,-37.83456063467659
sub05,test,8,spontaneous,2,116.0,0,62,28.088708333333333,0.024261474609375,-44.24146290125307
sub05,test,8,spontaneous,2,116.0,0,63,28.611916666666666,0.02716064453125,-43.565876909550965
sub05,test,8,spontaneous,2,116.0,0,64,29.1395,0.058349609375,-37.2965119398002
sub05,test,8,spontaneous,2,116.0,0,65,29.639916666666668,0.023406982421875,-44.193647829756635
sub05,test,9,spontaneous,3,112.0,0,0,1.2698958333333332,0.05523681640625,-37.715175445154784
sub05,test,9,spontaneous,3,112.0,0,1,1.8058333333333334,0.018524169921875,-46.73049728376213
sub05,test,9,spontaneous,3,112.0,0,2,2.3525,0.01318359375,-48.757338947372446
sub05,test,9,spontaneous,3,112.0,0,3,2.8385208333333334,0.051025390625,-38.49415292616829
sub05,test,9,spontaneous,3,112.0,0,4,3.371208333333333,0.0157470703125,-47.9841655754461
sub05,test,9,spontaneous,3,112.0,0,5,3.916,0.022735595703125,-44.421500272130444
sub05,test,9,spontaneous,3,112.0,0,6,4.4199166666666665,0.0567626953125,-37.742073984864476
sub05,test,9,spontaneous,3,112.0,0,7,5.005645833333333,0.029693603515625,-42.501340712612546
sub05,test,9,spontaneous,3,112.0,0,8,5.515145833333333,0.021484375,-45.124224551557674
sub05,test,9,spontaneous,3,112.0,0,9,6.040958333333333,0.04486083984375,-38.95477241432519
sub05,test,9,spontaneous,3,112.0,0,10,6.152166666666667,0.0015869140625,-58.346009962095486
sub05,test,9,spontaneous,3,112.0,0,11,6.6044583333333335,0.02252197265625,-44.40431491510203
sub05,test,9,spontaneous,3,112.0,0,12,7.0960833333333335,0.025665283203125,-43.23357135024238
sub05,test,9,spontaneous,3,112.0,0,13,7.649229166666666,0.046539306640625,-38.439525908114156
sub05,test,9,spontaneous,3,112.0,0,14,8.164229166666667,0.02386474609375,-44.01448211026819
sub05,test,9,spontaneous,3,112.0,0,15,8.698979166666666,0.026458740234375,-43.100171318789435
sub05,test,9,spontaneous,3,112.0,0,16,9.241416666666666,0.05023193359375,-38.474116267687066
sub05,test,9,spontaneous,3,112.0,0,17,9.7863125,0.014434814453125,-48.624616667257044
sub05,test,9,spontaneous,3,112.0,0,18,10.315875,0.015777587890625,-47.99992318135706
sub05,test,9,spontaneous,3,112.0,0,19,10.807354166666666,0.037841796875,-40.28283369716017
sub05,test,9,spontaneous,3,112.0,0,20,10.916270833333334,0.001922607421875,-56.70864335978191
sub05,test,9,spontaneous,3,112.0,0,21,11.357895833333334,0.02618408203125,-43.27939497339517
sub05,test,9,spontaneous,3,112.0,0,22,11.874770833333333,0.03021240234375,-42.22804359500506
sub05,test,9,spontaneous,3,112.0,0,23,11.980375,0.001495361328125,-57.36946212753925
sub05,test,9,spontaneous,3,112.0,0,24,12.403104166666667,0.06683349609375,-36.495587826419
sub05,test,9,spontaneous,3,112.0,0,25,12.503166666666667,0.002349853515625,-53.983674944234615
sub05,test,9,spontaneous,3,112.0,0,26,12.943083333333334,0.013336181640625,-49.116376428650376
sub05,test,9,spontaneous,3,112.0,0,27,13.501645833333333,0.06683349609375,-36.304287721341005
sub05,test,9,spontaneous,3,112.0,0,28,13.601791666666667,0.002197265625,-54.61117391099282
sub05,test,9,spontaneous,3,112.0,0,29,14.040833333333333,0.007965087890625,-52.89698148349334
sub05,test,9,spontaneous,3,112.0,0,30,14.6111875,0.0445556640625,-39.29201348123578
sub05,test,9,spontaneous,3,112.0,0,31,14.727145833333333,0.0028076171875,-52.16482528025696
sub05,test,9,spontaneous,3,112.0,0,32,15.2013125,0.01654052734375,-47.68800846386972
sub05,test,9,spontaneous,3,112.0,0,33,15.709770833333334,0.06158447265625,-36.732259494816304
sub05,test,9,spontaneous,3,112.0,0,34,15.810833333333333,0.001983642578125,-56.42891361939593
sub05,test,9,spontaneous,3,112.0,0,35,16.2625625,0.016876220703125,-47.05059117277933
sub05,test,9,spontaneous,3,112.0,0,36,16.754458333333332,0.04168701171875,-39.466904883247615
sub05,test,9,spontaneous,3,112.0,0,37,17.304125,0.029022216796875,-42.8417637567632
sub05,test,9,spontaneous,3,112.0,0,38,17.808375,0.053466796875,-38.09548879052306
sub05,test,9,spontaneous,3,112.0,0,39,17.93552083333333,0.002288818359375,-54.45636287000957
sub05,test,9,spontaneous,3,112.0,0,40,18.352395833333333,0.022552490234375,-44.99380293339292
sub05,test,9,spontaneous,3,112.0,0,41,18.8760625,0.04376220703125,-39.71216933326418
sub05,test,9,spontaneous,3,112.0,0,42,19.46,0.029510498046875,-42.33119350222141
sub05,test,9,spontaneous,3,112.0,0,43,19.995458333333332,0.03839111328125,-40.63062021496818
sub05,test,9,spontaneous,3,112.0,0,44,20.117875,0.0015869140625,-59.93321537128513
sub05,test,9,spontaneous,3,112.0,0,45,20.518166666666666,0.014892578125,-48.29995754472756
sub05,test,9,spontaneous,3,112.0,0,46,21.0525,0.051605224609375,-38.74941099294268
sub05,test,9,spontaneous,3,112.0,0,47,21.586875,0.008544921875,-52.61442673392172
sub05,test,9,spontaneous,3,112.0,0,48,22.150604166666668,0.05169677734375,-38.66733592321174
sub05,test,9,spontaneous,3,112.0,0,49,22.689104166666667,0.017852783203125,-47.26739463094088
sub05,test,9,spontaneous,3,112.0,0,50,23.2376875,0.036895751953125,-40.27088373246495
sub05,test,9,spontaneous,3,112.0,0,51,23.79489583333333,0.01446533203125,-48.58128390650657
sub05,test,9,spontaneous,3,112.0,0,52,24.2768125,0.052459716796875,-38.26190301507737
sub05,test,9,spontaneous,3,112.0,0,53,24.37925,0.001434326171875,-60.282638247447565
sub05,test,9,spontaneous,3,112.0,0,54,24.793604166666668,0.026153564453125,-43.70567059304872
sub05,test,9,spontaneous,3,112.0,0,55,25.369416666666666,0.0283203125,-42.121910169639854
sub05,test,9,spontaneous,3,112.0,0,56,25.4710625,0.001373291015625,-59.78592614066417
sub05,test,9,spontaneous,3,112.0,0,57,25.914,0.03759765625,-40.88850607358915
sub05,test,9,spontaneous,3,112.0,0,58,26.5088125,0.031707763671875,-41.64143763537979
sub05,test,9,spontaneous,3,112.0,0,59,26.935229166666666,0.0120849609375,-49.24306837393328
sub05,test,9,spontaneous,3,112.0,0,60,27.515291666666666,0.0672607421875,-36.183347408710056
sub05,test,9,spontaneous,3,112.0,0,61,28.012125,0.0146484375,-48.177309680863914
sub05,test,9,spontaneous,3,112.0,0,62,28.581,0.05322265625,-37.95569977608226
sub05,test,9,spontaneous,3,112.0,0,63,28.686020833333334,0.00164794921875,-57.25168799036007
sub05,test,9,spontaneous,3,112.0,0,64,29.0956875,0.012969970703125,-49.309598952516076
sub05,test,9,spontaneous,3,112.0,0,65,29.66425,0.0595703125,-36.91662725477576
sub05,test,10,cued,2,116.0,14,0,1.2048333333333334,0.08184814453125,-35.01895616884545
sub05,test,10,cued,2,116.0,14,1,1.3055625,0.001861572265625,-55.96873400635126
sub05,test,10,cued,2,116.0,14,2,1.71875,0.00701904296875,-53.575376857679736
sub05,test,10,cued,2,116.0,14,3,2.2460833333333334,0.0604248046875,-37.236235528698096
sub05,test,10,cued,2,116.0,14,4,2.3579375,0.00146484375,-58.31061483250209
sub05,test,10,cued,2,116.0,14,5,2.7777291666666666,0.012939453125,-49.28735972774298
sub05,test,10,cued,2,116.0,14,6,3.2841666666666667,0.04742431640625,-39.02881528617944
sub05,test,10,cued,2,116.0,14,7,3.402645833333333,0.001708984375,-57.03957086409311
sub05,test,10,cued,2,116.0,14,8,3.8027083333333334,0.0118408203125,-49.715062140128516
sub05,test,10,cued,2,116.0,14,9,4.319375,0.049896240234375,-38.22965666335913
sub05,test,10,cued,2,116.0,14,10,4.454875,0.001251220703125,-59.4236730460273
sub05,test,10,cued,2,116.0,14,11,4.822875,0.021575927734375,-44.81189713799873
sub05,test,10,cued,2,116.0,14,12,5.3604375,0.05255126953125,-38.06036111686395
sub05,test,10,cued,2,116.0,14,13,5.481916666666667,0.00128173828125,-60.14183038723131
sub05,test,10,cued,2,116.0,14,14,5.857479166666667,0.021087646484375,-45.22869393454991
sub05,test,10,cued,2,116.0,14,15,6.379291666666667,0.04840087890625,-38.747021343108344
sub05,test,10,cued,2,116.0,14,16,6.900625,0.022003173828125,-44.83537191917865
sub05,test,10,cued,2,116.0,14,17,7.4059375,0.07281494140625,-35.8514147839658
sub05,test,10,cued,2,116.0,14,18,7.524708333333334,0.001129150390625,-59.43092059574498
sub05,test,10,cued,2,116.0,14,19,7.9091875,0.00592041015625,-55.794208938724516
sub05,test,10,cued,2,116.0,14,20,8.438583333333334,0.03985595703125,-40.03799072971454
sub05,test,10,cued,2,116.0,14,21,8.6213125,0.0028076171875,-63.82436157517744
sub05,test,10,cued,2,116.0,14,22,8.945333333333334,0.01007080078125,-51.27597498736539
sub05,test,10,cued,2,116.0,14,23,9.465541666666667,0.064605712890625,-36.43194243511327
sub05,test,10,cued,2,116.0,14,24,9.6054375,0.001251220703125,-59.10164850974404
sub05,test,10,cued,2,116.0,14,25,9.967708333333333,0.014556884765625,-48.49769814347383
sub05,test,10,cued,2,116.0,14,26,10.49,0.056396484375,-37.41430056867845
sub05,test,10,cued,2,116.0,14,27,10.617125,0.001129150390625,-62.09173509197562
sub05,test,10,cued,2,116.0,14,28,11.013208333333333,0.007354736328125,-53.66088182181819
sub05,test,10,cued,2,116.0,14,29,11.516791666666666,0.059600830078125,-37.12536004688593
sub05,test,10,cued,2,116.0,14,30,11.617479166666667,0.0010986328125,-60.9056119952122
sub05,test,10,cued,2,116.0,14,31,12.067354166666666,0.0137939453125,-48.52390174928169
sub05,test,10,cued,2,116.0,14,32,12.601875,0.048980712890625,-38.894300052103446
sub05,test,10,cued,2,116.0,14,33,13.117333333333333,0.01422119140625,-48.11244307227938
sub05,test,10,cued,2,116.0,14,34,13.608291666666666,0.06951904296875,-35.88197774737266
sub05,test,10,cued,2,116.0,14,35,14.1178125,0.01434326171875,-48.169983741750016
sub05,test,10,cued,2,116.0,14,36,14.649145833333334,0.064056396484375,-36.96153535228833
sub05,test,10,cued,2,116.0,14,37,14.789895833333333,0.001129150390625,-60.10941090636527
sub05,test,10,cued,2,116.0,14,38,15.14975,0.01971435546875,-46.150062133203974
sub05,test,10,cued,2,116.0,14,39,15.675520833333334,0.024383544921875,-44.55761640898722
sub05,test,10,cued,2,116.0,14,40,15.77675,0.00140380859375,-59.742209674584615
sub05,test,10,cued,2,116.0,14,41,16.17875,0.088623046875,-33.914869846023706
sub05,test,10,cued,2,116.0,14,42,16.284916666666668,0.00177001953125,-56.37053461707275
sub05,test,10,cued,2,116.0,14,43,16.709833333333332,0.035491943359375,-41.55948314336571
sub05,test,10,cued,2,116.0,14,44,17.239604166666666,0.025421142578125,-44.11930838613881
sub05,test,10,cued,2,116.0,14,45,17.735291666666665,0.059356689453125,-37.148651338686996
sub05,test,10,cued,2,116.0,14,46,18.233604166666666,0.0084228515625,-53.81502470628639
sub05,test,10,cued,2,116.0,14,47,18.776520833333333,0.020660400390625,-46.01311904926645
sub05,test,10,cued,2,116.0,14,48,18.909541666666666,0.002593994140625,-63.22076659787501
sub05,test,10,cued,2,116.0,14,49,19.263208333333335,0.05438232421875,-37.476171049362826
sub05,test,10,cued,2,116.0,14,50,19.807625,0.023101806640625,-44.43637025783721
sub05,test,10,cued,2,116.0,14,51,20.281979166666666,0.024627685546875,-44.2178889132086
sub05,test,10,cued,2,116.0,14,52,20.819458333333333,0.04449462890625,-39.563017698913036
sub05,test,10,cued,2,116.0,14,53,20.928875,0.001129150390625,-61.83611769862746
sub05,test,10,cued,2,116.0,14,54,21.350479166666666,0.022247314453125,-44.93104945640457
sub05,test,10,cued,2,116.0,14,55,21.855729166666666,0.022064208984375,-44.9587021857902
sub05,test,10,cued,2,116.0,14,56,22.056770833333335,0.001251220703125,-69.98888609633482
sub05,test,10,cued,2,116.0,14,57,22.372666666666667,0.04425048828125,-38.96228424932466
sub05,test,10,cued,2,116.0,14,58,22.889291666666665,0.02252197265625,-44.63738662440588
sub05,test,10,cued,2,116.0,14,59,23.413645833333334,0.020904541015625,-45.52706635802862
sub05,test,10,cued,2,116.0,14,60,23.911333333333335,0.050872802734375,-38.49760959435066
sub05,test,10,cued,2,116.0,14,61,24.015541666666667,0.001068115234375,-61.89692979535436
sub05,test,10,cued,2,116.0,14,62,24.451270833333332,0.021636962890625,-44.97493985404808
sub05,test,10,cued,2,116.0,14,63,24.9499375,0.0196533203125,-46.048830902002166
sub05,test,10,cued,2,116.0,14,64,25.4654375,0.04705810546875,-39.24666219374739
sub05,test,10,cued,2,116.0,14,65,25.56625,0.001373291015625,-58.47412118761091
sub05,test,10,cued,2,116.0,14,66,25.994208333333333,0.013519287109375,-48.713385875667015
sub05,test,10,cued,2,116.0,14,67,26.538291666666666,0.0234375,-44.43733018203929
sub05,test,10,cued,2,116.0,14,68,27.0249375,0.051513671875,-38.02051205592982
sub05,test,10,cued,2,116.0,14,69,27.532645833333333,0.02294921875,-44.6769427957421
sub05,test,10,cued,2,116.0,14,70,28.086083333333335,0.02105712890625,-45.223248120988245
sub05,test,10,cued,2,116.0,14,71,28.5895,0.055633544921875,-37.87346876736544
sub05,test,10,cued,2,116.0,14,72,28.713020833333335,0.001190185546875,-60.08604116852379
sub05,test,10,cued,2,116.0,14,73,29.130895833333334,0.022613525390625,-44.71240368667096
sub05,test,10,cued,2,116.0,14,74,29.669,0.018310546875,-46.68515052914876
sub05,test,10,cued,2,116.0,14,75,29.826770833333335,0.001190185546875,-70.7165969391596
sub05,test,11,spontaneous,2,104.0,0,0,1.3439583333333334,0.085205078125,-34.747120646797015
sub05,test,11,spontaneous,2,104.0,0,1,1.4588333333333334,0.002532958984375,-52.66690937477467
sub05,test,11,spontaneous,2,104.0,0,2,1.9467916666666667,0.016693115234375,-47.67001228134201
sub05,test,11,spontaneous,2,104.0,0,3,2.479604166666667,0.04705810546875,-38.57448764118719
sub05,test,11,spontaneous,2,104.0,0,4,3.0424375,0.01153564453125,-49.87133654282759
sub05,test,11,spontaneous,2,104.0,0,5,3.6304791666666665,0.06439208984375,-36.68325508292648
sub05,test,11,spontaneous,2,104.0,0,6,3.742375,0.001678466796875,-57.09680196710256
sub05,test,11,spontaneous,2,104.0,0,7,4.228625,0.005157470703125,-56.51163267343169
sub05,test,11,spontaneous,2,104.0,0,8,4.749104166666666,0.059967041015625,-37.06519226834957
sub05,test,11,spontaneous,2,104.0,0,9,5.405666666666667,0.00872802734375,-52.429028316305626
sub05,test,11,spontaneous,2,104.0,0,10,5.946979166666667,0.05877685546875,-37.311521675644535
sub05,test,11,spontaneous,2,104.0,0,11,6.0579375,0.00152587890625,-57.89035671328748
sub05,test,11,spontaneous,2,104.0,0,12,6.505958333333333,0.012786865234375,-49.42722290405976
sub05,test,11,spontaneous,2,104.0,0,13,7.106541666666667,0.0633544921875,-36.770238832543136
sub05,test,11,spontaneous,2,104.0,0,14,7.226708333333334,0.00152587890625,-57.73485445878492
sub05,test,11,spontaneous,2,104.0,0,15,7.687854166666667,0.031707763671875,-42.24137849571912
sub05,test,11,spontaneous,2,104.0,0,16,8.256041666666667,0.03436279296875,-41.03324973454616
sub05,test,11,spontaneous,2,104.0,0,17,8.356333333333334,0.002044677734375,-55.201870006583604
sub05,test,11,spontaneous,2,104.0,0,18,8.788041666666667,0.02734375,-43.12531397973184
sub05,test,11,spontaneous,2,104.0,0,19,9.428208333333334,0.04437255859375,-39.49828971911367
sub05,test,11,spontaneous,2,104.0,0,20,9.992208333333334,0.025604248046875,-43.84034213859837
sub05,test,11,spontaneous,2,104.0,0,21,10.604375,0.038299560546875,-40.12482925807544
sub05,test,11,spontaneous,2,104.0,0,22,11.163708333333334,0.025390625,-43.490148626831214
sub05,test,11,spontaneous,2,104.0,0,23,11.725916666666667,0.049530029296875,-38.471262502914044
sub05,test,11,spontaneous,2,104.0,0,24,12.2884375,0.008819580078125,-51.92833351304501
sub05,test,11,spontaneous,2,104.0,0,25,12.849291666666666,0.041046142578125,-39.64160369698159
sub05,test,11,spontaneous,2,104.0,0,26,12.96,0.002105712890625,-55.133923360946326
sub05,test,11,spontaneous,2,104.0,0,27,13.404708333333334,0.02227783203125,-44.56117702589494
sub05,test,11,spontaneous,2,104.0,0,28,13.509395833333333,0.0015869140625,-57.3555894595513
sub05,test,11,spontaneous,2,104.0,0,29,14.0111875,0.023712158203125,-44.46697957783382
sub05,test,11,spontaneous,2,104.0,0,30,14.117895833333334,0.002471923828125,-55.45911641453034
sub05,test,11,spontaneous,2,104.0,0,31,14.555229166666667,0.094512939453125,-33.682870040184696
sub05,test,11,spontaneous,2,104.0,0,32,14.658083333333334,0.0028076171875,-51.932088040049564
sub05,test,11,spontaneous,2,104.0,0,33,15.120270833333333,0.033935546875,-41.71268005700797
sub05,test,11,spontaneous,2,104.0,0,34,15.702333333333334,0.04791259765625,-39.26583636887631
sub05,test,11,spontaneous,2,104.0,0,35,16.274979166666668,0.043212890625,-39.22254118509393
sub05,test,11,spontaneous,2,104.0,0,36,16.382166666666667,0.001739501953125,-57.39282257906348
sub05,test,11,spontaneous,2,104.0,0,37,16.868583333333333,0.0328369140625,-42.061616275500754
sub05,test,11,spontaneous,2,104.0,0,38,17.441166666666668,0.032745361328125,-41.99643684822262
sub05,test,11,spontaneous,2,104.0,0,39,18.004541666666668,0.06207275390625,-36.791748763667556
sub05,test,11,spontaneous,2,104.0,0,40,18.59572916666667,0.0281982421875,-43.24842847355782
sub05,test,11,spontaneous,2,104.0,0,41,19.157770833333334,0.030487060546875,-42.54797872517032
sub05,test,11,spontaneous,2,104.0,0,42,19.734479166666667,0.048675537109375,-38.84811218836758
sub05,test,11,spontaneous,2,104.0,0,43,20.318,0.024688720703125,-44.505032426471544
sub05,test,11,spontaneous,2,104.0,0,44,20.897520833333335,0.04888916015625,-38.92377712985271
sub05,test,11,spontaneous,2,104.0,0,45,21.470833333333335,0.055206298828125,-37.72532283164602
sub05,test,11,spontaneous,2,104.0,0,46,21.5749375,0.0025634765625,-54.00990965417914
sub05,test,11,spontaneous,2,104.0,0,47,22.062375,0.020294189453125,-45.4859339257348
sub05,test,11,spontaneous,2,104.0,0,48,22.650291666666668,0.03436279296875,-41.55639954878651
sub05,test,11,spontaneous,2,104.0,0,49,23.191375,0.071685791015625,-35.61573331860633
sub05,test,11,spontaneous,2,104.0,0,50,23.294770833333335,0.002593994140625,-53.66146279932818
sub05,test,11,spontaneous,2,104.0,0,51,23.782645833333333,0.0316162109375,-42.25809510851392
sub05,test,11,spontaneous,2,104.0,0,52,23.923979166666665,0.00341796875,-63.66777192449384
sub05,test,11,spontaneous,2,104.0,0,53,24.371875,0.048248291015625,-38.96298848052559
sub05,test,11,spontaneous,2,104.0,0,54,24.914604166666667,0.06182861328125,-36.872205781723494
sub05,test,11,spontaneous,2,104.0,0,55,25.03275,0.002227783203125,-55.58942488170996
sub05,test,11,spontaneous,2,104.0,0,56,25.4769375,0.030853271484375,-42.59219972176206
sub05,test,11,spontaneous,2,104.0,0,57,26.0386875,0.0538330078125,-38.100779967005934
sub05,test,11,spontaneous,2,104.0,0,58,26.14035416666667,0.001800537109375,-57.1260530723465
sub05,test,11,spontaneous,2,104.0,0,59,26.649645833333334,0.06103515625,-36.81499489587981
sub05,test,11,spontaneous,2,104.0,0,60,26.752958333333332,0.002197265625,-55.87225060827285
sub05,test,11,spontaneous,2,104.0,0,61,27.186104166666667,0.03173828125,-42.345436481877215
sub05,test,11,spontaneous,2,104.0,0,62,27.76475,0.038604736328125,-40.74581323069658
sub05,test,11,spontaneous,2,104.0,0,63,28.347125,0.06048583984375,-36.889194846007925
sub05,test,11,spontaneous,2,104.0,0,64,28.464979166666666,0.001953125,-55.12093276173622
sub05,test,11,spontaneous,2,104.0,0,65,28.9303125,0.0364990234375,-41.047547902271724
sub05,test,11,spontaneous,2,104.0,0,66,29.508375,0.036712646484375,-41.064381123478775
sub05,test,12,spontaneous,2,116.0,0,0,1.2344791666666666,0.08404541015625,-34.67831312436989
sub05,test,12,spontaneous,2,116.0,0,1,1.3345416666666667,0.003570556640625,-49.678434846715874
sub05,test,12,spontaneous,2,116.0,0,2,1.7393958333333333,0.011444091796875,-50.22797933226882
sub05,test,12,spontaneous,2,116.0,0,3,2.235125,0.044219970703125,-39.49196079361068
sub05,test,12,spontaneous,2,116.0,0,4,2.348,0.0020751953125,-54.568530181515555
sub05,test,12,spontaneous,2,116.0,0,5,2.7960833333333333,0.00994873046875,-51.25666223942909
sub05,test,12,spontaneous,2,116.0,0,6,3.263708333333333,0.076446533203125,-35.682902421928155
sub05,test,12,spontaneous,2,116.0,0,7,3.3724791666666665,0.00238037109375,-54.4307301660795
sub05,test,12,spontaneous,2,116.0,0,8,3.7978958333333335,0.017913818359375,-47.228836866725985
sub05,test,12,spontaneous,2,116.0,0,9,4.305104166666666,0.070098876953125,-36.17602997570955
sub05,test,12,spontaneous,2,116.0,0,10,4.4105,0.0020751953125,-55.97863388442636
sub05,test,12,spontaneous,2,116.0,0,11,4.84675,0.0303955078125,-42.63422280010691
sub05,test,12,spontaneous,2,116.0,0,12,5.360333333333333,0.057861328125,-37.7166157279435
sub05,test,12,spontaneous,2,116.0,0,13,5.465916666666667,0.002105712890625,-54.80345832268449
sub05,test,12,spontaneous,2,116.0,0,14,5.881208333333333,0.018951416015625,-46.65150631432411
sub05,test,12,spontaneous,2,116.0,0,15,6.403645833333333,0.056060791015625,-38.06989080137635
sub05,test,12,spontaneous,2,116.0,0,16,6.927979166666667,0.018463134765625,-46.503192484911054
sub05,test,12,spontaneous,2,116.0,0,17,7.4505,0.049224853515625,-38.86894413720884
sub05,test,12,spontaneous,2,116.0,0,18,7.5594166666666665,0.001953125,-55.70499559033018
sub05,test,12,spontaneous,2,116.0,0,19,8.4715,0.0848388671875,-34.70054092632744
sub05,test,12,spontaneous,2,116.0,0,20,8.5720625,0.002044677734375,-55.11607399927744
sub05,test,12,spontaneous,2,116.0,0,21,8.988958333333333,0.019195556640625,-46.302197681796606
sub05,test,12,spontaneous,2,116.0,0,22,9.503604166666667,0.065704345703125,-36.82229772399113
sub05,test,12,spontaneous,2,116.0,0,23,10.014833333333334,0.019073486328125,-46.30576555715464
sub05,test,12,spontaneous,2,116.0,0,24,10.544916666666667,0.062896728515625,-37.16475621945322
sub05,test,12,spontaneous,2,116.0,0,25,10.662354166666667,0.002532958984375,-53.534875525861366
sub05,test,12,spontaneous,2,116.0,0,26,11.603333333333333,0.065093994140625,-36.714745243546446
sub05,test,12,spontaneous,2,116.0,0,27,11.708375,0.001953125,-55.33603650528043
sub05,test,12,spontaneous,2,116.0,0,28,12.091229166666666,0.018280029296875,-46.67848926157416
sub05,test,12,spontaneous,2,116.0,0,29,12.5965625,0.07501220703125,-35.64440078512134
sub05,test,12,spontaneous,2,116.0,0,30,12.709979166666667,0.002349853515625,-53.52148760483446
sub05,test,12,spontaneous,2,116.0,0,31,13.111479166666667,0.020751953125,-45.723438988287164
sub05,test,12,spontaneous,2,116.0,0,32,13.620354166666667,0.034637451171875,-41.61585982025261
sub05,test,12,spontaneous,2,116.0,0,33,14.117645833333333,0.062713623046875,-36.74549570228678
sub05,test,12,spontaneous,2,116.0,0,34,14.218583333333333,0.0023193359375,-53.74830513230088
sub05,test,12,spontaneous,2,116.0,0,35,14.6843125,0.044952392578125,-39.87533199602264
sub05,test,12,spontaneous,2,116.0,0,36,15.170645833333333,0.04290771484375,-40.13600215157229
sub05,test,12,spontaneous,2,116.0,0,37,15.653583333333334,0.060882568359375,-36.9687587691634
sub05,test,12,spontaneous,2,116.0,0,38,15.754291666666667,0.003753662109375,-50.00009409398338
sub05,test,12,spontaneous,2,116.0,0,39,16.190479166666666,0.02801513671875,-43.404462519685964
sub05,test,12,spontaneous,2,116.0,0,40,16.7225,0.03936767578125,-40.91122054138501
sub05,test,12,spontaneous,2,116.0,0,41,17.202041666666666,0.0733642578125,-36.12317703094805
sub05,test,12,spontaneous,2,116.0,0,42,17.302833333333332,0.00250244140625,-53.986876453057526
sub05,test,12,spontaneous,2,116.0,0,43,17.761416666666666,0.041015625,-40.26690545188661
sub05,test,12,spontaneous,2,116.0,0,44,18.2859375,0.0482177734375,-39.05027206521961
sub05,test,12,spontaneous,2,116.0,0,45,18.837645833333333,0.058502197265625,-37.58474353060544
sub05,test,12,spontaneous,2,116.0,0,46,19.323875,0.04425048828125,-39.74656554069962
sub05,test,12,spontaneous,2,116.0,0,47,19.824625,0.0552978515625,-38.132531605794526
sub05,test,12,spontaneous,2,116.0,0,48,20.3496875,0.051666259765625,-38.32380726768135
sub05,test,12,spontaneous,2,116.0,0,49,20.851770833333333,0.005096435546875,-55.95184872561963
sub05,test,12,spontaneous,2,116.0,0,50,21.385729166666668,0.024078369140625,-44.69995095567104
sub05,test,12,spontaneous,2,116.0,0,51,21.8759375,0.0576171875,-37.42939086235917
sub05,test,12,spontaneous,2,116.0,0,52,22.401541666666667,0.0267333984375,-43.7034468436972
sub05,test,12,spontaneous,2,116.0,0,53,22.9175625,0.036956787109375,-40.96452121263677
sub05,test,12,spontaneous,2,116.0,0,54,23.487895833333333,0.04150390625,-39.68574463490009
sub05,test,12,spontaneous,2,116.0,0,55,23.991,0.02459716796875,-43.85065408459872
sub05,test,12,spontaneous,2,116.0,0,56,24.479604166666668,0.04022216796875,-40.3403072373174
sub05,test,12,spontaneous,2,116.0,0,57,24.993125,0.052520751953125,-38.18308600670138
sub05,test,12,spontaneous,2,116.0,0,58,25.508208333333332,0.025054931640625,-44.001438481461534
sub05,test,12,spontaneous,2,116.0,0,59,26.035625,0.031158447265625,-42.41351168712522
sub05,test,12,spontaneous,2,116.0,0,60,26.550979166666668,0.05413818359375,-37.93447310332621
sub05,test,12,spontaneous,2,116.0,0,61,27.108958333333334,0.012939453125,-49.090472325624496
sub05,test,12,spontaneous,2,116.0,0,62,27.588958333333334,0.021026611328125,-45.60131752581894
sub05,test,12,spontaneous,2,116.0,0,63,28.052645833333333,0.076141357421875,-35.16236187259195
sub05,test,12,spontaneous,2,116.0,0,64,28.152958333333334,0.002716064453125,-51.86232759265017
sub05,test,12,spontaneous,2,116.0,0,65,28.623,0.02264404296875,-45.27458906719805
sub05,test,12,spontaneous,2,116.0,0,66,29.1316875,0.0369873046875,-41.057151274627174
sub05,test,12,spontaneous,2,116.0,0,67,29.632229166666665,0.090423583984375,-33.66650314266184
sub05,test,13,spontaneous,3,112.0,0,0,1.295875,0.0843505859375,-35.366473668513066
sub05,test,13,spontaneous,3,112.0,0,1,1.4059583333333334,0.002655029296875,-54.009270398645114
sub05,test,13,spontaneous,3,112.0,0,2,1.761,0.01287841796875,-49.72671420904305
sub05,test,13,spontaneous,3,112.0,0,3,2.317270833333333,0.0181884765625,-47.15299870313259
sub05,test,13,spontaneous,3,112.0,0,4,2.8394375,0.0582275390625,-37.423973592329546
sub05,test,13,spontaneous,3,112.0,0,5,3.3606041666666666,0.018280029296875,-47.11189766137589
sub05,test,13,spontaneous,3,112.0,0,6,3.9070833333333335,0.02178955078125,-45.58318222979313
sub05,test,13,spontaneous,3,112.0,0,7,4.445416666666667,0.062469482421875,-36.90350733334808
sub05,test,13,spontaneous,3,112.0,0,8,4.982375,0.043975830078125,-39.91895596072692
sub05,test,13,spontaneous,3,112.0,0,9,5.536979166666667,0.02655029296875,-43.89943538885679
sub05,test,13,spontaneous,3,112.0,0,10,6.009895833333333,0.061614990234375,-37.07415940012061
sub05,test,13,spontaneous,3,112.0,0,11,6.113791666666667,0.00299072265625,-52.003892827064135
sub05,test,13,spontaneous,3,112.0,0,12,6.565166666666666,0.044769287109375,-39.55672139418433
sub05,test,13,spontaneous,3,112.0,0,13,7.132895833333333,0.009429931640625,-51.988691623733
sub05,test,13,spontaneous,3,112.0,0,14,7.6341875,0.11248779296875,-32.072187993830426
sub05,test,13,spontaneous,3,112.0,0,15,7.739708333333334,0.0028076171875,-53.2748892057532
sub05,test,13,spontaneous,3,112.0,0,16,8.169520833333333,0.01507568359375,-48.809818038064
sub05,test,13,spontaneous,3,112.0,0,17,8.72,0.031585693359375,-42.65493497817593
sub05,test,13,spontaneous,3,112.0,0,18,9.2699375,0.0926513671875,-33.780482253593874
sub05,test,13,spontaneous,3,112.0,0,19,9.380604166666666,0.00262451171875,-52.31072666714843
sub05,test,13,spontaneous,3,112.0,0,20,9.828020833333333,0.022613525390625,-45.124184422648426
sub05,test,13,spontaneous,3,112.0,0,21,10.367395833333333,0.029449462890625,-42.78222269863603
sub05,test,13,spontaneous,3,112.0,0,22,10.866625,0.108245849609375,-32.14235275348641
sub05,test,13,spontaneous,3,112.0,0,23,11.397875,0.025909423828125,-43.93048947690879
sub05,test,13,spontaneous,3,112.0,0,24,11.9390625,0.037994384765625,-41.061937291436564
sub05,test,13,spontaneous,3,112.0,0,25,12.4694375,0.130828857421875,-30.51910994536403
sub05,test,13,spontaneous,3,112.0,0,26,12.5698125,0.00311279296875,-50.74493696879453
sub05,test,13,spontaneous,3,112.0,0,27,13.0279375,0.04986572265625,-38.722499623042246
sub05,test,13,spontaneous,3,112.0,0,28,13.550416666666667,0.045928955078125,-39.59465665255857
sub05,test,13,spontaneous,3,112.0,0,29,14.089854166666667,0.070343017578125,-35.91472767363271
sub05,test,13,spontaneous,3,112.0,0,30,14.189854166666667,0.003021240234375,-51.81376607580681
sub05,test,13,spontaneous,3,112.0,0,31,14.603375,0.042694091796875,-39.981176429575605
sub05,test,13,spontaneous,3,112.0,0,32,15.19225,0.08441162109375,-34.61006466426217
sub05,test,13,spontaneous,3,112.0,0,33,15.293479166666666,0.0029296875,-51.866306593333356
sub05,test,13,spontaneous,3,112.0,0,34,15.705854166666667,0.030242919921875,-42.96894624842156
sub05,test,13,spontaneous,3,112.0,0,35,16.2845,0.072113037109375,-35.79160715053609
sub05,test,13,spontaneous,3,112.0,0,36,16.783979166666665,0.01971435546875,-45.29169574502618
sub05,test,13,spontaneous,3,112.0,0,37,17.321291666666667,0.08221435546875,-34.418066931584356
sub05,test,13,spontaneous,3,112.0,0,38,17.840104166666666,0.007537841796875,-53.211129946938634
sub05,test,13,spontaneous,3,112.0,0,39,18.398041666666668,0.068939208984375,-35.95597254546951
sub05,test,13,spontaneous,3,112.0,0,40,18.932583333333334,0.028045654296875,-43.61879719188514
sub05,test,13,spontaneous,3,112.0,0,41,19.549833333333332,0.04345703125,-39.6704258119278
sub05,test,13,spontaneous,3,112.0,0,42,20.006291666666666,0.02020263671875,-46.34476661580343
sub05,test,13,spontaneous,3,112.0,0,43,20.538145833333335,0.069183349609375,-36.101303026867846
sub05,test,13,spontaneous,3,112.0,0,44,20.639,0.003265380859375,-51.23965877248481
sub05,test,13,spontaneous,3,112.0,0,45,21.048791666666666,0.013916015625,-48.680308757727204
sub05,test,13,spontaneous,3,112.0,0,46,21.615770833333332,0.070953369140625,-36.03338587106088
sub05,test,13,spontaneous,3,112.0,0,47,22.134395833333333,0.010406494140625,-50.794581949485966
sub05,test,13,spontaneous,3,112.0,0,48,22.662166666666668,0.05743408203125,-38.08380010616819
sub05,test,13,spontaneous,3,112.0,0,49,22.7646875,0.0023193359375,-55.07896476919794
sub05,test,13,spontaneous,3,112.0,0,50,23.195729166666666,0.022674560546875,-45.512707200057214
sub05,test,13,spontaneous,3,112.0,0,51,23.691208333333332,0.026336669921875,-44.20263664101049
sub05,test,13,spontaneous,3,112.0,0,52,24.230541666666667,0.033447265625,-42.19039698359996
sub05,test,13,spontaneous,3,112.0,0,53,24.769020833333332,0.10089111328125,-32.5390535258074
sub05,test,13,spontaneous,3,112.0,0,54,24.870854166666668,0.0037841796875,-49.33188460534907
sub05,test,13,spontaneous,3,112.0,0,55,25.358333333333334,0.041748046875,-40.30621993172222
sub05,test,13,spontaneous,3,112.0,0,56,25.917125,0.0614013671875,-37.090296752928
sub05,test,13,spontaneous,3,112.0,0,57,26.425416666666667,0.021759033203125,-45.274100608804474
sub05,test,13,spontaneous,3,112.0,0,58,26.981229166666665,0.05950927734375,-37.61839860590585
sub05,test,13,spontaneous,3,112.0,0,59,27.0835,0.00274658203125,-52.32299229021763
sub05,test,13,spontaneous,3,112.0,0,60,27.51125,0.025115966796875,-43.85548775150605
sub05,test,13,spontaneous,3,112.0,0,61,28.089166666666667,0.048980712890625,-38.99691295426474
sub05,test,13,spontaneous,3,112.0,0,62,28.565125,0.030792236328125,-42.55041966409777
sub05,test,13,spontaneous,3,112.0,0,63,29.099625,0.061767578125,-37.264881302464076
sub05,test,13,spontaneous,3,112.0,0,64,29.646604166666666,0.026336669921875,-44.317375069397585
sub05,test,14,cued,2,116.0,12,0,1.2110416666666666,0.05303955078125,-38.193222436749586
sub05,test,14,cued,2,116.0,12,1,1.7187708333333334,0.015228271484375,-48.24243974232183
sub05,test,14,cued,2,116.0,12,2,2.2225625,0.077911376953125,-35.47614872193227
sub05,test,14,cued,2,116.0,12,3,2.3246875,0.0020751953125,-55.57336916300778
sub05,test,14,cued,2,116.0,12,4,2.8164166666666666,0.00677490234375,-53.73793242382764
sub05,test,14,cued,2,116.0,12,5,3.2602708333333332,0.062103271484375,-37.28403544413868
sub05,test,14,cued,2,116.0,12,6,3.3663958333333333,0.00177001953125,-56.757352771251924
sub05,test,14,cued,2,116.0,12,7,3.7798333333333334,0.017822265625,-46.64657722866289
sub05,test,14,cued,2,116.0,12,8,3.8954375,0.001953125,-65.48193975459513
sub05,test,14,cued,2,116.0,12,9,4.296104166666667,0.0501708984375,-38.1215905453178
sub05,test,14,cued,2,116.0,12,10,4.403395833333334,0.001068115234375,-60.77765627712708
sub05,test,14,cued,2,116.0,12,11,4.789166666666667,0.007568359375,-53.65093909495834
sub05,test,14,cued,2,116.0,12,12,5.309895833333333,0.0462646484375,-39.75120461650304
sub05,test,14,cued,2,116.0,12,13,5.4105625,0.0010986328125,-61.82003359551423
sub05,test,14,cued,2,116.0,12,14,5.846979166666666,0.003082275390625,-60.92221023850432
sub05,test,14,cued,2,116.0,12,15,6.375083333333333,0.054412841796875,-37.976639441446025
sub05,test,14,cued,2,116.0,12,16,6.534375,0.00146484375,-68.89088731352955
sub05,test,14,cued,2,116.0,12,17,6.863666666666667,0.013336181640625,-48.75648264239382
sub05,test,14,cued,2,116.0,12,18,7.3931458333333335,0.049041748046875,-38.85647542358758
sub05,test,14,cued,2,116.0,12,19,7.493645833333333,0.00128173828125,-59.54133838131452
sub05,test,14,cued,2,116.0,12,20,7.9191875,0.011688232421875,-51.06437111279027
sub05,test,14,cued,2,116.0,12,21,8.4360625,0.050262451171875,-38.557699794833354
sub05,test,14,cued,2,116.0,12,22,8.5848125,0.002227783203125,-66.5212984804419
sub05,test,14,cued,2,116.0,12,23,8.953270833333333,0.01287841796875,-49.50758459123347
sub05,test,14,cued,2,116.0,12,24,9.460291666666667,0.046783447265625,-39.18360770807814
sub05,test,14,cued,2,116.0,12,25,9.562645833333333,0.0009765625,-63.02851737034156
sub05,test,14,cued,2,116.0,12,26,9.99125,0.0059814453125,-55.99713892616501
sub05,test,14,cued,2,116.0,12,27,10.5144375,0.041107177734375,-39.93487318873406
sub05,test,14,cued,2,116.0,12,28,10.6470625,0.001739501953125,-68.99958907579742
sub05,test,14,cued,2,116.0,12,29,11.026729166666666,0.00628662109375,-55.20463957198632
sub05,test,14,cued,2,116.0,12,30,11.5315625,0.041229248046875,-40.0184359943017
sub05,test,14,cued,2,116.0,12,31,12.069208333333334,0.014434814453125,-48.343144042692536
sub05,test,14,cued,2,116.0,12,32,12.599125,0.0450439453125,-39.82268585878292
sub05,test,14,cued,2,116.0,12,33,13.085833333333333,0.024017333984375,-44.74268475853148
sub05,test,14,cued,2,116.0,12,34,13.6654375,0.02740478515625,-43.36213868543552
sub05,test,14,cued,2,116.0,12,35,13.7664375,0.002410888671875,-59.64666099790855
sub05,test,14,cued,2,116.0,12,36,14.139895833333334,0.057220458984375,-37.44088261215446
sub05,test,14,cued,2,116.0,12,37,14.248604166666667,0.0013427734375,-58.642913624972486
sub05,test,14,cued,2,116.0,12,38,14.630208333333334,0.019287109375,-46.34047850051132
sub05,test,14,cued,2,116.0,12,39,15.154291666666667,0.0279541015625,-43.34218945702207
sub05,test,14,cued,2,116.0,12,40,15.657479166666667,0.056671142578125,-37.72022930180503
sub05,test,14,cued,2,116.0,12,41,16.158958333333334,0.026947021484375,-43.28644010510246
sub05,test,14,cued,2,116.0,12,42,16.296,0.001983642578125,-70.89802752763488
sub05,test,14,cued,2,116.0,12,43,16.692625,0.023223876953125,-45.06302069978233
sub05,test,14,cued,2,116.0,12,44,16.83064583333333,0.0020751953125,-65.99434474073465
sub05,test,14,cued,2,116.0,12,45,17.2188125,0.0435791015625,-39.52752422197612
sub05,test,14,cued,2,116.0,12,46,17.736458333333335,0.02056884765625,-45.719813302884845
sub05,test,14,cued,2,116.0,12,47,18.2565,0.0286865234375,-43.14011988409312
sub05,test,14,cued,2,116.0,12,48,18.757479166666666,0.0478515625,-39.1478262863117
sub05,test,14,cued,2,116.0,12,49,19.270770833333334,0.029022216796875,-42.728630523929866
sub05,test,14,cued,2,116.0,12,50,19.810416666666665,0.022369384765625,-44.74823422600366
sub05,test,14,cued,2,116.0,12,51,20.315916666666666,0.038909912109375,-40.85094637688029
sub05,test,14,cued,2,116.0,12,52,20.416520833333333,0.0010986328125,-60.972628721050825
sub05,test,14,cued,2,116.0,12,53,20.83491666666667,0.021453857421875,-45.058003571220844
sub05,test,14,cued,2,116.0,12,54,21.307895833333333,0.023712158203125,-45.32286569526409
sub05,test,14,cued,2,116.0,12,55,21.4555625,0.001739501953125,-70.9985542619704
sub05,test,14,cued,2,116.0,12,56,21.8894375,0.04669189453125,-39.54615988537192
sub05,test,14,cued,2,116.0,12,57,22.411416666666668,0.0203857421875,-45.28395674678699
sub05,test,14,cued,2,116.0,12,58,22.543875,0.00091552734375,-80.05736270216252
sub05,test,14,cued,2,116.0,12,59,22.9145625,0.024749755859375,-43.94129172904834
sub05,test,14,cued,2,116.0,12,60,23.386083333333332,0.031524658203125,-41.946872941785536
sub05,test,14,cued,2,116.0,12,61,23.931020833333335,0.01580810546875,-47.002544894581895
sub05,test,14,cued,2,116.0,12,62,24.4510625,0.02325439453125,-44.67314600015327
sub05,test,14,cued,2,116.0,12,63,25.035604166666666,0.041107177734375,-40.12816007843412
sub05,test,14,cued,2,116.0,12,64,25.144479166666667,0.00128173828125,-72.78174041177894
sub05,test,14,cued,2,116.0,12,65,25.58064583333333,0.024078369140625,-44.3091522146226
sub05,test,14,cued,2,116.0,12,66,25.693395833333334,0.00152587890625,-72.05252887668826
sub05,test,14,cued,2,116.0,12,67,26.048354166666666,0.017303466796875,-46.946612816551145
sub05,test,14,cued,2,116.0,12,68,26.290145833333334,0.001190185546875,-73.23252789188804
sub05,test,14,cued,2,116.0,12,69,26.5198125,0.05682373046875,-37.772508764712434
sub05,test,14,cued,2,116.0,12,70,26.620708333333333,0.00128173828125,-58.873925980048874
sub05,test,14,cued,2,116.0,12,71,27.0981875,0.02020263671875,-45.966093044642015
sub05,test,14,cued,2,116.0,12,72,27.586708333333334,0.026824951171875,-43.60522828257843
sub05,test,14,cued,2,116.0,12,73,28.08791666666667,0.044586181640625,-39.600689255115086
sub05,test,14,cued,2,116.0,12,74,28.623958333333334,0.0174560546875,-46.703911740167044
sub05,test,14,cued,2,116.0,12,75,29.115791666666667,0.01971435546875,-46.04015792700979
sub05,test,14,cued,2,116.0,12,76,29.694229166666666,0.037109375,-40.66755339167109
sub05,test,15,spontaneous,2,108.0,0,0,2.3505833333333332,0.080108642578125,-34.94714716286366
sub05,test,15,spontaneous,2,108.0,0,1,2.453,0.0023193359375,-53.606047509648675
sub05,test,15,spontaneous,2,108.0,0,2,2.9246458333333334,0.02178955078125,-45.275188913867154
sub05,test,15,spontaneous,2,108.0,0,3,3.5071458333333334,0.0645751953125,-36.58164186896566
sub05,test,15,spontaneous,2,108.0,0,4,3.6093125,0.001434326171875,-58.07985878759651
sub05,test,15,spontaneous,2,108.0,0,5,4.0295,0.0089111328125,-52.65013562177215
sub05,test,15,spontaneous,2,108.0,0,6,4.560083333333333,0.03179931640625,-41.77137842270675
sub05,test,15,spontaneous,2,108.0,0,7,5.130166666666667,0.007049560546875,-53.90358029677359
sub05,test,15,spontaneous,2,108.0,0,8,5.489541666666667,0.00115966796875,-72.89534878464134
sub05,test,15,spontaneous,2,108.0,0,9,5.6924166666666665,0.05718994140625,-37.49191231674531
sub05,test,15,spontaneous,2,108.0,0,10,5.79425,0.001556396484375,-57.781624409965886
sub05,test,15,spontaneous,2,108.0,0,11,6.231875,0.015106201171875,-48.2948505260501
sub05,test,15,spontaneous,2,108.0,0,12,6.789541666666667,0.0576171875,-37.570982768319496
sub05,test,15,spontaneous,2,108.0,0,13,7.354354166666667,0.019287109375,-46.40251268097054
sub05,test,15,spontaneous,2,108.0,0,14,7.947041666666666,0.05963134765625,-37.454963045296395
sub05,test,15,spontaneous,2,108.0,0,15,8.5001875,0.032073974609375,-42.07411654425919
sub05,test,15,spontaneous,2,108.0,0,16,9.047708333333333,0.036956787109375,-41.180125741314406
sub05,test,15,spontaneous,2,108.0,0,17,9.148083333333334,0.001556396484375,-58.69855893074642
sub05,test,15,spontaneous,2,108.0,0,18,9.595375,0.02178955078125,-45.28206263868995
sub05,test,15,spontaneous,2,108.0,0,19,10.168395833333333,0.051361083984375,-38.445427280171344
sub05,test,15,spontaneous,2,108.0,0,20,10.273020833333334,0.0013427734375,-60.49504461740973
sub05,test,15,spontaneous,2,108.0,0,21,10.7094375,0.0301513671875,-42.95401585665996
sub05,test,15,spontaneous,2,108.0,0,22,11.263458333333332,0.030029296875,-42.77392412388876
sub05,test,15,spontaneous,2,108.0,0,23,11.39475,0.002166748046875,-64.02968882926997
sub05,test,15,spontaneous,2,108.0,0,24,11.769354166666666,0.052093505859375,-38.36913306207347
sub05,test,15,spontaneous,2,108.0,0,25,11.871270833333334,0.00140380859375,-59.875801881881436
sub05,test,15,spontaneous,2,108.0,0,26,12.320916666666667,0.0234375,-44.693433065610016
sub05,test,15,spontaneous,2,108.0,0,27,12.888145833333333,0.029937744140625,-42.56467433593062
sub05,test,15,spontaneous,2,108.0,0,28,13.506958333333333,0.04730224609375,-39.22700109651237
sub05,test,15,spontaneous,2,108.0,0,29,14.046083333333334,0.012725830078125,-49.69996280273601
sub05,test,15,spontaneous,2,108.0,0,30,14.565729166666667,0.01031494140625,-51.160330280492154
sub05,test,15,spontaneous,2,108.0,0,31,15.102104166666667,0.04827880859375,-39.03625172817421
sub05,test,15,spontaneous,2,108.0,0,32,15.684958333333332,0.01336669921875,-49.74492680519713
sub05,test,15,spontaneous,2,108.0,0,33,16.219875,0.027587890625,-43.54315366982924
sub05,test,15,spontaneous,2,108.0,0,34,16.767125,0.06317138671875,-36.93079018018281
sub05,test,15,spontaneous,2,108.0,0,35,17.333020833333332,0.014190673828125,-49.07639276841166
sub05,test,15,spontaneous,2,108.0,0,36,17.9264375,0.01849365234375,-46.63960232724074
sub05,test,15,spontaneous,2,108.0,0,37,18.188645833333332,0.001190185546875,-73.61195681558995
sub05,test,15,spontaneous,2,108.0,0,38,18.471354166666668,0.071197509765625,-35.967771208676616
sub05,test,15,spontaneous,2,108.0,0,39,19.068479166666666,0.01458740234375,-48.8756945784003
sub05,test,15,spontaneous,2,108.0,0,40,19.5923125,0.01629638671875,-48.19988030884179
sub05,test,15,spontaneous,2,108.0,0,41,20.134833333333333,0.060638427734375,-37.32017050987609
sub05,test,15,spontaneous,2,108.0,0,42,20.23485416666667,0.001708984375,-56.66970298621884
sub05,test,15,spontaneous,2,108.0,0,43,20.684604166666666,0.01031494140625,-51.532623499695156
sub05,test,15,spontaneous,2,108.0,0,44,21.2269375,0.0147705078125,-49.103529504290144
sub05,test,15,spontaneous,2,108.0,0,45,21.786020833333332,0.063629150390625,-36.875680424808024
sub05,test,15,spontaneous,2,108.0,0,46,22.380541666666666,0.008209228515625,-53.689807252290805
sub05,test,15,spontaneous,2,108.0,0,47,22.934375,0.01690673828125,-47.45606681597166
sub05,test,15,spontaneous,2,108.0,0,48,23.492520833333334,0.049346923828125,-38.96655573939685
sub05,test,15,spontaneous,2,108.0,0,49,24.0340625,0.006011962890625,-55.67594398709882
sub05,test,15,spontaneous,2,108.0,0,50,24.60108333333333,0.009613037109375,-51.889009051026704
sub05,test,15,spontaneous,2,108.0,0,51,25.126895833333332,0.08026123046875,-34.8566919747894
sub05,test,15,spontaneous,2,108.0,0,52,25.228375,0.00146484375,-57.4292780433109
sub05,test,15,spontaneous,2,108.0,0,53,25.718458333333334,0.017181396484375,-47.21656838474175
sub05,test,15,spontaneous,2,108.0,0,54,26.243833333333335,0.002105712890625,-62.58443192409402
sub05,test,15,spontaneous,2,108.0,0,55,26.807625,0.072662353515625,-36.16787514924446
sub05,test,15,spontaneous,2,108.0,0,56,26.914520833333334,0.001617431640625,-56.596838289964076
sub05,test,15,spontaneous,2,108.0,0,57,27.328979166666667,0.016082763671875,-47.98270940988563
sub05,test,15,spontaneous,2,108.0,0,58,27.881145833333335,0.015106201171875,-48.06889410685825
sub05,test,15,spontaneous,2,108.0,0,59,28.4476875,0.032196044921875,-41.930986119476216
sub05,test,15,spontaneous,2,108.0,0,60,28.554875,0.00225830078125,-56.01714471598014
sub05,test,15,spontaneous,2,108.0,0,61,29.060833333333335,0.012969970703125,-49.54598695727023
sub05,test,15,spontaneous,2,108.0,0,62,29.6141875,0.005706787109375,-56.75655295150622
sub05,test,16,spontaneous,2,112.0,0,0,1.2694166666666666,0.06121826171875,-37.1316348799549
sub05,test,16,spontaneous,2,112.0,0,1,1.7703541666666667,0.001861572265625,-63.72490926650801
sub05,test,16,spontaneous,2,112.0,0,2,2.282375,0.052825927734375,-38.51939012055081
sub05,test,16,spontaneous,2,112.0,0,3,3.379,0.0721435546875,-35.936261908954705
sub05,test,16,spontaneous,2,112.0,0,4,3.9336041666666666,0.00408935546875,-58.58192559044405
sub05,test,16,spontaneous,2,112.0,0,5,4.4775,0.05499267578125,-38.37727891339518
sub05,test,16,spontaneous,2,112.0,0,6,5.534291666666666,0.066253662109375,-36.655287187315665
sub05,test,16,spontaneous,2,112.0,0,7,5.637770833333334,0.001129150390625,-60.81751552372552
sub05,test,16,spontaneous,2,112.0,0,8,6.0371041666666665,0.003448486328125,-59.850297971891884
sub05,test,16,spontaneous,2,112.0,0,9,6.636791666666666,0.06890869140625,-36.368239202938945
sub05,test,16,spontaneous,2,112.0,0,10,6.7369375,0.00152587890625,-58.37439808209376
sub05,test,16,spontaneous,2,112.0,0,11,7.184479166666667,0.004638671875,-57.76267689589026
sub05,test,16,spontaneous,2,112.0,0,12,7.728125,0.05657958984375,-37.632989906935165
sub05,test,16,spontaneous,2,112.0,0,13,8.221833333333333,0.01458740234375,-48.057617216004715
sub05,test,16,spontaneous,2,112.0,0,14,8.767895833333334,0.020965576171875,-45.70047480458037
sub05,test,16,spontaneous,2,112.0,0,15,8.890083333333333,0.002044677734375,-65.77119847219282
sub05,test,16,spontaneous,2,112.0,0,16,9.249020833333333,0.065643310546875,-36.82409619034763
sub05,test,16,spontaneous,2,112.0,0,17,9.366125,0.001708984375,-57.117556397817744
sub05,test,16,spontaneous,2,112.0,0,18,9.8165,0.0196533203125,-45.81967255312206
sub05,test,16,spontaneous,2,112.0,0,19,10.387125,0.0179443359375,-46.75887636270894
sub05,test,16,spontaneous,2,112.0,0,20,10.603875,0.001190185546875,-72.75358476841875
sub05,test,16,spontaneous,2,112.0,0,21,10.863333333333333,0.046051025390625,-39.719532519247174
sub05,test,16,spontaneous,2,112.0,0,22,10.963354166666667,0.00140380859375,-60.1983102626015
sub05,test,16,spontaneous,2,112.0,0,23,11.435645833333334,0.002685546875,-62.67261338520663
sub05,test,16,spontaneous,2,112.0,0,24,11.961416666666667,0.013702392578125,-49.08953416825988
sub05,test,16,spontaneous,2,112.0,0,25,12.1655625,0.00128173828125,-71.98240212366531
sub05,test,16,spontaneous,2,112.0,0,26,12.409,0.05804443359375,-38.03101175633706
sub05,test,16,spontaneous,2,112.0,0,27,12.515083333333333,0.001312255859375,-60.19776301741027
sub05,test,16,spontaneous,2,112.0,0,28,13.002291666666666,0.011444091796875,-50.44327584543411
sub05,test,16,spontaneous,2,112.0,0,29,13.546145833333334,0.0164794921875,-47.64442563478211
sub05,test,16,spontaneous,2,112.0,0,30,14.068604166666667,0.063201904296875,-37.10885476390847
sub05,test,16,spontaneous,2,112.0,0,31,14.169229166666666,0.002197265625,-54.83340958841061
sub05,test,16,spontaneous,2,112.0,0,32,14.646958333333334,0.013397216796875,-49.795715519879096
sub05,test,16,spontaneous,2,112.0,0,33,15.17325,0.019500732421875,-46.37832099282817
sub05,test,16,spontaneous,2,112.0,0,34,15.644395833333334,0.055511474609375,-38.140967844419656
sub05,test,16,spontaneous,2,112.0,0,35,15.7461875,0.0013427734375,-59.04433167149078
sub05,test,16,spontaneous,2,112.0,0,36,16.209770833333334,0.021209716796875,-45.50988306403394
sub05,test,16,spontaneous,2,112.0,0,37,16.760458333333332,0.02911376953125,-43.04742591601293
sub05,test,16,spontaneous,2,112.0,0,38,17.299208333333333,0.05474853515625,-38.01334060641872
sub05,test,16,spontaneous,2,112.0,0,39,17.4444375,0.0030517578125,-63.03893804530578
sub05,test,16,spontaneous,2,112.0,0,40,17.844145833333332,0.009521484375,-51.86295681922785
sub05,test,16,spontaneous,2,112.0,0,41,18.367916666666666,0.01953125,-46.201352842856664
sub05,test,16,spontaneous,2,112.0,0,42,18.876958333333334,0.03350830078125,-42.03255827771292
sub05,test,16,spontaneous,2,112.0,0,43,18.979291666666665,0.002166748046875,-55.7139293882267
sub05,test,16,spontaneous,2,112.0,0,44,19.439625,0.0203857421875,-45.87899472450998
sub05,test,16,spontaneous,2,112.0,0,45,19.9768125,0.0257568359375,-43.883180756594385
sub05,test,16,spontaneous,2,112.0,0,46,20.495791666666666,0.097412109375,-33.06117972320395
sub05,test,16,spontaneous,2,112.0,0,47,20.599541666666667,0.002410888671875,-54.03834521292103
sub05,test,16,spontaneous,2,112.0,0,48,21.060270833333334,0.027923583984375,-43.38371131579137
sub05,test,16,spontaneous,2,112.0,0,49,21.5865625,0.01708984375,-47.17873420722284
sub05,test,16,spontaneous,2,112.0,0,50,22.106291666666667,0.06036376953125,-37.483618210883094
sub05,test,16,spontaneous,2,112.0,0,51,22.636645833333333,0.018524169921875,-46.442781226129355
sub05,test,16,spontaneous,2,112.0,0,52,23.167791666666666,0.0184326171875,-46.70533309197612
sub05,test,16,spontaneous,2,112.0,0,53,23.682645833333332,0.068267822265625,-36.15098855402048
sub05,test,16,spontaneous,2,112.0,0,54,24.192375,0.010894775390625,-50.913095216834066
sub05,test,16,spontaneous,2,112.0,0,55,24.741791666666668,0.02294921875,-44.54510771401304
sub05,test,16,spontaneous,2,112.0,0,56,25.2880625,0.0465087890625,-39.29711349915213
sub05,test,16,spontaneous,2,112.0,0,57,25.411770833333332,0.00164794921875,-70.37203494063787
sub05,test,16,spontaneous,2,112.0,0,58,25.8496875,0.01025390625,-51.747878822830714
sub05,test,16,spontaneous,2,112.0,0,59,26.363479166666668,0.00830078125,-53.37853925417378
sub05,test,16,spontaneous,2,112.0,0,60,26.899333333333335,0.049835205078125,-39.46083140974088
sub05,test,16,spontaneous,2,112.0,0,61,27.0504375,0.00177001953125,-67.86665752270127
sub05,test,16,spontaneous,2,112.0,0,62,27.460729166666667,0.0101318359375,-51.78816449912682
sub05,test,16,spontaneous,2,112.0,0,63,27.997916666666665,0.018341064453125,-46.33452498996948
sub05,test,16,spontaneous,2,112.0,0,64,28.54104166666667,0.048980712890625,-38.94655336428888
sub05,test,16,spontaneous,2,112.0,0,65,29.064395833333332,0.010833740234375,-51.050320801150704
sub05,test,16,spontaneous,2,112.0,0,66,29.592395833333335,0.0155029296875,-48.227151483661
sub05,test,17,cued,3,120.0,14,0,1.2570208333333333,0.079132080078125,-35.30267826308223
sub05,test,17,cued,3,120.0,14,1,1.3570625,0.002716064453125,-52.55743936110108
sub05,test,17,cued,3,120.0,14,2,1.7042916666666668,0.00677490234375,-54.85665382936336
sub05,test,17,cued,3,120.0,14,3,2.1538125,0.019744873046875,-46.57551203631893
sub05,test,17,cued,3,120.0,14,4,2.6502291666666666,0.05987548828125,-37.281125852822726
sub05,test,17,cued,3,120.0,14,5,3.156791666666667,0.009124755859375,-52.411463743316475
sub05,test,17,cued,3,120.0,14,6,3.6575208333333333,0.01190185546875,-50.68779908926042
sub05,test,17,cued,3,120.0,14,7,4.122,0.0499267578125,-38.90393423396227
sub05,test,17,cued,3,120.0,14,8,4.6519375,0.01422119140625,-48.71182590049265
sub05,test,17,cued,3,120.0,14,9,5.183958333333333,0.016998291015625,-47.94832630588351
sub05,test,17,cued,3,120.0,14,10,5.6495625,0.056793212890625,-37.75637111683226
sub05,test,17,cued,3,120.0,14,11,6.150854166666667,0.01068115234375,-51.087875890697426
sub05,test,17,cued,3,120.0,14,12,6.694604166666666,0.020721435546875,-45.67138280987624
sub05,test,17,cued,3,120.0,14,13,7.1593333333333335,0.06207275390625,-37.06121708726631
sub05,test,17,cued,3,120.0,14,14,7.667354166666667,0.007476806640625,-53.98236493242546
sub05,test,17,cued,3,120.0,14,15,8.160416666666666,0.009429931640625,-52.678772071856685
sub05,test,17,cued,3,120.0,14,16,8.6500625,0.06048583984375,-37.35275197635784
sub05,test,17,cued,3,120.0,14,17,9.1838125,0.012115478515625,-49.90139593341291
sub05,test,17,cued,3,120.0,14,18,9.683583333333333,0.021636962890625,-45.410864284845445
sub05,test,17,cued,3,120.0,14,19,10.128354166666666,0.059814453125,-37.61194103810252
sub05,test,17,cued,3,120.0,14,20,10.672104166666667,0.033050537109375,-41.850710557561676
sub05,test,17,cued,3,120.0,14,21,11.169770833333333,0.01177978515625,-50.545549150304375
sub05,test,17,cued,3,120.0,14,22,11.650458333333333,0.05535888671875,-37.94096636432988
sub05,test,17,cued,3,120.0,14,23,12.1529375,0.018310546875,-46.11132205898363
sub05,test,17,cued,3,120.0,14,24,12.640729166666667,0.016387939453125,-47.62495171828672
sub05,test,17,cued,3,120.0,14,25,13.1183125,0.042449951171875,-40.11307243619452
sub05,test,17,cued,3,120.0,14,26,13.627604166666666,0.033905029296875,-41.86042905078078
sub05,test,17,cued,3,120.0,14,27,14.154854166666667,0.01904296875,-46.48532875278016
sub05,test,17,cued,3,120.0,14,28,14.665770833333333,0.069793701171875,-36.246163557573674
sub05,test,17,cued,3,120.0,14,29,14.767291666666667,0.001800537109375,-55.30365935572835
sub05,test,17,cued,3,120.0,14,30,15.2271875,0.0145263671875,-49.53742527561798
sub05,test,17,cued,3,120.0,14,31,15.330791666666666,0.00164794921875,-56.57113387717981
sub05,test,17,cued,3,120.0,14,32,15.694770833333333,0.082489013671875,-34.76644636165274
sub05,test,17,cued,3,120.0,14,33,15.795083333333332,0.0035400390625,-49.959968321789944
sub05,test,17,cued,3,120.0,14,34,16.2205,0.0081787109375,-53.82479756419865
sub05,test,17,cued,3,120.0,14,35,16.6635625,0.066741943359375,-36.491067159825185
sub05,test,17,cued,3,120.0,14,36,17.18625,0.015228271484375,-48.833736420316654
sub05,test,17,cued,3,120.0,14,37,17.6905625,0.0855712890625,-34.42328840266021
sub05,test,17,cued,3,120.0,14,38,17.792229166666665,0.0023193359375,-53.70145635399419
sub05,test,17,cued,3,120.0,14,39,18.207875,0.006927490234375,-54.560538513665435
sub05,test,17,cued,3,120.0,14,40,18.661041666666666,0.054443359375,-38.318270532968604
sub05,test,17,cued,3,120.0,14,41,19.1998125,0.02606201171875,-43.925170284530985
sub05,test,17,cued,3,120.0,14,42,19.728166666666667,0.045166015625,-39.84023170206385
sub05,test,17,cued,3,120.0,14,43,19.8295,0.00213623046875,-54.47647938087216
sub05,test,17,cued,3,120.0,14,44,20.175145833333332,0.0250244140625,-44.14527120949092
sub05,test,17,cued,3,120.0,14,45,20.702833333333334,0.06365966796875,-36.99109441615598
sub05,test,17,cued,3,120.0,14,46,20.80325,0.00177001953125,-57.704632307714895
sub05,test,17,cued,3,120.0,14,47,21.200833333333332,0.015411376953125,-48.469485664344674
sub05,test,17,cued,3,120.0,14,48,21.692916666666665,0.0711669921875,-36.13131692571255
sub05,test,17,cued,3,120.0,14,49,21.792979166666665,0.002166748046875,-55.39225993218109
sub05,test,17,cued,3,120.0,14,50,22.199041666666666,0.024749755859375,-44.38674123994514
sub05,test,17,cued,3,120.0,14,51,22.689708333333332,0.035430908203125,-41.317278387773946
sub05,test,17,cued,3,120.0,14,52,22.792604166666667,0.001556396484375,-57.404510657766295
sub05,test,17,cued,3,120.0,14,53,23.2195625,0.021240234375,-45.45805170069399
sub05,test,17,cued,3,120.0,14,54,23.692104166666667,0.058258056640625,-37.82313515714909
sub05,test,17,cued,3,120.0,14,55,23.792270833333333,0.002166748046875,-55.135781242938265
sub05,test,17,cued,3,120.0,14,56,24.220958333333332,0.0235595703125,-44.77160250318995
sub05,test,17,cued,3,120.0,14,57,24.68552083333333,0.0543212890625,-37.99807746393543
sub05,test,17,cued,3,120.0,14,58,24.800229166666668,0.00146484375,-58.25586308435333
sub05,test,17,cued,3,120.0,14,59,25.201020833333335,0.011932373046875,-49.70658821635391
sub05,test,17,cued,3,120.0,14,60,25.710291666666667,0.028472900390625,-43.094971870462764
sub05,test,17,cued,3,120.0,14,61,26.1833125,0.011474609375,-50.759248256430666
sub05,test,17,cued,3,120.0,14,62,26.69425,0.042083740234375,-39.85519765264547
sub05,test,17,cued,3,120.0,14,63,27.195875,0.013214111328125,-49.435524973400796
sub05,test,17,cued,3,120.0,14,64,27.692708333333332,0.023956298828125,-43.75443293743536
sub05,test,17,cued,3,120.0,14,65,28.208645833333332,0.010162353515625,-51.48410482419311
sub05,test,17,cued,3,120.0,14,66,28.7448125,0.03021240234375,-42.979298648844384
sub05,test,17,cued,3,120.0,14,67,29.1551875,0.009246826171875,-51.79480236175835
sub05,test,17,cued,3,120.0,14,68,29.689520833333333,0.040771484375,-40.75370416326915
sub05,test,18,cued,3,112.0,12,0,1.2355416666666668,0.0623779296875,-37.01708240024148
sub05,test,18,cued,3,112.0,12,1,1.3881458333333334,0.001617431640625,-68.72300777786462
sub05,test,18,cued,3,112.0,12,2,1.7060833333333334,0.008758544921875,-53.13260489149377
sub05,test,18,cued,3,112.0,12,3,2.2628541666666666,0.016876220703125,-47.589769719080934
sub05,test,18,cued,3,112.0,12,4,2.8158333333333334,0.068450927734375,-36.397864647673224
sub05,test,18,cued,3,112.0,12,5,2.916,0.001495361328125,-58.234392019922296
sub05,test,18,cued,3,112.0,12,6,3.3089375,0.0198974609375,-46.06926346667679
sub05,test,18,cued,3,112.0,12,7,3.479833333333333,0.000640869140625,-83.03788089011735
sub05,test,18,cued,3,112.0,12,8,3.9051458333333335,0.0166015625,-47.98577311687657
sub05,test,18,cued,3,112.0,12,9,4.429541666666666,0.07342529296875,-36.13826330878515
sub05,test,18,cued,3,112.0,12,10,4.530166666666666,0.001312255859375,-59.73704700699962
sub05,test,18,cued,3,112.0,12,11,4.928895833333334,0.00982666015625,-51.77081684192716
sub05,test,18,cued,3,112.0,12,12,5.474291666666667,0.02410888671875,-44.4637258034909
sub05,test,18,cued,3,112.0,12,13,5.683041666666667,0.001068115234375,-72.6066170578491
sub05,test,18,cued,3,112.0,12,14,6.018166666666667,0.05462646484375,-38.16116871142845
sub05,test,18,cued,3,112.0,12,15,6.562333333333333,0.0087890625,-52.433717417499885
sub05,test,18,cued,3,112.0,12,16,7.097583333333334,0.012115478515625,-50.87008212495611
sub05,test,18,cued,3,112.0,12,17,7.6028125,0.06085205078125,-37.739657247685486
sub05,test,18,cued,3,112.0,12,18,7.7791875,0.0009765625,-76.64892210902941
sub05,test,18,cued,3,112.0,12,19,8.155333333333333,0.01507568359375,-49.00017044042659
sub05,test,18,cued,3,112.0,12,20,8.308854166666666,0.001434326171875,-69.90462411646108
sub05,test,18,cued,3,112.0,12,21,8.680083333333334,0.012237548828125,-50.32156094127278
sub05,test,18,cued,3,112.0,12,22,8.841895833333334,0.001007080078125,-79.97895231339047
sub05,test,18,cued,3,112.0,12,23,9.237104166666667,0.05682373046875,-37.8100680042849
sub05,test,18,cued,3,112.0,12,24,9.339895833333333,0.000885009765625,-62.0287273488342
sub05,test,18,cued,3,112.0,12,25,9.717541666666667,0.00830078125,-53.22605375054353
sub05,test,18,cued,3,112.0,12,26,10.290270833333333,0.014434814453125,-48.962547571889814
sub05,test,18,cued,3,112.0,12,27,10.787041666666667,0.048828125,-39.56253001055585
sub05,test,18,cued,3,112.0,12,28,10.9469375,0.001617431640625,-70.95039393304516
sub05,test,18,cued,3,112.0,12,29,11.357208333333332,0.01849365234375,-46.5620016335066
sub05,test,18,cued,3,112.0,12,30,11.910041666666666,0.01348876953125,-49.538616841481904
sub05,test,18,cued,3,112.0,12,31,12.438958333333334,0.056793212890625,-38.16796279397262
sub05,test,18,cued,3,112.0,12,32,13.114604166666666,0.00885009765625,-53.13317176653655
sub05,test,18,cued,3,112.0,12,33,13.594125,0.038909912109375,-40.766906718731974
sub05,test,18,cued,3,112.0,12,34,14.087604166666667,0.008819580078125,-53.22212531283634
sub05,test,18,cued,3,112.0,12,35,14.63325,0.0689697265625,-36.33968622843526
sub05,test,18,cued,3,112.0,12,36,14.741041666666666,0.001617431640625,-56.96902240287375
sub05,test,18,cued,3,112.0,12,37,15.170958333333333,0.007720947265625,-53.902689224471146
sub05,test,18,cued,3,112.0,12,38,15.703125,0.0623779296875,-37.10608383788903
sub05,test,18,cued,3,112.0,12,39,16.244104166666666,0.00970458984375,-52.378641366751005
sub05,test,18,cued,3,112.0,12,40,16.632729166666667,0.001220703125,-73.29331872265703
sub05,test,18,cued,3,112.0,12,41,16.769229166666666,0.049407958984375,-38.85524655328551
sub05,test,18,cued,3,112.0,12,42,16.8821875,0.0008544921875,-63.922081791053856
sub05,test,18,cued,3,112.0,12,43,17.346041666666668,0.006072998046875,-55.92873816499644
sub05,test,18,cued,3,112.0,12,44,17.8629375,0.04937744140625,-39.01900553985021
sub05,test,18,cued,3,112.0,12,45,17.964354166666666,0.00091552734375,-62.40039290875777
sub05,test,18,cued,3,112.0,12,46,18.3653125,0.00445556640625,-58.24547866582116
sub05,test,18,cued,3,112.0,12,47,18.9468125,0.061492919921875,-37.25305917564961
sub05,test,18,cued,3,112.0,12,48,19.047708333333333,0.000946044921875,-61.906059920369536
sub05,test,18,cued,3,112.0,12,49,19.477729166666666,0.005035400390625,-57.13829289571176
sub05,test,18,cued,3,112.0,12,50,19.6000625,0.001953125,-70.28991955182575
sub05,test,18,cued,3,112.0,12,51,20.011895833333334,0.045166015625,-39.49963593555497
sub05,test,18,cued,3,112.0,12,52,20.133583333333334,0.001007080078125,-61.82960246637726
sub05,test,18,cued,3,112.0,12,53,20.533083333333334,0.008697509765625,-53.10446088928423
sub05,test,18,cued,3,112.0,12,54,20.635083333333334,0.001708984375,-68.84265859103598
sub05,test,18,cued,3,112.0,12,55,21.06297916666667,0.06341552734375,-37.00385982379734
sub05,test,18,cued,3,112.0,12,56,21.221354166666668,0.002044677734375,-68.5353975189912
sub05,test,18,cued,3,112.0,12,57,21.608708333333333,0.016632080078125,-47.65485219095797
sub05,test,18,cued,3,112.0,12,58,22.147020833333332,0.045989990234375,-39.38206290699439
sub05,test,18,cued,3,112.0,12,59,22.2493125,0.00146484375,-59.867590016117546
sub05,test,18,cued,3,112.0,12,60,22.655291666666667,0.009918212890625,-52.714182334981395
sub05,test,18,cued,3,112.0,12,61,23.216395833333333,0.034149169921875,-41.401091239251706
sub05,test,18,cued,3,112.0,12,62,23.738708333333335,0.003173828125,-60.137505380721194
sub05,test,18,cued,3,112.0,12,63,24.253,0.0518798828125,-38.657613239519996
sub05,test,18,cued,3,112.0,12,64,24.353145833333333,0.00103759765625,-61.373812243141046
sub05,test,18,cued,3,112.0,12,65,24.840666666666667,0.006988525390625,-54.68678745199492
sub05,test,18,cued,3,112.0,12,66,24.943125,0.001434326171875,-68.29220199922328
sub05,test,18,cued,3,112.0,12,67,25.31625,0.062469482421875,-37.087948258077155
sub05,test,18,cued,3,112.0,12,68,25.875854166666667,0.0101318359375,-51.66781722208512
sub05,test,18,cued,3,112.0,12,69,26.389166666666668,0.057464599609375,-37.66544218015503
sub05,test,18,cued,3,112.0,12,70,26.522333333333332,0.001983642578125,-66.62593600275741
sub05,test,18,cued,3,112.0,12,71,26.929479166666667,0.005828857421875,-56.15388625616835
sub05,test,18,cued,3,112.0,12,72,27.473541666666666,0.044952392578125,-39.544681315851385
sub05,test,18,cued,3,112.0,12,73,27.9840625,0.01336669921875,-49.73229403182799
sub05,test,18,cued,3,112.0,12,74,28.136166666666668,0.001129150390625,-71.88767513587449
sub05,test,18,cued,3,112.0,12,75,28.544083333333333,0.032989501953125,-41.693618578129175
sub05,test,18,cued,3,112.0,12,76,29.082645833333334,0.01568603515625,-47.89227041859221
sub05,test,18,cued,3,112.0,12,77,29.221354166666668,0.0008544921875,-79.62327531642629
sub05,test,18,cued,3,112.0,12,78,29.623875,0.036651611328125,-41.099935031248975
sub05,test,18,cued,3,112.0,12,79,29.792520833333334,0.000762939453125,-76.98601729395469
sub05,test,19,cued,3,112.0,18,0,2.343625,0.0853271484375,-34.83655571124454
sub05,test,19,cued,3,112.0,18,1,2.4466041666666665,0.0020751953125,-54.871191981754066
sub05,test,19,cued,3,112.0,18,2,2.853833333333333,0.0076904296875,-54.36449545778342
sub05,test,19,cued,3,112.0,18,3,3.007375,0.001434326171875,-72.64296002588057
sub05,test,19,cued,3,112.0,18,4,3.3826666666666667,0.019561767578125,-46.49283591183912
sub05,test,19,cued,3,112.0,18,5,3.5565,0.002838134765625,-64.89375228780169
sub05,test,19,cued,3,112.0,18,6,3.8916041666666668,0.058990478515625,-37.808697627253224
sub05,test,19,cued,3,112.0,18,7,4.005354166666667,0.001251220703125,-59.43006356257071
sub05,test,19,cued,3,112.0,18,8,4.442375,0.006011962890625,-55.833081102673034
sub05,test,19,cued,3,112.0,18,9,4.5856875,0.00042724609375,-80.66326003822729
sub05,test,19,cued,3,112.0,18,10,4.961416666666667,0.01409912109375,-48.85359834503117
sub05,test,19,cued,3,112.0,18,11,5.11375,0.00244140625,-66.51253214599333
sub05,test,19,cued,3,112.0,18,12,5.471958333333333,0.064208984375,-36.87753289402358
sub05,test,19,cued,3,112.0,18,13,5.6704375,0.002410888671875,-67.80837549141904
sub05,test,19,cued,3,112.0,18,14,5.996541666666666,0.00909423828125,-52.63220351341409
sub05,test,19,cued,3,112.0,18,15,6.1690625,0.000701904296875,-81.37030284811706
sub05,test,19,cued,3,112.0,18,16,6.561604166666666,0.015899658203125,-48.36610739589091
sub05,test,19,cued,3,112.0,18,17,7.0626875,0.06280517578125,-37.52535189956746
sub05,test,19,cued,3,112.0,18,18,7.1704375,0.001007080078125,-60.928926282847655
sub05,test,19,cued,3,112.0,18,19,7.612354166666667,0.01397705078125,-49.12600733615498
sub05,test,19,cued,3,112.0,18,20,7.76725,0.000762939453125,-81.6506413816106
sub05,test,19,cued,3,112.0,18,21,8.166458333333333,0.018310546875,-46.67628713032091
sub05,test,19,cued,3,112.0,18,22,8.295354166666666,0.002197265625,-66.27101573574016
sub05,test,19,cued,3,112.0,18,23,8.682458333333333,0.032928466796875,-42.12250507420484
sub05,test,19,cued,3,112.0,18,24,8.846604166666667,0.0018310546875,-70.57611622221518
sub05,test,19,cued,3,112.0,18,25,9.271354166666667,0.00244140625,-63.66500828138332
sub05,test,19,cued,3,112.0,18,26,9.8139375,0.006805419921875,-54.83990226280739
sub05,test,19,cued,3,112.0,18,27,9.993416666666667,0.0009765625,-74.67616611476107
sub05,test,19,cued,3,112.0,18,28,10.276416666666666,0.05560302734375,-38.11538804108079
sub05,test,19,cued,3,112.0,18,29,10.455666666666668,0.000732421875,-72.56372790956135
sub05,test,19,cued,3,112.0,18,30,10.855833333333333,0.010498046875,-51.57732711672297
sub05,test,19,cued,3,112.0,18,31,11.063958333333334,0.00091552734375,-73.8136215799064
sub05,test,19,cued,3,112.0,18,32,11.406791666666667,0.01214599609375,-50.501060702227676
sub05,test,19,cued,3,112.0,18,33,11.533541666666666,0.0018310546875,-68.65154891837908
sub05,test,19,cued,3,112.0,18,34,11.8870625,0.045440673828125,-39.64872471313295
sub05,test,19,cued,3,112.0,18,35,12.043833333333334,0.001708984375,-71.08538475674415
sub05,test,19,cued,3,112.0,18,36,12.4505,0.0096435546875,-52.14506801472456
sub05,test,19,cued,3,112.0,18,37,12.982958333333332,0.013275146484375,-49.587842853517316
sub05,test,19,cued,3,112.0,18,38,13.122625,0.001800537109375,-69.85718163242089
sub05,test,19,cued,3,112.0,18,39,13.4726875,0.041656494140625,-40.38106159385302
sub05,test,19,cued,3,112.0,18,40,13.62825,0.001953125,-68.35044420944706
sub05,test,19,cued,3,112.0,18,41,14.037083333333333,0.014129638671875,-49.075342291843995
sub05,test,19,cued,3,112.0,18,42,14.556645833333333,0.01507568359375,-48.745865379364055
sub05,test,19,cued,3,112.0,18,43,14.686583333333333,0.00201416015625,-67.01804387531142
sub05,test,19,cued,3,112.0,18,44,15.0969375,0.05804443359375,-37.745736233201995
sub05,test,19,cued,3,112.0,18,45,15.197708333333333,0.00091552734375,-62.4488432571312
sub05,test,19,cued,3,112.0,18,46,15.656416666666667,0.00811767578125,-53.51983402659938
sub05,test,19,cued,3,112.0,18,47,15.827458333333333,0.000579833984375,-82.10488539541868
sub05,test,19,cued,3,112.0,18,48,16.1838125,0.0093994140625,-52.2744164406799
sub05,test,19,cued,3,112.0,18,49,16.3258125,0.001800537109375,-70.57284602549446
sub05,test,19,cued,3,112.0,18,50,16.7265,0.062591552734375,-37.37775465573427
sub05,test,19,cued,3,112.0,18,51,16.83025,0.00128173828125,-60.2771051162823
sub05,test,19,cued,3,112.0,18,52,17.291791666666665,0.01348876953125,-49.549832844596146
sub05,test,19,cued,3,112.0,18,53,17.841604166666666,0.01556396484375,-48.01973888223209
sub05,test,19,cued,3,112.0,18,54,17.982708333333335,0.001739501953125,-70.94159331326347
sub05,test,19,cued,3,112.0,18,55,18.326958333333334,0.058807373046875,-37.67256152190798
sub05,test,19,cued,3,112.0,18,56,18.4330625,0.001251220703125,-58.73167186584113
sub05,test,19,cued,3,112.0,18,57,18.9208125,0.016082763671875,-47.79043402997309
sub05,test,19,cued,3,112.0,18,58,19.4696875,0.057403564453125,-38.28724711663498
sub05,test,19,cued,3,112.0,18,59,19.57925,0.001312255859375,-59.57896033146443
sub05,test,19,cued,3,112.0,18,60,20.056791666666665,0.008941650390625,-52.62866013301455
sub05,test,19,cued,3,112.0,18,61,20.174625,0.001739501953125,-70.14690880906734
sub05,test,19,cued,3,112.0,18,62,20.530833333333334,0.061981201171875,-37.65382933800869
sub05,test,19,cued,3,112.0,18,63,20.637479166666665,0.001007080078125,-60.9040796435459
sub05,test,19,cued,3,112.0,18,64,21.0539375,0.009552001953125,-51.798829209344106
sub05,test,19,cued,3,112.0,18,65,21.5951875,0.049346923828125,-38.91654414612113
sub05,test,19,cued,3,112.0,18,66,22.11475,0.00726318359375,-53.6222444939013
sub05,test,19,cued,3,112.0,18,67,22.262833333333333,0.000701904296875,-78.64979907843836
sub05,test,19,cued,3,112.0,18,68,22.664729166666667,0.037811279296875,-40.73283718497167
sub05,test,19,cued,3,112.0,18,69,22.838145833333332,0.001678466796875,-70.47900401722214
sub05,test,19,cued,3,112.0,18,70,23.208541666666665,0.0047607421875,-57.38387996465875
sub05,test,19,cued,3,112.0,18,71,23.7144375,0.06549072265625,-37.257226973803256
sub05,test,19,cued,3,112.0,18,72,24.2194375,0.00225830078125,-63.30451553495564
sub05,test,19,cued,3,112.0,18,73,24.777854166666668,0.066070556640625,-37.14586244845245
sub05,test,19,cued,3,112.0,18,74,24.878,0.001007080078125,-61.204540928723155
sub05,test,19,cued,3,112.0,18,75,25.320208333333333,0.010284423828125,-50.95561130322398
sub05,test,19,cued,3,112.0,18,76,25.866,0.053680419921875,-38.14477283757894
sub05,test,19,cued,3,112.0,18,77,26.5099375,0.001556396484375,-71.25748911712559
sub05,test,19,cued,3,112.0,18,78,26.679270833333334,0.00091552734375,-75.5514796470791
sub05,test,19,cued,3,112.0,18,79,26.92995833333333,0.04046630859375,-40.30498569823854
sub05,test,19,cued,3,112.0,18,80,27.49525,0.002593994140625,-61.964014805661385
sub05,test,19,cued,3,112.0,18,81,27.609291666666667,0.001495361328125,-71.84897995228908
sub05,test,19,cued,3,112.0,18,82,27.760395833333334,0.00128173828125,-71.62328959868313
sub05,test,19,cued,3,112.0,18,83,27.995354166666665,0.062225341796875,-37.55111217999831
sub05,test,19,cued,3,112.0,18,84,28.172625,0.000701904296875,-74.00111957694834
sub05,test,19,cued,3,112.0,18,85,28.50904166666667,0.00457763671875,-57.994578431238
sub05,test,19,cued,3,112.0,18,86,29.09,0.0494384765625,-38.806661745538605
sub05,test,19,cued,3,112.0,18,87,29.248729166666667,0.001251220703125,-69.02235903822373
sub05,test,19,cued,3,112.0,18,88,29.623166666666666,0.00299072265625,-60.10638452423912
sub05,test,19,cued,3,112.0,18,89,29.743541666666665,0.001617431640625,-71.31212346513665
sub05,test,20,spontaneous,3,108.0,0,0,1.2769166666666667,0.071533203125,-36.30073782704809
sub05,test,20,spontaneous,3,108.0,0,1,1.3792708333333332,0.001556396484375,-57.80503465887541
sub05,test,20,spontaneous,3,108.0,0,2,1.7920208333333334,0.008758544921875,-52.24181386256866
sub05,test,20,spontaneous,3,108.0,0,3,2.3861875,0.012664794921875,-50.17400807159828
sub05,test,20,spontaneous,3,108.0,0,4,2.9023541666666666,0.06475830078125,-37.30532971530409
sub05,test,20,spontaneous,3,108.0,0,5,3.5157083333333334,0.01171875,-50.729443755320595
sub05,test,20,spontaneous,3,108.0,0,6,4.052041666666667,0.012725830078125,-50.094255676589796
sub05,test,20,spontaneous,3,108.0,0,7,4.577729166666667,0.061767578125,-37.73831040342765
sub05,test,20,spontaneous,3,108.0,0,8,5.197145833333333,0.014495849609375,-49.35462893361964
sub05,test,20,spontaneous,3,108.0,0,9,5.7126875,0.009552001953125,-52.64905542326438
sub05,test,20,spontaneous,3,108.0,0,10,6.236125,0.0418701171875,-40.296604589524264
sub05,test,20,spontaneous,3,108.0,0,11,6.3375,0.001251220703125,-59.56985109956318
sub05,test,20,spontaneous,3,108.0,0,12,7.3784375,0.015594482421875,-48.316097366143715
sub05,test,20,spontaneous,3,108.0,0,13,7.5183333333333335,0.00262451171875,-64.14308420049908
sub05,test,20,spontaneous,3,108.0,0,14,7.891020833333333,0.080474853515625,-35.82726216118527
sub05,test,20,spontaneous,3,108.0,0,15,8.002604166666666,0.002349853515625,-53.57028684931376
sub05,test,20,spontaneous,3,108.0,0,16,8.477458333333333,0.01519775390625,-48.767484686390155
sub05,test,20,spontaneous,3,108.0,0,17,9.060625,0.012451171875,-50.656622124370045
sub05,test,20,spontaneous,3,108.0,0,18,9.588729166666667,0.074615478515625,-36.15764455359163
sub05,test,20,spontaneous,3,108.0,0,19,9.688791666666667,0.00177001953125,-55.99825386411419
sub05,test,20,spontaneous,3,108.0,0,20,10.148729166666667,0.011138916015625,-51.13214857639229
sub05,test,20,spontaneous,3,108.0,0,21,10.720583333333334,0.0137939453125,-49.39774944129546
sub05,test,20,spontaneous,3,108.0,0,22,11.262145833333333,0.067108154296875,-36.90943740951222
sub05,test,20,spontaneous,3,108.0,0,23,11.3625625,0.001800537109375,-57.021599176845896
sub05,test,20,spontaneous,3,108.0,0,24,11.843958333333333,0.01568603515625,-48.437465378706214
sub05,test,20,spontaneous,3,108.0,0,25,12.383104166666667,0.073760986328125,-36.11214059306064
sub05,test,20,spontaneous,3,108.0,0,26,12.484270833333333,0.00189208984375,-55.725657407971106
sub05,test,20,spontaneous,3,108.0,0,27,12.973041666666667,0.016937255859375,-47.753439980021845
sub05,test,20,spontaneous,3,108.0,0,28,13.510041666666666,0.059417724609375,-37.78687430480735
sub05,test,20,spontaneous,3,108.0,0,29,14.035270833333334,0.019287109375,-46.345853252116484
sub05,test,20,spontaneous,3,108.0,0,30,14.601645833333333,0.03717041015625,-41.10327129203086
sub05,test,20,spontaneous,3,108.0,0,31,15.1475,0.015899658203125,-47.170960479921
sub05,test,20,spontaneous,3,108.0,0,32,15.733520833333333,0.042266845703125,-39.941865996149325
sub05,test,20,spontaneous,3,108.0,0,33,16.2348125,0.00555419921875,-56.22099245288485
sub05,test,20,spontaneous,3,108.0,0,34,16.802041666666668,0.04443359375,-39.66618384993323
sub05,test,20,spontaneous,3,108.0,0,35,16.9678125,0.0009765625,-74.19375715910986
sub05,test,20,spontaneous,3,108.0,0,36,17.344354166666665,0.0174560546875,-47.23107671747195
sub05,test,20,spontaneous,3,108.0,0,37,17.9613125,0.047607421875,-39.60810387166977
sub05,test,20,spontaneous,3,108.0,0,38,18.5283125,0.007965087890625,-53.43649852455325
sub05,test,20,spontaneous,3,108.0,0,39,19.074104166666668,0.031829833984375,-42.05922378525411
sub05,test,20,spontaneous,3,108.0,0,40,19.6245625,0.00537109375,-56.50542873228276
sub05,test,20,spontaneous,3,108.0,0,41,20.164770833333332,0.036773681640625,-40.882605694892085
sub05,test,20,spontaneous,3,108.0,0,42,20.727145833333335,0.004913330078125,-57.046356998702194
sub05,test,20,spontaneous,3,108.0,0,43,21.291166666666665,0.03076171875,-42.30276687305764
sub05,test,20,spontaneous,3,108.0,0,44,21.790458333333333,0.01483154296875,-47.875634022846974
sub05,test,20,spontaneous,3,108.0,0,45,22.389104166666666,0.04901123046875,-39.366796155510805
sub05,test,20,spontaneous,3,108.0,0,46,22.900479166666667,0.00848388671875,-52.9469121550669
sub05,test,20,spontaneous,3,108.0,0,47,23.4990625,0.006500244140625,-69.70553627988586
sub05,test,20,spontaneous,3,108.0,0,48,23.678541666666668,0.0010986328125,-78.13964628513064
sub05,test,20,spontaneous,3,108.0,0,49,23.9139375,0.0010986328125,-74.65453799553617
sub05,test,20,spontaneous,3,108.0,0,50,24.0656875,0.023712158203125,-44.15738647418402
sub05,test,20,spontaneous,3,108.0,0,51,24.600020833333332,0.0093994140625,-66.80533392853371
sub05,test,20,spontaneous,3,108.0,0,52,24.707416666666667,0.002166748046875,-55.040205178972414
sub05,test,20,spontaneous,3,108.0,0,53,25.140666666666668,0.00836181640625,-52.28771767672727
sub05,test,20,spontaneous,3,108.0,0,54,25.724895833333335,0.048980712890625,-39.15028185783613
sub05,test,20,spontaneous,3,108.0,0,55,26.304854166666665,0.0087890625,-53.358135548208224
sub05,test,20,spontaneous,3,108.0,0,56,26.8496875,0.05963134765625,-37.55693418945127
sub05,test,20,spontaneous,3,108.0,0,57,26.952041666666666,0.0015869140625,-56.81783613340686
sub05,test,20,spontaneous,3,108.0,0,58,27.428125,0.017181396484375,-47.46234555718081
sub05,test,20,spontaneous,3,108.0,0,59,27.9854375,0.0303955078125,-42.92366833151643
sub05,test,20,spontaneous,3,108.0,0,60,28.086125,0.00140380859375,-58.324518617858246
sub05,test,20,spontaneous,3,108.0,0,61,28.4986875,0.01263427734375,-50.19062387811967
sub05,test,20,spontaneous,3,108.0,0,62,29.086541666666665,0.050445556640625,-39.150289193319104
sub05,test,20,spontaneous,3,108.0,0,63,29.630208333333332,0.008270263671875,-53.90079512249273
