subject,phase,trial,click_idx,click_time_s,matched_tap_time_s,matched_tap_idx,asynchrony_s,rms_db,asynchrony_ms,missed_beat,accented,condition,meter,bpm,switch_time,low_confidence_trial
sub05,test,1,0,0.2188125,,,,,,True,,cued,2,120.0,12,True
sub05,test,1,1,0.7176666666666667,,,,,,True,,cued,2,120.0,12,True
sub05,test,1,2,0.9676666666666667,,,,,,True,,cued,2,120.0,12,True
sub05,test,1,3,1.2176666666666667,,,,,,True,,cued,2,120.0,12,True
sub05,test,1,4,1.7176666666666667,,,,,,True,,cued,2,120.0,12,True
sub05,test,1,5,2.2176666666666667,2.2527083333333335,0.0,0.03504166666666686,-39.99648526728375,35.041666666666856,False,1.0,cued,2,120.0,12,True
sub05,test,1,6,2.7176666666666667,2.67925,2.0,-0.038416666666666544,-49.9411872563571,-38.41666666666654,False,0.0,cued,2,120.0,12,True
sub05,test,1,7,3.2176666666666667,3.2117708333333335,3.0,-0.005895833333333211,-52.7752384982774,-5.895833333333211,False,0.0,cued,2,120.0,12,True
sub05,test,1,8,3.4676666666666667,,,,,,True,,cued,2,120.0,12,True
sub05,test,1,9,3.7176666666666667,,,,,,True,,cued,2,120.0,12,True
sub05,test,1,10,4.217666666666666,4.1790416666666665,4.0,-0.03862499999999969,-39.521203823296105,-38.62499999999969,False,1.0,cued,2,120.0,12,True
sub05,test,1,11,4.717666666666666,4.705854166666667,6.0,-0.01181249999999956,-46.029173401754505,-11.81249999999956,False,1.0,cued,2,120.0,12,True
sub05,test,1,12,5.217666666666666,5.2031875,8.0,-0.014479166666665932,-42.84132786089685,-14.479166666665932,False,1.0,cued,2,120.0,12,True
sub05,test,1,13,5.717666666666666,5.720375,10.0,0.0027083333333335347,-52.69672740206495,2.7083333333335347,False,0.0,cued,2,120.0,12,True
sub05,test,1,14,6.217666666666666,6.1765625,11.0,-0.04110416666666605,-39.03559075889194,-41.10416666666605,False,1.0,cued,2,120.0,12,True
sub05,test,1,15,6.717666666666666,6.684666666666667,13.0,-0.032999999999999474,-56.0814410428027,-32.999999999999474,False,0.0,cued,2,120.0,12,True
sub05,test,1,16,6.967666666666666,,,,,,True,,cued,2,120.0,12,True
sub05,test,1,17,7.217666666666666,7.2065625,14.0,-0.011104166666665805,-41.50633476039154,-11.104166666665805,False,1.0,cued,2,120.0,12,True
sub05,test,1,18,7.467666666666666,,,,,,True,,cued,2,120.0,12,True
sub05,test,1,19,7.717666666666666,7.729958333333333,15.0,0.012291666666667034,-59.9453442145994,12.291666666667034,False,0.0,cued,2,120.0,12,True
sub05,test,1,20,8.217666666666666,8.162520833333334,16.0,-0.05514583333333256,-41.36147115720181,-55.14583333333256,False,1.0,cued,2,120.0,12,True
sub05,test,1,21,8.467666666666666,,,,,,True,,cued,2,120.0,12,True
sub05,test,1,22,8.717666666666666,8.6826875,17.0,-0.03497916666666612,-56.6909255647057,-34.97916666666612,False,0.0,cued,2,120.0,12,True
sub05,test,1,23,9.217666666666666,9.169375,18.0,-0.048291666666665733,-40.64317429095827,-48.29166666666573,False,1.0,cued,2,120.0,12,True
sub05,test,1,24,9.468583333333333,,,,,,True,,cued,2,120.0,12,True
sub05,test,1,25,9.718791666666666,,,,,,True,,cued,2,120.0,12,True
sub05,test,1,26,10.217666666666666,10.161354166666667,19.0,-0.05631249999999888,-43.47490700102717,-56.31249999999888,False,1.0,cued,2,120.0,12,True
sub05,test,1,27,10.717666666666666,10.706166666666666,20.0,-0.011499999999999844,-55.94249393870746,-11.499999999999844,False,0.0,cued,2,120.0,12,True
sub05,test,1,28,10.967666666666666,,,,,,True,,cued,2,120.0,12,True
sub05,test,1,29,11.217666666666666,11.179958333333333,21.0,-0.03770833333333279,-40.79499427530307,-37.70833333333279,False,1.0,cued,2,120.0,12,True
sub05,test,1,30,11.717666666666666,11.662958333333334,22.0,-0.05470833333333225,-53.97795685357221,-54.70833333333225,False,0.0,cued,2,120.0,12,True
sub05,test,1,31,12.217666666666666,12.1918125,23.0,-0.025854166666666956,-42.624239467102754,-25.854166666666956,False,1.0,cued,2,120.0,12,True
sub05,test,1,32,12.717666666666666,12.7046875,24.0,-0.012979166666665876,-55.9188146879345,-12.979166666665876,False,0.0,cued,2,120.0,12,True
sub05,test,1,33,13.217666666666666,13.214895833333333,26.0,-0.002770833333332945,-43.73262324118691,-2.770833333332945,False,1.0,cued,2,120.0,12,True
sub05,test,1,34,13.467666666666666,,,,,,True,,cued,2,120.0,12,True
sub05,test,1,35,13.717666666666666,,,,,,True,,cued,2,120.0,12,True
sub05,test,1,36,13.967666666666666,,,,,,True,,cued,2,120.0,12,True
sub05,test,1,37,14.217666666666666,14.194354166666667,27.0,-0.023312499999999403,-42.26961300352446,-23.312499999999403,False,1.0,cued,2,120.0,12,True
sub05,test,1,38,14.717666666666666,14.680125,28.0,-0.03754166666666592,-51.15139789323909,-37.54166666666592,False,0.0,cued,2,120.0,12,True
sub05,test,1,39,14.967666666666666,,,,,,True,,cued,2,120.0,12,True
sub05,test,1,40,15.217666666666666,15.2586875,29.0,0.041020833333334394,-46.41437270397938,41.020833333334394,False,1.0,cued,2,120.0,12,True
sub05,test,1,41,15.717666666666666,,,,,,True,,cued,2,120.0,12,True
sub05,test,1,42,16.217666666666666,16.258854166666666,30.0,0.04118749999999949,-43.89487803547533,41.18749999999949,False,1.0,cued,2,120.0,12,True
sub05,test,1,43,16.717666666666666,16.865270833333334,31.0,0.14760416666666742,-51.688092086873276,147.60416666666742,False,0.0,cued,2,120.0,12,True
sub05,test,1,44,17.217666666666666,,,,,,True,,cued,2,120.0,12,True
sub05,test,1,45,17.467666666666666,,,,,,True,,cued,2,120.0,12,True
sub05,test,1,46,17.717666666666666,,,,,,True,,cued,2,120.0,12,True
sub05,test,1,47,18.217666666666666,,,,,,True,,cued,2,120.0,12,True
sub05,test,1,48,18.717666666666666,18.583083333333335,32.0,-0.13458333333333172,-77.08910423674038,-134.58333333333172,False,0.0,cued,2,120.0,12,True
sub05,test,1,49,19.217666666666666,,,,,,True,,cued,2,120.0,12,True
sub05,test,1,50,19.717666666666666,,,,,,True,,cued,2,120.0,12,True
sub05,test,1,51,20.217666666666666,,,,,,True,,cued,2,120.0,12,True
sub05,test,1,52,20.717666666666666,,,,,,True,,cued,2,120.0,12,True
sub05,test,1,53,20.967666666666666,,,,,,True,,cued,2,120.0,12,True
sub05,test,1,54,21.217666666666666,,,,,,True,,cued,2,120.0,12,True
sub05,test,1,55,21.717666666666666,,,,,,True,,cued,2,120.0,12,True
sub05,test,1,56,22.217666666666666,22.17525,33.0,-0.04241666666666788,-42.243953667877385,-42.41666666666788,False,1.0,cued,2,120.0,12,True
sub05,test,1,57,22.468708333333332,22.30925,34.0,-0.15945833333333326,-60.959895279313805,-159.45833333333326,False,0.0,cued,2,120.0,12,True
sub05,test,1,58,22.7188125,22.649625,35.0,-0.06918749999999818,-47.74782365854751,-69.18749999999818,False,1.0,cued,2,120.0,12,True
sub05,test,1,59,23.217666666666666,23.266270833333333,37.0,0.048604166666667226,-59.14573065159765,48.604166666667226,False,0.0,cued,2,120.0,12,True
sub05,test,1,60,23.717666666666666,23.686166666666665,39.0,-0.031500000000001194,-37.667088202578014,-31.500000000001194,False,1.0,cued,2,120.0,12,True
sub05,test,1,61,24.217666666666666,24.138479166666666,41.0,-0.07918749999999974,-52.784294163152516,-79.18749999999974,False,0.0,cued,2,120.0,12,True
sub05,test,1,62,24.717666666666666,24.6760625,42.0,-0.041604166666665776,-50.77042664239581,-41.604166666665776,False,0.0,cued,2,120.0,12,True
sub05,test,1,63,24.967666666666666,24.8169375,43.0,-0.15072916666666458,-62.581137503462195,-150.72916666666458,False,0.0,cued,2,120.0,12,True
sub05,test,1,64,25.217666666666666,25.1560625,44.0,-0.06160416666666535,-37.6482110723498,-61.60416666666535,False,1.0,cued,2,120.0,12,True
sub05,test,1,65,25.467666666666666,25.314333333333334,45.0,-0.15333333333333243,-63.98120716384148,-153.33333333333243,False,0.0,cued,2,120.0,12,True
sub05,test,1,66,25.717666666666666,25.669395833333333,46.0,-0.048270833333333485,-50.76183938881834,-48.270833333333485,False,0.0,cued,2,120.0,12,True
sub05,test,1,67,26.217666666666666,26.135208333333335,47.0,-0.08245833333333152,-47.841106714246365,-82.45833333333152,False,0.0,cued,2,120.0,12,True
sub05,test,1,68,26.467666666666666,26.628104166666667,48.0,0.16043750000000045,-41.16579749211171,160.43750000000045,False,1.0,cued,2,120.0,12,True
sub05,test,1,69,26.717666666666666,,,,,,True,,cued,2,120.0,12,True
sub05,test,1,70,26.967666666666666,27.152895833333332,49.0,0.1852291666666659,-53.263038190304634,185.2291666666659,False,0.0,cued,2,120.0,12,True
sub05,test,1,71,27.217666666666666,,,,,,True,,cued,2,120.0,12,True
sub05,test,1,72,27.717666666666666,27.667,50.0,-0.05066666666666464,-47.847011293448816,-50.66666666666464,False,0.0,cued,2,120.0,12,True
sub05,test,1,73,28.217666666666666,28.163958333333333,53.0,-0.0537083333333328,-43.46503379621009,-53.7083333333328,False,1.0,cued,2,120.0,12,True
sub05,test,1,74,28.717666666666666,28.65525,55.0,-0.06241666666666745,-47.509575105957424,-62.41666666666745,False,1.0,cued,2,120.0,12,True
sub05,test,1,75,29.217666666666666,29.2595625,57.0,0.04189583333333502,-60.84649276899752,41.89583333333502,False,0.0,cued,2,120.0,12,True
sub05,test,1,76,29.717666666666666,29.667895833333333,58.0,-0.04977083333333354,-39.25065066544621,-49.77083333333354,False,1.0,cued,2,120.0,12,True
sub05,test,1,77,29.992229166666668,,,,,,True,,cued,2,120.0,12,True
sub05,test,2,0,0.21879166666666666,,,,,,True,,cued,2,100.0,18,True
sub05,test,2,1,0.8176458333333333,,,,,,True,,cued,2,100.0,18,True
sub05,test,2,2,1.1176458333333332,,,,,,True,,cued,2,100.0,18,True
sub05,test,2,3,1.4176458333333333,,,,,,True,,cued,2,100.0,18,True
sub05,test,2,4,2.0176458333333334,,,,,,True,,cued,2,100.0,18,True
sub05,test,2,5,2.6176458333333334,2.6392708333333332,0.0,0.021624999999999783,-38.35734437035734,21.624999999999783,False,1.0,cued,2,100.0,18,True
sub05,test,2,6,2.9176458333333333,2.753645833333333,1.0,-0.16400000000000015,-59.15623223619232,-164.00000000000014,False,0.0,cued,2,100.0,18,True
sub05,test,2,7,3.2176458333333335,3.1596041666666665,2.0,-0.05804166666666699,-52.45449004466784,-58.04166666666699,False,0.0,cued,2,100.0,18,True
sub05,test,2,8,3.817645833333333,3.7478333333333333,3.0,-0.06981249999999983,-39.718370279007786,-69.81249999999983,False,1.0,cued,2,100.0,18,True
sub05,test,2,9,4.417645833333333,4.3285625,5.0,-0.08908333333333296,-53.963200668560496,-89.08333333333296,False,0.0,cued,2,100.0,18,True
sub05,test,2,10,5.017645833333333,4.941125,6.0,-0.07652083333333248,-41.18298310605297,-76.52083333333249,False,1.0,cued,2,100.0,18,True
sub05,test,2,11,5.6176458333333334,5.557916666666666,7.0,-0.059729166666667055,-52.66697283832457,-59.729166666667055,False,0.0,cued,2,100.0,18,True
sub05,test,2,12,6.217645833333333,6.159458333333333,8.0,-0.05818749999999984,-40.28889722503952,-58.18749999999984,False,1.0,cued,2,100.0,18,True
sub05,test,2,13,6.817645833333334,6.781104166666666,9.0,-0.03654166666666736,-47.7650691788977,-36.54166666666736,False,0.0,cued,2,100.0,18,True
sub05,test,2,14,7.118291666666667,,,,,,True,,cued,2,100.0,18,True
sub05,test,2,15,7.418770833333333,7.390958333333334,10.0,-0.027812499999999574,-41.695460109751295,-27.812499999999574,False,1.0,cued,2,100.0,18,True
sub05,test,2,16,8.017645833333333,7.963625,11.0,-0.05402083333333252,-48.33478202793621,-54.02083333333252,False,0.0,cued,2,100.0,18,True
sub05,test,2,17,8.617645833333333,8.587104166666666,12.0,-0.030541666666666245,-41.414356601357476,-30.541666666666245,False,1.0,cued,2,100.0,18,True
sub05,test,2,18,8.917645833333333,,,,,,True,,cued,2,100.0,18,True
sub05,test,2,19,9.217645833333334,9.199020833333334,13.0,-0.018625000000000114,-48.69265542063612,-18.625000000000114,False,0.0,cued,2,100.0,18,True
sub05,test,2,20,9.517645833333333,,,,,,True,,cued,2,100.0,18,True
sub05,test,2,21,9.817645833333334,9.7745625,14.0,-0.043083333333333584,-42.40026360456804,-43.083333333333584,False,1.0,cued,2,100.0,18,True
sub05,test,2,22,10.417645833333333,10.352041666666667,15.0,-0.06560416666666669,-50.93909247331899,-65.60416666666669,False,0.0,cued,2,100.0,18,True
sub05,test,2,23,11.017645833333333,10.968541666666667,16.0,-0.04910416666666606,-42.737752853134154,-49.10416666666606,False,1.0,cued,2,100.0,18,True
sub05,test,2,24,11.617645833333333,11.563104166666667,17.0,-0.05454166666666538,-50.503729773597016,-54.54166666666538,False,0.0,cued,2,100.0,18,True
sub05,test,2,25,12.217645833333334,12.18475,19.0,-0.03289583333333468,-41.544938100754536,-32.89583333333468,False,1.0,cued,2,100.0,18,True
sub05,test,2,26,12.817645833333334,12.767479166666666,20.0,-0.05016666666666758,-44.051128683365874,-50.16666666666758,False,1.0,cued,2,100.0,18,True
sub05,test,2,27,13.417645833333333,13.391395833333334,21.0,-0.02624999999999922,-42.228470162191115,-26.24999999999922,False,1.0,cued,2,100.0,18,True
sub05,test,2,28,14.017645833333333,14.003041666666666,22.0,-0.01460416666666653,-46.705790879791834,-14.60416666666653,False,0.0,cued,2,100.0,18,True
sub05,test,2,29,14.617645833333333,14.575645833333333,23.0,-0.041999999999999815,-42.87810972211898,-41.999999999999815,False,1.0,cued,2,100.0,18,True
sub05,test,2,30,15.217645833333334,15.171270833333333,24.0,-0.046375000000001165,-47.73591592608636,-46.375000000001165,False,0.0,cued,2,100.0,18,True
sub05,test,2,31,15.817645833333334,15.762354166666666,25.0,-0.05529166666666718,-43.005651090361425,-55.29166666666718,False,1.0,cued,2,100.0,18,True
sub05,test,2,32,16.117645833333334,,,,,,True,,cued,2,100.0,18,True
sub05,test,2,33,16.417645833333335,16.366104166666666,26.0,-0.05154166666666882,-47.038017836880584,-51.54166666666882,False,0.0,cued,2,100.0,18,True
sub05,test,2,34,17.017645833333333,16.993125,27.0,-0.02452083333333377,-43.08761857122191,-24.52083333333377,False,1.0,cued,2,100.0,18,True
sub05,test,2,35,17.617645833333334,17.575,28.0,-0.04264583333333505,-50.3061556012861,-42.64583333333505,False,0.0,cued,2,100.0,18,True
sub05,test,2,36,17.917645833333335,18.157583333333335,29.0,0.23993749999999991,-39.83438602698066,239.93749999999991,False,1.0,cued,2,100.0,18,True
sub05,test,2,37,18.217645833333332,,,,,,True,,cued,2,100.0,18,True
sub05,test,2,38,18.817645833333334,18.814354166666668,30.0,-0.0032916666666658045,-52.94101443616425,-3.2916666666658045,False,0.0,cued,2,100.0,18,True
sub05,test,2,39,19.417645833333335,19.4433125,31.0,0.02566666666666606,-38.45687769051237,25.66666666666606,False,1.0,cued,2,100.0,18,True
sub05,test,2,40,20.017645833333333,19.900520833333335,33.0,-0.11712499999999793,-52.94471990089323,-117.12499999999793,False,0.0,cued,2,100.0,18,True
sub05,test,2,41,20.317645833333334,20.493041666666667,34.0,0.17539583333333297,-46.3289426675546,175.39583333333297,False,0.0,cued,2,100.0,18,True
sub05,test,2,42,20.617645833333334,20.630020833333333,35.0,0.012374999999998693,-65.41037997905579,12.374999999998693,False,0.0,cued,2,100.0,18,True
sub05,test,2,43,21.217645833333332,21.191708333333334,36.0,-0.025937499999997726,-37.241723002902404,-25.937499999997726,False,1.0,cued,2,100.0,18,True
sub05,test,2,44,21.817645833333334,21.88233333333333,39.0,0.06468749999999801,-64.68748292140111,64.68749999999801,False,0.0,cued,2,100.0,18,True
sub05,test,2,45,22.417645833333335,22.333625,40.0,-0.08402083333333366,-46.77721692566302,-84.02083333333366,False,0.0,cued,2,100.0,18,True
sub05,test,2,46,23.017645833333333,23.05291666666667,42.0,0.03527083333333536,-63.776565083302486,35.27083333333536,False,0.0,cued,2,100.0,18,True
sub05,test,2,47,23.617645833333334,23.587583333333335,43.0,-0.03006249999999966,-44.72963984469015,-30.06249999999966,False,1.0,cued,2,100.0,18,True
sub05,test,2,48,24.217645833333332,24.171083333333332,44.0,-0.046562500000000284,-45.181145033782144,-46.562500000000284,False,1.0,cued,2,100.0,18,True
sub05,test,2,49,24.518729166666667,24.749125,45.0,0.2303958333333327,-42.93198033574206,230.3958333333327,False,1.0,cued,2,100.0,18,True
sub05,test,2,50,24.818791666666666,24.869458333333334,46.0,0.05066666666666819,-60.967613696215885,50.66666666666819,False,0.0,cued,2,100.0,18,True
sub05,test,2,51,25.417645833333335,25.3685,47.0,-0.04914583333333411,-48.067211724715726,-49.14583333333411,False,0.0,cued,2,100.0,18,True
sub05,test,2,52,25.717645833333332,25.952625,48.0,0.23497916666666896,-44.657967094879126,234.97916666666896,False,1.0,cued,2,100.0,18,True
sub05,test,2,53,26.017645833333333,,,,,,True,,cued,2,100.0,18,True
sub05,test,2,54,26.617645833333334,26.535916666666665,49.0,-0.08172916666666907,-44.01988520872399,-81.72916666666907,False,1.0,cued,2,100.0,18,True
sub05,test,2,55,26.917645833333335,27.145041666666668,50.0,0.22739583333333258,-45.228007206292055,227.39583333333258,False,1.0,cued,2,100.0,18,True
sub05,test,2,56,27.217645833333332,27.2781875,51.0,0.06054166666666916,-65.66668132591563,60.54166666666916,False,0.0,cued,2,100.0,18,True
sub05,test,2,57,27.517645833333333,27.736020833333335,52.0,0.21837500000000176,-46.57007863844732,218.37500000000176,False,0.0,cued,2,100.0,18,True
sub05,test,2,58,27.817645833333334,27.8618125,53.0,0.04416666666666558,-63.69923790139253,44.16666666666558,False,0.0,cued,2,100.0,18,True
sub05,test,2,59,28.117645833333334,28.347583333333333,54.0,0.22993749999999835,-43.83203222321648,229.93749999999835,False,1.0,cued,2,100.0,18,True
sub05,test,2,60,28.417645833333335,28.47625,55.0,0.058604166666665236,-62.598363295974586,58.604166666665236,False,0.0,cued,2,100.0,18,True
sub05,test,2,61,28.717645833333332,,,,,,True,,cued,2,100.0,18,True
sub05,test,2,62,29.017645833333333,28.9685,56.0,-0.04914583333333411,-44.14332500195818,-49.14583333333411,False,1.0,cued,2,100.0,18,True
sub05,test,2,63,29.617645833333334,29.5470625,57.0,-0.07058333333333522,-42.620238078722466,-70.58333333333522,False,1.0,cued,2,100.0,18,True
sub05,test,2,64,29.932,,,,,,True,,cued,2,100.0,18,True
sub05,test,3,0,0.21879166666666666,,,,,,True,,cued,2,108.0,14,True
sub05,test,3,1,0.7732291666666666,,,,,,True,,cued,2,108.0,14,True
sub05,test,3,2,1.0510208333333333,,,,,,True,,cued,2,108.0,14,True
sub05,test,3,3,1.3287916666666666,1.3298333333333334,0.0,0.0010416666666668295,-40.71687890614723,1.0416666666668295,False,1.0,cued,2,108.0,14,True
sub05,test,3,4,1.6065833333333333,,,,,,True,,cued,2,108.0,14,True
sub05,test,3,5,1.8843541666666668,1.8537083333333333,1.0,-0.030645833333333483,-42.362675424159455,-30.645833333333485,False,1.0,cued,2,108.0,14,True
sub05,test,3,6,2.162125,,,,,,True,,cued,2,108.0,14,True
sub05,test,3,7,2.4399166666666665,2.4290416666666665,2.0,-0.010874999999999968,-41.62713041921325,-10.874999999999968,False,1.0,cued,2,108.0,14,True
sub05,test,3,8,2.9954791666666667,2.9611875,3.0,-0.03429166666666683,-41.78650272545311,-34.29166666666683,False,1.0,cued,2,108.0,14,True
sub05,test,3,9,3.551041666666667,3.5616666666666665,4.0,0.010624999999999662,-41.547466596880724,10.624999999999662,False,1.0,cued,2,108.0,14,True
sub05,test,3,10,4.106604166666667,4.106458333333333,6.0,-0.0001458333333337336,-43.29697714460764,-0.1458333333337336,False,1.0,cued,2,108.0,14,True
sub05,test,3,11,4.3843958333333335,,,,,,True,,cued,2,108.0,14,True
sub05,test,3,12,4.662166666666667,4.644645833333334,7.0,-0.017520833333333208,-43.0549338352693,-17.520833333333208,False,1.0,cued,2,108.0,14,True
sub05,test,3,13,4.9399375,,,,,,True,,cued,2,108.0,14,True
sub05,test,3,14,5.2177291666666665,5.177791666666667,8.0,-0.03993749999999974,-41.51384064769742,-39.93749999999974,False,1.0,cued,2,108.0,14,True
sub05,test,3,15,5.495520833333333,,,,,,True,,cued,2,108.0,14,True
sub05,test,3,16,5.773291666666666,5.787354166666667,9.0,0.014062500000000533,-46.24145994319086,14.062500000000533,False,1.0,cued,2,108.0,14,True
sub05,test,3,17,6.328854166666667,6.3021666666666665,10.0,-0.02668750000000042,-41.12239524145753,-26.68750000000042,False,1.0,cued,2,108.0,14,True
sub05,test,3,18,6.606625,,,,,,True,,cued,2,108.0,14,True
sub05,test,3,19,6.884416666666667,6.865125,11.0,-0.019291666666666707,-47.00926730628565,-19.291666666666707,False,0.0,cued,2,108.0,14,True
sub05,test,3,20,7.439979166666666,7.366291666666666,12.0,-0.07368750000000013,-49.460846121207,-73.68750000000013,False,0.0,cued,2,108.0,14,True
sub05,test,3,21,7.995541666666667,7.96275,13.0,-0.03279166666666722,-45.24629342954442,-32.79166666666722,False,1.0,cued,2,108.0,14,True
sub05,test,3,22,8.273375,8.485125,14.0,0.21175000000000033,-41.37037483360808,211.75000000000034,False,1.0,cued,2,108.0,14,True
sub05,test,3,23,8.55225,,,,,,True,,cued,2,108.0,14,True
sub05,test,3,24,8.830020833333334,,,,,,True,,cued,2,108.0,14,True
sub05,test,3,25,9.1078125,9.0964375,15.0,-0.011374999999999247,-46.51365474489907,-11.374999999999247,False,0.0,cued,2,108.0,14,True
sub05,test,3,26,9.662229166666666,9.641479166666667,16.0,-0.020749999999999602,-48.04357918483475,-20.749999999999602,False,0.0,cued,2,108.0,14,True
sub05,test,3,27,10.217791666666667,10.2334375,17.0,0.015645833333334025,-49.843022431025695,15.645833333334025,False,0.0,cued,2,108.0,14,True
sub05,test,3,28,10.4955625,10.7099375,18.0,0.21437500000000043,-44.47857755100806,214.37500000000043,False,1.0,cued,2,108.0,14,True
sub05,test,3,29,10.773354166666667,,,,,,True,,cued,2,108.0,14,True
sub05,test,3,30,11.328916666666666,11.304479166666667,19.0,-0.024437499999999446,-42.24782990866349,-24.437499999999446,False,1.0,cued,2,108.0,14,True
sub05,test,3,31,11.6066875,11.426291666666666,20.0,-0.18039583333333375,-60.71734531020094,-180.39583333333377,False,0.0,cued,2,108.0,14,True
sub05,test,3,32,11.884479166666667,11.871041666666667,21.0,-0.013437500000000213,-48.78656261084533,-13.437500000000213,False,0.0,cued,2,108.0,14,True
sub05,test,3,33,12.16225,,,,,,True,,cued,2,108.0,14,True
sub05,test,3,34,12.440041666666668,12.432625,22.0,-0.007416666666667737,-48.4989920019631,-7.416666666667737,False,0.0,cued,2,108.0,14,True
sub05,test,3,35,12.995604166666666,12.987916666666667,23.0,-0.007687499999999403,-45.47796755786433,-7.687499999999403,False,1.0,cued,2,108.0,14,True
sub05,test,3,36,13.273645833333333,,,,,,True,,cued,2,108.0,14,True
sub05,test,3,37,13.5523125,13.526875,24.0,-0.02543749999999889,-47.36597958151643,-25.43749999999889,False,0.0,cued,2,108.0,14,True
sub05,test,3,38,14.106729166666666,14.033729166666667,25.0,-0.07299999999999862,-43.62189905769082,-72.99999999999862,False,1.0,cued,2,108.0,14,True
sub05,test,3,39,14.384520833333333,,,,,,True,,cued,2,108.0,14,True
sub05,test,3,40,14.662291666666667,14.6340625,26.0,-0.02822916666666586,-53.55558841353605,-28.22916666666586,False,0.0,cued,2,108.0,14,True
sub05,test,3,41,15.217854166666667,15.230208333333334,27.0,0.012354166666666444,-45.714794238627036,12.354166666666444,False,1.0,cued,2,108.0,14,True
sub05,test,3,42,15.773416666666666,15.767895833333334,28.0,-0.005520833333331865,-41.04970378742369,-5.520833333331865,False,1.0,cued,2,108.0,14,True
sub05,test,3,43,16.328979166666667,16.2715,30.0,-0.05747916666666697,-46.863705616040825,-57.47916666666697,False,0.0,cued,2,108.0,14,True
sub05,test,3,44,16.884541666666667,16.898270833333335,31.0,0.01372916666666768,-46.416931909726344,13.72916666666768,False,0.0,cued,2,108.0,14,True
sub05,test,3,45,17.440104166666668,17.459875,32.0,0.019770833333332405,-41.08590334611958,19.770833333332405,False,1.0,cued,2,108.0,14,True
sub05,test,3,46,17.995666666666665,17.969604166666667,34.0,-0.026062499999998323,-46.28307783282744,-26.062499999998323,False,0.0,cued,2,108.0,14,True
sub05,test,3,47,18.551229166666666,18.54,35.0,-0.011229166666666401,-48.88248017488726,-11.229166666666401,False,0.0,cued,2,108.0,14,True
sub05,test,3,48,19.106791666666666,19.111270833333332,36.0,0.004479166666666146,-39.362521729058656,4.479166666666146,False,1.0,cued,2,108.0,14,True
sub05,test,3,49,19.662354166666667,19.6216875,37.0,-0.04066666666666663,-53.9746636313659,-40.66666666666663,False,0.0,cued,2,108.0,14,True
sub05,test,3,50,19.940145833333332,20.159458333333333,38.0,0.2193125000000009,-49.49342652296447,219.3125000000009,False,0.0,cued,2,108.0,14,True
sub05,test,3,51,20.217916666666667,,,,,,True,,cued,2,108.0,14,True
sub05,test,3,52,20.773479166666668,20.726666666666667,39.0,-0.04681250000000148,-40.36280047976377,-46.81250000000148,False,1.0,cued,2,108.0,14,True
sub05,test,3,53,21.329041666666665,21.316895833333334,41.0,-0.012145833333331524,-54.66728936227982,-12.145833333331524,False,0.0,cued,2,108.0,14,True
sub05,test,3,54,21.884604166666666,21.802229166666667,42.0,-0.08237499999999898,-49.34249631303225,-82.37499999999898,False,0.0,cued,2,108.0,14,True
sub05,test,3,55,22.440166666666666,22.398979166666667,43.0,-0.04118749999999949,-39.69765931795759,-41.18749999999949,False,1.0,cued,2,108.0,14,True
sub05,test,3,56,22.7179375,22.499625,44.0,-0.2183124999999997,-56.89722191944446,-218.3124999999997,False,0.0,cued,2,108.0,14,True
sub05,test,3,57,22.995729166666667,22.98825,45.0,-0.007479166666666259,-55.15601900963219,-7.479166666666259,False,0.0,cued,2,108.0,14,True
sub05,test,3,58,23.273520833333333,,,,,,True,,cued,2,108.0,14,True
sub05,test,3,59,23.551291666666668,23.4995625,46.0,-0.051729166666667936,-49.79455373927653,-51.729166666667936,False,0.0,cued,2,108.0,14,True
sub05,test,3,60,23.829083333333333,24.03708333333333,47.0,0.2079999999999984,-36.82612517270986,207.9999999999984,False,1.0,cued,2,108.0,14,True
sub05,test,3,61,24.10685416666667,24.137604166666666,48.0,0.030749999999997613,-56.17118751458925,30.749999999997613,False,0.0,cued,2,108.0,14,True
sub05,test,3,62,24.385166666666667,,,,,,True,,cued,2,108.0,14,True
sub05,test,3,63,24.6635625,24.626479166666666,49.0,-0.03708333333333513,-45.75128891832114,-37.08333333333513,False,1.0,cued,2,108.0,14,True
sub05,test,3,64,25.217979166666666,25.206791666666668,50.0,-0.011187499999998352,-46.37089021885924,-11.187499999998352,False,0.0,cued,2,108.0,14,True
sub05,test,3,65,25.773541666666667,25.809270833333333,52.0,0.035729166666666146,-59.83428721704429,35.729166666666146,False,0.0,cued,2,108.0,14,True
sub05,test,3,66,26.0524375,,,,,,True,,cued,2,108.0,14,True
sub05,test,3,67,26.33025,26.291166666666665,53.0,-0.039083333333334025,-49.51943825278573,-39.083333333334025,False,0.0,cued,2,108.0,14,True
sub05,test,3,68,26.884666666666668,26.835041666666665,54.0,-0.04962500000000247,-46.28226912834645,-49.62500000000247,False,1.0,cued,2,108.0,14,True
sub05,test,3,69,27.162458333333333,,,,,,True,,cued,2,108.0,14,True
sub05,test,3,70,27.440229166666665,27.393645833333334,55.0,-0.046583333333330756,-40.277492639173346,-46.583333333330756,False,1.0,cued,2,108.0,14,True
sub05,test,3,71,27.995791666666666,27.953645833333333,56.0,-0.04214583333333266,-51.45112918091414,-42.14583333333266,False,0.0,cued,2,108.0,14,True
sub05,test,3,72,28.551354166666666,28.497625,57.0,-0.05372916666666683,-47.87778358297616,-53.72916666666683,False,0.0,cued,2,108.0,14,True
sub05,test,3,73,28.829125,29.008208333333332,58.0,0.17908333333333104,-40.403238757025576,179.08333333333104,False,1.0,cued,2,108.0,14,True
sub05,test,3,74,29.106916666666667,29.1093125,59.0,0.002395833333334707,-57.10190389984756,2.395833333334707,False,0.0,cued,2,108.0,14,True
sub05,test,3,75,29.662479166666667,29.599833333333333,60.0,-0.06264583333333462,-45.23044792248222,-62.64583333333462,False,1.0,cued,2,108.0,14,True
sub05,test,3,76,29.997104166666666,,,,,,True,,cued,2,108.0,14,True
sub05,test,4,0,0.22266666666666668,,,,,,True,,cued,3,116.0,18,True
sub05,test,4,1,0.7387708333333334,,,,,,True,,cued,3,116.0,18,True
sub05,test,4,2,1.2560208333333334,,,,,,True,,cued,3,116.0,18,True
sub05,test,4,3,1.7732708333333334,,,,,,True,,cued,3,116.0,18,True
sub05,test,4,4,2.2905208333333333,,,,,,True,,cued,3,116.0,18,True
sub05,test,4,5,2.8077708333333335,2.7656666666666667,0.0,-0.04210416666666683,-37.58816905244767,-42.10416666666683,False,1.0,cued,3,116.0,18,True
sub05,test,4,6,3.0664166666666666,2.8753125,1.0,-0.1911041666666664,-55.736003682755396,-191.1041666666664,False,0.0,cued,3,116.0,18,True
sub05,test,4,7,3.3250208333333333,3.272,2.0,-0.05302083333333352,-46.54788126941057,-53.02083333333351,False,1.0,cued,3,116.0,18,True
sub05,test,4,8,3.583625,,,,,,True,,cued,3,116.0,18,True
sub05,test,4,9,3.8422708333333335,3.8040625,3.0,-0.0382083333333334,-44.31428252755035,-38.2083333333334,False,1.0,cued,3,116.0,18,True
sub05,test,4,10,4.1009166666666665,,,,,,True,,cued,3,116.0,18,True
sub05,test,4,11,4.359520833333334,4.353729166666667,4.0,-0.0057916666666670835,-36.9602759762214,-5.7916666666670835,False,1.0,cued,3,116.0,18,True
sub05,test,4,12,4.618145833333333,4.458208333333333,5.0,-0.15993749999999984,-56.57030060521764,-159.93749999999983,False,0.0,cued,3,116.0,18,True
sub05,test,4,13,4.8767708333333335,4.861375,6.0,-0.01539583333333372,-45.33600201673345,-15.39583333333372,False,1.0,cued,3,116.0,18,True
sub05,test,4,14,5.135375,,,,,,True,,cued,3,116.0,18,True
sub05,test,4,15,5.394020833333333,5.383291666666667,7.0,-0.010729166666666679,-44.63867811695182,-10.729166666666679,False,1.0,cued,3,116.0,18,True
sub05,test,4,16,5.652645833333334,,,,,,True,,cued,3,116.0,18,True
sub05,test,4,17,5.911270833333333,5.870583333333333,8.0,-0.040687499999999766,-38.44181282247585,-40.687499999999766,False,1.0,cued,3,116.0,18,True
sub05,test,4,18,6.169875,,,,,,True,,cued,3,116.0,18,True
sub05,test,4,19,6.428520833333334,6.40125,9.0,-0.027270833333333577,-45.23562554476658,-27.270833333333577,False,1.0,cued,3,116.0,18,True
sub05,test,4,20,6.687145833333333,,,,,,True,,cued,3,116.0,18,True
sub05,test,4,21,6.9457708333333334,6.912,10.0,-0.03377083333333353,-48.83476311097531,-33.77083333333353,False,0.0,cued,3,116.0,18,True
sub05,test,4,22,7.204395833333334,7.409666666666666,11.0,0.20527083333333263,-37.45896624432827,205.27083333333263,False,1.0,cued,3,116.0,18,True
sub05,test,4,23,7.463020833333333,7.516229166666666,12.0,0.05320833333333308,-57.580450057438895,53.20833333333308,False,0.0,cued,3,116.0,18,True
sub05,test,4,24,7.980270833333333,7.958104166666667,13.0,-0.022166666666666224,-50.07405414157912,-22.166666666666224,False,0.0,cued,3,116.0,18,True
sub05,test,4,25,8.238875,,,,,,True,,cued,3,116.0,18,True
sub05,test,4,26,8.497520833333333,8.448479166666667,14.0,-0.04904166666666576,-47.69691655545405,-49.04166666666576,False,0.0,cued,3,116.0,18,True
sub05,test,4,27,8.756166666666667,,,,,,True,,cued,3,116.0,18,True
sub05,test,4,28,9.015916666666667,8.978583333333333,15.0,-0.03733333333333455,-38.6642397110482,-37.33333333333455,False,1.0,cued,3,116.0,18,True
sub05,test,4,29,9.532020833333334,9.488895833333334,16.0,-0.04312499999999986,-53.27779969121834,-43.12499999999986,False,0.0,cued,3,116.0,18,True
sub05,test,4,30,9.790666666666667,9.993541666666667,17.0,0.20287500000000058,-50.482800359092806,202.87500000000057,False,0.0,cued,3,116.0,18,True
sub05,test,4,31,10.049270833333333,,,,,,True,,cued,3,116.0,18,True
sub05,test,4,32,10.307916666666667,,,,,,True,,cued,3,116.0,18,True
sub05,test,4,33,10.566520833333334,10.537916666666666,18.0,-0.028604166666667652,-38.331287195342505,-28.604166666667652,False,1.0,cued,3,116.0,18,True
sub05,test,4,34,10.825166666666666,,,,,,True,,cued,3,116.0,18,True
sub05,test,4,35,11.083770833333332,11.0705,19.0,-0.013270833333333343,-49.55120405564922,-13.270833333333343,False,0.0,cued,3,116.0,18,True
sub05,test,4,36,11.342416666666667,,,,,,True,,cued,3,116.0,18,True
sub05,test,4,37,11.601020833333333,11.583229166666667,20.0,-0.017791666666665762,-45.35143925630379,-17.791666666665762,False,1.0,cued,3,116.0,18,True
sub05,test,4,38,12.118270833333334,12.088354166666667,21.0,-0.029916666666666814,-41.584089457075905,-29.916666666666814,False,1.0,cued,3,116.0,18,True
sub05,test,4,39,12.376875,,,,,,True,,cued,3,116.0,18,True
sub05,test,4,40,12.635520833333333,12.6350625,22.0,-0.0004583333333325612,-49.69727143612735,-0.4583333333325612,False,0.0,cued,3,116.0,18,True
sub05,test,4,41,13.152770833333333,13.116333333333333,23.0,-0.0364374999999999,-52.237890798504935,-36.4374999999999,False,0.0,cued,3,116.0,18,True
sub05,test,4,42,13.411416666666666,,,,,,True,,cued,3,116.0,18,True
sub05,test,4,43,13.670020833333334,13.629354166666667,24.0,-0.04066666666666663,-36.118314137892455,-40.66666666666663,False,1.0,cued,3,116.0,18,True
sub05,test,4,44,13.928666666666667,13.7394375,25.0,-0.18922916666666723,-58.287119265575754,-189.22916666666723,False,0.0,cued,3,116.0,18,True
sub05,test,4,45,14.187270833333333,14.155979166666667,26.0,-0.031291666666666273,-54.53664742537886,-31.291666666666273,False,0.0,cued,3,116.0,18,True
sub05,test,4,46,14.445916666666667,,,,,,True,,cued,3,116.0,18,True
sub05,test,4,47,14.704520833333333,14.668791666666667,27.0,-0.035729166666666146,-50.26212147547832,-35.729166666666146,False,0.0,cued,3,116.0,18,True
sub05,test,4,48,14.963125,,,,,,True,,cued,3,116.0,18,True
sub05,test,4,49,15.221770833333334,15.187791666666667,28.0,-0.03397916666666667,-35.32343494848937,-33.97916666666667,False,1.0,cued,3,116.0,18,True
sub05,test,4,50,15.480375,15.313041666666667,29.0,-0.16733333333333356,-56.313305990997605,-167.33333333333354,False,0.0,cued,3,116.0,18,True
sub05,test,4,51,15.739020833333333,15.7091875,30.0,-0.02983333333333249,-49.68910607830523,-29.83333333333249,False,0.0,cued,3,116.0,18,True
sub05,test,4,52,16.256270833333332,16.230041666666665,31.0,-0.02622916666666697,-45.30048771053672,-26.22916666666697,False,1.0,cued,3,116.0,18,True
sub05,test,4,53,16.773520833333333,16.7450625,32.0,-0.02845833333333303,-36.393362501017876,-28.45833333333303,False,1.0,cued,3,116.0,18,True
sub05,test,4,54,17.032125,16.84572916666667,33.0,-0.1863958333333322,-55.280409579792,-186.3958333333322,False,0.0,cued,3,116.0,18,True
sub05,test,4,55,17.290770833333333,17.232416666666666,34.0,-0.058354166666667595,-50.81776251853143,-58.354166666667595,False,0.0,cued,3,116.0,18,True
sub05,test,4,56,17.549416666666666,,,,,,True,,cued,3,116.0,18,True
sub05,test,4,57,17.808020833333334,17.813395833333335,35.0,0.005375000000000796,-46.34768085436739,5.375000000000796,False,1.0,cued,3,116.0,18,True
sub05,test,4,58,18.066895833333334,,,,,,True,,cued,3,116.0,18,True
sub05,test,4,59,18.326416666666667,18.276125,36.0,-0.0502916666666664,-38.12398427295736,-50.2916666666664,False,1.0,cued,3,116.0,18,True
sub05,test,4,60,18.84252083333333,18.862166666666667,37.0,0.01964583333333536,-53.247408488729555,19.64583333333536,False,0.0,cued,3,116.0,18,True
sub05,test,4,61,19.101166666666668,,,,,,True,,cued,3,116.0,18,True
sub05,test,4,62,19.359770833333332,19.325395833333335,38.0,-0.03437499999999716,-55.65629095911856,-34.37499999999716,False,0.0,cued,3,116.0,18,True
sub05,test,4,63,19.877020833333333,19.8190625,39.0,-0.05795833333333178,-38.164302169594976,-57.95833333333178,False,1.0,cued,3,116.0,18,True
sub05,test,4,64,20.135645833333335,19.939416666666666,40.0,-0.19622916666666868,-55.67237857088251,-196.22916666666868,False,0.0,cued,3,116.0,18,True
sub05,test,4,65,20.394270833333334,20.408166666666666,41.0,0.013895833333332774,-44.5560806256932,13.895833333332774,False,1.0,cued,3,116.0,18,True
sub05,test,4,66,20.652895833333332,,,,,,True,,cued,3,116.0,18,True
sub05,test,4,67,20.911520833333334,20.865395833333334,42.0,-0.04612499999999997,-43.907237978169356,-46.12499999999997,False,1.0,cued,3,116.0,18,True
sub05,test,4,68,21.428770833333335,21.446208333333335,44.0,0.017437499999999773,-48.26669734757027,17.437499999999773,False,0.0,cued,3,116.0,18,True
sub05,test,4,69,21.687375,,,,,,True,,cued,3,116.0,18,True
sub05,test,4,70,21.946020833333332,21.931166666666666,45.0,-0.014854166666665947,-40.03541554222129,-14.854166666665947,False,1.0,cued,3,116.0,18,True
sub05,test,4,71,22.204645833333334,,,,,,True,,cued,3,116.0,18,True
sub05,test,4,72,22.463270833333333,22.439375,46.0,-0.023895833333334338,-51.961454992424876,-23.895833333334338,False,0.0,cued,3,116.0,18,True
sub05,test,4,73,22.721895833333335,,,,,,True,,cued,3,116.0,18,True
sub05,test,4,74,22.980520833333333,22.968458333333334,47.0,-0.012062499999998977,-43.77346230216827,-12.062499999998977,False,1.0,cued,3,116.0,18,True
sub05,test,4,75,23.239125,23.073270833333332,48.0,-0.1658541666666693,-57.94285103967596,-165.8541666666693,False,0.0,cued,3,116.0,18,True
sub05,test,4,76,23.497770833333334,23.508541666666666,49.0,0.010770833333332064,-54.178857710610835,10.770833333332064,False,0.0,cued,3,116.0,18,True
sub05,test,4,77,23.756395833333332,23.952708333333334,50.0,0.19631250000000122,-37.73118558107554,196.31250000000122,False,1.0,cued,3,116.0,18,True
sub05,test,4,78,24.015020833333335,24.0540625,51.0,0.039041666666665975,-52.53213842880478,39.041666666665975,False,0.0,cued,3,116.0,18,True
sub05,test,4,79,24.273645833333333,,,,,,True,,cued,3,116.0,18,True
sub05,test,4,80,24.53227083333333,24.515791666666665,52.0,-0.0164791666666666,-57.18799669651048,-16.4791666666666,False,0.0,cued,3,116.0,18,True
sub05,test,4,81,24.790916666666668,,,,,,True,,cued,3,116.0,18,True
sub05,test,4,82,25.049520833333332,25.0363125,53.0,-0.013208333333331268,-41.61577115639888,-13.208333333331268,False,1.0,cued,3,116.0,18,True
sub05,test,4,83,25.308125,25.137166666666666,54.0,-0.17095833333333488,-56.08023424108862,-170.95833333333488,False,0.0,cued,3,116.0,18,True
sub05,test,4,84,25.566770833333333,25.5735625,55.0,0.006791666666668306,-55.83371887935022,6.791666666668306,False,0.0,cued,3,116.0,18,True
sub05,test,4,85,25.825375,,,,,,True,,cued,3,116.0,18,True
sub05,test,4,86,26.084020833333334,26.050145833333332,56.0,-0.033875000000001876,-42.4692692537069,-33.875000000001876,False,1.0,cued,3,116.0,18,True
sub05,test,4,87,26.342666666666666,26.154333333333334,57.0,-0.18833333333333258,-56.810516602025615,-188.33333333333258,False,0.0,cued,3,116.0,18,True
sub05,test,4,88,26.601270833333334,26.616479166666668,58.0,0.015208333333333712,-53.59264913746007,15.208333333333712,False,0.0,cued,3,116.0,18,True
sub05,test,4,89,26.859875,,,,,,True,,cued,3,116.0,18,True
sub05,test,4,90,27.118520833333335,27.0990625,59.0,-0.019458333333336242,-38.67854854447999,-19.458333333336242,False,1.0,cued,3,116.0,18,True
sub05,test,4,91,27.635770833333332,27.625125,61.0,-0.010645833333331467,-51.76223393355088,-10.645833333331467,False,0.0,cued,3,116.0,18,True
sub05,test,4,92,28.153020833333333,28.1934375,62.0,0.04041666666666899,-40.27803887536702,40.41666666666899,False,1.0,cued,3,116.0,18,True
sub05,test,4,93,28.411666666666665,28.299916666666668,63.0,-0.11174999999999713,-57.267587898248074,-111.74999999999713,False,0.0,cued,3,116.0,18,True
sub05,test,4,94,28.670270833333333,28.661354166666666,64.0,-0.008916666666667794,-47.394289567182184,-8.916666666667794,False,1.0,cued,3,116.0,18,True
sub05,test,4,95,28.928875,,,,,,True,,cued,3,116.0,18,True
sub05,test,4,96,29.187520833333334,29.255583333333334,65.0,0.06806249999999991,-42.14277267556398,68.06249999999991,False,1.0,cued,3,116.0,18,True
sub05,test,4,97,29.676166666666667,29.744770833333334,67.0,0.0686041666666668,-47.68779871801123,68.6041666666668,False,1.0,cued,3,116.0,18,True
sub05,test,4,98,29.992375,,,,,,True,,cued,3,116.0,18,True
sub05,test,5,0,0.22266666666666668,,,,,,True,,spontaneous,3,120.0,0,True
sub05,test,5,1,0.7215208333333333,,,,,,True,,spontaneous,3,120.0,0,True
sub05,test,5,2,1.2215208333333334,,,,,,True,,spontaneous,3,120.0,0,True
sub05,test,5,3,1.4715208333333334,,,,,,True,,spontaneous,3,120.0,0,True
sub05,test,5,4,1.7215208333333334,1.7438541666666667,0.0,0.022333333333333316,-37.335102177729965,22.333333333333314,False,1.0,spontaneous,3,120.0,0,True
sub05,test,5,5,2.2215208333333334,2.195520833333333,2.0,-0.026000000000000245,-52.59209713118986,-26.000000000000245,False,0.0,spontaneous,3,120.0,0,True
sub05,test,5,6,2.7215208333333334,2.6685625,3.0,-0.05295833333333322,-49.85482301840784,-52.958333333333215,False,0.0,spontaneous,3,120.0,0,True
sub05,test,5,7,3.2215208333333334,3.2621041666666666,5.0,0.040583333333333194,-58.041605676856236,40.583333333333194,False,0.0,spontaneous,3,120.0,0,True
sub05,test,5,8,3.7215208333333334,3.6808541666666668,6.0,-0.04066666666666663,-54.026758303968386,-40.66666666666663,False,0.0,spontaneous,3,120.0,0,True
sub05,test,5,9,3.972354166666667,4.1694375,7.0,0.19708333333333306,-47.49519740545053,197.08333333333306,False,1.0,spontaneous,3,120.0,0,True
sub05,test,5,10,4.222666666666667,,,,,,True,,spontaneous,3,120.0,0,True
sub05,test,5,11,4.721520833333333,4.7681458333333335,9.0,0.04662500000000058,-58.45326286619736,46.62500000000058,False,0.0,spontaneous,3,120.0,0,True
sub05,test,5,12,5.221520833333333,5.195979166666667,10.0,-0.02554166666666635,-46.86694019578504,-25.54166666666635,False,1.0,spontaneous,3,120.0,0,True
sub05,test,5,13,5.721520833333333,5.710645833333333,11.0,-0.010874999999999524,-47.13805243736757,-10.874999999999524,False,1.0,spontaneous,3,120.0,0,True
sub05,test,5,14,6.221520833333333,6.172416666666667,12.0,-0.04910416666666606,-38.666499150282895,-49.10416666666606,False,1.0,spontaneous,3,120.0,0,True
sub05,test,5,15,6.471520833333333,6.2740833333333335,13.0,-0.1974374999999995,-57.957380797834915,-197.4374999999995,False,0.0,spontaneous,3,120.0,0,True
sub05,test,5,16,6.721520833333333,6.6958125,14.0,-0.025708333333333222,-46.77264557442777,-25.708333333333222,False,1.0,spontaneous,3,120.0,0,True
sub05,test,5,17,7.221520833333333,7.1895,15.0,-0.032020833333333165,-50.56657383711533,-32.020833333333165,False,0.0,spontaneous,3,120.0,0,True
sub05,test,5,18,7.721520833333333,7.64525,16.0,-0.07627083333333307,-38.88998278347903,-76.27083333333306,False,1.0,spontaneous,3,120.0,0,True
sub05,test,5,19,7.971625,,,,,,True,,spontaneous,3,120.0,0,True
sub05,test,5,20,8.222666666666667,8.193375,17.0,-0.029291666666667382,-49.85096167740344,-29.291666666667382,False,0.0,spontaneous,3,120.0,0,True
sub05,test,5,21,8.721520833333333,8.706833333333334,18.0,-0.014687499999999076,-44.788402799406875,-14.687499999999076,False,1.0,spontaneous,3,120.0,0,True
sub05,test,5,22,9.221520833333333,9.151854166666666,19.0,-0.06966666666666654,-39.47846350912125,-69.66666666666654,False,1.0,spontaneous,3,120.0,0,True
sub05,test,5,23,9.471520833333333,,,,,,True,,spontaneous,3,120.0,0,True
sub05,test,5,24,9.721520833333333,9.723125,20.0,0.0016041666666666288,-50.53966546662713,1.6041666666666288,False,0.0,spontaneous,3,120.0,0,True
sub05,test,5,25,9.971520833333333,10.1651875,21.0,0.1936666666666671,-45.17568343611069,193.66666666666708,False,1.0,spontaneous,3,120.0,0,True
sub05,test,5,26,10.221520833333333,,,,,,True,,spontaneous,3,120.0,0,True
sub05,test,5,27,10.721520833333333,10.659020833333333,22.0,-0.0625,-37.26502005145495,-62.5,False,1.0,spontaneous,3,120.0,0,True
sub05,test,5,28,11.221520833333333,11.219395833333333,23.0,-0.0021249999999994884,-53.354949588752305,-2.1249999999994884,False,0.0,spontaneous,3,120.0,0,True
sub05,test,5,29,11.721520833333333,11.661125,24.0,-0.06039583333333276,-48.15210375560098,-60.39583333333276,False,0.0,spontaneous,3,120.0,0,True
sub05,test,5,30,11.971520833333333,12.153916666666667,25.0,0.18239583333333442,-39.54182775888186,182.39583333333442,False,1.0,spontaneous,3,120.0,0,True
sub05,test,5,31,12.221520833333333,,,,,,True,,spontaneous,3,120.0,0,True
sub05,test,5,32,12.721520833333333,12.799125,26.0,0.07760416666666714,-42.28683722173872,77.60416666666714,False,1.0,spontaneous,3,120.0,0,True
sub05,test,5,33,13.221520833333333,13.342166666666667,27.0,0.12064583333333445,-42.748459772702276,120.64583333333445,False,1.0,spontaneous,3,120.0,0,True
sub05,test,5,34,13.721520833333333,,,,,,True,,spontaneous,3,120.0,0,True
sub05,test,5,35,14.221520833333333,,,,,,True,,spontaneous,3,120.0,0,True
sub05,test,5,36,14.721520833333333,,,,,,True,,spontaneous,3,120.0,0,True
sub05,test,5,37,14.971708333333334,,,,,,True,,spontaneous,3,120.0,0,True
sub05,test,5,38,15.222666666666667,,,,,,True,,spontaneous,3,120.0,0,True
sub05,test,5,39,15.721520833333333,15.651604166666667,29.0,-0.06991666666666596,-41.7313114831922,-69.91666666666596,False,1.0,spontaneous,3,120.0,0,True
sub05,test,5,40,16.221520833333333,16.1934375,30.0,-0.02808333333333124,-44.44960620267884,-28.08333333333124,False,1.0,spontaneous,3,120.0,0,True
sub05,test,5,41,16.721520833333333,,,,,,True,,spontaneous,3,120.0,0,True
sub05,test,5,42,17.221520833333333,17.239541666666668,32.0,0.018020833333334707,-55.80644899136085,18.020833333334707,False,0.0,spontaneous,3,120.0,0,True
sub05,test,5,43,17.721520833333333,17.6509375,33.0,-0.07058333333333167,-50.78142420833916,-70.58333333333167,False,0.0,spontaneous,3,120.0,0,True
sub05,test,5,44,18.221520833333333,18.2110625,34.0,-0.010458333333332348,-39.274079071654505,-10.458333333332348,False,1.0,spontaneous,3,120.0,0,True
sub05,test,5,45,18.721520833333333,18.705270833333334,36.0,-0.01624999999999943,-49.660686948538384,-16.24999999999943,False,0.0,spontaneous,3,120.0,0,True
sub05,test,5,46,19.221520833333333,19.192,37.0,-0.029520833333332774,-38.66123959583884,-29.520833333332774,False,1.0,spontaneous,3,120.0,0,True
sub05,test,5,47,19.721520833333333,19.675791666666665,39.0,-0.04572916666666771,-52.525513137419765,-45.72916666666771,False,0.0,spontaneous,3,120.0,0,True
sub05,test,5,48,19.971520833333333,20.1658125,40.0,0.1942916666666683,-40.92895081456042,194.2916666666683,False,1.0,spontaneous,3,120.0,0,True
sub05,test,5,49,20.221520833333333,,,,,,True,,spontaneous,3,120.0,0,True
sub05,test,5,50,20.721520833333333,20.7061875,41.0,-0.01533333333333431,-49.09248489692799,-15.33333333333431,False,0.0,spontaneous,3,120.0,0,True
sub05,test,5,51,21.221520833333333,21.210208333333334,42.0,-0.011312499999998948,-36.34147985397839,-11.312499999998948,False,1.0,spontaneous,3,120.0,0,True
sub05,test,5,52,21.721520833333333,21.703625,44.0,-0.01789583333333411,-51.62266439122575,-17.89583333333411,False,0.0,spontaneous,3,120.0,0,True
sub05,test,5,53,22.221520833333333,22.1938125,45.0,-0.027708333333333002,-36.52577792846576,-27.708333333333,False,1.0,spontaneous,3,120.0,0,True
sub05,test,5,54,22.471520833333333,22.296666666666667,46.0,-0.1748541666666661,-55.394558895475,-174.8541666666661,False,0.0,spontaneous,3,120.0,0,True
sub05,test,5,55,22.721520833333333,22.709583333333335,47.0,-0.01193749999999838,-56.16416209698592,-11.93749999999838,False,0.0,spontaneous,3,120.0,0,True
sub05,test,5,56,23.221520833333333,23.255791666666667,49.0,0.03427083333333414,-56.932975514361445,34.27083333333414,False,0.0,spontaneous,3,120.0,0,True
sub05,test,5,57,23.721520833333333,23.681375,50.0,-0.04014583333333377,-52.72351317036517,-40.14583333333377,False,0.0,spontaneous,3,120.0,0,True
sub05,test,5,58,23.971520833333333,,,,,,True,,spontaneous,3,120.0,0,True
sub05,test,5,59,24.221520833333333,24.193770833333332,51.0,-0.02775000000000105,-38.87458328802366,-27.75000000000105,False,1.0,spontaneous,3,120.0,0,True
sub05,test,5,60,24.721520833333333,24.695833333333333,53.0,-0.025687500000000085,-53.52503369225303,-25.687500000000085,False,0.0,spontaneous,3,120.0,0,True
sub05,test,5,61,25.221520833333333,25.175,54.0,-0.046520833333332234,-39.2928165465916,-46.520833333332234,False,1.0,spontaneous,3,120.0,0,True
sub05,test,5,62,25.471520833333333,25.2913125,55.0,-0.18020833333333286,-58.38504366401635,-180.20833333333286,False,0.0,spontaneous,3,120.0,0,True
sub05,test,5,63,25.721520833333333,25.704625,56.0,-0.016895833333332888,-55.482999838159586,-16.895833333332888,False,0.0,spontaneous,3,120.0,0,True
sub05,test,5,64,26.221520833333333,26.178541666666668,57.0,-0.042979166666665236,-40.55036811120088,-42.979166666665236,False,1.0,spontaneous,3,120.0,0,True
sub05,test,5,65,26.721520833333333,26.731375,58.0,0.009854166666666941,-53.66336002001424,9.854166666666941,False,0.0,spontaneous,3,120.0,0,True
sub05,test,5,66,27.221520833333333,27.19558333333333,59.0,-0.02593750000000128,-39.929357454317696,-25.93750000000128,False,1.0,spontaneous,3,120.0,0,True
sub05,test,5,67,27.471520833333333,,,,,,True,,spontaneous,3,120.0,0,True
sub05,test,5,68,27.721520833333333,27.720791666666667,60.0,-0.0007291666666660035,-55.076194253411124,-0.7291666666660035,False,0.0,spontaneous,3,120.0,0,True
sub05,test,5,69,28.221520833333333,28.179541666666665,61.0,-0.04197916666666757,-42.208011750918,-41.97916666666757,False,1.0,spontaneous,3,120.0,0,True
sub05,test,5,70,28.721520833333333,28.74341666666667,62.0,0.021895833333335446,-55.99961775284464,21.895833333335446,False,0.0,spontaneous,3,120.0,0,True
sub05,test,5,71,29.221520833333333,29.197020833333333,63.0,-0.024499999999999744,-43.302246320854664,-24.499999999999744,False,1.0,spontaneous,3,120.0,0,True
sub05,test,5,72,29.471520833333333,29.6563125,64.0,0.18479166666666558,-52.83133494507815,184.79166666666558,False,0.0,spontaneous,3,120.0,0,True
sub05,test,5,73,29.721520833333333,,,,,,True,,spontaneous,3,120.0,0,True
sub05,test,5,74,29.977104166666667,,,,,,True,,spontaneous,3,120.0,0,True
sub05,test,6,0,0.22764583333333333,,,,,,True,,cued,3,108.0,12,True
sub05,test,6,1,0.5054166666666666,,,,,,True,,cued,3,108.0,12,True
sub05,test,6,2,0.7832083333333333,,,,,,True,,cued,3,108.0,12,True
sub05,test,6,3,1.0609791666666666,,,,,,True,,cued,3,108.0,12,True
sub05,test,6,4,1.3387708333333332,1.3423333333333334,0.0,0.003562500000000135,-40.456916095306845,3.562500000000135,False,1.0,cued,3,108.0,12,True
sub05,test,6,5,1.6171458333333333,1.8285625,1.0,0.2114166666666668,-47.58864756257295,211.4166666666668,False,0.0,cued,3,108.0,12,True
sub05,test,6,6,1.8954791666666666,,,,,,True,,cued,3,108.0,12,True
sub05,test,6,7,2.449895833333333,2.395958333333333,2.0,-0.05393749999999997,-47.90103399801335,-53.93749999999997,False,0.0,cued,3,108.0,12,True
sub05,test,6,8,2.7276666666666665,2.9226666666666667,3.0,0.19500000000000028,-39.72893326955634,195.00000000000028,False,1.0,cued,3,108.0,12,True
sub05,test,6,9,3.0054583333333333,3.033,4.0,0.027541666666666575,-60.62049657977283,27.541666666666575,False,0.0,cued,3,108.0,12,True
sub05,test,6,10,3.2832291666666666,3.4852708333333333,5.0,0.20204166666666667,-49.69723314406566,202.04166666666669,False,0.0,cued,3,108.0,12,True
sub05,test,6,11,3.5610208333333335,,,,,,True,,cued,3,108.0,12,True
sub05,test,6,12,4.116583333333334,4.058666666666666,6.0,-0.05791666666666728,-47.63001788420717,-57.91666666666728,False,0.0,cued,3,108.0,12,True
sub05,test,6,13,4.394354166666667,4.598020833333333,7.0,0.203666666666666,-40.2191375993356,203.666666666666,False,1.0,cued,3,108.0,12,True
sub05,test,6,14,4.672145833333333,,,,,,True,,cued,3,108.0,12,True
sub05,test,6,15,5.227708333333333,5.1766875,8.0,-0.05102083333333329,-45.12504249209019,-51.02083333333329,False,1.0,cued,3,108.0,12,True
sub05,test,6,16,5.783270833333333,5.7515833333333335,9.0,-0.031687499999999424,-46.05855895623752,-31.687499999999424,False,1.0,cued,3,108.0,12,True
sub05,test,6,17,6.061041666666667,6.24625,10.0,0.18520833333333275,-41.52171927445043,185.20833333333275,False,1.0,cued,3,108.0,12,True
sub05,test,6,18,6.3388333333333335,,,,,,True,,cued,3,108.0,12,True
sub05,test,6,19,6.894395833333333,6.8325625,11.0,-0.06183333333333341,-48.300538615629065,-61.83333333333341,False,0.0,cued,3,108.0,12,True
sub05,test,6,20,7.172166666666667,7.380395833333333,12.0,0.20822916666666647,-51.986612570687925,208.22916666666646,False,0.0,cued,3,108.0,12,True
sub05,test,6,21,7.449958333333333,,,,,,True,,cued,3,108.0,12,True
sub05,test,6,22,7.727729166666666,7.922770833333334,13.0,0.19504166666666745,-35.521637491885535,195.04166666666745,False,1.0,cued,3,108.0,12,True
sub05,test,6,23,8.005520833333334,8.028916666666667,14.0,0.023395833333333727,-56.462703463259494,23.395833333333727,False,0.0,cued,3,108.0,12,True
sub05,test,6,24,8.561083333333332,8.512270833333334,15.0,-0.04881249999999859,-46.828527662258935,-48.81249999999859,False,1.0,cued,3,108.0,12,True
sub05,test,6,25,8.838854166666666,9.0419375,16.0,0.20308333333333373,-45.85857640019226,203.0833333333337,False,1.0,cued,3,108.0,12,True
sub05,test,6,26,9.116645833333333,,,,,,True,,cued,3,108.0,12,True
sub05,test,6,27,9.672208333333334,9.713875,18.0,0.041666666666666075,-57.790395076925456,41.666666666666075,False,0.0,cued,3,108.0,12,True
sub05,test,6,28,9.949979166666667,10.139416666666667,19.0,0.18943750000000037,-48.10232045687192,189.43750000000037,False,0.0,cued,3,108.0,12,True
sub05,test,6,29,10.227770833333333,,,,,,True,,cued,3,108.0,12,True
sub05,test,6,30,10.783333333333333,10.6959375,20.0,-0.08739583333333378,-47.77861435803588,-87.39583333333378,False,0.0,cued,3,108.0,12,True
sub05,test,6,31,11.061125,11.2728125,21.0,0.21168750000000003,-37.688385984466,211.68750000000003,False,1.0,cued,3,108.0,12,True
sub05,test,6,32,11.338895833333334,,,,,,True,,cued,3,108.0,12,True
sub05,test,6,33,11.894458333333333,11.83675,22.0,-0.05770833333333236,-44.95221117348852,-57.70833333333236,False,1.0,cued,3,108.0,12,True
sub05,test,6,34,12.17225,12.362083333333333,23.0,0.18983333333333263,-43.69760238062602,189.83333333333263,False,1.0,cued,3,108.0,12,True
sub05,test,6,35,12.450020833333333,,,,,,True,,cued,3,108.0,12,True
sub05,test,6,36,12.727791666666667,,,,,,True,,cued,3,108.0,12,True
sub05,test,6,37,13.005583333333334,12.961625,24.0,-0.04395833333333421,-38.63732361815049,-43.95833333333421,False,1.0,cued,3,108.0,12,True
sub05,test,6,38,13.284,,,,,,True,,cued,3,108.0,12,True
sub05,test,6,39,13.562270833333333,13.5384375,25.0,-0.023833333333332263,-48.38689156479374,-23.833333333332263,False,0.0,cued,3,108.0,12,True
sub05,test,6,40,14.116708333333333,14.07375,26.0,-0.04295833333333299,-38.31561543277583,-42.95833333333299,False,1.0,cued,3,108.0,12,True
sub05,test,6,41,14.394479166666667,14.18975,27.0,-0.20472916666666663,-56.0630770392311,-204.72916666666663,False,0.0,cued,3,108.0,12,True
sub05,test,6,42,14.672270833333334,14.633,28.0,-0.03927083333333492,-54.615520487022955,-39.27083333333492,False,0.0,cued,3,108.0,12,True
sub05,test,6,43,15.227833333333333,15.177729166666667,29.0,-0.050104166666665506,-36.13283584282203,-50.104166666665506,False,1.0,cued,3,108.0,12,True
sub05,test,6,44,15.505625,15.292416666666666,30.0,-0.2132083333333341,-55.21024834705112,-213.2083333333341,False,0.0,cued,3,108.0,12,True
sub05,test,6,45,15.783395833333334,15.75025,31.0,-0.033145833333334096,-44.261088951953276,-33.145833333334096,False,1.0,cued,3,108.0,12,True
sub05,test,6,46,16.338958333333334,16.318604166666667,32.0,-0.02035416666666734,-37.68325954191743,-20.35416666666734,False,1.0,cued,3,108.0,12,True
sub05,test,6,47,16.617854166666667,16.4250625,33.0,-0.19279166666666825,-58.05911306245511,-192.79166666666825,False,0.0,cued,3,108.0,12,True
sub05,test,6,48,16.895666666666667,16.834625,34.0,-0.06104166666666799,-53.28737639018553,-61.04166666666799,False,0.0,cued,3,108.0,12,True
sub05,test,6,49,17.450083333333332,17.418666666666667,35.0,-0.031416666666665094,-39.351724358984015,-31.416666666665094,False,1.0,cued,3,108.0,12,True
sub05,test,6,50,18.005645833333332,17.974770833333334,37.0,-0.03087499999999821,-53.01509002399493,-30.87499999999821,False,0.0,cued,3,108.0,12,True
sub05,test,6,51,18.561208333333333,18.524479166666666,38.0,-0.03672916666666737,-38.17334158147672,-36.72916666666737,False,1.0,cued,3,108.0,12,True
sub05,test,6,52,18.839,18.658104166666668,39.0,-0.1808958333333308,-59.343720262854944,-180.8958333333308,False,0.0,cued,3,108.0,12,True
sub05,test,6,53,19.116770833333334,19.059104166666668,40.0,-0.05766666666666609,-57.7525491896744,-57.66666666666609,False,0.0,cued,3,108.0,12,True
sub05,test,6,54,19.3945625,,,,,,True,,cued,3,108.0,12,True
sub05,test,6,55,19.672333333333334,19.6681875,41.0,-0.004145833333335958,-38.1449799554241,-4.145833333335958,False,1.0,cued,3,108.0,12,True
sub05,test,6,56,19.950125,19.7705,42.0,-0.17962500000000148,-59.046468759465746,-179.62500000000148,False,0.0,cued,3,108.0,12,True
sub05,test,6,57,20.227895833333335,20.186833333333333,43.0,-0.041062500000002444,-48.863337642552565,-41.062500000002444,False,0.0,cued,3,108.0,12,True
sub05,test,6,58,20.783458333333332,20.775375,44.0,-0.008083333333331666,-39.01482445765617,-8.083333333331666,False,1.0,cued,3,108.0,12,True
sub05,test,6,59,21.339020833333333,21.3093125,45.0,-0.029708333333331893,-49.44640334396298,-29.708333333331893,False,0.0,cued,3,108.0,12,True
sub05,test,6,60,21.6168125,,,,,,True,,cued,3,108.0,12,True
sub05,test,6,61,21.894583333333333,21.8646875,46.0,-0.029895833333334565,-38.26774519565706,-29.895833333334565,False,1.0,cued,3,108.0,12,True
sub05,test,6,62,22.450145833333334,22.422458333333335,47.0,-0.027687499999998977,-50.01039659256615,-27.687499999998977,False,0.0,cued,3,108.0,12,True
sub05,test,6,63,23.005708333333335,22.966875,48.0,-0.03883333333333283,-40.174667008195485,-38.83333333333283,False,1.0,cued,3,108.0,12,True
sub05,test,6,64,23.56127083333333,23.5214375,49.0,-0.0398333333333305,-46.91675458403768,-39.8333333333305,False,0.0,cued,3,108.0,12,True
sub05,test,6,65,23.8390625,24.031145833333333,50.0,0.19208333333333272,-36.34674396611492,192.08333333333272,False,1.0,cued,3,108.0,12,True
sub05,test,6,66,24.116833333333332,24.142104166666666,51.0,0.025270833333333798,-58.28470207243746,25.270833333333798,False,0.0,cued,3,108.0,12,True
sub05,test,6,67,24.394625,,,,,,True,,cued,3,108.0,12,True
sub05,test,6,68,24.672395833333333,24.61916666666667,52.0,-0.05322916666666444,-46.936530307798265,-53.22916666666444,False,0.0,cued,3,108.0,12,True
sub05,test,6,69,24.950166666666668,25.1629375,53.0,0.2127708333333338,-38.29520348607716,212.7708333333338,False,1.0,cued,3,108.0,12,True
sub05,test,6,70,25.227958333333333,,,,,,True,,cued,3,108.0,12,True
sub05,test,6,71,25.50575,25.716291666666667,54.0,0.21054166666666774,-47.36064596670688,210.54166666666774,False,0.0,cued,3,108.0,12,True
sub05,test,6,72,25.783520833333334,,,,,,True,,cued,3,108.0,12,True
sub05,test,6,73,26.339083333333335,26.2978125,55.0,-0.04127083333333559,-40.80910503986142,-41.27083333333559,False,1.0,cued,3,108.0,12,True
sub05,test,6,74,26.894645833333332,26.8364375,56.0,-0.05820833333333297,-49.14963474908337,-58.20833333333297,False,0.0,cued,3,108.0,12,True
sub05,test,6,75,27.1724375,27.383145833333334,57.0,0.21070833333333283,-40.72383352609638,210.70833333333283,False,1.0,cued,3,108.0,12,True
sub05,test,6,76,27.450208333333332,,,,,,True,,cued,3,108.0,12,True
sub05,test,6,77,27.727979166666668,27.914708333333333,58.0,0.18672916666666595,-50.39241798587604,186.72916666666595,False,0.0,cued,3,108.0,12,True
sub05,test,6,78,28.005770833333333,,,,,,True,,cued,3,108.0,12,True
sub05,test,6,79,28.283541666666668,,,,,,True,,cued,3,108.0,12,True
sub05,test,6,80,28.561333333333334,28.521520833333334,59.0,-0.03981250000000003,-41.94352225760619,-39.81250000000003,False,1.0,cued,3,108.0,12,True
sub05,test,6,81,29.116895833333334,29.060354166666666,61.0,-0.05654166666666782,-43.41044598851502,-56.54166666666782,False,1.0,cued,3,108.0,12,True
sub05,test,6,82,29.672458333333335,29.620333333333335,62.0,-0.0521250000000002,-38.12938806317576,-52.1250000000002,False,1.0,cued,3,108.0,12,True
sub05,test,6,83,29.951208333333334,,,,,,True,,cued,3,108.0,12,True
sub05,test,7,0,0.22279166666666667,,,,,,True,,spontaneous,3,104.0,0,True
sub05,test,7,1,0.7985625,,,,,,True,,spontaneous,3,104.0,0,True
sub05,test,7,2,1.0870208333333333,,,,,,True,,spontaneous,3,104.0,0,True
sub05,test,7,3,1.3754791666666666,,,,,,True,,spontaneous,3,104.0,0,True
sub05,test,7,4,1.9523958333333333,,,,,,True,,spontaneous,3,104.0,0,True
sub05,test,7,5,2.5293125,2.5043125,0.0,-0.02499999999999991,-36.39728438719969,-24.99999999999991,False,1.0,spontaneous,3,104.0,0,True
sub05,test,7,6,2.8177708333333333,2.617395833333333,1.0,-0.2003750000000002,-57.78836775815937,-200.3750000000002,False,0.0,spontaneous,3,104.0,0,True
sub05,test,7,7,3.1062291666666666,3.0554791666666667,2.0,-0.05074999999999985,-49.59526586209695,-50.74999999999985,False,0.0,spontaneous,3,104.0,0,True
sub05,test,7,8,3.3946875,3.6247708333333333,3.0,0.23008333333333342,-49.94578862849296,230.08333333333343,False,0.0,spontaneous,3,104.0,0,True
sub05,test,7,9,3.683145833333333,,,,,,True,,spontaneous,3,104.0,0,True
sub05,test,7,10,3.971604166666667,4.161770833333334,4.0,0.19016666666666682,-40.72220796841388,190.16666666666683,False,1.0,spontaneous,3,104.0,0,True
sub05,test,7,11,4.2600625,4.2843125,5.0,0.024250000000000327,-60.667312838767764,24.250000000000327,False,0.0,spontaneous,3,104.0,0,True
sub05,test,7,12,4.836979166666667,4.701020833333334,6.0,-0.13595833333333296,-52.41887868106069,-135.95833333333297,False,0.0,spontaneous,3,104.0,0,True
sub05,test,7,13,5.1256458333333335,5.340354166666667,7.0,0.21470833333333328,-47.18980626528557,214.7083333333333,False,1.0,spontaneous,3,104.0,0,True
sub05,test,7,14,5.415020833333333,5.465895833333334,8.0,0.05087500000000045,-59.823013799192886,50.87500000000045,False,0.0,spontaneous,3,104.0,0,True
sub05,test,7,15,5.9908125,6.037208333333333,10.0,0.046395833333333414,-61.74556623564598,46.395833333333414,False,0.0,spontaneous,3,104.0,0,True
sub05,test,7,16,6.279270833333333,6.499833333333333,11.0,0.22056249999999977,-45.99021384768835,220.56249999999977,False,1.0,spontaneous,3,104.0,0,True
sub05,test,7,17,6.567729166666667,,,,,,True,,spontaneous,3,104.0,0,True
sub05,test,7,18,7.144645833333334,7.045895833333334,12.0,-0.0987499999999999,-46.68104457312473,-98.74999999999989,False,1.0,spontaneous,3,104.0,0,True
sub05,test,7,19,7.7215625,7.748,14.0,0.026437500000000114,-60.12922205619748,26.437500000000114,False,0.0,spontaneous,3,104.0,0,True
sub05,test,7,20,8.298479166666667,8.243291666666666,15.0,-0.05518750000000061,-51.419203684630716,-55.18750000000061,False,0.0,spontaneous,3,104.0,0,True
sub05,test,7,21,8.875395833333334,8.8245625,16.0,-0.050833333333333286,-46.987720347625356,-50.833333333333286,False,1.0,spontaneous,3,104.0,0,True
sub05,test,7,22,9.4523125,9.46225,18.0,0.009937499999999488,-58.82911381153622,9.937499999999488,False,0.0,spontaneous,3,104.0,0,True
sub05,test,7,23,9.740770833333332,9.950645833333333,19.0,0.20987500000000026,-47.0181279212937,209.87500000000026,False,1.0,spontaneous,3,104.0,0,True
sub05,test,7,24,10.029229166666667,,,,,,True,,spontaneous,3,104.0,0,True
sub05,test,7,25,10.606145833333333,10.652375,21.0,0.046229166666666544,-62.277183298791186,46.22916666666654,False,0.0,spontaneous,3,104.0,0,True
sub05,test,7,26,11.1830625,11.208479166666667,23.0,0.025416666666666643,-57.8199625053349,25.416666666666643,False,0.0,spontaneous,3,104.0,0,True
sub05,test,7,27,11.471520833333333,11.68,24.0,0.20847916666666677,-48.72246840894896,208.47916666666677,False,0.0,spontaneous,3,104.0,0,True
sub05,test,7,28,11.759979166666668,,,,,,True,,spontaneous,3,104.0,0,True
sub05,test,7,29,12.336895833333333,12.256229166666667,25.0,-0.08066666666666578,-43.38019969805451,-80.66666666666578,False,1.0,spontaneous,3,104.0,0,True
sub05,test,7,30,12.625979166666667,12.8158125,26.0,0.18983333333333263,-35.68085943387369,189.83333333333263,False,1.0,spontaneous,3,104.0,0,True
sub05,test,7,31,12.914958333333333,12.922770833333333,27.0,0.0078125,-53.24774681421366,7.8125,False,0.0,spontaneous,3,104.0,0,True
sub05,test,7,32,13.490729166666666,13.409,28.0,-0.08172916666666552,-50.61823611952133,-81.72916666666552,False,0.0,spontaneous,3,104.0,0,True
sub05,test,7,33,14.067645833333334,14.098145833333334,30.0,0.03049999999999997,-59.48999024288818,30.49999999999997,False,0.0,spontaneous,3,104.0,0,True
sub05,test,7,34,14.6445625,14.591395833333333,31.0,-0.05316666666666592,-52.130005310521874,-53.16666666666592,False,0.0,spontaneous,3,104.0,0,True
sub05,test,7,35,14.933020833333334,,,,,,True,,spontaneous,3,104.0,0,True
sub05,test,7,36,15.221479166666667,15.197729166666667,32.0,-0.023749999999999716,-39.13251297370178,-23.749999999999716,False,1.0,spontaneous,3,104.0,0,True
sub05,test,7,37,15.798395833333334,,,,,,True,,spontaneous,3,104.0,0,True
sub05,test,7,38,16.3753125,16.328854166666666,34.0,-0.04645833333333371,-39.802249202404155,-46.45833333333371,False,1.0,spontaneous,3,104.0,0,True
sub05,test,7,39,16.952229166666665,16.893375,35.0,-0.05885416666666643,-48.298573648230544,-58.85416666666643,False,1.0,spontaneous,3,104.0,0,True
sub05,test,7,40,17.529145833333335,17.541270833333332,36.0,0.012124999999997499,-38.14893443599408,12.124999999997499,False,1.0,spontaneous,3,104.0,0,True
sub05,test,7,41,18.1060625,18.087875,38.0,-0.0181874999999998,-49.20111777068278,-18.1874999999998,False,0.0,spontaneous,3,104.0,0,True
sub05,test,7,42,18.394520833333335,18.6169375,39.0,0.22241666666666404,-39.645136295891064,222.41666666666404,False,1.0,spontaneous,3,104.0,0,True
sub05,test,7,43,18.682979166666666,18.757625,40.0,0.07464583333333508,-56.849586173128586,74.64583333333508,False,0.0,spontaneous,3,104.0,0,True
sub05,test,7,44,19.259895833333335,19.266395833333334,41.0,0.006499999999999062,-54.38983880682382,6.499999999999062,False,0.0,spontaneous,3,104.0,0,True
sub05,test,7,45,19.8368125,19.864854166666667,42.0,0.028041666666666742,-37.923783008456084,28.041666666666742,False,1.0,spontaneous,3,104.0,0,True
sub05,test,7,46,20.413729166666666,20.418125,43.0,0.004395833333333599,-46.717714111188506,4.395833333333599,False,1.0,spontaneous,3,104.0,0,True
sub05,test,7,47,20.990645833333332,21.0018125,44.0,0.01116666666666788,-37.370270973879,11.16666666666788,False,1.0,spontaneous,3,104.0,0,True
sub05,test,7,48,21.5675625,21.552333333333333,45.0,-0.015229166666667737,-47.19910878224886,-15.229166666667737,False,1.0,spontaneous,3,104.0,0,True
sub05,test,7,49,22.144479166666667,22.159708333333334,46.0,0.015229166666667737,-40.48426028100225,15.229166666667737,False,1.0,spontaneous,3,104.0,0,True
sub05,test,7,50,22.721395833333332,22.693708333333333,48.0,-0.027687499999998977,-45.18336618950536,-27.687499999998977,False,1.0,spontaneous,3,104.0,0,True
sub05,test,7,51,23.2983125,23.279395833333332,50.0,-0.018916666666669357,-40.102416810962815,-18.916666666669357,False,1.0,spontaneous,3,104.0,0,True
sub05,test,7,52,23.875229166666667,23.843083333333333,52.0,-0.03214583333333465,-48.42895713729324,-32.14583333333465,False,0.0,spontaneous,3,104.0,0,True
sub05,test,7,53,24.452145833333333,24.402041666666666,53.0,-0.05010416666666728,-40.645927435806215,-50.10416666666728,False,1.0,spontaneous,3,104.0,0,True
sub05,test,7,54,25.0290625,24.987375,55.0,-0.04168749999999832,-48.58046053230025,-41.68749999999832,False,0.0,spontaneous,3,104.0,0,True
sub05,test,7,55,25.605979166666668,25.579958333333334,56.0,-0.026020833333333826,-39.97216484583902,-26.020833333333826,False,1.0,spontaneous,3,104.0,0,True
sub05,test,7,56,25.8944375,,,,,,True,,spontaneous,3,104.0,0,True
sub05,test,7,57,26.182895833333333,26.145208333333333,57.0,-0.03768750000000054,-50.72694153679276,-37.68750000000054,False,0.0,spontaneous,3,104.0,0,True
sub05,test,7,58,26.7598125,26.736916666666666,58.0,-0.022895833333333115,-37.95936880971139,-22.895833333333115,False,1.0,spontaneous,3,104.0,0,True
sub05,test,7,59,27.336729166666668,27.284958333333332,60.0,-0.051770833333335986,-50.032450418726256,-51.770833333335986,False,0.0,spontaneous,3,104.0,0,True
sub05,test,7,60,27.913645833333334,27.883145833333334,61.0,-0.03049999999999997,-38.08776576970304,-30.49999999999997,False,1.0,spontaneous,3,104.0,0,True
sub05,test,7,61,28.4905625,28.464520833333335,63.0,-0.026041666666664298,-49.19936797297491,-26.041666666664298,False,0.0,spontaneous,3,104.0,0,True
sub05,test,7,62,29.067479166666665,29.04104166666667,64.0,-0.02643749999999656,-40.93155382040336,-26.43749999999656,False,1.0,spontaneous,3,104.0,0,True
sub05,test,7,63,29.644395833333334,29.5911875,65.0,-0.05320833333333397,-51.831206917502456,-53.20833333333397,False,0.0,spontaneous,3,104.0,0,True
sub05,test,7,64,29.995520833333334,,,,,,True,,spontaneous,3,104.0,0,True
sub05,test,8,0,0.2228125,,,,,,True,,spontaneous,2,116.0,0,True
sub05,test,8,1,0.7389166666666667,,,,,,True,,spontaneous,2,116.0,0,True
sub05,test,8,2,0.9975625,1.1990833333333333,0.0,0.20152083333333326,-36.18548027980022,201.52083333333326,False,1.0,spontaneous,2,116.0,0,True
sub05,test,8,3,1.2561666666666667,1.3081875,1.0,0.052020833333333405,-52.741839294173005,52.02083333333341,False,0.0,spontaneous,2,116.0,0,True
sub05,test,8,4,1.5148958333333333,,,,,,True,,spontaneous,2,116.0,0,True
sub05,test,8,5,1.7745625,,,,,,True,,spontaneous,2,116.0,0,True
sub05,test,8,6,2.2906666666666666,2.2154375,2.0,-0.07522916666666646,-40.01186973681644,-75.22916666666646,False,1.0,spontaneous,2,116.0,0,True
sub05,test,8,7,2.5492916666666665,,,,,,True,,spontaneous,2,116.0,0,True
sub05,test,8,8,2.807916666666667,2.757625,3.0,-0.050291666666666845,-58.794636044661395,-50.29166666666684,False,0.0,spontaneous,2,116.0,0,True
sub05,test,8,9,3.066520833333333,3.2687708333333334,4.0,0.20225000000000026,-39.29997657917201,202.25000000000026,False,1.0,spontaneous,2,116.0,0,True
sub05,test,8,10,3.3251666666666666,,,,,,True,,spontaneous,2,116.0,0,True
sub05,test,8,11,3.5837916666666665,3.7887916666666666,5.0,0.20500000000000007,-55.94615424502127,205.00000000000006,False,0.0,spontaneous,2,116.0,0,True
sub05,test,8,12,3.842416666666667,,,,,,True,,spontaneous,2,116.0,0,True
sub05,test,8,13,4.359666666666667,4.311354166666667,6.0,-0.04831249999999976,-39.69997919836066,-48.31249999999976,False,1.0,spontaneous,2,116.0,0,True
sub05,test,8,14,4.618291666666667,4.81075,7.0,0.19245833333333273,-48.454020885834545,192.45833333333275,False,0.0,spontaneous,2,116.0,0,True
sub05,test,8,15,4.876916666666666,,,,,,True,,spontaneous,2,116.0,0,True
sub05,test,8,16,5.135541666666667,,,,,,True,,spontaneous,2,116.0,0,True
sub05,test,8,17,5.394166666666667,5.380354166666667,8.0,-0.013812500000000227,-37.11803139402924,-13.812500000000227,False,1.0,spontaneous,2,116.0,0,True
sub05,test,8,18,5.652791666666666,5.851875,9.0,0.19908333333333328,-57.92881874115739,199.0833333333333,False,0.0,spontaneous,2,116.0,0,True
sub05,test,8,19,5.911416666666667,,,,,,True,,spontaneous,2,116.0,0,True
sub05,test,8,20,6.4286666666666665,6.4072708333333335,10.0,-0.02139583333333306,-38.67133842231465,-21.39583333333306,False,1.0,spontaneous,2,116.0,0,True
sub05,test,8,21,6.687479166666667,6.530833333333334,11.0,-0.15664583333333315,-59.76176749749929,-156.64583333333314,False,0.0,spontaneous,2,116.0,0,True
sub05,test,8,22,6.9470625,6.890354166666667,12.0,-0.056708333333333805,-54.850348713312684,-56.708333333333805,False,0.0,spontaneous,2,116.0,0,True
sub05,test,8,23,7.463166666666667,7.421270833333334,13.0,-0.04189583333333324,-37.213144573749545,-41.89583333333324,False,1.0,spontaneous,2,116.0,0,True
sub05,test,8,24,7.721791666666666,7.921979166666667,14.0,0.20018750000000018,-52.499554426570484,200.18750000000017,False,0.0,spontaneous,2,116.0,0,True
sub05,test,8,25,7.980416666666667,,,,,,True,,spontaneous,2,116.0,0,True
sub05,test,8,26,8.239041666666667,,,,,,True,,spontaneous,2,116.0,0,True
sub05,test,8,27,8.497666666666667,8.458791666666666,15.0,-0.03887500000000088,-38.7437488977884,-38.87500000000088,False,1.0,spontaneous,2,116.0,0,True
sub05,test,8,28,9.014916666666666,8.960354166666667,17.0,-0.0545624999999994,-52.38254271562549,-54.5624999999994,False,0.0,spontaneous,2,116.0,0,True
sub05,test,8,29,9.273541666666667,,,,,,True,,spontaneous,2,116.0,0,True
sub05,test,8,30,9.532166666666667,9.521541666666666,18.0,-0.010625000000000995,-37.1936921046646,-10.625000000000995,False,1.0,spontaneous,2,116.0,0,True
sub05,test,8,31,10.049416666666668,10.0063125,19.0,-0.04310416666666761,-52.08575545708281,-43.10416666666761,False,0.0,spontaneous,2,116.0,0,True
sub05,test,8,32,10.308041666666666,,,,,,True,,spontaneous,2,116.0,0,True
sub05,test,8,33,10.566666666666666,10.549895833333334,20.0,-0.01677083333333229,-39.16421503433506,-16.77083333333229,False,1.0,spontaneous,2,116.0,0,True
sub05,test,8,34,10.8253125,10.6906875,21.0,-0.13462500000000155,-50.520753461828775,-134.62500000000153,False,0.0,spontaneous,2,116.0,0,True
sub05,test,8,35,11.083916666666667,11.058625,22.0,-0.025291666666667822,-43.616141083499684,-25.291666666667822,False,1.0,spontaneous,2,116.0,0,True
sub05,test,8,36,11.3425625,,,,,,True,,spontaneous,2,116.0,0,True
sub05,test,8,37,11.601166666666666,11.5805625,23.0,-0.020604166666666757,-48.820459654442885,-20.604166666666757,False,0.0,spontaneous,2,116.0,0,True
sub05,test,8,38,11.859770833333334,11.682104166666667,24.0,-0.17766666666666708,-54.46668027097828,-177.66666666666708,False,0.0,spontaneous,2,116.0,0,True
sub05,test,8,39,12.118416666666667,12.163645833333334,26.0,0.0452291666666671,-51.08864644059736,45.2291666666671,False,0.0,spontaneous,2,116.0,0,True
sub05,test,8,40,12.377020833333333,,,,,,True,,spontaneous,2,116.0,0,True
sub05,test,8,41,12.635666666666667,12.588520833333334,27.0,-0.04714583333333344,-48.69108926279427,-47.14583333333344,False,0.0,spontaneous,2,116.0,0,True
sub05,test,8,42,12.894291666666666,,,,,,True,,spontaneous,2,116.0,0,True
sub05,test,8,43,13.152916666666666,13.119729166666668,28.0,-0.03318749999999859,-42.47715686659664,-33.18749999999859,False,1.0,spontaneous,2,116.0,0,True
sub05,test,8,44,13.670166666666667,13.575333333333333,29.0,-0.09483333333333377,-38.15229758566153,-94.83333333333377,False,1.0,spontaneous,2,116.0,0,True
sub05,test,8,45,13.928770833333333,,,,,,True,,spontaneous,2,116.0,0,True
sub05,test,8,46,14.187416666666667,14.1475625,30.0,-0.03985416666666808,-45.23108683135235,-39.85416666666808,False,0.0,spontaneous,2,116.0,0,True
sub05,test,8,47,14.446020833333334,,,,,,True,,spontaneous,2,116.0,0,True
sub05,test,8,48,14.704666666666666,14.666833333333333,31.0,-0.037833333333333385,-49.19541589410389,-37.833333333333385,False,0.0,spontaneous,2,116.0,0,True
sub05,test,8,49,14.9633125,,,,,,True,,spontaneous,2,116.0,0,True
sub05,test,8,50,15.221916666666667,15.174416666666668,32.0,-0.04749999999999943,-35.71533863147569,-47.49999999999943,False,1.0,spontaneous,2,116.0,0,True
sub05,test,8,51,15.4805625,15.311708333333334,33.0,-0.16885416666666586,-57.39058718533361,-168.85416666666586,False,0.0,spontaneous,2,116.0,0,True
sub05,test,8,52,15.739166666666666,15.695479166666667,34.0,-0.04368749999999899,-46.99185448619531,-43.68749999999899,False,0.0,spontaneous,2,116.0,0,True
sub05,test,8,53,15.9978125,16.20189583333333,35.0,0.2040833333333314,-43.29650892804239,204.08333333333138,False,1.0,spontaneous,2,116.0,0,True
sub05,test,8,54,16.256416666666667,,,,,,True,,spontaneous,2,116.0,0,True
sub05,test,8,55,16.515041666666665,16.6856875,36.0,0.17064583333333516,-36.73465372162251,170.64583333333516,False,1.0,spontaneous,2,116.0,0,True
sub05,test,8,56,16.773666666666667,16.80275,37.0,0.02908333333333246,-53.46672473262886,29.08333333333246,False,0.0,spontaneous,2,116.0,0,True
sub05,test,8,57,17.032291666666666,17.238416666666666,38.0,0.2061250000000001,-43.859511660661326,206.1250000000001,False,1.0,spontaneous,2,116.0,0,True
sub05,test,8,58,17.290916666666668,,,,,,True,,spontaneous,2,116.0,0,True
sub05,test,8,59,17.549541666666666,17.739208333333334,39.0,0.18966666666666754,-44.920723808413605,189.66666666666754,False,0.0,spontaneous,2,116.0,0,True
sub05,test,8,60,17.808166666666665,,,,,,True,,spontaneous,2,116.0,0,True
sub05,test,8,61,18.0668125,18.244333333333334,40.0,0.17752083333333246,-36.78343645181971,177.52083333333246,False,1.0,spontaneous,2,116.0,0,True
sub05,test,8,62,18.325416666666666,,,,,,True,,spontaneous,2,116.0,0,True
sub05,test,8,63,18.584020833333334,18.768041666666665,41.0,0.18402083333333152,-46.327874067863604,184.02083333333152,False,0.0,spontaneous,2,116.0,0,True
sub05,test,8,64,18.842666666666666,,,,,,True,,spontaneous,2,116.0,0,True
sub05,test,8,65,19.359916666666667,19.282541666666667,42.0,-0.07737499999999997,-43.162157300085696,-77.37499999999997,False,1.0,spontaneous,2,116.0,0,True
sub05,test,8,66,19.6185625,19.790104166666666,43.0,0.17154166666666626,-36.354410857757344,171.54166666666626,False,1.0,spontaneous,2,116.0,0,True
sub05,test,8,67,19.877166666666668,19.899354166666665,44.0,0.022187499999997584,-57.00366746208228,22.187499999997584,False,0.0,spontaneous,2,116.0,0,True
sub05,test,8,68,20.135791666666666,20.309708333333333,45.0,0.17391666666666694,-47.2179730954915,173.91666666666694,False,0.0,spontaneous,2,116.0,0,True
sub05,test,8,69,20.394416666666668,,,,,,True,,spontaneous,2,116.0,0,True
sub05,test,8,70,20.6530625,20.830916666666667,46.0,0.1778541666666662,-45.09315394699887,177.8541666666662,False,0.0,spontaneous,2,116.0,0,True
sub05,test,8,71,20.911666666666665,,,,,,True,,spontaneous,2,116.0,0,True
sub05,test,8,72,21.1703125,21.3308125,47.0,0.16049999999999898,-35.81568867694339,160.49999999999898,False,1.0,spontaneous,2,116.0,0,True
sub05,test,8,73,21.428916666666666,21.455041666666666,48.0,0.026125000000000398,-56.568897237067034,26.125000000000398,False,0.0,spontaneous,2,116.0,0,True
sub05,test,8,74,21.6875625,21.874666666666666,49.0,0.18710416666666774,-44.590602452937134,187.10416666666774,False,1.0,spontaneous,2,116.0,0,True
sub05,test,8,75,21.946166666666667,,,,,,True,,spontaneous,2,116.0,0,True
sub05,test,8,76,22.204791666666665,22.3785,50.0,0.1737083333333338,-42.37152749362879,173.7083333333338,False,1.0,spontaneous,2,116.0,0,True
sub05,test,8,77,22.463416666666667,,,,,,True,,spontaneous,2,116.0,0,True
sub05,test,8,78,22.722020833333332,22.910333333333334,51.0,0.1883125000000021,-39.05689303498321,188.3125000000021,False,1.0,spontaneous,2,116.0,0,True
sub05,test,8,79,22.980666666666668,,,,,,True,,spontaneous,2,116.0,0,True
sub05,test,8,80,23.2393125,23.419958333333334,52.0,0.18064583333333317,-49.31876781321512,180.64583333333317,False,0.0,spontaneous,2,116.0,0,True
sub05,test,8,81,23.497916666666665,,,,,,True,,spontaneous,2,116.0,0,True
sub05,test,8,82,23.756541666666667,23.927458333333334,53.0,0.17091666666666683,-45.056184880768164,170.91666666666683,False,0.0,spontaneous,2,116.0,0,True
sub05,test,8,83,24.015166666666666,24.0915,54.0,0.07633333333333425,-61.97333568508689,76.33333333333425,False,0.0,spontaneous,2,116.0,0,True
sub05,test,8,84,24.532416666666666,24.451020833333335,55.0,-0.08139583333333178,-36.760053907966125,-81.39583333333178,False,1.0,spontaneous,2,116.0,0,True
sub05,test,8,85,25.049666666666667,24.998645833333335,56.0,-0.051020833333332405,-44.859575550076215,-51.020833333332405,False,0.0,spontaneous,2,116.0,0,True
sub05,test,8,86,25.566916666666668,25.496416666666665,57.0,-0.07050000000000267,-45.761577962418976,-70.50000000000267,False,0.0,spontaneous,2,116.0,0,True
sub05,test,8,87,25.825520833333332,26.000895833333335,58.0,0.1753750000000025,-36.7900598386194,175.3750000000025,False,1.0,spontaneous,2,116.0,0,True
sub05,test,8,88,26.08416666666667,,,,,,True,,spontaneous,2,116.0,0,True
sub05,test,8,89,26.342791666666667,26.5241875,59.0,0.1813958333333332,-41.53134073242462,181.3958333333332,False,1.0,spontaneous,2,116.0,0,True
sub05,test,8,90,26.601416666666665,,,,,,True,,spontaneous,2,116.0,0,True
sub05,test,8,91,26.860020833333333,26.9999375,60.0,0.13991666666666802,-46.88102572271458,139.91666666666802,False,0.0,spontaneous,2,116.0,0,True
sub05,test,8,92,27.118666666666666,,,,,,True,,spontaneous,2,116.0,0,True
sub05,test,8,93,27.635916666666667,27.575020833333333,61.0,-0.06089583333333337,-37.83456063467659,-60.89583333333337,False,1.0,spontaneous,2,116.0,0,True
sub05,test,8,94,27.894541666666665,28.088708333333333,62.0,0.1941666666666677,-44.24146290125307,194.1666666666677,False,1.0,spontaneous,2,116.0,0,True
sub05,test,8,95,28.153166666666667,,,,,,True,,spontaneous,2,116.0,0,True
sub05,test,8,96,28.670416666666668,28.611916666666666,63.0,-0.05850000000000222,-43.565876909550965,-58.50000000000222,False,1.0,spontaneous,2,116.0,0,True
sub05,test,8,97,29.187666666666665,29.1395,64.0,-0.04816666666666336,-37.2965119398002,-48.16666666666336,False,1.0,spontaneous,2,116.0,0,True
sub05,test,8,98,29.6481875,29.639916666666668,65.0,-0.008270833333330785,-44.193647829756635,-8.270833333330785,False,1.0,spontaneous,2,116.0,0,True
sub05,test,8,99,29.964770833333333,,,,,,True,,spontaneous,2,116.0,0,True
sub05,test,9,0,0.21879166666666666,,,,,,True,,spontaneous,3,112.0,0,True
sub05,test,9,1,0.7533541666666667,,,,,,True,,spontaneous,3,112.0,0,True
sub05,test,9,2,1.2890625,1.2698958333333332,0.0,-0.019166666666666776,-37.715175445154784,-19.166666666666778,False,1.0,spontaneous,3,112.0,0,True
sub05,test,9,3,1.8247708333333332,1.8058333333333334,1.0,-0.01893749999999983,-46.73049728376213,-18.93749999999983,False,0.0,spontaneous,3,112.0,0,True
sub05,test,9,4,2.0936041666666667,,,,,,True,,spontaneous,3,112.0,0,True
sub05,test,9,5,2.361625,2.3525,2.0,-0.00912500000000005,-48.757338947372446,-9.12500000000005,False,0.0,spontaneous,3,112.0,0,True
sub05,test,9,6,2.8961875,2.8385208333333334,3.0,-0.05766666666666653,-38.49415292616829,-57.66666666666653,False,1.0,spontaneous,3,112.0,0,True
sub05,test,9,7,3.4318958333333334,3.371208333333333,4.0,-0.06068750000000023,-47.9841655754461,-60.68750000000023,False,0.0,spontaneous,3,112.0,0,True
sub05,test,9,8,3.967604166666667,3.916,5.0,-0.051604166666666895,-44.421500272130444,-51.6041666666669,False,0.0,spontaneous,3,112.0,0,True
sub05,test,9,9,4.235458333333334,4.4199166666666665,6.0,0.18445833333333272,-37.742073984864476,184.45833333333272,False,1.0,spontaneous,3,112.0,0,True
sub05,test,9,10,4.5033125,,,,,,True,,spontaneous,3,112.0,0,True
sub05,test,9,11,4.771166666666667,,,,,,True,,spontaneous,3,112.0,0,True
sub05,test,9,12,5.039020833333334,5.005645833333333,7.0,-0.03337500000000038,-42.501340712612546,-33.37500000000038,False,1.0,spontaneous,3,112.0,0,True
sub05,test,9,13,5.574729166666667,5.515145833333333,8.0,-0.05958333333333332,-45.124224551557674,-59.58333333333332,False,0.0,spontaneous,3,112.0,0,True
sub05,test,9,14,6.1104375,6.152166666666667,10.0,0.04172916666666726,-58.346009962095486,41.72916666666726,False,0.0,spontaneous,3,112.0,0,True
sub05,test,9,15,6.646145833333334,6.6044583333333335,11.0,-0.0416875000000001,-44.40431491510203,-41.6875000000001,False,0.0,spontaneous,3,112.0,0,True
sub05,test,9,16,7.181854166666667,7.0960833333333335,12.0,-0.08577083333333313,-43.23357135024238,-85.77083333333313,False,1.0,spontaneous,3,112.0,0,True
sub05,test,9,17,7.7175625,7.649229166666666,13.0,-0.06833333333333336,-38.439525908114156,-68.33333333333336,False,1.0,spontaneous,3,112.0,0,True
sub05,test,9,18,8.253270833333334,8.164229166666667,14.0,-0.08904166666666669,-44.01448211026819,-89.04166666666669,False,0.0,spontaneous,3,112.0,0,True
sub05,test,9,19,8.521125,8.698979166666666,15.0,0.1778541666666662,-43.100171318789435,177.8541666666662,False,1.0,spontaneous,3,112.0,0,True
sub05,test,9,20,8.788979166666667,,,,,,True,,spontaneous,3,112.0,0,True
sub05,test,9,21,9.057833333333333,9.241416666666666,16.0,0.183583333333333,-38.474116267687066,183.58333333333297,False,1.0,spontaneous,3,112.0,0,True
sub05,test,9,22,9.3258125,,,,,,True,,spontaneous,3,112.0,0,True
sub05,test,9,23,9.860395833333333,9.7863125,17.0,-0.07408333333333417,-48.624616667257044,-74.08333333333417,False,0.0,spontaneous,3,112.0,0,True
sub05,test,9,24,10.396104166666667,10.315875,18.0,-0.08022916666666724,-47.99992318135706,-80.22916666666724,False,0.0,spontaneous,3,112.0,0,True
sub05,test,9,25,10.9318125,10.916270833333334,20.0,-0.015541666666665677,-56.70864335978191,-15.541666666665677,False,0.0,spontaneous,3,112.0,0,True
sub05,test,9,26,11.199666666666667,11.357895833333334,21.0,0.15822916666666664,-43.27939497339517,158.22916666666663,False,1.0,spontaneous,3,112.0,0,True
sub05,test,9,27,11.467520833333333,,,,,,True,,spontaneous,3,112.0,0,True
sub05,test,9,28,12.003229166666667,11.980375,23.0,-0.022854166666666842,-57.36946212753925,-22.854166666666842,False,0.0,spontaneous,3,112.0,0,True
sub05,test,9,29,12.5389375,12.503166666666667,25.0,-0.03577083333333242,-53.983674944234615,-35.77083333333242,False,0.0,spontaneous,3,112.0,0,True
sub05,test,9,30,12.806791666666667,12.943083333333334,26.0,0.1362916666666667,-49.116376428650376,136.29166666666669,False,0.0,spontaneous,3,112.0,0,True
sub05,test,9,31,13.074645833333333,,,,,,True,,spontaneous,3,112.0,0,True
sub05,test,9,32,13.610354166666667,13.601791666666667,28.0,-0.008562500000000028,-54.61117391099282,-8.562500000000028,False,0.0,spontaneous,3,112.0,0,True
sub05,test,9,33,14.1460625,14.040833333333333,29.0,-0.10522916666666582,-52.89698148349334,-105.22916666666582,False,0.0,spontaneous,3,112.0,0,True
sub05,test,9,34,14.414708333333333,14.6111875,30.0,0.19647916666666632,-39.29201348123578,196.47916666666632,False,1.0,spontaneous,3,112.0,0,True
sub05,test,9,35,14.682916666666667,14.727145833333333,31.0,0.044229166666665876,-52.16482528025696,44.229166666665876,False,0.0,spontaneous,3,112.0,0,True
sub05,test,9,36,15.218604166666667,15.2013125,32.0,-0.017291666666666927,-47.68800846386972,-17.291666666666927,False,0.0,spontaneous,3,112.0,0,True
sub05,test,9,37,15.7531875,15.709770833333334,33.0,-0.04341666666666555,-36.732259494816304,-43.41666666666555,False,1.0,spontaneous,3,112.0,0,True
sub05,test,9,38,16.288895833333335,16.2625625,35.0,-0.026333333333333542,-47.05059117277933,-26.33333333333354,False,0.0,spontaneous,3,112.0,0,True
sub05,test,9,39,16.824604166666667,16.754458333333332,36.0,-0.0701458333333349,-39.466904883247615,-70.1458333333349,False,1.0,spontaneous,3,112.0,0,True
sub05,test,9,40,17.3603125,17.304125,37.0,-0.05618750000000006,-42.8417637567632,-56.18750000000006,False,1.0,spontaneous,3,112.0,0,True
sub05,test,9,41,17.896020833333335,17.93552083333333,39.0,0.03949999999999676,-54.45636287000957,39.49999999999676,False,0.0,spontaneous,3,112.0,0,True
sub05,test,9,42,18.431729166666667,18.352395833333333,40.0,-0.07933333333333437,-44.99380293339292,-79.33333333333437,False,0.0,spontaneous,3,112.0,0,True
sub05,test,9,43,18.9674375,18.8760625,41.0,-0.09137499999999932,-39.71216933326418,-91.37499999999932,False,1.0,spontaneous,3,112.0,0,True
sub05,test,9,44,19.503145833333335,19.46,42.0,-0.04314583333333388,-42.33119350222141,-43.14583333333388,False,1.0,spontaneous,3,112.0,0,True
sub05,test,9,45,20.038854166666667,19.995458333333332,43.0,-0.04339583333333508,-40.63062021496818,-43.39583333333508,False,1.0,spontaneous,3,112.0,0,True
sub05,test,9,46,20.5745625,20.518166666666666,45.0,-0.0563958333333332,-48.29995754472756,-56.3958333333332,False,0.0,spontaneous,3,112.0,0,True
sub05,test,9,47,21.110270833333335,21.0525,46.0,-0.05777083333333621,-38.74941099294268,-57.77083333333621,False,1.0,spontaneous,3,112.0,0,True
sub05,test,9,48,21.645979166666667,21.586875,47.0,-0.059104166666667624,-52.61442673392172,-59.10416666666762,False,0.0,spontaneous,3,112.0,0,True
sub05,test,9,49,22.1816875,22.150604166666668,48.0,-0.031083333333331353,-38.66733592321174,-31.083333333331353,False,1.0,spontaneous,3,112.0,0,True
sub05,test,9,50,22.4505625,,,,,,True,,spontaneous,3,112.0,0,True
sub05,test,9,51,22.718520833333333,22.689104166666667,49.0,-0.029416666666666202,-47.26739463094088,-29.416666666666202,False,0.0,spontaneous,3,112.0,0,True
sub05,test,9,52,23.253104166666667,23.2376875,50.0,-0.015416666666666856,-40.27088373246495,-15.416666666666856,False,1.0,spontaneous,3,112.0,0,True
sub05,test,9,53,23.7888125,23.79489583333333,51.0,0.006083333333332774,-48.58128390650657,6.083333333332774,False,0.0,spontaneous,3,112.0,0,True
sub05,test,9,54,24.324520833333334,24.2768125,52.0,-0.04770833333333613,-38.26190301507737,-47.70833333333613,False,1.0,spontaneous,3,112.0,0,True
sub05,test,9,55,24.860229166666667,24.793604166666668,54.0,-0.06662499999999838,-43.70567059304872,-66.62499999999838,False,1.0,spontaneous,3,112.0,0,True
sub05,test,9,56,25.3959375,25.369416666666666,55.0,-0.02652083333333266,-42.121910169639854,-26.52083333333266,False,1.0,spontaneous,3,112.0,0,True
sub05,test,9,57,25.931645833333334,25.914,57.0,-0.017645833333332916,-40.88850607358915,-17.645833333332916,False,1.0,spontaneous,3,112.0,0,True
sub05,test,9,58,26.467354166666667,26.5088125,58.0,0.04145833333333471,-41.64143763537979,41.45833333333471,False,1.0,spontaneous,3,112.0,0,True
sub05,test,9,59,26.735208333333333,26.935229166666666,59.0,0.20002083333333331,-49.24306837393328,200.02083333333331,False,0.0,spontaneous,3,112.0,0,True
sub05,test,9,60,27.0030625,,,,,,True,,spontaneous,3,112.0,0,True
sub05,test,9,61,27.27091666666667,,,,,,True,,spontaneous,3,112.0,0,True
sub05,test,9,62,27.538770833333334,27.515291666666666,60.0,-0.02347916666666805,-36.183347408710056,-23.47916666666805,False,1.0,spontaneous,3,112.0,0,True
sub05,test,9,63,27.806625,28.012125,61.0,0.20550000000000068,-48.177309680863914,205.50000000000068,False,0.0,spontaneous,3,112.0,0,True
sub05,test,9,64,28.074479166666666,,,,,,True,,spontaneous,3,112.0,0,True
sub05,test,9,65,28.6101875,28.581,62.0,-0.029187499999999034,-37.95569977608226,-29.187499999999034,False,1.0,spontaneous,3,112.0,0,True
sub05,test,9,66,29.145895833333334,29.0956875,64.0,-0.050208333333333854,-49.309598952516076,-50.208333333333854,False,0.0,spontaneous,3,112.0,0,True
sub05,test,9,67,29.41375,,,,,,True,,spontaneous,3,112.0,0,True
sub05,test,9,68,29.681604166666666,29.66425,65.0,-0.017354166666667226,-36.91662725477576,-17.354166666667226,False,1.0,spontaneous,3,112.0,0,True
sub05,test,9,69,30.009145833333335,,,,,,True,,spontaneous,3,112.0,0,True
sub05,test,10,0,0.21866666666666668,,,,,,True,,cued,2,116.0,14,True
sub05,test,10,1,0.7347708333333334,,,,,,True,,cued,2,116.0,14,True
sub05,test,10,2,0.9933958333333334,,,,,,True,,cued,2,116.0,14,True
sub05,test,10,3,1.2520208333333334,1.2048333333333334,0.0,-0.04718749999999994,-35.01895616884545,-47.187499999999936,False,1.0,cued,2,116.0,14,True
sub05,test,10,4,1.5106458333333332,1.3055625,1.0,-0.20508333333333328,-55.96873400635126,-205.0833333333333,False,0.0,cued,2,116.0,14,True
sub05,test,10,5,1.7692708333333333,1.71875,2.0,-0.05052083333333335,-53.575376857679736,-50.52083333333335,False,0.0,cued,2,116.0,14,True
sub05,test,10,6,2.0278958333333335,,,,,,True,,cued,2,116.0,14,True
sub05,test,10,7,2.2865208333333333,2.2460833333333334,3.0,-0.040437499999999904,-37.236235528698096,-40.4374999999999,False,1.0,cued,2,116.0,14,True
sub05,test,10,8,2.545166666666667,2.3579375,4.0,-0.187229166666667,-58.31061483250209,-187.229166666667,False,0.0,cued,2,116.0,14,True
sub05,test,10,9,2.8037708333333335,2.7777291666666666,5.0,-0.026041666666666963,-49.28735972774298,-26.041666666666963,False,0.0,cued,2,116.0,14,True
sub05,test,10,10,3.0623958333333334,,,,,,True,,cued,2,116.0,14,True
sub05,test,10,11,3.3210208333333333,3.2841666666666667,6.0,-0.03685416666666663,-39.02881528617944,-36.85416666666663,False,1.0,cued,2,116.0,14,True
sub05,test,10,12,3.8382708333333335,3.8027083333333334,8.0,-0.03556250000000016,-49.715062140128516,-35.56250000000016,False,0.0,cued,2,116.0,14,True
sub05,test,10,13,4.355520833333333,4.319375,9.0,-0.03614583333333332,-38.22965666335913,-36.14583333333332,False,1.0,cued,2,116.0,14,True
sub05,test,10,14,4.614125,4.454875,10.0,-0.15924999999999923,-59.4236730460273,-159.24999999999923,False,0.0,cued,2,116.0,14,True
sub05,test,10,15,4.872770833333333,4.822875,11.0,-0.04989583333333325,-44.81189713799873,-49.89583333333325,False,1.0,cued,2,116.0,14,True
sub05,test,10,16,5.390020833333334,5.3604375,12.0,-0.02958333333333396,-38.06036111686395,-29.58333333333396,False,1.0,cued,2,116.0,14,True
sub05,test,10,17,5.9072708333333335,5.857479166666667,14.0,-0.04979166666666668,-45.22869393454991,-49.79166666666668,False,0.0,cued,2,116.0,14,True
sub05,test,10,18,6.424520833333333,6.379291666666667,15.0,-0.04522916666666621,-38.747021343108344,-45.22916666666621,False,1.0,cued,2,116.0,14,True
sub05,test,10,19,6.683145833333334,,,,,,True,,cued,2,116.0,14,True
sub05,test,10,20,6.941770833333333,6.900625,16.0,-0.041145833333333215,-44.83537191917865,-41.145833333333215,False,1.0,cued,2,116.0,14,True
sub05,test,10,21,7.459020833333334,7.4059375,17.0,-0.05308333333333337,-35.8514147839658,-53.08333333333337,False,1.0,cued,2,116.0,14,True
sub05,test,10,22,7.976270833333333,7.9091875,19.0,-0.0670833333333336,-55.794208938724516,-67.0833333333336,False,0.0,cued,2,116.0,14,True
sub05,test,10,23,8.234895833333333,8.438583333333334,20.0,0.2036875000000009,-40.03799072971454,203.6875000000009,False,1.0,cued,2,116.0,14,True
sub05,test,10,24,8.493520833333333,8.6213125,21.0,0.12779166666666697,-63.82436157517744,127.79166666666697,False,0.0,cued,2,116.0,14,True
sub05,test,10,25,8.752125,8.945333333333334,22.0,0.19320833333333454,-51.27597498736539,193.20833333333454,False,0.0,cued,2,116.0,14,True
sub05,test,10,26,9.010770833333334,,,,,,True,,cued,2,116.0,14,True
sub05,test,10,27,9.269416666666666,9.465541666666667,23.0,0.19612500000000033,-36.43194243511327,196.12500000000034,False,1.0,cued,2,116.0,14,True
sub05,test,10,28,9.528020833333333,9.6054375,24.0,0.07741666666666802,-59.10164850974404,77.41666666666802,False,0.0,cued,2,116.0,14,True
sub05,test,10,29,10.045270833333333,9.967708333333333,25.0,-0.07756250000000087,-48.49769814347383,-77.56250000000087,False,0.0,cued,2,116.0,14,True
sub05,test,10,30,10.562520833333334,10.617125,27.0,0.05460416666666568,-62.09173509197562,54.60416666666568,False,0.0,cued,2,116.0,14,True
sub05,test,10,31,11.079770833333333,11.013208333333333,28.0,-0.06656249999999986,-53.66088182181819,-66.56249999999986,False,0.0,cued,2,116.0,14,True
sub05,test,10,32,11.338416666666667,11.516791666666666,29.0,0.17837499999999906,-37.12536004688593,178.37499999999906,False,1.0,cued,2,116.0,14,True
sub05,test,10,33,11.597020833333334,11.617479166666667,30.0,0.02045833333333391,-60.9056119952122,20.45833333333391,False,0.0,cued,2,116.0,14,True
sub05,test,10,34,11.855625,,,,,,True,,cued,2,116.0,14,True
sub05,test,10,35,12.114270833333334,12.067354166666666,31.0,-0.04691666666666805,-48.52390174928169,-46.91666666666805,False,0.0,cued,2,116.0,14,True
sub05,test,10,36,12.372875,,,,,,True,,cued,2,116.0,14,True
sub05,test,10,37,12.631520833333333,12.601875,32.0,-0.02964583333333337,-38.894300052103446,-29.64583333333337,False,1.0,cued,2,116.0,14,True
sub05,test,10,38,12.890166666666667,,,,,,True,,cued,2,116.0,14,True
sub05,test,10,39,13.148770833333334,13.117333333333333,33.0,-0.031437500000000895,-48.11244307227938,-31.437500000000895,False,0.0,cued,2,116.0,14,True
sub05,test,10,40,13.4075,13.608291666666666,34.0,0.2007916666666656,-35.88197774737266,200.7916666666656,False,1.0,cued,2,116.0,14,True
sub05,test,10,41,13.667166666666667,,,,,,True,,cued,2,116.0,14,True
sub05,test,10,42,14.183270833333333,14.1178125,35.0,-0.06545833333333384,-48.169983741750016,-65.45833333333384,False,0.0,cued,2,116.0,14,True
sub05,test,10,43,14.441895833333334,,,,,,True,,cued,2,116.0,14,True
sub05,test,10,44,14.700520833333334,14.649145833333334,36.0,-0.05137500000000017,-36.96153535228833,-51.37500000000017,False,1.0,cued,2,116.0,14,True
sub05,test,10,45,15.217770833333333,15.14975,38.0,-0.06802083333333364,-46.150062133203974,-68.02083333333364,False,0.0,cued,2,116.0,14,True
sub05,test,10,46,15.476375,15.675520833333334,39.0,0.1991458333333327,-44.55761640898722,199.1458333333327,False,1.0,cued,2,116.0,14,True
sub05,test,10,47,15.735020833333333,15.77675,40.0,0.04172916666666637,-59.742209674584615,41.72916666666637,False,0.0,cued,2,116.0,14,True
sub05,test,10,48,15.993666666666666,16.17875,41.0,0.18508333333333482,-33.914869846023706,185.08333333333482,False,1.0,cued,2,116.0,14,True
sub05,test,10,49,16.252270833333334,16.284916666666668,42.0,0.032645833333333485,-56.37053461707275,32.645833333333485,False,0.0,cued,2,116.0,14,True
sub05,test,10,50,16.510895833333333,16.709833333333332,43.0,0.19893749999999955,-41.55948314336571,198.93749999999955,False,1.0,cued,2,116.0,14,True
sub05,test,10,51,16.769520833333335,,,,,,True,,cued,2,116.0,14,True
sub05,test,10,52,17.286770833333332,17.239604166666666,44.0,-0.04716666666666569,-44.11930838613881,-47.16666666666569,False,1.0,cued,2,116.0,14,True
sub05,test,10,53,17.804020833333333,17.735291666666665,45.0,-0.0687291666666674,-37.148651338686996,-68.7291666666674,False,1.0,cued,2,116.0,14,True
sub05,test,10,54,18.063125,18.233604166666666,46.0,0.17047916666666652,-53.81502470628639,170.47916666666652,False,0.0,cued,2,116.0,14,True
sub05,test,10,55,18.322395833333335,,,,,,True,,cued,2,116.0,14,True
sub05,test,10,56,18.838520833333334,18.776520833333333,47.0,-0.062000000000001165,-46.01311904926645,-62.000000000001165,False,0.0,cued,2,116.0,14,True
sub05,test,10,57,19.355770833333334,19.263208333333335,49.0,-0.09256249999999966,-37.476171049362826,-92.56249999999966,False,1.0,cued,2,116.0,14,True
sub05,test,10,58,19.87302083333333,19.807625,50.0,-0.06539583333332999,-44.43637025783721,-65.39583333332999,False,1.0,cued,2,116.0,14,True
sub05,test,10,59,20.131645833333334,20.281979166666666,51.0,0.15033333333333232,-44.2178889132086,150.33333333333232,False,1.0,cued,2,116.0,14,True
sub05,test,10,60,20.390270833333332,,,,,,True,,cued,2,116.0,14,True
sub05,test,10,61,20.648895833333334,20.819458333333333,52.0,0.17056249999999906,-39.563017698913036,170.56249999999906,False,1.0,cued,2,116.0,14,True
sub05,test,10,62,20.907520833333333,20.928875,53.0,0.02135416666666856,-61.83611769862746,21.35416666666856,False,0.0,cued,2,116.0,14,True
sub05,test,10,63,21.166125,21.350479166666666,54.0,0.18435416666666526,-44.93104945640457,184.35416666666526,False,1.0,cued,2,116.0,14,True
sub05,test,10,64,21.424770833333334,,,,,,True,,cued,2,116.0,14,True
sub05,test,10,65,21.683416666666666,21.855729166666666,55.0,0.1723125000000003,-44.9587021857902,172.3125000000003,False,1.0,cued,2,116.0,14,True
sub05,test,10,66,21.942020833333334,22.056770833333335,56.0,0.1147500000000008,-69.98888609633482,114.7500000000008,False,0.0,cued,2,116.0,14,True
sub05,test,10,67,22.200645833333333,22.372666666666667,57.0,0.17202083333333462,-38.96228424932466,172.02083333333462,False,1.0,cued,2,116.0,14,True
sub05,test,10,68,22.459270833333335,,,,,,True,,cued,2,116.0,14,True
sub05,test,10,69,22.976520833333332,22.889291666666665,58.0,-0.08722916666666691,-44.63738662440588,-87.22916666666691,False,1.0,cued,2,116.0,14,True
sub05,test,10,70,23.493770833333333,23.413645833333334,59.0,-0.08012499999999889,-45.52706635802862,-80.12499999999889,False,0.0,cued,2,116.0,14,True
sub05,test,10,71,23.752416666666665,23.911333333333335,60.0,0.15891666666666993,-38.49760959435066,158.91666666666993,False,1.0,cued,2,116.0,14,True
sub05,test,10,72,24.011020833333333,24.015541666666667,61.0,0.0045208333333341955,-61.89692979535436,4.5208333333341955,False,0.0,cued,2,116.0,14,True
sub05,test,10,73,24.2701875,24.451270833333332,62.0,0.18108333333333348,-44.97493985404808,181.08333333333348,False,0.0,cued,2,116.0,14,True
sub05,test,10,74,24.529416666666666,,,,,,True,,cued,2,116.0,14,True
sub05,test,10,75,25.045520833333335,24.9499375,63.0,-0.0955833333333338,-46.048830902002166,-95.5833333333338,False,0.0,cued,2,116.0,14,True
sub05,test,10,76,25.56277083333333,25.56625,65.0,0.003479166666668476,-58.47412118761091,3.479166666668476,False,0.0,cued,2,116.0,14,True
sub05,test,10,77,25.821375,25.994208333333333,66.0,0.17283333333333317,-48.713385875667015,172.83333333333317,False,0.0,cued,2,116.0,14,True
sub05,test,10,78,26.080020833333332,,,,,,True,,cued,2,116.0,14,True
sub05,test,10,79,26.338645833333334,26.538291666666666,67.0,0.19964583333333152,-44.43733018203929,199.64583333333152,False,1.0,cued,2,116.0,14,True
sub05,test,10,80,26.597270833333333,,,,,,True,,cued,2,116.0,14,True
sub05,test,10,81,26.855875,27.0249375,68.0,0.169062499999999,-38.02051205592982,169.062499999999,False,1.0,cued,2,116.0,14,True
sub05,test,10,82,27.114520833333334,,,,,,True,,cued,2,116.0,14,True
sub05,test,10,83,27.373125,27.532645833333333,69.0,0.15952083333333178,-44.6769427957421,159.52083333333178,False,1.0,cued,2,116.0,14,True
sub05,test,10,84,27.631770833333334,,,,,,True,,cued,2,116.0,14,True
sub05,test,10,85,28.149020833333335,28.086083333333335,70.0,-0.06293750000000031,-45.223248120988245,-62.93750000000031,False,0.0,cued,2,116.0,14,True
sub05,test,10,86,28.407645833333333,28.5895,71.0,0.18185416666666754,-37.87346876736544,181.85416666666754,False,1.0,cued,2,116.0,14,True
sub05,test,10,87,28.666270833333332,28.713020833333335,72.0,0.046750000000002956,-60.08604116852379,46.750000000002956,False,0.0,cued,2,116.0,14,True
sub05,test,10,88,29.183520833333333,29.130895833333334,73.0,-0.052624999999999034,-44.71240368667096,-52.624999999999034,False,1.0,cued,2,116.0,14,True
sub05,test,10,89,29.567770833333334,29.669,74.0,0.10122916666666626,-46.68515052914876,101.22916666666626,False,0.0,cued,2,116.0,14,True
sub05,test,10,90,29.843125,29.826770833333335,75.0,-0.016354166666666003,-70.7165969391596,-16.354166666666003,False,0.0,cued,2,116.0,14,True
sub05,test,11,0,0.22277083333333333,,,,,,True,,spontaneous,2,104.0,0,True
sub05,test,11,1,0.7985625,,,,,,True,,spontaneous,2,104.0,0,True
sub05,test,11,2,1.3754791666666666,1.3439583333333334,0.0,-0.03152083333333322,-34.747120646797015,-31.520833333333222,False,1.0,spontaneous,2,104.0,0,True
sub05,test,11,3,1.9523958333333333,1.9467916666666667,2.0,-0.005604166666666632,-47.67001228134201,-5.604166666666632,False,0.0,spontaneous,2,104.0,0,True
sub05,test,11,4,2.2413333333333334,,,,,,True,,spontaneous,2,104.0,0,True
sub05,test,11,5,2.5304583333333333,2.479604166666667,3.0,-0.05085416666666642,-38.57448764118719,-50.85416666666642,False,1.0,spontaneous,2,104.0,0,True
sub05,test,11,6,3.1062291666666666,3.0424375,4.0,-0.06379166666666647,-49.87133654282759,-63.79166666666647,False,0.0,spontaneous,2,104.0,0,True
sub05,test,11,7,3.683145833333333,3.6304791666666665,5.0,-0.05266666666666664,-36.68325508292648,-52.66666666666664,False,1.0,spontaneous,2,104.0,0,True
sub05,test,11,8,3.971604166666667,3.742375,6.0,-0.22922916666666682,-57.09680196710256,-229.22916666666683,False,0.0,spontaneous,2,104.0,0,True
sub05,test,11,9,4.2600625,4.228625,7.0,-0.03143750000000001,-56.51163267343169,-31.437500000000007,False,0.0,spontaneous,2,104.0,0,True
sub05,test,11,10,4.836979166666667,4.749104166666666,8.0,-0.08787500000000037,-37.06519226834957,-87.87500000000037,False,1.0,spontaneous,2,104.0,0,True
sub05,test,11,11,5.413895833333333,5.405666666666667,9.0,-0.008229166666666288,-52.429028316305626,-8.229166666666288,False,0.0,spontaneous,2,104.0,0,True
sub05,test,11,12,5.9908125,5.946979166666667,10.0,-0.043833333333332725,-37.311521675644535,-43.833333333332725,False,1.0,spontaneous,2,104.0,0,True
sub05,test,11,13,6.279270833333333,6.0579375,11.0,-0.22133333333333294,-57.89035671328748,-221.33333333333294,False,0.0,spontaneous,2,104.0,0,True
sub05,test,11,14,6.567729166666667,6.505958333333333,12.0,-0.061770833333333997,-49.42722290405976,-61.770833333334,False,0.0,spontaneous,2,104.0,0,True
sub05,test,11,15,6.856729166666667,,,,,,True,,spontaneous,2,104.0,0,True
sub05,test,11,16,7.145791666666667,7.106541666666667,13.0,-0.03925000000000001,-36.770238832543136,-39.25000000000001,False,1.0,spontaneous,2,104.0,0,True
sub05,test,11,17,7.7215625,7.687854166666667,15.0,-0.03370833333333323,-42.24137849571912,-33.70833333333323,False,1.0,spontaneous,2,104.0,0,True
sub05,test,11,18,8.298479166666667,8.256041666666667,16.0,-0.04243750000000013,-41.03324973454616,-42.43750000000013,False,1.0,spontaneous,2,104.0,0,True
sub05,test,11,19,8.875395833333334,8.788041666666667,18.0,-0.08735416666666751,-43.12531397973184,-87.35416666666751,False,0.0,spontaneous,2,104.0,0,True
sub05,test,11,20,9.4523125,9.428208333333334,19.0,-0.024104166666665705,-39.49828971911367,-24.104166666665705,False,1.0,spontaneous,2,104.0,0,True
sub05,test,11,21,10.029229166666667,9.992208333333334,20.0,-0.03702083333333306,-43.84034213859837,-37.02083333333306,False,0.0,spontaneous,2,104.0,0,True
sub05,test,11,22,10.606145833333333,10.604375,21.0,-0.0017708333333334991,-40.12482925807544,-1.7708333333334991,False,1.0,spontaneous,2,104.0,0,True
sub05,test,11,23,11.1830625,11.163708333333334,22.0,-0.019354166666666117,-43.490148626831214,-19.354166666666117,False,0.0,spontaneous,2,104.0,0,True
sub05,test,11,24,11.759979166666668,11.725916666666667,23.0,-0.034062500000000995,-38.471262502914044,-34.062500000000995,False,1.0,spontaneous,2,104.0,0,True
sub05,test,11,25,12.336895833333333,12.2884375,24.0,-0.048458333333332604,-51.92833351304501,-48.458333333332604,False,0.0,spontaneous,2,104.0,0,True
sub05,test,11,26,12.626166666666666,12.849291666666666,25.0,0.22312499999999957,-39.64160369698159,223.12499999999957,False,1.0,spontaneous,2,104.0,0,True
sub05,test,11,27,12.914958333333333,12.96,26.0,0.04504166666666798,-55.133923360946326,45.04166666666798,False,0.0,spontaneous,2,104.0,0,True
sub05,test,11,28,13.490729166666666,13.509395833333333,28.0,0.018666666666666387,-57.3555894595513,18.666666666666387,False,0.0,spontaneous,2,104.0,0,True
sub05,test,11,29,14.067645833333334,14.117895833333334,30.0,0.05025000000000013,-55.45911641453034,50.25000000000013,False,0.0,spontaneous,2,104.0,0,True
sub05,test,11,30,14.356104166666666,14.555229166666667,31.0,0.19912500000000044,-33.682870040184696,199.12500000000045,False,1.0,spontaneous,2,104.0,0,True
sub05,test,11,31,14.6445625,14.658083333333334,32.0,0.013520833333334537,-51.932088040049564,13.520833333334537,False,0.0,spontaneous,2,104.0,0,True
sub05,test,11,32,15.221479166666667,15.120270833333333,33.0,-0.10120833333333401,-41.71268005700797,-101.20833333333401,False,1.0,spontaneous,2,104.0,0,True
sub05,test,11,33,15.798395833333334,15.702333333333334,34.0,-0.09606250000000038,-39.26583636887631,-96.06250000000038,False,1.0,spontaneous,2,104.0,0,True
sub05,test,11,34,16.3753125,16.382166666666667,36.0,0.006854166666666828,-57.39282257906348,6.854166666666828,False,0.0,spontaneous,2,104.0,0,True
sub05,test,11,35,16.952229166666665,16.868583333333333,37.0,-0.08364583333333186,-42.061616275500754,-83.64583333333186,False,1.0,spontaneous,2,104.0,0,True
sub05,test,11,36,17.529145833333335,17.441166666666668,38.0,-0.08797916666666694,-41.99643684822262,-87.97916666666694,False,1.0,spontaneous,2,104.0,0,True
sub05,test,11,37,18.1060625,18.004541666666668,39.0,-0.10152083333333195,-36.791748763667556,-101.52083333333195,False,1.0,spontaneous,2,104.0,0,True
sub05,test,11,38,18.682979166666666,18.59572916666667,40.0,-0.08724999999999739,-43.24842847355782,-87.24999999999739,False,0.0,spontaneous,2,104.0,0,True
sub05,test,11,39,19.259895833333335,19.157770833333334,41.0,-0.10212500000000091,-42.54797872517032,-102.12500000000091,False,0.0,spontaneous,2,104.0,0,True
sub05,test,11,40,19.8368125,19.734479166666667,42.0,-0.10233333333333405,-38.84811218836758,-102.33333333333405,False,1.0,spontaneous,2,104.0,0,True
sub05,test,11,41,20.413729166666666,20.318,43.0,-0.09572916666666487,-44.505032426471544,-95.72916666666487,False,0.0,spontaneous,2,104.0,0,True
sub05,test,11,42,20.990645833333332,20.897520833333335,44.0,-0.09312499999999702,-38.92377712985271,-93.12499999999702,False,1.0,spontaneous,2,104.0,0,True
sub05,test,11,43,21.5675625,21.5749375,46.0,0.007374999999999687,-54.00990965417914,7.374999999999687,False,0.0,spontaneous,2,104.0,0,True
sub05,test,11,44,22.144479166666667,22.062375,47.0,-0.08210416666666731,-45.4859339257348,-82.10416666666731,False,0.0,spontaneous,2,104.0,0,True
sub05,test,11,45,22.721395833333332,22.650291666666668,48.0,-0.07110416666666453,-41.55639954878651,-71.10416666666453,False,1.0,spontaneous,2,104.0,0,True
sub05,test,11,46,23.009854166666667,23.191375,49.0,0.1815208333333338,-35.61573331860633,181.5208333333338,False,1.0,spontaneous,2,104.0,0,True
sub05,test,11,47,23.2983125,23.294770833333335,50.0,-0.0035416666666669983,-53.66146279932818,-3.5416666666669983,False,0.0,spontaneous,2,104.0,0,True
sub05,test,11,48,23.586770833333333,23.782645833333333,51.0,0.1958750000000009,-42.25809510851392,195.8750000000009,False,1.0,spontaneous,2,104.0,0,True
sub05,test,11,49,23.875229166666667,23.923979166666665,52.0,0.048749999999998295,-63.66777192449384,48.749999999998295,False,0.0,spontaneous,2,104.0,0,True
sub05,test,11,50,24.452145833333333,24.371875,53.0,-0.08027083333333351,-38.96298848052559,-80.27083333333351,False,1.0,spontaneous,2,104.0,0,True
sub05,test,11,51,24.74175,24.914604166666667,54.0,0.1728541666666672,-36.872205781723494,172.8541666666672,False,1.0,spontaneous,2,104.0,0,True
sub05,test,11,52,25.030208333333334,25.03275,55.0,0.002541666666665776,-55.58942488170996,2.541666666665776,False,0.0,spontaneous,2,104.0,0,True
sub05,test,11,53,25.605979166666668,25.4769375,56.0,-0.12904166666666939,-42.59219972176206,-129.04166666666939,False,0.0,spontaneous,2,104.0,0,True
sub05,test,11,54,26.182895833333333,26.14035416666667,58.0,-0.04254166666666492,-57.1260530723465,-42.54166666666492,False,0.0,spontaneous,2,104.0,0,True
sub05,test,11,55,26.7598125,26.752958333333332,60.0,-0.006854166666666828,-55.87225060827285,-6.854166666666828,False,0.0,spontaneous,2,104.0,0,True
sub05,test,11,56,27.336729166666668,27.186104166666667,61.0,-0.15062500000000156,-42.345436481877215,-150.62500000000156,False,0.0,spontaneous,2,104.0,0,True
sub05,test,11,57,27.6251875,27.76475,62.0,0.13956250000000026,-40.74581323069658,139.56250000000026,False,1.0,spontaneous,2,104.0,0,True
sub05,test,11,58,27.913645833333334,,,,,,True,,spontaneous,2,104.0,0,True
sub05,test,11,59,28.20210416666667,28.347125,63.0,0.14502083333333005,-36.889194846007925,145.02083333333005,False,1.0,spontaneous,2,104.0,0,True
sub05,test,11,60,28.4905625,28.464979166666666,64.0,-0.025583333333333513,-55.12093276173622,-25.583333333333513,False,0.0,spontaneous,2,104.0,0,True
sub05,test,11,61,29.067479166666665,28.9303125,65.0,-0.13716666666666555,-41.047547902271724,-137.16666666666555,False,1.0,spontaneous,2,104.0,0,True
sub05,test,11,62,29.644395833333334,29.508375,66.0,-0.13602083333333326,-41.064381123478775,-136.02083333333326,False,1.0,spontaneous,2,104.0,0,True
sub05,test,11,63,29.9820625,,,,,,True,,spontaneous,2,104.0,0,True
sub05,test,12,0,0.2226875,,,,,,True,,spontaneous,2,116.0,0,True
sub05,test,12,1,0.7387916666666666,,,,,,True,,spontaneous,2,116.0,0,True
sub05,test,12,2,1.2560416666666667,1.2344791666666666,0.0,-0.02156250000000015,-34.67831312436989,-21.56250000000015,False,1.0,spontaneous,2,116.0,0,True
sub05,test,12,3,1.7732916666666667,1.7393958333333333,2.0,-0.03389583333333346,-50.22797933226882,-33.89583333333346,False,0.0,spontaneous,2,116.0,0,True
sub05,test,12,4,2.0319375,2.235125,3.0,0.20318749999999985,-39.49196079361068,203.18749999999986,False,1.0,spontaneous,2,116.0,0,True
sub05,test,12,5,2.2905416666666665,2.348,4.0,0.05745833333333339,-54.568530181515555,57.458333333333385,False,0.0,spontaneous,2,116.0,0,True
sub05,test,12,6,2.549166666666667,,,,,,True,,spontaneous,2,116.0,0,True
sub05,test,12,7,2.8077916666666667,2.7960833333333333,5.0,-0.011708333333333432,-51.25666223942909,-11.708333333333432,False,0.0,spontaneous,2,116.0,0,True
sub05,test,12,8,3.0663958333333334,3.263708333333333,6.0,0.19731249999999978,-35.682902421928155,197.31249999999977,False,1.0,spontaneous,2,116.0,0,True
sub05,test,12,9,3.3250416666666665,3.3724791666666665,7.0,0.04743750000000002,-54.4307301660795,47.43750000000002,False,0.0,spontaneous,2,116.0,0,True
sub05,test,12,10,3.5836875,,,,,,True,,spontaneous,2,116.0,0,True
sub05,test,12,11,3.8422916666666667,3.7978958333333335,8.0,-0.04439583333333319,-47.228836866725985,-44.39583333333319,False,0.0,spontaneous,2,116.0,0,True
sub05,test,12,12,4.359541666666667,4.4105,10.0,0.050958333333332995,-55.97863388442636,50.958333333332995,False,0.0,spontaneous,2,116.0,0,True
sub05,test,12,13,4.876791666666667,4.84675,11.0,-0.030041666666666522,-42.63422280010691,-30.041666666666522,False,0.0,spontaneous,2,116.0,0,True
sub05,test,12,14,5.394041666666666,5.360333333333333,12.0,-0.03370833333333323,-37.7166157279435,-33.70833333333323,False,1.0,spontaneous,2,116.0,0,True
sub05,test,12,15,5.6526875,5.465916666666667,13.0,-0.1867708333333331,-54.80345832268449,-186.77083333333312,False,0.0,spontaneous,2,116.0,0,True
sub05,test,12,16,5.911291666666667,5.881208333333333,14.0,-0.030083333333333684,-46.65150631432411,-30.083333333333684,False,0.0,spontaneous,2,116.0,0,True
sub05,test,12,17,6.1699375,,,,,,True,,spontaneous,2,116.0,0,True
sub05,test,12,18,6.428541666666667,6.403645833333333,15.0,-0.024895833333333783,-38.06989080137635,-24.895833333333783,False,1.0,spontaneous,2,116.0,0,True
sub05,test,12,19,6.6871875,,,,,,True,,spontaneous,2,116.0,0,True
sub05,test,12,20,6.945791666666667,6.927979166666667,16.0,-0.017812499999999787,-46.503192484911054,-17.812499999999787,False,0.0,spontaneous,2,116.0,0,True
sub05,test,12,21,7.204416666666667,,,,,,True,,spontaneous,2,116.0,0,True
sub05,test,12,22,7.463041666666666,7.4505,17.0,-0.012541666666666451,-38.86894413720884,-12.541666666666451,False,1.0,spontaneous,2,116.0,0,True
sub05,test,12,23,7.980291666666667,,,,,,True,,spontaneous,2,116.0,0,True
sub05,test,12,24,8.238916666666666,,,,,,True,,spontaneous,2,116.0,0,True
sub05,test,12,25,8.497541666666667,8.4715,19.0,-0.026041666666666075,-34.70054092632744,-26.041666666666075,False,1.0,spontaneous,2,116.0,0,True
sub05,test,12,26,8.756166666666667,8.5720625,20.0,-0.18410416666666762,-55.11607399927744,-184.10416666666762,False,0.0,spontaneous,2,116.0,0,True
sub05,test,12,27,9.014791666666667,8.988958333333333,21.0,-0.025833333333334707,-46.302197681796606,-25.833333333334707,False,0.0,spontaneous,2,116.0,0,True
sub05,test,12,28,9.273395833333334,,,,,,True,,spontaneous,2,116.0,0,True
sub05,test,12,29,9.532041666666666,9.503604166666667,22.0,-0.028437499999999005,-36.82229772399113,-28.437499999999005,False,1.0,spontaneous,2,116.0,0,True
sub05,test,12,30,10.049291666666667,10.014833333333334,23.0,-0.03445833333333326,-46.30576555715464,-34.45833333333326,False,0.0,spontaneous,2,116.0,0,True
sub05,test,12,31,10.566541666666666,10.544916666666667,24.0,-0.02162499999999845,-37.16475621945322,-21.62499999999845,False,1.0,spontaneous,2,116.0,0,True
sub05,test,12,32,10.8251875,10.662354166666667,25.0,-0.16283333333333339,-53.534875525861366,-162.83333333333337,False,0.0,spontaneous,2,116.0,0,True
sub05,test,12,33,11.083791666666666,,,,,,True,,spontaneous,2,116.0,0,True
sub05,test,12,34,11.342416666666667,,,,,,True,,spontaneous,2,116.0,0,True
sub05,test,12,35,11.601041666666667,11.603333333333333,26.0,0.0022916666666663588,-36.714745243546446,2.2916666666663588,False,1.0,spontaneous,2,116.0,0,True
sub05,test,12,36,11.859666666666667,11.708375,27.0,-0.15129166666666727,-55.33603650528043,-151.29166666666725,False,0.0,spontaneous,2,116.0,0,True
sub05,test,12,37,12.118291666666666,12.091229166666666,28.0,-0.027062499999999545,-46.67848926157416,-27.062499999999545,False,0.0,spontaneous,2,116.0,0,True
sub05,test,12,38,12.377854166666667,,,,,,True,,spontaneous,2,116.0,0,True
sub05,test,12,39,12.6366875,12.5965625,29.0,-0.04012500000000152,-35.64440078512134,-40.12500000000152,False,1.0,spontaneous,2,116.0,0,True
sub05,test,12,40,13.152791666666667,13.111479166666667,31.0,-0.041312500000000085,-45.723438988287164,-41.312500000000085,False,0.0,spontaneous,2,116.0,0,True
sub05,test,12,41,13.411416666666666,,,,,,True,,spontaneous,2,116.0,0,True
sub05,test,12,42,13.670041666666666,13.620354166666667,32.0,-0.04968749999999922,-41.61585982025261,-49.68749999999922,False,0.0,spontaneous,2,116.0,0,True
sub05,test,12,43,13.928666666666667,14.117645833333333,33.0,0.18897916666666603,-36.74549570228678,188.97916666666603,False,1.0,spontaneous,2,116.0,0,True
sub05,test,12,44,14.187291666666667,14.218583333333333,34.0,0.031291666666666273,-53.74830513230088,31.291666666666273,False,0.0,spontaneous,2,116.0,0,True
sub05,test,12,45,14.4459375,,,,,,True,,spontaneous,2,116.0,0,True
sub05,test,12,46,14.704541666666668,14.6843125,35.0,-0.020229166666666742,-39.87533199602264,-20.229166666666742,False,1.0,spontaneous,2,116.0,0,True
sub05,test,12,47,14.963166666666666,,,,,,True,,spontaneous,2,116.0,0,True
sub05,test,12,48,15.221791666666666,15.170645833333333,36.0,-0.051145833333333,-40.13600215157229,-51.145833333333,False,1.0,spontaneous,2,116.0,0,True
sub05,test,12,49,15.480395833333333,15.653583333333334,37.0,0.17318750000000094,-36.9687587691634,173.18750000000094,False,1.0,spontaneous,2,116.0,0,True
sub05,test,12,50,15.739041666666667,15.754291666666667,38.0,0.015249999999999986,-50.00009409398338,15.249999999999986,False,0.0,spontaneous,2,116.0,0,True
sub05,test,12,51,15.997645833333333,16.190479166666666,39.0,0.19283333333333275,-43.404462519685964,192.83333333333275,False,0.0,spontaneous,2,116.0,0,True
sub05,test,12,52,16.256291666666666,,,,,,True,,spontaneous,2,116.0,0,True
sub05,test,12,53,16.5149375,,,,,,True,,spontaneous,2,116.0,0,True
sub05,test,12,54,16.773541666666667,16.7225,40.0,-0.05104166666666643,-40.91122054138501,-51.04166666666643,False,1.0,spontaneous,2,116.0,0,True
sub05,test,12,55,17.032145833333335,17.202041666666666,41.0,0.16989583333333158,-36.12317703094805,169.89583333333158,False,1.0,spontaneous,2,116.0,0,True
sub05,test,12,56,17.290791666666667,17.302833333333332,42.0,0.012041666666664952,-53.986876453057526,12.041666666664952,False,0.0,spontaneous,2,116.0,0,True
sub05,test,12,57,17.549416666666666,,,,,,True,,spontaneous,2,116.0,0,True
sub05,test,12,58,17.808041666666668,17.761416666666666,43.0,-0.04662500000000236,-40.26690545188661,-46.62500000000236,False,1.0,spontaneous,2,116.0,0,True
sub05,test,12,59,18.0666875,,,,,,True,,spontaneous,2,116.0,0,True
sub05,test,12,60,18.325291666666665,18.2859375,44.0,-0.03935416666666569,-39.05027206521961,-39.35416666666569,False,1.0,spontaneous,2,116.0,0,True
sub05,test,12,61,18.842541666666666,18.837645833333333,45.0,-0.004895833333332433,-37.58474353060544,-4.895833333332433,False,1.0,spontaneous,2,116.0,0,True
sub05,test,12,62,19.1018125,,,,,,True,,spontaneous,2,116.0,0,True
sub05,test,12,63,19.3609375,19.323875,46.0,-0.037062499999997556,-39.74656554069962,-37.062499999997556,False,1.0,spontaneous,2,116.0,0,True
sub05,test,12,64,19.877041666666667,19.824625,47.0,-0.05241666666666589,-38.132531605794526,-52.41666666666589,False,1.0,spontaneous,2,116.0,0,True
sub05,test,12,65,20.1356875,,,,,,True,,spontaneous,2,116.0,0,True
sub05,test,12,66,20.394291666666668,20.3496875,48.0,-0.04460416666666589,-38.32380726768135,-44.60416666666589,False,1.0,spontaneous,2,116.0,0,True
sub05,test,12,67,20.653020833333333,20.851770833333333,49.0,0.19875000000000043,-55.95184872561963,198.75000000000043,False,0.0,spontaneous,2,116.0,0,True
sub05,test,12,68,20.9126875,,,,,,True,,spontaneous,2,116.0,0,True
sub05,test,12,69,21.428791666666665,21.385729166666668,50.0,-0.04306249999999778,-44.69995095567104,-43.06249999999778,False,0.0,spontaneous,2,116.0,0,True
sub05,test,12,70,21.687416666666667,21.8759375,51.0,0.1885208333333317,-37.42939086235917,188.5208333333317,False,1.0,spontaneous,2,116.0,0,True
sub05,test,12,71,21.946041666666666,,,,,,True,,spontaneous,2,116.0,0,True
sub05,test,12,72,22.204666666666668,22.401541666666667,52.0,0.19687499999999858,-43.7034468436972,196.87499999999858,False,0.0,spontaneous,2,116.0,0,True
sub05,test,12,73,22.463291666666667,,,,,,True,,spontaneous,2,116.0,0,True
sub05,test,12,74,22.721895833333335,22.9175625,53.0,0.1956666666666642,-40.96452121263677,195.6666666666642,False,1.0,spontaneous,2,116.0,0,True
sub05,test,12,75,22.980541666666667,,,,,,True,,spontaneous,2,116.0,0,True
sub05,test,12,76,23.2391875,,,,,,True,,spontaneous,2,116.0,0,True
sub05,test,12,77,23.497791666666668,23.487895833333333,54.0,-0.009895833333334991,-39.68574463490009,-9.895833333334991,False,1.0,spontaneous,2,116.0,0,True
sub05,test,12,78,24.015041666666665,23.991,55.0,-0.024041666666665407,-43.85065408459872,-24.041666666665407,False,0.0,spontaneous,2,116.0,0,True
sub05,test,12,79,24.273645833333333,24.479604166666668,56.0,0.20595833333333502,-40.3403072373174,205.95833333333502,False,1.0,spontaneous,2,116.0,0,True
sub05,test,12,80,24.532291666666666,,,,,,True,,spontaneous,2,116.0,0,True
sub05,test,12,81,24.7909375,24.993125,57.0,0.20218750000000085,-38.18308600670138,202.18750000000085,False,1.0,spontaneous,2,116.0,0,True
sub05,test,12,82,25.049541666666666,,,,,,True,,spontaneous,2,116.0,0,True
sub05,test,12,83,25.308145833333334,25.508208333333332,58.0,0.2000624999999978,-44.001438481461534,200.0624999999978,False,0.0,spontaneous,2,116.0,0,True
sub05,test,12,84,25.566791666666667,,,,,,True,,spontaneous,2,116.0,0,True
sub05,test,12,85,25.825416666666666,,,,,,True,,spontaneous,2,116.0,0,True
sub05,test,12,86,26.084041666666668,26.035625,59.0,-0.04841666666666811,-42.41351168712522,-48.41666666666811,False,0.0,spontaneous,2,116.0,0,True
sub05,test,12,87,26.60129166666667,26.550979166666668,60.0,-0.050312500000000426,-37.93447310332621,-50.312500000000426,False,1.0,spontaneous,2,116.0,0,True
sub05,test,12,88,27.118541666666665,27.108958333333334,61.0,-0.009583333333331723,-49.090472325624496,-9.583333333331723,False,0.0,spontaneous,2,116.0,0,True
sub05,test,12,89,27.377145833333334,,,,,,True,,spontaneous,2,116.0,0,True
sub05,test,12,90,27.635791666666666,27.588958333333334,62.0,-0.04683333333333195,-45.60131752581894,-46.83333333333195,False,0.0,spontaneous,2,116.0,0,True
sub05,test,12,91,27.894395833333334,28.052645833333333,63.0,0.1582499999999989,-35.16236187259195,158.2499999999989,False,1.0,spontaneous,2,116.0,0,True
sub05,test,12,92,28.153041666666667,28.152958333333334,64.0,-8.3333333332547e-05,-51.86232759265017,-0.083333333332547,False,0.0,spontaneous,2,116.0,0,True
sub05,test,12,93,28.4116875,,,,,,True,,spontaneous,2,116.0,0,True
sub05,test,12,94,28.670291666666667,28.623,65.0,-0.04729166666666629,-45.27458906719805,-47.29166666666629,False,0.0,spontaneous,2,116.0,0,True
sub05,test,12,95,28.928916666666666,29.1316875,66.0,0.2027708333333358,-41.057151274627174,202.7708333333358,False,1.0,spontaneous,2,116.0,0,True
sub05,test,12,96,29.187541666666668,,,,,,True,,spontaneous,2,116.0,0,True
sub05,test,12,97,29.64795833333333,29.632229166666665,67.0,-0.015729166666666572,-33.66650314266184,-15.729166666666572,False,1.0,spontaneous,2,116.0,0,True
sub05,test,12,98,29.97683333333333,,,,,,True,,spontaneous,2,116.0,0,True
sub05,test,13,0,0.22754166666666667,,,,,,True,,spontaneous,3,112.0,0,True
sub05,test,13,1,0.76325,,,,,,True,,spontaneous,3,112.0,0,True
sub05,test,13,2,1.2989583333333334,1.295875,0.0,-0.003083333333333327,-35.366473668513066,-3.083333333333327,False,1.0,spontaneous,3,112.0,0,True
sub05,test,13,3,1.8346666666666667,1.761,2.0,-0.07366666666666677,-49.72671420904305,-73.66666666666677,False,0.0,spontaneous,3,112.0,0,True
sub05,test,13,4,2.370375,2.317270833333333,3.0,-0.05310416666666695,-47.15299870313259,-53.104166666666956,False,0.0,spontaneous,3,112.0,0,True
sub05,test,13,5,2.6382291666666666,2.8394375,4.0,0.2012083333333332,-37.423973592329546,201.2083333333332,False,1.0,spontaneous,3,112.0,0,True
sub05,test,13,6,2.906083333333333,,,,,,True,,spontaneous,3,112.0,0,True
sub05,test,13,7,3.4417916666666666,3.3606041666666666,5.0,-0.08118749999999997,-47.11189766137589,-81.18749999999997,False,0.0,spontaneous,3,112.0,0,True
sub05,test,13,8,3.9775,3.9070833333333335,6.0,-0.07041666666666657,-45.58318222979313,-70.41666666666657,False,0.0,spontaneous,3,112.0,0,True
sub05,test,13,9,4.513208333333333,4.445416666666667,7.0,-0.06779166666666647,-36.90350733334808,-67.79166666666647,False,1.0,spontaneous,3,112.0,0,True
sub05,test,13,10,5.048916666666667,4.982375,8.0,-0.06654166666666672,-39.91895596072692,-66.54166666666671,False,1.0,spontaneous,3,112.0,0,True
sub05,test,13,11,5.584625,5.536979166666667,9.0,-0.047645833333333165,-43.89943538885679,-47.645833333333165,False,0.0,spontaneous,3,112.0,0,True
sub05,test,13,12,6.120333333333333,6.113791666666667,11.0,-0.006541666666666224,-52.003892827064135,-6.541666666666224,False,0.0,spontaneous,3,112.0,0,True
sub05,test,13,13,6.3881875,6.565166666666666,12.0,0.17697916666666647,-39.55672139418433,176.97916666666646,False,1.0,spontaneous,3,112.0,0,True
sub05,test,13,14,6.656041666666667,,,,,,True,,spontaneous,3,112.0,0,True
sub05,test,13,15,7.19175,7.132895833333333,13.0,-0.05885416666666643,-51.988691623733,-58.85416666666643,False,0.0,spontaneous,3,112.0,0,True
sub05,test,13,16,7.459604166666667,7.6341875,14.0,0.17458333333333353,-32.072187993830426,174.58333333333354,False,1.0,spontaneous,3,112.0,0,True
sub05,test,13,17,7.727458333333334,7.739708333333334,15.0,0.012249999999999872,-53.2748892057532,12.249999999999872,False,0.0,spontaneous,3,112.0,0,True
sub05,test,13,18,7.9953125,8.169520833333333,16.0,0.17420833333333352,-48.809818038064,174.2083333333335,False,0.0,spontaneous,3,112.0,0,True
sub05,test,13,19,8.263166666666667,,,,,,True,,spontaneous,3,112.0,0,True
sub05,test,13,20,8.798875,8.72,17.0,-0.07887500000000003,-42.65493497817593,-78.87500000000003,False,1.0,spontaneous,3,112.0,0,True
sub05,test,13,21,9.334583333333333,9.380604166666666,19.0,0.0460208333333334,-52.31072666714843,46.0208333333334,False,0.0,spontaneous,3,112.0,0,True
sub05,test,13,22,9.870291666666667,9.828020833333333,20.0,-0.04227083333333326,-45.124184422648426,-42.27083333333326,False,0.0,spontaneous,3,112.0,0,True
sub05,test,13,23,10.406,10.367395833333333,21.0,-0.03860416666666744,-42.78222269863603,-38.60416666666744,False,1.0,spontaneous,3,112.0,0,True
sub05,test,13,24,10.941708333333333,10.866625,22.0,-0.07508333333333184,-32.14235275348641,-75.08333333333184,False,1.0,spontaneous,3,112.0,0,True
sub05,test,13,25,11.477416666666667,11.397875,23.0,-0.07954166666666573,-43.93048947690879,-79.54166666666573,False,0.0,spontaneous,3,112.0,0,True
sub05,test,13,26,11.745270833333333,11.9390625,24.0,0.1937916666666677,-41.061937291436564,193.7916666666677,False,1.0,spontaneous,3,112.0,0,True
sub05,test,13,27,12.013125,,,,,,True,,spontaneous,3,112.0,0,True
sub05,test,13,28,12.548833333333333,12.5698125,26.0,0.02097916666666677,-50.74493696879453,20.97916666666677,False,0.0,spontaneous,3,112.0,0,True
sub05,test,13,29,13.084541666666667,13.0279375,27.0,-0.056604166666666345,-38.722499623042246,-56.604166666666345,False,1.0,spontaneous,3,112.0,0,True
sub05,test,13,30,13.62025,13.550416666666667,28.0,-0.06983333333333341,-39.59465665255857,-69.83333333333341,False,1.0,spontaneous,3,112.0,0,True
sub05,test,13,31,14.155958333333333,14.189854166666667,30.0,0.033895833333334124,-51.81376607580681,33.895833333334124,False,0.0,spontaneous,3,112.0,0,True
sub05,test,13,32,14.691666666666666,14.603375,31.0,-0.08829166666666666,-39.981176429575605,-88.29166666666666,False,1.0,spontaneous,3,112.0,0,True
sub05,test,13,33,15.227375,15.19225,32.0,-0.03512500000000074,-34.61006466426217,-35.12500000000074,False,1.0,spontaneous,3,112.0,0,True
sub05,test,13,34,15.763083333333332,15.705854166666667,34.0,-0.057229166666665776,-42.96894624842156,-57.229166666665776,False,0.0,spontaneous,3,112.0,0,True
sub05,test,13,35,16.298791666666666,16.2845,35.0,-0.014291666666665037,-35.79160715053609,-14.291666666665037,False,1.0,spontaneous,3,112.0,0,True
sub05,test,13,36,16.566645833333332,,,,,,True,,spontaneous,3,112.0,0,True
sub05,test,13,37,16.8345,16.783979166666665,36.0,-0.05052083333333357,-45.29169574502618,-50.52083333333357,False,0.0,spontaneous,3,112.0,0,True
sub05,test,13,38,17.370208333333334,17.321291666666667,37.0,-0.04891666666666694,-34.418066931584356,-48.91666666666694,False,1.0,spontaneous,3,112.0,0,True
sub05,test,13,39,17.905916666666666,17.840104166666666,38.0,-0.06581249999999983,-53.211129946938634,-65.81249999999983,False,0.0,spontaneous,3,112.0,0,True
sub05,test,13,40,18.441625,18.398041666666668,39.0,-0.04358333333333064,-35.95597254546951,-43.58333333333064,False,1.0,spontaneous,3,112.0,0,True
sub05,test,13,41,18.977333333333334,18.932583333333334,40.0,-0.04475000000000051,-43.61879719188514,-44.75000000000051,False,0.0,spontaneous,3,112.0,0,True
sub05,test,13,42,19.513041666666666,19.549833333333332,41.0,0.03679166666666589,-39.6704258119278,36.79166666666589,False,1.0,spontaneous,3,112.0,0,True
sub05,test,13,43,20.04875,20.006291666666666,42.0,-0.042458333333332376,-46.34476661580343,-42.45833333333238,False,0.0,spontaneous,3,112.0,0,True
sub05,test,13,44,20.584458333333334,20.538145833333335,43.0,-0.04631249999999909,-36.101303026867846,-46.31249999999909,False,1.0,spontaneous,3,112.0,0,True
sub05,test,13,45,21.120166666666666,21.048791666666666,45.0,-0.07137499999999974,-48.680308757727204,-71.37499999999974,False,0.0,spontaneous,3,112.0,0,True
sub05,test,13,46,21.388020833333332,,,,,,True,,spontaneous,3,112.0,0,True
sub05,test,13,47,21.655875,21.615770833333332,46.0,-0.04010416666666927,-36.03338587106088,-40.10416666666927,False,1.0,spontaneous,3,112.0,0,True
sub05,test,13,48,21.923729166666668,22.134395833333333,47.0,0.21066666666666478,-50.794581949485966,210.66666666666478,False,0.0,spontaneous,3,112.0,0,True
sub05,test,13,49,22.191583333333334,,,,,,True,,spontaneous,3,112.0,0,True
sub05,test,13,50,22.727291666666666,22.7646875,49.0,0.03739583333333485,-55.07896476919794,37.39583333333485,False,0.0,spontaneous,3,112.0,0,True
sub05,test,13,51,22.995145833333332,23.195729166666666,50.0,0.20058333333333422,-45.512707200057214,200.58333333333422,False,0.0,spontaneous,3,112.0,0,True
sub05,test,13,52,23.263,,,,,,True,,spontaneous,3,112.0,0,True
sub05,test,13,53,23.798708333333334,23.691208333333332,51.0,-0.1075000000000017,-44.20263664101049,-107.5000000000017,False,0.0,spontaneous,3,112.0,0,True
sub05,test,13,54,24.334416666666666,24.230541666666667,52.0,-0.10387499999999861,-42.19039698359996,-103.87499999999861,False,1.0,spontaneous,3,112.0,0,True
sub05,test,13,55,24.602270833333332,24.769020833333332,53.0,0.1667500000000004,-32.5390535258074,166.7500000000004,False,1.0,spontaneous,3,112.0,0,True
sub05,test,13,56,24.870125,24.870854166666668,54.0,0.0007291666666660035,-49.33188460534907,0.7291666666660035,False,0.0,spontaneous,3,112.0,0,True
sub05,test,13,57,25.405833333333334,25.358333333333334,55.0,-0.04749999999999943,-40.30621993172222,-47.49999999999943,False,1.0,spontaneous,3,112.0,0,True
sub05,test,13,58,25.941541666666666,25.917125,56.0,-0.024416666666667197,-37.090296752928,-24.416666666667197,False,1.0,spontaneous,3,112.0,0,True
sub05,test,13,59,26.47725,26.425416666666667,57.0,-0.05183333333333451,-45.274100608804474,-51.83333333333451,False,0.0,spontaneous,3,112.0,0,True
sub05,test,13,60,26.745104166666668,,,,,,True,,spontaneous,3,112.0,0,True
sub05,test,13,61,27.012958333333334,26.981229166666665,58.0,-0.03172916666666836,-37.61839860590585,-31.729166666668362,False,1.0,spontaneous,3,112.0,0,True
sub05,test,13,62,27.548666666666666,27.51125,60.0,-0.03741666666666532,-43.85548775150605,-37.41666666666532,False,0.0,spontaneous,3,112.0,0,True
sub05,test,13,63,28.084375,28.089166666666667,61.0,0.004791666666665861,-38.99691295426474,4.791666666665861,False,1.0,spontaneous,3,112.0,0,True
sub05,test,13,64,28.620083333333334,28.565125,62.0,-0.05495833333333522,-42.55041966409777,-54.95833333333522,False,1.0,spontaneous,3,112.0,0,True
sub05,test,13,65,29.155791666666666,29.099625,63.0,-0.05616666666666603,-37.264881302464076,-56.16666666666603,False,1.0,spontaneous,3,112.0,0,True
sub05,test,13,66,29.6915,29.646604166666666,64.0,-0.04489583333333513,-44.317375069397585,-44.89583333333513,False,0.0,spontaneous,3,112.0,0,True
sub05,test,13,67,29.986520833333334,,,,,,True,,spontaneous,3,112.0,0,True
sub05,test,14,0,0.22279166666666667,,,,,,True,,cued,2,116.0,12,True
sub05,test,14,1,0.7388958333333333,,,,,,True,,cued,2,116.0,12,True
sub05,test,14,2,0.9975416666666667,,,,,,True,,cued,2,116.0,12,True
sub05,test,14,3,1.2561458333333333,1.2110416666666666,0.0,-0.04510416666666672,-38.193222436749586,-45.10416666666672,False,1.0,cued,2,116.0,12,True
sub05,test,14,4,1.5147916666666668,1.7187708333333334,1.0,0.2039791666666666,-48.24243974232183,203.9791666666666,False,0.0,cued,2,116.0,12,True
sub05,test,14,5,1.7733958333333333,,,,,,True,,cued,2,116.0,12,True
sub05,test,14,6,2.2906458333333335,2.3246875,3.0,0.034041666666666526,-55.57336916300778,34.04166666666653,False,0.0,cued,2,116.0,12,True
sub05,test,14,7,2.5500416666666665,,,,,,True,,cued,2,116.0,12,True
sub05,test,14,8,2.809041666666667,2.8164166666666666,4.0,0.007374999999999687,-53.73793242382764,7.374999999999687,False,0.0,cued,2,116.0,12,True
sub05,test,14,9,3.3251458333333335,3.3663958333333333,6.0,0.04124999999999979,-56.757352771251924,41.24999999999979,False,0.0,cued,2,116.0,12,True
sub05,test,14,10,3.5837708333333333,3.7798333333333334,7.0,0.19606250000000003,-46.64657722866289,196.06250000000003,False,0.0,cued,2,116.0,12,True
sub05,test,14,11,3.8423958333333332,3.8954375,8.0,0.053041666666666654,-65.48193975459513,53.04166666666666,False,0.0,cued,2,116.0,12,True
sub05,test,14,12,4.101020833333333,4.296104166666667,9.0,0.19508333333333372,-38.1215905453178,195.0833333333337,False,1.0,cued,2,116.0,12,True
sub05,test,14,13,4.359645833333333,4.403395833333334,10.0,0.04375000000000018,-60.77765627712708,43.75000000000018,False,0.0,cued,2,116.0,12,True
sub05,test,14,14,4.61825,4.789166666666667,11.0,0.17091666666666683,-53.65093909495834,170.91666666666683,False,0.0,cued,2,116.0,12,True
sub05,test,14,15,4.876895833333333,,,,,,True,,cued,2,116.0,12,True
sub05,test,14,16,5.1355,5.309895833333333,12.0,0.17439583333333264,-39.75120461650304,174.39583333333263,False,1.0,cued,2,116.0,12,True
sub05,test,14,17,5.394145833333333,5.4105625,13.0,0.01641666666666719,-61.82003359551423,16.41666666666719,False,0.0,cued,2,116.0,12,True
sub05,test,14,18,5.652770833333333,5.846979166666666,14.0,0.1942083333333331,-60.92221023850432,194.2083333333331,False,0.0,cued,2,116.0,12,True
sub05,test,14,19,5.911395833333334,,,,,,True,,cued,2,116.0,12,True
sub05,test,14,20,6.170020833333333,6.375083333333333,15.0,0.20506250000000037,-37.976639441446025,205.06250000000037,False,1.0,cued,2,116.0,12,True
sub05,test,14,21,6.428645833333333,6.534375,16.0,0.10572916666666643,-68.89088731352955,105.72916666666643,False,0.0,cued,2,116.0,12,True
sub05,test,14,22,6.687270833333334,6.863666666666667,17.0,0.1763958333333333,-48.75648264239382,176.39583333333331,False,0.0,cued,2,116.0,12,True
sub05,test,14,23,6.945895833333333,,,,,,True,,cued,2,116.0,12,True
sub05,test,14,24,7.463145833333333,7.493645833333333,19.0,0.03049999999999997,-59.54133838131452,30.49999999999997,False,0.0,cued,2,116.0,12,True
sub05,test,14,25,7.721791666666666,7.9191875,20.0,0.19739583333333321,-51.06437111279027,197.3958333333332,False,0.0,cued,2,116.0,12,True
sub05,test,14,26,7.980395833333334,,,,,,True,,cued,2,116.0,12,True
sub05,test,14,27,8.497645833333333,8.4360625,21.0,-0.0615833333333331,-38.557699794833354,-61.5833333333331,False,1.0,cued,2,116.0,12,True
sub05,test,14,28,9.014895833333334,8.953270833333333,23.0,-0.06162500000000115,-49.50758459123347,-61.62500000000115,False,0.0,cued,2,116.0,12,True
sub05,test,14,29,9.273520833333333,9.460291666666667,24.0,0.186770833333334,-39.18360770807814,186.770833333334,False,1.0,cued,2,116.0,12,True
sub05,test,14,30,9.532145833333333,9.562645833333333,25.0,0.03049999999999997,-63.02851737034156,30.49999999999997,False,0.0,cued,2,116.0,12,True
sub05,test,14,31,9.79075,9.99125,26.0,0.20050000000000168,-55.99713892616501,200.50000000000168,False,0.0,cued,2,116.0,12,True
sub05,test,14,32,10.049395833333334,,,,,,True,,cued,2,116.0,12,True
sub05,test,14,33,10.566645833333334,10.5144375,27.0,-0.05220833333333452,-39.93487318873406,-52.20833333333452,False,1.0,cued,2,116.0,12,True
sub05,test,14,34,11.083895833333333,11.026729166666666,29.0,-0.057166666666667254,-55.20463957198632,-57.166666666667254,False,0.0,cued,2,116.0,12,True
sub05,test,14,35,11.3425,11.5315625,30.0,0.18906250000000036,-40.0184359943017,189.06250000000034,False,1.0,cued,2,116.0,12,True
sub05,test,14,36,11.601145833333334,,,,,,True,,cued,2,116.0,12,True
sub05,test,14,37,11.859791666666666,,,,,,True,,cued,2,116.0,12,True
sub05,test,14,38,12.118395833333333,12.069208333333334,31.0,-0.04918749999999861,-48.343144042692536,-49.18749999999861,False,0.0,cued,2,116.0,12,True
sub05,test,14,39,12.377,,,,,,True,,cued,2,116.0,12,True
sub05,test,14,40,12.635645833333333,12.599125,32.0,-0.03652083333333245,-39.82268585878292,-36.52083333333245,False,1.0,cued,2,116.0,12,True
sub05,test,14,41,12.894270833333334,13.085833333333333,33.0,0.19156249999999986,-44.74268475853148,191.56249999999986,False,1.0,cued,2,116.0,12,True
sub05,test,14,42,13.152895833333334,,,,,,True,,cued,2,116.0,12,True
sub05,test,14,43,13.411520833333332,,,,,,True,,cued,2,116.0,12,True
sub05,test,14,44,13.670145833333333,13.6654375,34.0,-0.004708333333333314,-43.36213868543552,-4.708333333333314,False,1.0,cued,2,116.0,12,True
sub05,test,14,45,13.928770833333333,13.7664375,35.0,-0.16233333333333277,-59.64666099790855,-162.33333333333277,False,0.0,cued,2,116.0,12,True
sub05,test,14,46,14.187395833333333,14.139895833333334,36.0,-0.04749999999999943,-37.44088261215446,-47.49999999999943,False,1.0,cued,2,116.0,12,True
sub05,test,14,47,14.446041666666666,14.630208333333334,38.0,0.18416666666666792,-46.34047850051132,184.16666666666794,False,0.0,cued,2,116.0,12,True
sub05,test,14,48,14.704645833333334,,,,,,True,,cued,2,116.0,12,True
sub05,test,14,49,14.964333333333334,15.154291666666667,39.0,0.18995833333333323,-43.34218945702207,189.95833333333323,False,1.0,cued,2,116.0,12,True
sub05,test,14,50,15.223041666666667,,,,,,True,,cued,2,116.0,12,True
sub05,test,14,51,15.739145833333334,15.657479166666667,40.0,-0.081666666666667,-37.72022930180503,-81.666666666667,False,1.0,cued,2,116.0,12,True
sub05,test,14,52,16.256395833333332,16.296,42.0,0.039604166666666885,-70.89802752763488,39.604166666666885,False,0.0,cued,2,116.0,12,True
sub05,test,14,53,16.773645833333333,16.83064583333333,44.0,0.05699999999999861,-65.99434474073465,56.99999999999861,False,0.0,cued,2,116.0,12,True
sub05,test,14,54,17.032291666666666,17.2188125,45.0,0.1865208333333328,-39.52752422197612,186.5208333333328,False,1.0,cued,2,116.0,12,True
sub05,test,14,55,17.290895833333334,,,,,,True,,cued,2,116.0,12,True
sub05,test,14,56,17.5495,17.736458333333335,46.0,0.18695833333333667,-45.719813302884845,186.95833333333667,False,1.0,cued,2,116.0,12,True
sub05,test,14,57,17.808145833333334,,,,,,True,,cued,2,116.0,12,True
sub05,test,14,58,18.066791666666667,18.2565,47.0,0.18970833333333204,-43.14011988409312,189.70833333333204,False,1.0,cued,2,116.0,12,True
sub05,test,14,59,18.325395833333335,,,,,,True,,cued,2,116.0,12,True
sub05,test,14,60,18.842645833333332,18.757479166666666,48.0,-0.08516666666666595,-39.1478262863117,-85.16666666666595,False,1.0,cued,2,116.0,12,True
sub05,test,14,61,19.101270833333334,19.270770833333334,49.0,0.16949999999999932,-42.728630523929866,169.49999999999932,False,1.0,cued,2,116.0,12,True
sub05,test,14,62,19.359895833333333,,,,,,True,,cued,2,116.0,12,True
sub05,test,14,63,19.618520833333335,19.810416666666665,50.0,0.19189583333333005,-44.74823422600366,191.89583333333005,False,1.0,cued,2,116.0,12,True
sub05,test,14,64,19.877145833333334,,,,,,True,,cued,2,116.0,12,True
sub05,test,14,65,20.135791666666666,20.315916666666666,51.0,0.1801250000000003,-40.85094637688029,180.1250000000003,False,1.0,cued,2,116.0,12,True
sub05,test,14,66,20.394395833333334,20.416520833333333,52.0,0.022124999999999062,-60.972628721050825,22.124999999999062,False,0.0,cued,2,116.0,12,True
sub05,test,14,67,20.911645833333335,20.83491666666667,53.0,-0.07672916666666652,-45.058003571220844,-76.72916666666652,False,1.0,cued,2,116.0,12,True
sub05,test,14,68,21.17025,21.307895833333333,54.0,0.1376458333333339,-45.32286569526409,137.6458333333339,False,1.0,cued,2,116.0,12,True
sub05,test,14,69,21.428895833333332,21.4555625,55.0,0.026666666666667282,-70.9985542619704,26.666666666667282,False,0.0,cued,2,116.0,12,True
sub05,test,14,70,21.946145833333333,21.8894375,56.0,-0.056708333333332916,-39.54615988537192,-56.70833333333292,False,1.0,cued,2,116.0,12,True
sub05,test,14,71,22.205729166666668,22.411416666666668,57.0,0.2056874999999998,-45.28395674678699,205.6874999999998,False,1.0,cued,2,116.0,12,True
sub05,test,14,72,22.464541666666666,22.543875,58.0,0.07933333333333437,-80.05736270216252,79.33333333333437,False,0.0,cued,2,116.0,12,True
sub05,test,14,73,22.980645833333334,22.9145625,59.0,-0.06608333333333505,-43.94129172904834,-66.08333333333505,False,1.0,cued,2,116.0,12,True
sub05,test,14,74,23.239270833333332,23.386083333333332,60.0,0.14681249999999935,-41.946872941785536,146.81249999999935,False,1.0,cued,2,116.0,12,True
sub05,test,14,75,23.497895833333335,,,,,,True,,cued,2,116.0,12,True
sub05,test,14,76,23.756541666666667,23.931020833333335,61.0,0.17447916666666785,-47.002544894581895,174.47916666666785,False,0.0,cued,2,116.0,12,True
sub05,test,14,77,24.01514583333333,,,,,,True,,cued,2,116.0,12,True
sub05,test,14,78,24.27375,24.4510625,62.0,0.17731249999999932,-44.67314600015327,177.31249999999932,False,1.0,cued,2,116.0,12,True
sub05,test,14,79,24.532395833333332,,,,,,True,,cued,2,116.0,12,True
sub05,test,14,80,24.791,,,,,,True,,cued,2,116.0,12,True
sub05,test,14,81,25.049645833333333,25.035604166666666,63.0,-0.014041666666667396,-40.12816007843412,-14.041666666667396,False,1.0,cued,2,116.0,12,True
sub05,test,14,82,25.308270833333335,25.144479166666667,64.0,-0.16379166666666833,-72.78174041177894,-163.79166666666833,False,0.0,cued,2,116.0,12,True
sub05,test,14,83,25.566895833333334,25.58064583333333,65.0,0.013749999999998153,-44.3091522146226,13.749999999998153,False,1.0,cued,2,116.0,12,True
sub05,test,14,84,26.084145833333334,26.048354166666666,67.0,-0.03579166666666822,-46.946612816551145,-35.79166666666822,False,0.0,cued,2,116.0,12,True
sub05,test,14,85,26.342791666666667,26.290145833333334,68.0,-0.05264583333333306,-73.23252789188804,-52.64583333333306,False,0.0,cued,2,116.0,12,True
sub05,test,14,86,26.601395833333335,26.620708333333333,70.0,0.019312499999998067,-58.873925980048874,19.312499999998067,False,0.0,cued,2,116.0,12,True
sub05,test,14,87,27.118645833333332,27.0981875,71.0,-0.02045833333333036,-45.966093044642015,-20.45833333333036,False,0.0,cued,2,116.0,12,True
sub05,test,14,88,27.37725,,,,,,True,,cued,2,116.0,12,True
sub05,test,14,89,27.635895833333333,27.586708333333334,72.0,-0.04918749999999861,-43.60522828257843,-49.18749999999861,False,1.0,cued,2,116.0,12,True
sub05,test,14,90,27.8945,28.08791666666667,73.0,0.19341666666666768,-39.600689255115086,193.41666666666768,False,1.0,cued,2,116.0,12,True
sub05,test,14,91,28.153145833333333,,,,,,True,,cued,2,116.0,12,True
sub05,test,14,92,28.670395833333334,28.623958333333334,74.0,-0.04643749999999969,-46.703911740167044,-46.43749999999969,False,0.0,cued,2,116.0,12,True
sub05,test,14,93,28.929020833333333,29.115791666666667,75.0,0.186770833333334,-46.04015792700979,186.770833333334,False,0.0,cued,2,116.0,12,True
sub05,test,14,94,29.187645833333335,,,,,,True,,cued,2,116.0,12,True
sub05,test,14,95,29.643875,29.694229166666666,76.0,0.05035416666666492,-40.66755339167109,50.35416666666492,False,1.0,cued,2,116.0,12,True
sub05,test,14,96,29.9926875,,,,,,True,,cued,2,116.0,12,True
sub05,test,15,0,0.21866666666666668,,,,,,True,,spontaneous,2,108.0,0,True
sub05,test,15,1,0.7730833333333333,,,,,,True,,spontaneous,2,108.0,0,True
sub05,test,15,2,1.3286458333333333,,,,,,True,,spontaneous,2,108.0,0,True
sub05,test,15,3,1.6064375,,,,,,True,,spontaneous,2,108.0,0,True
sub05,test,15,4,1.8842083333333333,,,,,,True,,spontaneous,2,108.0,0,True
sub05,test,15,5,2.439770833333333,2.453,1.0,0.013229166666666625,-53.606047509648675,13.229166666666625,False,0.0,spontaneous,2,108.0,0,True
sub05,test,15,6,2.7175416666666665,2.9246458333333334,2.0,0.20710416666666687,-45.275188913867154,207.10416666666686,False,1.0,spontaneous,2,108.0,0,True
sub05,test,15,7,2.9953333333333334,,,,,,True,,spontaneous,2,108.0,0,True
sub05,test,15,8,3.273125,,,,,,True,,spontaneous,2,108.0,0,True
sub05,test,15,9,3.550895833333333,3.5071458333333334,3.0,-0.043749999999999734,-36.58164186896566,-43.74999999999973,False,1.0,spontaneous,2,108.0,0,True
sub05,test,15,10,4.106458333333333,4.0295,5.0,-0.07695833333333368,-52.65013562177215,-76.95833333333368,False,0.0,spontaneous,2,108.0,0,True
sub05,test,15,11,4.384229166666667,4.560083333333333,6.0,0.17585416666666642,-41.77137842270675,175.85416666666643,False,1.0,spontaneous,2,108.0,0,True
sub05,test,15,12,4.662020833333333,,,,,,True,,spontaneous,2,108.0,0,True
sub05,test,15,13,4.940291666666667,5.130166666666667,7.0,0.1898749999999998,-53.90358029677359,189.8749999999998,False,0.0,spontaneous,2,108.0,0,True
sub05,test,15,14,5.218729166666667,,,,,,True,,spontaneous,2,108.0,0,True
sub05,test,15,15,5.773145833333333,5.79425,10.0,0.02110416666666648,-57.781624409965886,21.10416666666648,False,0.0,spontaneous,2,108.0,0,True
sub05,test,15,16,6.328708333333333,6.231875,11.0,-0.09683333333333355,-48.2948505260501,-96.83333333333354,False,0.0,spontaneous,2,108.0,0,True
sub05,test,15,17,6.6065,6.789541666666667,12.0,0.183041666666667,-37.570982768319496,183.041666666667,False,1.0,spontaneous,2,108.0,0,True
sub05,test,15,18,6.884270833333333,,,,,,True,,spontaneous,2,108.0,0,True
sub05,test,15,19,7.162541666666667,7.354354166666667,13.0,0.19181250000000016,-46.40251268097054,191.81250000000017,False,1.0,spontaneous,2,108.0,0,True
sub05,test,15,20,7.440958333333334,,,,,,True,,spontaneous,2,108.0,0,True
sub05,test,15,21,7.995395833333333,7.947041666666666,14.0,-0.04835416666666692,-37.454963045296395,-48.35416666666692,False,1.0,spontaneous,2,108.0,0,True
sub05,test,15,22,8.273166666666667,,,,,,True,,spontaneous,2,108.0,0,True
sub05,test,15,23,8.550958333333334,8.5001875,15.0,-0.050770833333334764,-42.07411654425919,-50.770833333334764,False,1.0,spontaneous,2,108.0,0,True
sub05,test,15,24,9.106520833333333,9.148083333333334,17.0,0.04156250000000128,-58.69855893074642,41.56250000000128,False,0.0,spontaneous,2,108.0,0,True
sub05,test,15,25,9.662083333333333,9.595375,18.0,-0.0667083333333327,-45.28206263868995,-66.7083333333327,False,1.0,spontaneous,2,108.0,0,True
sub05,test,15,26,9.939854166666667,,,,,,True,,spontaneous,2,108.0,0,True
sub05,test,15,27,10.217645833333334,10.168395833333333,19.0,-0.04925000000000068,-38.445427280171344,-49.25000000000068,False,1.0,spontaneous,2,108.0,0,True
sub05,test,15,28,10.495416666666667,10.7094375,21.0,0.21402083333333266,-42.95401585665996,214.02083333333266,False,1.0,spontaneous,2,108.0,0,True
sub05,test,15,29,10.773208333333333,,,,,,True,,spontaneous,2,108.0,0,True
sub05,test,15,30,11.328770833333333,11.263458333333332,22.0,-0.065312500000001,-42.77392412388876,-65.312500000001,False,1.0,spontaneous,2,108.0,0,True
sub05,test,15,31,11.884333333333334,11.871270833333334,25.0,-0.013062500000000199,-59.875801881881436,-13.062500000000199,False,0.0,spontaneous,2,108.0,0,True
sub05,test,15,32,12.439895833333333,12.320916666666667,26.0,-0.11897916666666575,-44.693433065610016,-118.97916666666575,False,1.0,spontaneous,2,108.0,0,True
sub05,test,15,33,12.995458333333334,12.888145833333333,27.0,-0.10731250000000081,-42.56467433593062,-107.31250000000081,False,1.0,spontaneous,2,108.0,0,True
sub05,test,15,34,13.273229166666667,,,,,,True,,spontaneous,2,108.0,0,True
sub05,test,15,35,13.551020833333334,13.506958333333333,28.0,-0.04406250000000078,-39.22700109651237,-44.06250000000078,False,1.0,spontaneous,2,108.0,0,True
sub05,test,15,36,13.828791666666667,14.046083333333334,29.0,0.21729166666666622,-49.69996280273601,217.29166666666623,False,0.0,spontaneous,2,108.0,0,True
sub05,test,15,37,14.106583333333333,,,,,,True,,spontaneous,2,108.0,0,True
sub05,test,15,38,14.662145833333334,14.565729166666667,30.0,-0.09641666666666637,-51.160330280492154,-96.41666666666637,False,0.0,spontaneous,2,108.0,0,True
sub05,test,15,39,14.9399375,15.102104166666667,31.0,0.16216666666666768,-39.03625172817421,162.16666666666768,False,1.0,spontaneous,2,108.0,0,True
sub05,test,15,40,15.217708333333333,,,,,,True,,spontaneous,2,108.0,0,True
sub05,test,15,41,15.4955,15.684958333333332,32.0,0.18945833333333262,-49.74492680519713,189.45833333333263,False,0.0,spontaneous,2,108.0,0,True
sub05,test,15,42,15.773270833333333,,,,,,True,,spontaneous,2,108.0,0,True
sub05,test,15,43,16.0510625,16.219875,33.0,0.1688124999999978,-43.54315366982924,168.8124999999978,False,1.0,spontaneous,2,108.0,0,True
sub05,test,15,44,16.328833333333332,,,,,,True,,spontaneous,2,108.0,0,True
sub05,test,15,45,16.606625,16.767125,34.0,0.16049999999999898,-36.93079018018281,160.49999999999898,False,1.0,spontaneous,2,108.0,0,True
sub05,test,15,46,16.884395833333333,,,,,,True,,spontaneous,2,108.0,0,True
sub05,test,15,47,17.1621875,17.333020833333332,35.0,0.17083333333333073,-49.07639276841166,170.83333333333073,False,0.0,spontaneous,2,108.0,0,True
sub05,test,15,48,17.439958333333333,,,,,,True,,spontaneous,2,108.0,0,True
sub05,test,15,49,17.995520833333334,17.9264375,36.0,-0.06908333333333516,-46.63960232724074,-69.08333333333516,False,1.0,spontaneous,2,108.0,0,True
sub05,test,15,50,18.2733125,18.188645833333332,37.0,-0.08466666666666711,-73.61195681558995,-84.66666666666711,False,0.0,spontaneous,2,108.0,0,True
sub05,test,15,51,18.551083333333334,18.471354166666668,38.0,-0.07972916666666663,-35.967771208676616,-79.72916666666663,False,1.0,spontaneous,2,108.0,0,True
sub05,test,15,52,18.828854166666666,,,,,,True,,spontaneous,2,108.0,0,True
sub05,test,15,53,19.106645833333335,19.068479166666666,39.0,-0.0381666666666689,-48.8756945784003,-38.1666666666689,False,0.0,spontaneous,2,108.0,0,True
sub05,test,15,54,19.662208333333332,19.5923125,40.0,-0.06989583333333371,-48.19988030884179,-69.89583333333371,False,0.0,spontaneous,2,108.0,0,True
sub05,test,15,55,19.939979166666667,20.134833333333333,41.0,0.19485416666666566,-37.32017050987609,194.85416666666566,False,1.0,spontaneous,2,108.0,0,True
sub05,test,15,56,20.217770833333333,20.23485416666667,42.0,0.01708333333333556,-56.66970298621884,17.08333333333556,False,0.0,spontaneous,2,108.0,0,True
sub05,test,15,57,20.4965,20.684604166666666,43.0,0.1881041666666654,-51.532623499695156,188.1041666666654,False,0.0,spontaneous,2,108.0,0,True
sub05,test,15,58,20.774479166666666,,,,,,True,,spontaneous,2,108.0,0,True
sub05,test,15,59,21.328895833333334,21.2269375,44.0,-0.10195833333333582,-49.103529504290144,-101.95833333333582,False,0.0,spontaneous,2,108.0,0,True
sub05,test,15,60,21.6066875,21.786020833333332,45.0,0.17933333333333223,-36.875680424808024,179.33333333333223,False,1.0,spontaneous,2,108.0,0,True
sub05,test,15,61,21.884458333333335,,,,,,True,,spontaneous,2,108.0,0,True
sub05,test,15,62,22.16225,22.380541666666666,46.0,0.21829166666666566,-53.689807252290805,218.29166666666566,False,0.0,spontaneous,2,108.0,0,True
sub05,test,15,63,22.44002083333333,,,,,,True,,spontaneous,2,108.0,0,True
sub05,test,15,64,22.995583333333332,22.934375,47.0,-0.06120833333333309,-47.45606681597166,-61.20833333333309,False,1.0,spontaneous,2,108.0,0,True
sub05,test,15,65,23.551145833333333,23.492520833333334,48.0,-0.05862499999999926,-38.96655573939685,-58.62499999999926,False,1.0,spontaneous,2,108.0,0,True
sub05,test,15,66,23.828916666666668,24.0340625,49.0,0.20514583333333292,-55.67594398709882,205.14583333333292,False,0.0,spontaneous,2,108.0,0,True
sub05,test,15,67,24.106708333333334,,,,,,True,,spontaneous,2,108.0,0,True
sub05,test,15,68,24.662270833333334,24.60108333333333,50.0,-0.061187500000002615,-51.889009051026704,-61.187500000002615,False,0.0,spontaneous,2,108.0,0,True
sub05,test,15,69,25.217833333333335,25.228375,52.0,0.010541666666664895,-57.4292780433109,10.541666666664895,False,0.0,spontaneous,2,108.0,0,True
sub05,test,15,70,25.495625,,,,,,True,,spontaneous,2,108.0,0,True
sub05,test,15,71,25.773395833333332,25.718458333333334,53.0,-0.05493749999999764,-47.21656838474175,-54.93749999999764,False,1.0,spontaneous,2,108.0,0,True
sub05,test,15,72,26.328958333333333,26.243833333333335,54.0,-0.0851249999999979,-62.58443192409402,-85.1249999999979,False,0.0,spontaneous,2,108.0,0,True
sub05,test,15,73,26.607270833333335,26.807625,55.0,0.20035416666666706,-36.16787514924446,200.35416666666706,False,1.0,spontaneous,2,108.0,0,True
sub05,test,15,74,26.885666666666665,26.914520833333334,56.0,0.028854166666668846,-56.596838289964076,28.854166666668846,False,0.0,spontaneous,2,108.0,0,True
sub05,test,15,75,27.440083333333334,27.328979166666667,57.0,-0.11110416666666723,-47.98270940988563,-111.10416666666723,False,1.0,spontaneous,2,108.0,0,True
sub05,test,15,76,27.717875,27.881145833333335,58.0,0.16327083333333547,-48.06889410685825,163.27083333333547,False,0.0,spontaneous,2,108.0,0,True
sub05,test,15,77,27.995645833333334,,,,,,True,,spontaneous,2,108.0,0,True
sub05,test,15,78,28.273416666666666,28.4476875,59.0,0.1742708333333347,-41.930986119476216,174.2708333333347,False,1.0,spontaneous,2,108.0,0,True
sub05,test,15,79,28.551208333333335,28.554875,60.0,0.0036666666666640424,-56.01714471598014,3.6666666666640424,False,0.0,spontaneous,2,108.0,0,True
sub05,test,15,80,28.828979166666667,,,,,,True,,spontaneous,2,108.0,0,True
sub05,test,15,81,29.106770833333332,29.060833333333335,61.0,-0.0459374999999973,-49.54598695727023,-45.9374999999973,False,0.0,spontaneous,2,108.0,0,True
sub05,test,15,82,29.3845625,,,,,,True,,spontaneous,2,108.0,0,True
sub05,test,15,83,29.662333333333333,29.6141875,62.0,-0.04814583333333289,-56.75655295150622,-48.14583333333289,False,0.0,spontaneous,2,108.0,0,True
sub05,test,15,84,29.9643125,,,,,,True,,spontaneous,2,108.0,0,True
sub05,test,16,0,0.21877083333333333,,,,,,True,,spontaneous,2,112.0,0,True
sub05,test,16,1,0.7533541666666667,,,,,,True,,spontaneous,2,112.0,0,True
sub05,test,16,2,1.0212083333333333,,,,,,True,,spontaneous,2,112.0,0,True
sub05,test,16,3,1.2890625,1.2694166666666666,0.0,-0.019645833333333362,-37.1316348799549,-19.645833333333364,False,1.0,spontaneous,2,112.0,0,True
sub05,test,16,4,1.8247708333333332,1.7703541666666667,1.0,-0.05441666666666656,-63.72490926650801,-54.41666666666656,False,0.0,spontaneous,2,112.0,0,True
sub05,test,16,5,2.0931875,2.282375,2.0,0.18918750000000006,-38.51939012055081,189.18750000000006,False,1.0,spontaneous,2,112.0,0,True
sub05,test,16,6,2.361625,,,,,,True,,spontaneous,2,112.0,0,True
sub05,test,16,7,2.8961875,,,,,,True,,spontaneous,2,112.0,0,True
sub05,test,16,8,3.1649583333333333,3.379,3.0,0.21404166666666669,-35.936261908954705,214.04166666666669,False,1.0,spontaneous,2,112.0,0,True
sub05,test,16,9,3.4330416666666665,,,,,,True,,spontaneous,2,112.0,0,True
sub05,test,16,10,3.967604166666667,3.9336041666666666,4.0,-0.03400000000000025,-58.58192559044405,-34.000000000000256,False,0.0,spontaneous,2,112.0,0,True
sub05,test,16,11,4.235729166666666,,,,,,True,,spontaneous,2,112.0,0,True
sub05,test,16,12,4.504458333333333,4.4775,5.0,-0.026958333333332973,-38.37727891339518,-26.958333333332973,False,1.0,spontaneous,2,112.0,0,True
sub05,test,16,13,5.039020833333334,,,,,,True,,spontaneous,2,112.0,0,True
sub05,test,16,14,5.574729166666667,5.534291666666666,6.0,-0.04043750000000035,-36.655287187315665,-40.43750000000035,False,1.0,spontaneous,2,112.0,0,True
sub05,test,16,15,6.1104375,6.0371041666666665,8.0,-0.07333333333333325,-59.850297971891884,-73.33333333333326,False,0.0,spontaneous,2,112.0,0,True
sub05,test,16,16,6.378291666666667,,,,,,True,,spontaneous,2,112.0,0,True
sub05,test,16,17,6.646145833333334,6.636791666666666,9.0,-0.009354166666667219,-36.368239202938945,-9.354166666667219,False,1.0,spontaneous,2,112.0,0,True
sub05,test,16,18,7.181854166666667,7.184479166666667,11.0,0.0026250000000000995,-57.76267689589026,2.6250000000000995,False,0.0,spontaneous,2,112.0,0,True
sub05,test,16,19,7.7175625,7.728125,12.0,0.010562500000000696,-37.632989906935165,10.562500000000696,False,1.0,spontaneous,2,112.0,0,True
sub05,test,16,20,8.253270833333334,8.221833333333333,13.0,-0.031437500000000895,-48.057617216004715,-31.437500000000895,False,0.0,spontaneous,2,112.0,0,True
sub05,test,16,21,8.788979166666667,8.767895833333334,14.0,-0.021083333333333343,-45.70047480458037,-21.083333333333343,False,1.0,spontaneous,2,112.0,0,True
sub05,test,16,22,9.3246875,9.366125,17.0,0.04143750000000068,-57.117556397817744,41.43750000000068,False,0.0,spontaneous,2,112.0,0,True
sub05,test,16,23,9.860395833333333,9.8165,18.0,-0.04389583333333391,-45.81967255312206,-43.89583333333391,False,1.0,spontaneous,2,112.0,0,True
sub05,test,16,24,10.12825,,,,,,True,,spontaneous,2,112.0,0,True
sub05,test,16,25,10.396104166666667,10.387125,19.0,-0.008979166666668092,-46.75887636270894,-8.979166666668092,False,1.0,spontaneous,2,112.0,0,True
sub05,test,16,26,10.9318125,10.963354166666667,22.0,0.03154166666666747,-60.1983102626015,31.541666666667467,False,0.0,spontaneous,2,112.0,0,True
sub05,test,16,27,11.467520833333333,11.435645833333334,23.0,-0.03187499999999943,-62.67261338520663,-31.87499999999943,False,0.0,spontaneous,2,112.0,0,True
sub05,test,16,28,11.735375,,,,,,True,,spontaneous,2,112.0,0,True
sub05,test,16,29,12.003229166666667,11.961416666666667,24.0,-0.041812500000000696,-49.08953416825988,-41.812500000000696,False,0.0,spontaneous,2,112.0,0,True
sub05,test,16,30,12.5389375,12.515083333333333,27.0,-0.023854166666666288,-60.19776301741027,-23.854166666666288,False,0.0,spontaneous,2,112.0,0,True
sub05,test,16,31,12.806791666666667,13.002291666666666,28.0,0.19549999999999912,-50.44327584543411,195.49999999999912,False,0.0,spontaneous,2,112.0,0,True
sub05,test,16,32,13.074645833333333,,,,,,True,,spontaneous,2,112.0,0,True
sub05,test,16,33,13.610354166666667,13.546145833333334,29.0,-0.0642083333333332,-47.64442563478211,-64.2083333333332,False,0.0,spontaneous,2,112.0,0,True
sub05,test,16,34,13.878208333333333,14.068604166666667,30.0,0.19039583333333354,-37.10885476390847,190.39583333333354,False,1.0,spontaneous,2,112.0,0,True
sub05,test,16,35,14.1460625,14.169229166666666,31.0,0.023166666666666558,-54.83340958841061,23.166666666666558,False,0.0,spontaneous,2,112.0,0,True
sub05,test,16,36,14.413916666666667,,,,,,True,,spontaneous,2,112.0,0,True
sub05,test,16,37,14.681770833333333,14.646958333333334,32.0,-0.03481249999999925,-49.795715519879096,-34.81249999999925,False,0.0,spontaneous,2,112.0,0,True
sub05,test,16,38,14.949625,,,,,,True,,spontaneous,2,112.0,0,True
sub05,test,16,39,15.217479166666667,15.17325,33.0,-0.04422916666666765,-46.37832099282817,-44.22916666666765,False,1.0,spontaneous,2,112.0,0,True
sub05,test,16,40,15.7531875,15.7461875,35.0,-0.006999999999999673,-59.04433167149078,-6.999999999999673,False,0.0,spontaneous,2,112.0,0,True
sub05,test,16,41,16.288895833333335,16.209770833333334,36.0,-0.07912500000000122,-45.50988306403394,-79.12500000000122,False,1.0,spontaneous,2,112.0,0,True
sub05,test,16,42,16.824604166666667,16.760458333333332,37.0,-0.06414583333333468,-43.04742591601293,-64.14583333333468,False,1.0,spontaneous,2,112.0,0,True
sub05,test,16,43,17.0931875,17.299208333333333,38.0,0.20602083333333354,-38.01334060641872,206.02083333333354,False,1.0,spontaneous,2,112.0,0,True
sub05,test,16,44,17.361458333333335,17.4444375,39.0,0.08297916666666438,-63.03893804530578,82.97916666666438,False,0.0,spontaneous,2,112.0,0,True
sub05,test,16,45,17.896020833333335,17.844145833333332,40.0,-0.05187500000000256,-51.86295681922785,-51.87500000000256,False,0.0,spontaneous,2,112.0,0,True
sub05,test,16,46,18.431729166666667,18.367916666666666,41.0,-0.06381250000000094,-46.201352842856664,-63.81250000000094,False,1.0,spontaneous,2,112.0,0,True
sub05,test,16,47,18.9674375,18.979291666666665,43.0,0.011854166666665833,-55.7139293882267,11.854166666665833,False,0.0,spontaneous,2,112.0,0,True
sub05,test,16,48,19.503145833333335,19.439625,44.0,-0.06352083333333525,-45.87899472450998,-63.52083333333525,False,1.0,spontaneous,2,112.0,0,True
sub05,test,16,49,20.038854166666667,19.9768125,45.0,-0.06204166666666566,-43.883180756594385,-62.04166666666566,False,1.0,spontaneous,2,112.0,0,True
sub05,test,16,50,20.5745625,20.599541666666667,47.0,0.024979166666668107,-54.03834521292103,24.979166666668107,False,0.0,spontaneous,2,112.0,0,True
sub05,test,16,51,20.842416666666665,,,,,,True,,spontaneous,2,112.0,0,True
sub05,test,16,52,21.110270833333335,21.060270833333334,48.0,-0.05000000000000071,-43.38371131579137,-50.00000000000071,False,1.0,spontaneous,2,112.0,0,True
sub05,test,16,53,21.378125,21.5865625,49.0,0.20843749999999872,-47.17873420722284,208.43749999999872,False,0.0,spontaneous,2,112.0,0,True
sub05,test,16,54,21.645979166666667,,,,,,True,,spontaneous,2,112.0,0,True
sub05,test,16,55,22.1816875,22.106291666666667,50.0,-0.07539583333333155,-37.483618210883094,-75.39583333333155,False,1.0,spontaneous,2,112.0,0,True
sub05,test,16,56,22.449541666666665,22.636645833333333,51.0,0.18710416666666774,-46.442781226129355,187.10416666666774,False,1.0,spontaneous,2,112.0,0,True
sub05,test,16,57,22.717395833333335,,,,,,True,,spontaneous,2,112.0,0,True
sub05,test,16,58,23.253104166666667,23.167791666666666,52.0,-0.08531250000000057,-46.70533309197612,-85.31250000000057,False,1.0,spontaneous,2,112.0,0,True
sub05,test,16,59,23.7888125,23.682645833333332,53.0,-0.10616666666666674,-36.15098855402048,-106.16666666666674,False,1.0,spontaneous,2,112.0,0,True
sub05,test,16,60,24.324520833333334,24.192375,54.0,-0.13214583333333607,-50.913095216834066,-132.14583333333607,False,0.0,spontaneous,2,112.0,0,True
sub05,test,16,61,24.860229166666667,24.741791666666668,55.0,-0.11843749999999886,-44.54510771401304,-118.43749999999886,False,1.0,spontaneous,2,112.0,0,True
sub05,test,16,62,25.3959375,25.411770833333332,57.0,0.015833333333333144,-70.37203494063787,15.833333333333144,False,0.0,spontaneous,2,112.0,0,True
sub05,test,16,63,25.66379166666667,25.8496875,58.0,0.18589583333333337,-51.747878822830714,185.89583333333337,False,0.0,spontaneous,2,112.0,0,True
sub05,test,16,64,25.931645833333334,,,,,,True,,spontaneous,2,112.0,0,True
sub05,test,16,65,26.467354166666667,26.363479166666668,59.0,-0.10387499999999861,-53.37853925417378,-103.87499999999861,False,0.0,spontaneous,2,112.0,0,True
sub05,test,16,66,26.735208333333333,26.899333333333335,60.0,0.16412500000000207,-39.46083140974088,164.12500000000207,False,1.0,spontaneous,2,112.0,0,True
sub05,test,16,67,27.0030625,27.0504375,61.0,0.04737500000000239,-67.86665752270127,47.37500000000239,False,0.0,spontaneous,2,112.0,0,True
sub05,test,16,68,27.538770833333334,27.460729166666667,62.0,-0.07804166666666745,-51.78816449912682,-78.04166666666745,False,0.0,spontaneous,2,112.0,0,True
sub05,test,16,69,28.074479166666666,27.997916666666665,63.0,-0.07656250000000142,-46.33452498996948,-76.56250000000142,False,1.0,spontaneous,2,112.0,0,True
sub05,test,16,70,28.6101875,28.54104166666667,64.0,-0.06914583333333013,-38.94655336428888,-69.14583333333013,False,1.0,spontaneous,2,112.0,0,True
sub05,test,16,71,28.878041666666668,29.064395833333332,65.0,0.18635416666666416,-51.050320801150704,186.35416666666416,False,0.0,spontaneous,2,112.0,0,True
sub05,test,16,72,29.145895833333334,,,,,,True,,spontaneous,2,112.0,0,True
sub05,test,16,73,29.681604166666666,29.592395833333335,66.0,-0.08920833333333178,-48.227151483661,-89.20833333333178,False,0.0,spontaneous,2,112.0,0,True
sub05,test,16,74,29.9700625,,,,,,True,,spontaneous,2,112.0,0,True
sub05,test,17,0,0.21879166666666666,,,,,,True,,cued,3,120.0,14,True
sub05,test,17,1,0.7176458333333333,,,,,,True,,cued,3,120.0,14,True
sub05,test,17,2,0.9676458333333333,,,,,,True,,cued,3,120.0,14,True
sub05,test,17,3,1.2176458333333333,1.2570208333333333,0.0,0.03937499999999994,-35.30267826308223,39.374999999999936,False,1.0,cued,3,120.0,14,True
sub05,test,17,4,1.4676458333333333,1.3570625,1.0,-0.11058333333333326,-52.55743936110108,-110.58333333333326,False,0.0,cued,3,120.0,14,True
sub05,test,17,5,1.7176458333333333,1.7042916666666668,2.0,-0.013354166666666556,-54.85665382936336,-13.354166666666556,False,0.0,cued,3,120.0,14,True
sub05,test,17,6,2.2176458333333335,2.1538125,3.0,-0.06383333333333363,-46.57551203631893,-63.83333333333363,False,0.0,cued,3,120.0,14,True
sub05,test,17,7,2.7176458333333335,2.6502291666666666,4.0,-0.0674166666666669,-37.281125852822726,-67.4166666666669,False,1.0,cued,3,120.0,14,True
sub05,test,17,8,2.9676458333333335,3.156791666666667,5.0,0.18914583333333335,-52.411463743316475,189.14583333333334,False,0.0,cued,3,120.0,14,True
sub05,test,17,9,3.2176458333333335,,,,,,True,,cued,3,120.0,14,True
sub05,test,17,10,3.7176458333333335,3.6575208333333333,6.0,-0.060125000000000206,-50.68779908926042,-60.125000000000206,False,0.0,cued,3,120.0,14,True
sub05,test,17,11,4.217645833333333,4.122,7.0,-0.09564583333333321,-38.90393423396227,-95.6458333333332,False,1.0,cued,3,120.0,14,True
sub05,test,17,12,4.467645833333333,4.6519375,8.0,0.18429166666666674,-48.71182590049265,184.29166666666674,False,0.0,cued,3,120.0,14,True
sub05,test,17,13,4.717645833333333,,,,,,True,,cued,3,120.0,14,True
sub05,test,17,14,5.217645833333333,5.183958333333333,9.0,-0.03368750000000009,-47.94832630588351,-33.68750000000009,False,0.0,cued,3,120.0,14,True
sub05,test,17,15,5.717645833333333,5.6495625,10.0,-0.06808333333333305,-37.75637111683226,-68.08333333333306,False,1.0,cued,3,120.0,14,True
sub05,test,17,16,6.217645833333333,6.150854166666667,11.0,-0.06679166666666614,-51.087875890697426,-66.79166666666615,False,0.0,cued,3,120.0,14,True
sub05,test,17,17,6.717645833333333,6.694604166666666,12.0,-0.02304166666666685,-45.67138280987624,-23.04166666666685,False,0.0,cued,3,120.0,14,True
sub05,test,17,18,7.217645833333333,7.1593333333333335,13.0,-0.058312499999999545,-37.06121708726631,-58.312499999999545,False,1.0,cued,3,120.0,14,True
sub05,test,17,19,7.717645833333333,7.667354166666667,14.0,-0.0502916666666664,-53.98236493242546,-50.2916666666664,False,0.0,cued,3,120.0,14,True
sub05,test,17,20,7.967791666666667,8.160416666666666,15.0,0.1926249999999996,-52.678772071856685,192.6249999999996,False,0.0,cued,3,120.0,14,True
sub05,test,17,21,8.218791666666666,,,,,,True,,cued,3,120.0,14,True
sub05,test,17,22,8.717645833333334,8.6500625,16.0,-0.06758333333333333,-37.35275197635784,-67.58333333333333,False,1.0,cued,3,120.0,14,True
sub05,test,17,23,8.967895833333333,,,,,,True,,cued,3,120.0,14,True
sub05,test,17,24,9.218770833333334,9.1838125,17.0,-0.03495833333333387,-49.90139593341291,-34.95833333333387,False,0.0,cued,3,120.0,14,True
sub05,test,17,25,9.717645833333334,9.683583333333333,18.0,-0.034062500000000995,-45.410864284845445,-34.062500000000995,False,0.0,cued,3,120.0,14,True
sub05,test,17,26,10.217645833333334,10.128354166666666,19.0,-0.08929166666666788,-37.61194103810252,-89.29166666666788,False,1.0,cued,3,120.0,14,True
sub05,test,17,27,10.717645833333334,10.672104166666667,20.0,-0.045541666666666814,-41.850710557561676,-45.54166666666681,False,1.0,cued,3,120.0,14,True
sub05,test,17,28,10.967645833333334,,,,,,True,,cued,3,120.0,14,True
sub05,test,17,29,11.217645833333334,11.169770833333333,21.0,-0.04787500000000122,-50.545549150304375,-47.87500000000122,False,0.0,cued,3,120.0,14,True
sub05,test,17,30,11.717645833333334,11.650458333333333,22.0,-0.06718750000000107,-37.94096636432988,-67.18750000000107,False,1.0,cued,3,120.0,14,True
sub05,test,17,31,12.217645833333334,12.1529375,23.0,-0.06470833333333381,-46.11132205898363,-64.70833333333381,False,0.0,cued,3,120.0,14,True
sub05,test,17,32,12.717645833333334,12.640729166666667,24.0,-0.07691666666666741,-47.62495171828672,-76.91666666666741,False,0.0,cued,3,120.0,14,True
sub05,test,17,33,13.217645833333334,13.1183125,25.0,-0.09933333333333394,-40.11307243619452,-99.33333333333394,False,1.0,cued,3,120.0,14,True
sub05,test,17,34,13.717645833333334,13.627604166666666,26.0,-0.09004166666666791,-41.86042905078078,-90.04166666666791,False,1.0,cued,3,120.0,14,True
sub05,test,17,35,13.967645833333334,14.154854166666667,27.0,0.18720833333333253,-46.48532875278016,187.20833333333252,False,0.0,cued,3,120.0,14,True
sub05,test,17,36,14.217645833333334,,,,,,True,,cued,3,120.0,14,True
sub05,test,17,37,14.467645833333334,14.665770833333333,28.0,0.19812499999999922,-36.246163557573674,198.1249999999992,False,1.0,cued,3,120.0,14,True
sub05,test,17,38,14.717645833333334,14.767291666666667,29.0,0.049645833333332945,-55.30365935572835,49.645833333332945,False,0.0,cued,3,120.0,14,True
sub05,test,17,39,15.217645833333334,15.2271875,30.0,0.00954166666666545,-49.53742527561798,9.54166666666545,False,0.0,cued,3,120.0,14,True
sub05,test,17,40,15.717645833333334,15.694770833333333,32.0,-0.022875000000000867,-34.76644636165274,-22.875000000000867,False,1.0,cued,3,120.0,14,True
sub05,test,17,41,16.217645833333332,16.2205,34.0,0.0028541666666690446,-53.82479756419865,2.8541666666690446,False,0.0,cued,3,120.0,14,True
sub05,test,17,42,16.717645833333332,16.6635625,35.0,-0.05408333333333104,-36.491067159825185,-54.08333333333104,False,1.0,cued,3,120.0,14,True
sub05,test,17,43,16.967645833333332,,,,,,True,,cued,3,120.0,14,True
sub05,test,17,44,17.217645833333332,17.18625,36.0,-0.03139583333333107,-48.833736420316654,-31.39583333333107,False,0.0,cued,3,120.0,14,True
sub05,test,17,45,17.717645833333332,17.6905625,37.0,-0.02708333333333357,-34.42328840266021,-27.08333333333357,False,1.0,cued,3,120.0,14,True
sub05,test,17,46,17.967645833333332,17.792229166666665,38.0,-0.175416666666667,-53.70145635399419,-175.416666666667,False,0.0,cued,3,120.0,14,True
sub05,test,17,47,18.217645833333332,18.207875,39.0,-0.009770833333330842,-54.560538513665435,-9.770833333330842,False,0.0,cued,3,120.0,14,True
sub05,test,17,48,18.717645833333332,18.661041666666666,40.0,-0.056604166666666345,-38.318270532968604,-56.604166666666345,False,1.0,cued,3,120.0,14,True
sub05,test,17,49,18.967645833333332,,,,,,True,,cued,3,120.0,14,True
sub05,test,17,50,19.217645833333332,19.1998125,41.0,-0.017833333333332035,-43.925170284530985,-17.833333333332035,False,1.0,cued,3,120.0,14,True
sub05,test,17,51,19.717645833333332,19.728166666666667,42.0,0.010520833333334423,-39.84023170206385,10.520833333334423,False,1.0,cued,3,120.0,14,True
sub05,test,17,52,20.217645833333332,20.175145833333332,44.0,-0.042500000000000426,-44.14527120949092,-42.500000000000426,False,1.0,cued,3,120.0,14,True
sub05,test,17,53,20.467645833333332,,,,,,True,,cued,3,120.0,14,True
sub05,test,17,54,20.717645833333332,20.702833333333334,45.0,-0.014812499999997897,-36.99109441615598,-14.812499999997897,False,1.0,cued,3,120.0,14,True
sub05,test,17,55,21.217645833333332,21.200833333333332,47.0,-0.01681250000000034,-48.469485664344674,-16.81250000000034,False,0.0,cued,3,120.0,14,True
sub05,test,17,56,21.717645833333332,21.692916666666665,48.0,-0.024729166666666913,-36.13131692571255,-24.729166666666913,False,1.0,cued,3,120.0,14,True
sub05,test,17,57,22.217645833333332,22.199041666666666,50.0,-0.01860416666666609,-44.38674123994514,-18.60416666666609,False,1.0,cued,3,120.0,14,True
sub05,test,17,58,22.717645833333332,22.689708333333332,51.0,-0.02793750000000017,-41.317278387773946,-27.93750000000017,False,1.0,cued,3,120.0,14,True
sub05,test,17,59,22.967645833333332,22.792604166666667,52.0,-0.1750416666666652,-57.404510657766295,-175.0416666666652,False,0.0,cued,3,120.0,14,True
sub05,test,17,60,23.217645833333332,23.2195625,53.0,0.0019166666666663446,-45.45805170069399,1.9166666666663446,False,0.0,cued,3,120.0,14,True
sub05,test,17,61,23.717645833333332,23.692104166666667,54.0,-0.025541666666665463,-37.82313515714909,-25.541666666665463,False,1.0,cued,3,120.0,14,True
sub05,test,17,62,24.217645833333332,24.220958333333332,56.0,0.0033124999999998295,-44.77160250318995,3.3124999999998295,False,1.0,cued,3,120.0,14,True
sub05,test,17,63,24.717645833333332,24.68552083333333,57.0,-0.032125000000000625,-37.99807746393543,-32.125000000000625,False,1.0,cued,3,120.0,14,True
sub05,test,17,64,25.217645833333332,25.201020833333335,59.0,-0.01662499999999767,-49.70658821635391,-16.62499999999767,False,0.0,cued,3,120.0,14,True
sub05,test,17,65,25.467645833333332,,,,,,True,,cued,3,120.0,14,True
sub05,test,17,66,25.717645833333332,25.710291666666667,60.0,-0.007354166666665662,-43.094971870462764,-7.354166666665662,False,1.0,cued,3,120.0,14,True
sub05,test,17,67,26.217645833333332,26.1833125,61.0,-0.03433333333333266,-50.759248256430666,-34.33333333333266,False,0.0,cued,3,120.0,14,True
sub05,test,17,68,26.467645833333332,,,,,,True,,cued,3,120.0,14,True
sub05,test,17,69,26.717645833333332,26.69425,62.0,-0.02339583333333195,-39.85519765264547,-23.39583333333195,False,1.0,cued,3,120.0,14,True
sub05,test,17,70,27.217645833333332,27.195875,63.0,-0.021770833333331296,-49.435524973400796,-21.770833333331296,False,0.0,cued,3,120.0,14,True
sub05,test,17,71,27.717645833333332,27.692708333333332,64.0,-0.024937500000000057,-43.75443293743536,-24.937500000000057,False,1.0,cued,3,120.0,14,True
sub05,test,17,72,28.217645833333332,28.208645833333332,65.0,-0.009000000000000341,-51.48410482419311,-9.000000000000341,False,0.0,cued,3,120.0,14,True
sub05,test,17,73,28.717645833333332,28.7448125,66.0,0.027166666666666117,-42.979298648844384,27.166666666666117,False,1.0,cued,3,120.0,14,True
sub05,test,17,74,29.217645833333332,29.1551875,67.0,-0.06245833333333195,-51.79480236175835,-62.45833333333195,False,0.0,cued,3,120.0,14,True
sub05,test,17,75,29.467645833333332,,,,,,True,,cued,3,120.0,14,True
sub05,test,17,76,29.717645833333332,29.689520833333333,68.0,-0.02812499999999929,-40.75370416326915,-28.12499999999929,False,1.0,cued,3,120.0,14,True
sub05,test,17,77,29.976458333333333,,,,,,True,,cued,3,120.0,14,True
sub05,test,18,0,0.2228125,,,,,,True,,cued,3,112.0,12,True
sub05,test,18,1,0.757375,,,,,,True,,cued,3,112.0,12,True
sub05,test,18,2,1.2930833333333334,1.2355416666666668,0.0,-0.0575416666666666,-37.01708240024148,-57.5416666666666,False,1.0,cued,3,112.0,12,True
sub05,test,18,3,1.8287916666666666,1.7060833333333334,2.0,-0.1227083333333332,-53.13260489149377,-122.7083333333332,False,0.0,cued,3,112.0,12,True
sub05,test,18,4,2.3645,2.2628541666666666,3.0,-0.10164583333333344,-47.589769719080934,-101.64583333333343,False,1.0,cued,3,112.0,12,True
sub05,test,18,5,2.9002083333333335,2.916,5.0,0.015791666666666426,-58.234392019922296,15.791666666666426,False,0.0,cued,3,112.0,12,True
sub05,test,18,6,3.4359166666666665,3.479833333333333,7.0,0.043916666666666604,-83.03788089011735,43.9166666666666,False,0.0,cued,3,112.0,12,True
sub05,test,18,7,3.971625,3.9051458333333335,8.0,-0.06647916666666642,-47.98577311687657,-66.47916666666643,False,1.0,cued,3,112.0,12,True
sub05,test,18,8,4.240458333333334,4.429541666666666,9.0,0.1890833333333326,-36.13826330878515,189.0833333333326,False,1.0,cued,3,112.0,12,True
sub05,test,18,9,4.508479166666667,4.530166666666666,10.0,0.021687499999999638,-59.73704700699962,21.687499999999638,False,0.0,cued,3,112.0,12,True
sub05,test,18,10,5.0441666666666665,4.928895833333334,11.0,-0.11527083333333277,-51.77081684192716,-115.27083333333277,False,1.0,cued,3,112.0,12,True
sub05,test,18,11,5.312020833333333,5.474291666666667,12.0,0.16227083333333336,-44.4637258034909,162.27083333333337,False,1.0,cued,3,112.0,12,True
sub05,test,18,12,5.579875,5.683041666666667,13.0,0.10316666666666663,-72.6066170578491,103.16666666666663,False,0.0,cued,3,112.0,12,True
sub05,test,18,13,6.114458333333333,6.018166666666667,14.0,-0.09629166666666666,-38.16116871142845,-96.29166666666666,False,1.0,cued,3,112.0,12,True
sub05,test,18,14,6.650166666666666,6.562333333333333,15.0,-0.08783333333333321,-52.433717417499885,-87.8333333333332,False,0.0,cued,3,112.0,12,True
sub05,test,18,15,6.918020833333333,7.097583333333334,16.0,0.1795625000000003,-50.87008212495611,179.56250000000028,False,1.0,cued,3,112.0,12,True
sub05,test,18,16,7.185875,,,,,,True,,cued,3,112.0,12,True
sub05,test,18,17,7.721583333333333,7.7791875,18.0,0.05760416666666668,-76.64892210902941,57.60416666666668,False,0.0,cued,3,112.0,12,True
sub05,test,18,18,8.257291666666667,8.308854166666666,20.0,0.05156249999999929,-69.90462411646108,51.56249999999929,False,0.0,cued,3,112.0,12,True
sub05,test,18,19,8.525145833333333,8.680083333333334,21.0,0.15493750000000084,-50.32156094127278,154.93750000000085,False,1.0,cued,3,112.0,12,True
sub05,test,18,20,8.793,8.841895833333334,22.0,0.04889583333333469,-79.97895231339047,48.89583333333469,False,0.0,cued,3,112.0,12,True
sub05,test,18,21,9.328708333333333,9.339895833333333,24.0,0.011187500000000128,-62.0287273488342,11.187500000000128,False,0.0,cued,3,112.0,12,True
sub05,test,18,22,9.864416666666667,9.717541666666667,25.0,-0.14687499999999964,-53.22605375054353,-146.87499999999966,False,0.0,cued,3,112.0,12,True
sub05,test,18,23,10.132270833333333,10.290270833333333,26.0,0.15799999999999947,-48.962547571889814,157.9999999999995,False,1.0,cued,3,112.0,12,True
sub05,test,18,24,10.400125,,,,,,True,,cued,3,112.0,12,True
sub05,test,18,25,10.935833333333333,10.9469375,28.0,0.011104166666667581,-70.95039393304516,11.104166666667581,False,0.0,cued,3,112.0,12,True
sub05,test,18,26,11.2036875,11.357208333333332,29.0,0.15352083333333333,-46.5620016335066,153.52083333333331,False,1.0,cued,3,112.0,12,True
sub05,test,18,27,11.471541666666667,,,,,,True,,cued,3,112.0,12,True
sub05,test,18,28,11.739395833333333,11.910041666666666,30.0,0.17064583333333339,-49.538616841481904,170.64583333333337,False,1.0,cued,3,112.0,12,True
sub05,test,18,29,12.00725,,,,,,True,,cued,3,112.0,12,True
sub05,test,18,30,12.542958333333333,12.438958333333334,31.0,-0.1039999999999992,-38.16796279397262,-103.9999999999992,False,1.0,cued,3,112.0,12,True
sub05,test,18,31,13.078666666666667,13.114604166666666,32.0,0.03593749999999929,-53.13317176653655,35.93749999999929,False,0.0,cued,3,112.0,12,True
sub05,test,18,32,13.614375,13.594125,33.0,-0.020250000000000767,-40.766906718731974,-20.250000000000767,False,1.0,cued,3,112.0,12,True
sub05,test,18,33,13.882375,14.087604166666667,34.0,0.20522916666666724,-53.22212531283634,205.22916666666725,False,0.0,cued,3,112.0,12,True
sub05,test,18,34,14.151229166666667,,,,,,True,,cued,3,112.0,12,True
sub05,test,18,35,14.685791666666667,14.63325,35.0,-0.05254166666666649,-36.33968622843526,-52.54166666666649,False,1.0,cued,3,112.0,12,True
sub05,test,18,36,14.953645833333333,14.741041666666666,36.0,-0.21260416666666693,-56.96902240287375,-212.6041666666669,False,0.0,cued,3,112.0,12,True
sub05,test,18,37,15.2215,15.170958333333333,37.0,-0.050541666666667595,-53.902689224471146,-50.541666666667595,False,0.0,cued,3,112.0,12,True
sub05,test,18,38,15.757208333333333,15.703125,38.0,-0.05408333333333282,-37.10608383788903,-54.08333333333282,False,1.0,cued,3,112.0,12,True
sub05,test,18,39,16.292916666666667,16.244104166666666,39.0,-0.04881250000000037,-52.378641366751005,-48.81250000000037,False,1.0,cued,3,112.0,12,True
sub05,test,18,40,16.828625,16.8821875,42.0,0.053562500000001734,-63.922081791053856,53.562500000001734,False,0.0,cued,3,112.0,12,True
sub05,test,18,41,17.096479166666665,,,,,,True,,cued,3,112.0,12,True
sub05,test,18,42,17.364333333333335,17.346041666666668,43.0,-0.018291666666666373,-55.92873816499644,-18.291666666666373,False,0.0,cued,3,112.0,12,True
sub05,test,18,43,17.6321875,,,,,,True,,cued,3,112.0,12,True
sub05,test,18,44,17.900041666666667,17.8629375,44.0,-0.037104166666665606,-39.01900553985021,-37.104166666665606,False,1.0,cued,3,112.0,12,True
sub05,test,18,45,18.43575,18.3653125,46.0,-0.07043749999999704,-58.24547866582116,-70.43749999999704,False,0.0,cued,3,112.0,12,True
sub05,test,18,46,18.971458333333334,18.9468125,47.0,-0.024645833333334366,-37.25305917564961,-24.645833333334366,False,1.0,cued,3,112.0,12,True
sub05,test,18,47,19.507166666666667,19.477729166666666,49.0,-0.029437500000000227,-57.13829289571176,-29.437500000000227,False,0.0,cued,3,112.0,12,True
sub05,test,18,48,20.042875,20.011895833333334,51.0,-0.03097916666666478,-39.49963593555497,-30.97916666666478,False,1.0,cued,3,112.0,12,True
sub05,test,18,49,20.578583333333334,20.533083333333334,53.0,-0.04550000000000054,-53.10446088928423,-45.50000000000054,False,0.0,cued,3,112.0,12,True
sub05,test,18,50,21.114291666666666,21.06297916666667,55.0,-0.051312499999998096,-37.00385982379734,-51.312499999998096,False,1.0,cued,3,112.0,12,True
sub05,test,18,51,21.65,21.608708333333333,57.0,-0.04129166666666606,-47.65485219095797,-41.29166666666606,False,1.0,cued,3,112.0,12,True
sub05,test,18,52,22.185708333333334,22.147020833333332,58.0,-0.03868750000000176,-39.38206290699439,-38.68750000000176,False,1.0,cued,3,112.0,12,True
sub05,test,18,53,22.4535625,22.655291666666667,60.0,0.20172916666666652,-52.714182334981395,201.72916666666652,False,0.0,cued,3,112.0,12,True
sub05,test,18,54,22.721416666666666,,,,,,True,,cued,3,112.0,12,True
sub05,test,18,55,23.257125,23.216395833333333,61.0,-0.04072916666666515,-41.401091239251706,-40.72916666666515,False,1.0,cued,3,112.0,12,True
sub05,test,18,56,23.5260625,23.738708333333335,62.0,0.21264583333333675,-60.137505380721194,212.64583333333675,False,0.0,cued,3,112.0,12,True
sub05,test,18,57,23.793958333333332,,,,,,True,,cued,3,112.0,12,True
sub05,test,18,58,24.328541666666666,24.353145833333333,64.0,0.024604166666666316,-61.373812243141046,24.604166666666316,False,0.0,cued,3,112.0,12,True
sub05,test,18,59,24.86425,24.840666666666667,65.0,-0.02358333333333107,-54.68678745199492,-23.58333333333107,False,0.0,cued,3,112.0,12,True
sub05,test,18,60,25.399958333333334,25.31625,67.0,-0.08370833333333394,-37.087948258077155,-83.70833333333394,False,1.0,cued,3,112.0,12,True
sub05,test,18,61,25.6678125,25.875854166666667,68.0,0.20804166666666646,-51.66781722208512,208.04166666666646,False,1.0,cued,3,112.0,12,True
sub05,test,18,62,25.935666666666666,,,,,,True,,cued,3,112.0,12,True
sub05,test,18,63,26.471375,26.522333333333332,70.0,0.05095833333333388,-66.62593600275741,50.95833333333388,False,0.0,cued,3,112.0,12,True
sub05,test,18,64,26.739229166666668,26.929479166666667,71.0,0.19024999999999892,-56.15388625616835,190.24999999999892,False,0.0,cued,3,112.0,12,True
sub05,test,18,65,27.007083333333334,,,,,,True,,cued,3,112.0,12,True
sub05,test,18,66,27.542791666666666,27.473541666666666,72.0,-0.06925000000000026,-39.544681315851385,-69.25000000000026,False,1.0,cued,3,112.0,12,True
sub05,test,18,67,28.0785,28.136166666666668,74.0,0.05766666666666964,-71.88767513587449,57.66666666666964,False,0.0,cued,3,112.0,12,True
sub05,test,18,68,28.614208333333334,28.544083333333333,75.0,-0.07012500000000088,-41.693618578129175,-70.12500000000088,False,1.0,cued,3,112.0,12,True
sub05,test,18,69,29.149916666666666,29.082645833333334,76.0,-0.06727083333333184,-47.89227041859221,-67.27083333333184,False,1.0,cued,3,112.0,12,True
sub05,test,18,70,29.417770833333332,29.221354166666668,77.0,-0.19641666666666424,-79.62327531642629,-196.41666666666424,False,0.0,cued,3,112.0,12,True
sub05,test,18,71,29.685625,29.623875,78.0,-0.06174999999999997,-41.099935031248975,-61.74999999999997,False,1.0,cued,3,112.0,12,True
sub05,test,18,72,29.9863125,29.792520833333334,79.0,-0.19379166666666592,-76.98601729395469,-193.79166666666592,False,0.0,cued,3,112.0,12,True
sub05,test,19,0,0.21866666666666668,,,,,,True,,cued,3,112.0,18,True
sub05,test,19,1,0.7532291666666666,,,,,,True,,cued,3,112.0,18,True
sub05,test,19,2,1.0210833333333333,,,,,,True,,cued,3,112.0,18,True
sub05,test,19,3,1.2889375,,,,,,True,,cued,3,112.0,18,True
sub05,test,19,4,1.8246458333333333,,,,,,True,,cued,3,112.0,18,True
sub05,test,19,5,2.0925,,,,,,True,,cued,3,112.0,18,True
sub05,test,19,6,2.3603541666666668,2.343625,0.0,-0.016729166666666906,-34.83655571124454,-16.729166666666906,False,1.0,cued,3,112.0,18,True
sub05,test,19,7,2.6282083333333333,2.4466041666666665,1.0,-0.1816041666666668,-54.871191981754066,-181.6041666666668,False,1.0,cued,3,112.0,18,True
sub05,test,19,8,2.8960625,2.853833333333333,2.0,-0.042229166666666984,-54.36449545778342,-42.229166666666984,False,1.0,cued,3,112.0,18,True
sub05,test,19,9,3.1639166666666667,3.007375,3.0,-0.15654166666666658,-72.64296002588057,-156.54166666666657,False,0.0,cued,3,112.0,18,True
sub05,test,19,10,3.431770833333333,3.3826666666666667,4.0,-0.049104166666666504,-46.49283591183912,-49.1041666666665,False,1.0,cued,3,112.0,18,True
sub05,test,19,11,3.9674791666666667,4.005354166666667,7.0,0.0378750000000001,-59.43006356257071,37.8750000000001,False,0.0,cued,3,112.0,18,True
sub05,test,19,12,4.5031875,4.442375,8.0,-0.060812499999999936,-55.833081102673034,-60.812499999999936,False,1.0,cued,3,112.0,18,True
sub05,test,19,13,5.038895833333333,5.11375,11.0,0.07485416666666644,-66.51253214599333,74.85416666666644,False,0.0,cued,3,112.0,18,True
sub05,test,19,14,5.574604166666667,5.6704375,13.0,0.09583333333333321,-67.80837549141904,95.83333333333321,False,0.0,cued,3,112.0,18,True
sub05,test,19,15,6.1103125,6.1690625,15.0,0.05874999999999986,-81.37030284811706,58.74999999999986,False,0.0,cued,3,112.0,18,True
sub05,test,19,16,6.646020833333333,6.561604166666666,16.0,-0.0844166666666668,-48.36610739589091,-84.4166666666668,False,1.0,cued,3,112.0,18,True
sub05,test,19,17,7.181729166666667,7.1704375,18.0,-0.0112916666666667,-60.928926282847655,-11.2916666666667,False,0.0,cued,3,112.0,18,True
sub05,test,19,18,7.7174375,7.76725,20.0,0.049812499999999815,-81.6506413816106,49.812499999999815,False,0.0,cued,3,112.0,18,True
sub05,test,19,19,7.985291666666667,8.166458333333333,21.0,0.18116666666666603,-46.67628713032091,181.16666666666603,False,1.0,cued,3,112.0,18,True
sub05,test,19,20,8.253145833333333,8.295354166666666,22.0,0.04220833333333296,-66.27101573574016,42.20833333333296,False,0.0,cued,3,112.0,18,True
sub05,test,19,21,8.521,8.682458333333333,23.0,0.16145833333333215,-42.12250507420484,161.45833333333215,False,1.0,cued,3,112.0,18,True
sub05,test,19,22,8.788854166666667,8.846604166666667,24.0,0.05775000000000041,-70.57611622221518,57.75000000000041,False,0.0,cued,3,112.0,18,True
sub05,test,19,23,9.056708333333333,,,,,,True,,cued,3,112.0,18,True
sub05,test,19,24,9.3245625,9.271354166666667,25.0,-0.05320833333333397,-63.66500828138332,-53.20833333333397,False,0.0,cued,3,112.0,18,True
sub05,test,19,25,9.592416666666667,,,,,,True,,cued,3,112.0,18,True
sub05,test,19,26,9.860270833333333,9.8139375,26.0,-0.046333333333333115,-54.83990226280739,-46.333333333333115,False,1.0,cued,3,112.0,18,True
sub05,test,19,27,10.128125,9.993416666666667,27.0,-0.1347083333333341,-74.67616611476107,-134.7083333333341,False,0.0,cued,3,112.0,18,True
sub05,test,19,28,10.395979166666667,10.455666666666668,29.0,0.05968750000000078,-72.56372790956135,59.68750000000078,False,0.0,cued,3,112.0,18,True
sub05,test,19,29,10.9316875,10.855833333333333,30.0,-0.07585416666666767,-51.57732711672297,-75.85416666666767,False,1.0,cued,3,112.0,18,True
sub05,test,19,30,11.199541666666667,11.063958333333334,31.0,-0.13558333333333294,-73.8136215799064,-135.58333333333294,False,0.0,cued,3,112.0,18,True
sub05,test,19,31,11.467395833333333,11.406791666666667,32.0,-0.060604166666665904,-50.501060702227676,-60.604166666665904,False,1.0,cued,3,112.0,18,True
sub05,test,19,32,11.7361875,11.8870625,34.0,0.15087500000000098,-39.64872471313295,150.87500000000097,False,1.0,cued,3,112.0,18,True
sub05,test,19,33,12.00425,12.043833333333334,35.0,0.03958333333333286,-71.08538475674415,39.58333333333286,False,0.0,cued,3,112.0,18,True
sub05,test,19,34,12.5388125,12.4505,36.0,-0.08831250000000068,-52.14506801472456,-88.31250000000068,False,1.0,cued,3,112.0,18,True
sub05,test,19,35,12.806666666666667,12.982958333333332,37.0,0.17629166666666585,-49.587842853517316,176.29166666666583,False,1.0,cued,3,112.0,18,True
sub05,test,19,36,13.075645833333333,13.122625,38.0,0.04697916666666657,-69.85718163242089,46.97916666666657,False,0.0,cued,3,112.0,18,True
sub05,test,19,37,13.610229166666667,13.62825,40.0,0.01802083333333293,-68.35044420944706,18.02083333333293,False,0.0,cued,3,112.0,18,True
sub05,test,19,38,14.1459375,14.037083333333333,41.0,-0.10885416666666714,-49.075342291843995,-108.85416666666714,False,1.0,cued,3,112.0,18,True
sub05,test,19,39,14.681645833333333,14.686583333333333,43.0,0.004937500000000483,-67.01804387531142,4.937500000000483,False,0.0,cued,3,112.0,18,True
sub05,test,19,40,15.217354166666667,15.197708333333333,45.0,-0.019645833333333584,-62.4488432571312,-19.645833333333584,False,0.0,cued,3,112.0,18,True
sub05,test,19,41,15.7530625,15.827458333333333,47.0,0.0743958333333321,-82.10488539541868,74.3958333333321,False,0.0,cued,3,112.0,18,True
sub05,test,19,42,16.288770833333334,16.3258125,49.0,0.037041666666667084,-70.57284602549446,37.04166666666708,False,0.0,cued,3,112.0,18,True
sub05,test,19,43,16.556625,16.7265,50.0,0.1698750000000011,-37.37775465573427,169.8750000000011,False,1.0,cued,3,112.0,18,True
sub05,test,19,44,16.824479166666666,16.83025,51.0,0.005770833333333059,-60.2771051162823,5.770833333333059,False,0.0,cued,3,112.0,18,True
sub05,test,19,45,17.092333333333332,17.291791666666665,52.0,0.1994583333333324,-49.549832844596146,199.4583333333324,False,1.0,cued,3,112.0,18,True
sub05,test,19,46,17.3601875,,,,,,True,,cued,3,112.0,18,True
sub05,test,19,47,17.895895833333334,17.841604166666666,53.0,-0.05429166666666774,-48.01973888223209,-54.29166666666774,False,1.0,cued,3,112.0,18,True
sub05,test,19,48,18.431604166666666,18.4330625,56.0,0.001458333333332007,-58.73167186584113,1.458333333332007,False,0.0,cued,3,112.0,18,True
sub05,test,19,49,18.9673125,18.9208125,57.0,-0.04649999999999821,-47.79043402997309,-46.49999999999821,False,1.0,cued,3,112.0,18,True
sub05,test,19,50,19.503020833333334,19.4696875,58.0,-0.03333333333333499,-38.28724711663498,-33.33333333333499,False,1.0,cued,3,112.0,18,True
sub05,test,19,51,19.770875,19.57925,59.0,-0.19162500000000193,-59.57896033146443,-191.62500000000193,False,0.0,cued,3,112.0,18,True
sub05,test,19,52,20.038729166666666,20.056791666666665,60.0,0.018062499999999204,-52.62866013301455,18.062499999999204,False,1.0,cued,3,112.0,18,True
sub05,test,19,53,20.306583333333332,20.174625,61.0,-0.1319583333333334,-70.14690880906734,-131.9583333333334,False,0.0,cued,3,112.0,18,True
sub05,test,19,54,20.5744375,20.530833333333334,62.0,-0.04360416666666467,-37.65382933800869,-43.60416666666467,False,1.0,cued,3,112.0,18,True
sub05,test,19,55,21.110145833333334,21.0539375,64.0,-0.05620833333333408,-51.798829209344106,-56.20833333333408,False,1.0,cued,3,112.0,18,True
sub05,test,19,56,21.378,,,,,,True,,cued,3,112.0,18,True
sub05,test,19,57,21.645854166666666,21.5951875,65.0,-0.05066666666666464,-38.91654414612113,-50.66666666666464,False,1.0,cued,3,112.0,18,True
sub05,test,19,58,22.1815625,22.11475,66.0,-0.0668124999999975,-53.6222444939013,-66.8124999999975,False,1.0,cued,3,112.0,18,True
sub05,test,19,59,22.717270833333334,22.664729166666667,68.0,-0.05254166666666649,-40.73283718497167,-52.54166666666649,False,1.0,cued,3,112.0,18,True
sub05,test,19,60,23.252979166666666,23.208541666666665,70.0,-0.044437500000000796,-57.38387996465875,-44.437500000000796,False,0.0,cued,3,112.0,18,True
sub05,test,19,61,23.7886875,23.7144375,71.0,-0.07425000000000281,-37.257226973803256,-74.25000000000281,False,1.0,cued,3,112.0,18,True
sub05,test,19,62,24.324395833333334,24.2194375,72.0,-0.10495833333333238,-63.30451553495564,-104.95833333333238,False,0.0,cued,3,112.0,18,True
sub05,test,19,63,24.860104166666666,24.878,74.0,0.01789583333333411,-61.204540928723155,17.89583333333411,False,0.0,cued,3,112.0,18,True
sub05,test,19,64,25.127958333333332,25.320208333333333,75.0,0.19225000000000136,-50.95561130322398,192.25000000000136,False,1.0,cued,3,112.0,18,True
sub05,test,19,65,25.3958125,,,,,,True,,cued,3,112.0,18,True
sub05,test,19,66,25.931520833333334,25.866,76.0,-0.06552083333333414,-38.14477283757894,-65.52083333333414,False,1.0,cued,3,112.0,18,True
sub05,test,19,67,26.467229166666666,26.5099375,77.0,0.04270833333333357,-71.25748911712559,42.70833333333357,False,0.0,cued,3,112.0,18,True
sub05,test,19,68,27.0029375,26.92995833333333,79.0,-0.07297916666666993,-40.30498569823854,-72.97916666666993,False,1.0,cued,3,112.0,18,True
sub05,test,19,69,27.270791666666668,,,,,,True,,cued,3,112.0,18,True
sub05,test,19,70,27.538645833333334,27.49525,80.0,-0.04339583333333508,-61.964014805661385,-43.39583333333508,False,0.0,cued,3,112.0,18,True
sub05,test,19,71,27.806916666666666,27.760395833333334,82.0,-0.046520833333332234,-71.62328959868313,-46.520833333332234,False,0.0,cued,3,112.0,18,True
sub05,test,19,72,28.0755,27.995354166666665,83.0,-0.08014583333333647,-37.55111217999831,-80.14583333333647,False,1.0,cued,3,112.0,18,True
sub05,test,19,73,28.6100625,28.50904166666667,85.0,-0.10102083333333312,-57.994578431238,-101.02083333333312,False,0.0,cued,3,112.0,18,True
sub05,test,19,74,29.145770833333334,29.09,86.0,-0.05577083333333377,-38.806661745538605,-55.77083333333377,False,1.0,cued,3,112.0,18,True
sub05,test,19,75,29.681479166666666,29.623166666666666,88.0,-0.058312499999999545,-60.10638452423912,-58.312499999999545,False,0.0,cued,3,112.0,18,True
sub05,test,19,76,29.988416666666666,,,,,,True,,cued,3,112.0,18,True
sub05,test,20,0,0.22279166666666667,,,,,,True,,spontaneous,3,108.0,0,True
sub05,test,20,1,0.7772083333333333,,,,,,True,,spontaneous,3,108.0,0,True
sub05,test,20,2,1.3327708333333332,1.3792708333333332,1.0,0.046499999999999986,-57.80503465887541,46.499999999999986,False,0.0,spontaneous,3,108.0,0,True
sub05,test,20,3,1.8883333333333334,1.7920208333333334,2.0,-0.09631250000000002,-52.24181386256866,-96.31250000000003,False,0.0,spontaneous,3,108.0,0,True
sub05,test,20,4,2.1661041666666665,2.3861875,3.0,0.22008333333333363,-50.17400807159828,220.08333333333363,False,0.0,spontaneous,3,108.0,0,True
sub05,test,20,5,2.4438958333333334,,,,,,True,,spontaneous,3,108.0,0,True
sub05,test,20,6,2.7216875,2.9023541666666666,4.0,0.18066666666666675,-37.30532971530409,180.66666666666674,False,1.0,spontaneous,3,108.0,0,True
sub05,test,20,7,2.999458333333333,,,,,,True,,spontaneous,3,108.0,0,True
sub05,test,20,8,3.5550208333333333,3.5157083333333334,5.0,-0.03931249999999986,-50.729443755320595,-39.31249999999986,False,0.0,spontaneous,3,108.0,0,True
sub05,test,20,9,4.1105833333333335,4.052041666666667,6.0,-0.058541666666666714,-50.094255676589796,-58.541666666666714,False,1.0,spontaneous,3,108.0,0,True
sub05,test,20,10,4.666145833333333,4.577729166666667,7.0,-0.08841666666666637,-37.73831040342765,-88.41666666666637,False,1.0,spontaneous,3,108.0,0,True
sub05,test,20,11,4.9439375,,,,,,True,,spontaneous,3,108.0,0,True
sub05,test,20,12,5.221708333333333,5.197145833333333,8.0,-0.024562500000000043,-49.35462893361964,-24.562500000000043,False,1.0,spontaneous,3,108.0,0,True
sub05,test,20,13,5.777270833333334,5.7126875,9.0,-0.06458333333333321,-52.64905542326438,-64.58333333333321,False,0.0,spontaneous,3,108.0,0,True
sub05,test,20,14,6.332833333333333,6.3375,11.0,0.004666666666667041,-59.56985109956318,4.666666666667041,False,0.0,spontaneous,3,108.0,0,True
sub05,test,20,15,6.888395833333333,,,,,,True,,spontaneous,3,108.0,0,True
sub05,test,20,16,7.443958333333334,7.3784375,12.0,-0.06552083333333325,-48.316097366143715,-65.52083333333326,False,1.0,spontaneous,3,108.0,0,True
sub05,test,20,17,7.999520833333333,8.002604166666666,15.0,0.0030833333333326607,-53.57028684931376,3.0833333333326607,False,0.0,spontaneous,3,108.0,0,True
sub05,test,20,18,8.555083333333334,8.477458333333333,16.0,-0.07762500000000117,-48.767484686390155,-77.62500000000117,False,1.0,spontaneous,3,108.0,0,True
sub05,test,20,19,8.832854166666667,,,,,,True,,spontaneous,3,108.0,0,True
sub05,test,20,20,9.110645833333333,9.060625,17.0,-0.05002083333333296,-50.656622124370045,-50.02083333333296,False,0.0,spontaneous,3,108.0,0,True
sub05,test,20,21,9.666208333333334,9.688791666666667,19.0,0.0225833333333334,-55.99825386411419,22.5833333333334,False,0.0,spontaneous,3,108.0,0,True
sub05,test,20,22,9.944,10.148729166666667,20.0,0.20472916666666663,-51.13214857639229,204.72916666666663,False,0.0,spontaneous,3,108.0,0,True
sub05,test,20,23,10.221770833333334,,,,,,True,,spontaneous,3,108.0,0,True
sub05,test,20,24,10.777333333333333,10.720583333333334,21.0,-0.05674999999999919,-49.39774944129546,-56.74999999999919,False,1.0,spontaneous,3,108.0,0,True
sub05,test,20,25,11.332895833333334,11.3625625,23.0,0.02966666666666562,-57.021599176845896,29.66666666666562,False,0.0,spontaneous,3,108.0,0,True
sub05,test,20,26,11.888458333333332,11.843958333333333,24.0,-0.04449999999999932,-48.437465378706214,-44.49999999999932,False,1.0,spontaneous,3,108.0,0,True
sub05,test,20,27,12.444020833333333,12.484270833333333,26.0,0.04025000000000034,-55.725657407971106,40.25000000000034,False,0.0,spontaneous,3,108.0,0,True
sub05,test,20,28,12.999583333333334,12.973041666666667,27.0,-0.026541666666666686,-47.753439980021845,-26.541666666666686,False,1.0,spontaneous,3,108.0,0,True
sub05,test,20,29,13.555145833333333,13.510041666666666,28.0,-0.0451041666666665,-37.78687430480735,-45.1041666666665,False,1.0,spontaneous,3,108.0,0,True
sub05,test,20,30,14.110708333333333,14.035270833333334,29.0,-0.0754374999999996,-46.345853252116484,-75.4374999999996,False,1.0,spontaneous,3,108.0,0,True
sub05,test,20,31,14.666270833333334,14.601645833333333,30.0,-0.06462500000000126,-41.10327129203086,-64.62500000000126,False,1.0,spontaneous,3,108.0,0,True
sub05,test,20,32,14.944041666666667,15.1475,31.0,0.20345833333333374,-47.170960479921,203.45833333333374,False,1.0,spontaneous,3,108.0,0,True
sub05,test,20,33,15.221833333333333,,,,,,True,,spontaneous,3,108.0,0,True
sub05,test,20,34,15.499625,,,,,,True,,spontaneous,3,108.0,0,True
sub05,test,20,35,15.777395833333333,15.733520833333333,32.0,-0.043874999999999886,-39.941865996149325,-43.874999999999886,False,1.0,spontaneous,3,108.0,0,True
sub05,test,20,36,16.332958333333334,16.2348125,33.0,-0.0981458333333336,-56.22099245288485,-98.1458333333336,False,0.0,spontaneous,3,108.0,0,True
sub05,test,20,37,16.61075,16.802041666666668,34.0,0.1912916666666682,-39.66618384993323,191.2916666666682,False,1.0,spontaneous,3,108.0,0,True
sub05,test,20,38,16.888520833333335,16.9678125,35.0,0.07929166666666632,-74.19375715910986,79.29166666666632,False,0.0,spontaneous,3,108.0,0,True
sub05,test,20,39,17.1663125,17.344354166666665,36.0,0.17804166666666532,-47.23107671747195,178.04166666666532,False,1.0,spontaneous,3,108.0,0,True
sub05,test,20,40,17.44408333333333,,,,,,True,,spontaneous,3,108.0,0,True
sub05,test,20,41,17.721875,,,,,,True,,spontaneous,3,108.0,0,True
sub05,test,20,42,17.999645833333332,17.9613125,37.0,-0.038333333333333997,-39.60810387166977,-38.333333333334,False,1.0,spontaneous,3,108.0,0,True
sub05,test,20,43,18.2774375,,,,,,True,,spontaneous,3,108.0,0,True
sub05,test,20,44,18.555208333333333,18.5283125,38.0,-0.02689583333333445,-53.43649852455325,-26.89583333333445,False,0.0,spontaneous,3,108.0,0,True
sub05,test,20,45,19.110770833333333,19.074104166666668,39.0,-0.03666666666666529,-42.05922378525411,-36.66666666666529,False,1.0,spontaneous,3,108.0,0,True
sub05,test,20,46,19.666333333333334,19.6245625,40.0,-0.04177083333333442,-56.50542873228276,-41.77083333333442,False,0.0,spontaneous,3,108.0,0,True
sub05,test,20,47,20.221895833333335,20.164770833333332,41.0,-0.05712500000000276,-40.882605694892085,-57.12500000000276,False,1.0,spontaneous,3,108.0,0,True
sub05,test,20,48,20.4996875,,,,,,True,,spontaneous,3,108.0,0,True
sub05,test,20,49,20.777458333333332,20.727145833333335,42.0,-0.050312499999996874,-57.046356998702194,-50.312499999996874,False,0.0,spontaneous,3,108.0,0,True
sub05,test,20,50,21.333020833333332,21.291166666666665,43.0,-0.04185416666666697,-42.30276687305764,-41.85416666666697,False,1.0,spontaneous,3,108.0,0,True
sub05,test,20,51,21.610875,21.790458333333333,44.0,0.17958333333333343,-47.875634022846974,179.58333333333343,False,1.0,spontaneous,3,108.0,0,True
sub05,test,20,52,21.889729166666665,,,,,,True,,spontaneous,3,108.0,0,True
sub05,test,20,53,22.444145833333334,22.389104166666666,45.0,-0.055041666666667766,-39.366796155510805,-55.041666666667766,False,1.0,spontaneous,3,108.0,0,True
sub05,test,20,54,22.7219375,22.900479166666667,46.0,0.1785416666666677,-52.9469121550669,178.5416666666677,False,0.0,spontaneous,3,108.0,0,True
sub05,test,20,55,22.999708333333334,,,,,,True,,spontaneous,3,108.0,0,True
sub05,test,20,56,23.555270833333335,23.4990625,47.0,-0.05620833333333408,-69.70553627988586,-56.20833333333408,False,0.0,spontaneous,3,108.0,0,True
sub05,test,20,57,23.8330625,23.9139375,49.0,0.08087499999999892,-74.65453799553617,80.87499999999892,False,0.0,spontaneous,3,108.0,0,True
sub05,test,20,58,24.110833333333332,24.0656875,50.0,-0.045145833333332774,-44.15738647418402,-45.145833333332774,False,1.0,spontaneous,3,108.0,0,True
sub05,test,20,59,24.388604166666667,24.600020833333332,51.0,0.2114166666666648,-66.80533392853371,211.4166666666648,False,0.0,spontaneous,3,108.0,0,True
sub05,test,20,60,24.666395833333333,24.707416666666667,52.0,0.041020833333334394,-55.040205178972414,41.020833333334394,False,0.0,spontaneous,3,108.0,0,True
sub05,test,20,61,24.9441875,25.140666666666668,53.0,0.19647916666666632,-52.28771767672727,196.47916666666632,False,0.0,spontaneous,3,108.0,0,True
sub05,test,20,62,25.221958333333333,,,,,,True,,spontaneous,3,108.0,0,True
sub05,test,20,63,25.777520833333334,25.724895833333335,54.0,-0.052624999999999034,-39.15028185783613,-52.624999999999034,False,1.0,spontaneous,3,108.0,0,True
sub05,test,20,64,26.333083333333335,26.304854166666665,55.0,-0.028229166666669414,-53.358135548208224,-28.229166666669414,False,0.0,spontaneous,3,108.0,0,True
sub05,test,20,65,26.88864583333333,26.8496875,56.0,-0.038958333333329875,-37.55693418945127,-38.958333333329875,False,1.0,spontaneous,3,108.0,0,True
sub05,test,20,66,27.1664375,26.952041666666666,57.0,-0.21439583333333445,-56.81783613340686,-214.39583333333445,False,0.0,spontaneous,3,108.0,0,True
sub05,test,20,67,27.444208333333332,27.428125,58.0,-0.016083333333330785,-47.46234555718081,-16.083333333330785,False,1.0,spontaneous,3,108.0,0,True
sub05,test,20,68,27.999770833333333,27.9854375,59.0,-0.014333333333333087,-42.92366833151643,-14.333333333333087,False,1.0,spontaneous,3,108.0,0,True
sub05,test,20,69,28.277541666666668,28.086125,60.0,-0.1914166666666688,-58.324518617858246,-191.4166666666688,False,0.0,spontaneous,3,108.0,0,True
sub05,test,20,70,28.555333333333333,28.4986875,61.0,-0.056645833333334394,-50.19062387811967,-56.645833333334394,False,0.0,spontaneous,3,108.0,0,True
sub05,test,20,71,28.833104166666665,,,,,,True,,spontaneous,3,108.0,0,True
sub05,test,20,72,29.110895833333334,29.086541666666665,62.0,-0.024354166666668675,-39.150289193319104,-24.354166666668675,False,1.0,spontaneous,3,108.0,0,True
sub05,test,20,73,29.666458333333335,29.630208333333332,63.0,-0.03625000000000256,-53.90079512249273,-36.25000000000256,False,0.0,spontaneous,3,108.0,0,True
sub05,test,20,74,29.971291666666666,,,,,,True,,spontaneous,3,108.0,0,True
