subject,phase,trial,click_idx,click_time_s,matched_tap_time_s,matched_tap_idx,asynchrony_s,rms_db,asynchrony_ms,missed_beat,accented,condition,meter,bpm,switch_time,low_confidence_trial
sub04,test,1,0,0.22266666666666668,0.3673125,0.0,0.1446458333333333,49.98747058313601,144.64583333333331,False,1.0,spontaneous,3,116.0,0,True
sub04,test,1,1,0.7399375,0.7204166666666667,1.0,-0.01952083333333332,46.31849124239921,-19.52083333333332,False,1.0,spontaneous,3,116.0,0,True
sub04,test,1,2,1.2560416666666667,1.2868958333333333,2.0,0.030854166666666627,45.372231399497586,30.85416666666663,False,1.0,spontaneous,3,116.0,0,True
sub04,test,1,3,1.7732916666666667,1.7133125,3.0,-0.059979166666666694,54.10816435234885,-59.97916666666669,False,1.0,spontaneous,3,116.0,0,True
sub04,test,1,4,2.2905416666666665,2.2241666666666666,4.0,-0.06637499999999985,41.060355618806724,-66.37499999999986,False,1.0,spontaneous,3,116.0,0,True
sub04,test,1,5,2.8077916666666667,2.7457083333333334,5.0,-0.06208333333333327,41.12771102113712,-62.08333333333327,False,1.0,spontaneous,3,116.0,0,True
sub04,test,1,6,3.3250416666666665,3.23825,6.0,-0.0867916666666666,53.90441206257219,-86.7916666666666,False,1.0,spontaneous,3,116.0,0,True
sub04,test,1,7,3.8422916666666667,3.7498958333333334,7.0,-0.09239583333333323,34.19346745219976,-92.39583333333323,False,0.0,spontaneous,3,116.0,0,True
sub04,test,1,8,4.359541666666667,4.258145833333334,8.0,-0.10139583333333313,42.043076839733956,-101.39583333333313,False,1.0,spontaneous,3,116.0,0,True
sub04,test,1,9,4.876791666666667,4.818645833333333,9.0,-0.05814583333333356,52.472709045335854,-58.14583333333356,False,1.0,spontaneous,3,116.0,0,True
sub04,test,1,10,5.394041666666666,5.311145833333334,10.0,-0.08289583333333272,36.521318010161174,-82.89583333333272,False,0.0,spontaneous,3,116.0,0,True
sub04,test,1,11,5.911291666666667,5.8444375,11.0,-0.06685416666666733,33.70047921572417,-66.85416666666733,False,0.0,spontaneous,3,116.0,0,True
sub04,test,1,12,6.428541666666667,6.36575,12.0,-0.06279166666666658,50.80438333555168,-62.79166666666658,False,1.0,spontaneous,3,116.0,0,True
sub04,test,1,13,6.945791666666667,6.914020833333334,13.0,-0.03177083333333286,39.28161236017126,-31.77083333333286,False,0.0,spontaneous,3,116.0,0,True
sub04,test,1,14,7.463041666666666,7.407520833333334,14.0,-0.055520833333332575,32.2695361877162,-55.520833333332575,False,0.0,spontaneous,3,116.0,0,True
sub04,test,1,15,7.980291666666667,7.916145833333333,15.0,-0.06414583333333379,52.22957097670907,-64.1458333333338,False,1.0,spontaneous,3,116.0,0,True
sub04,test,1,16,8.497541666666667,8.4070625,16.0,-0.09047916666666644,32.69363418961265,-90.47916666666644,False,0.0,spontaneous,3,116.0,0,True
sub04,test,1,17,9.014791666666667,8.902770833333333,17.0,-0.11202083333333412,42.007369299133316,-112.02083333333412,False,1.0,spontaneous,3,116.0,0,True
sub04,test,1,18,9.532041666666666,9.455020833333334,18.0,-0.0770208333333322,50.52600539441437,-77.0208333333322,False,1.0,spontaneous,3,116.0,0,True
sub04,test,1,19,10.049291666666667,9.976958333333334,19.0,-0.07233333333333292,34.64361087326285,-72.33333333333292,False,0.0,spontaneous,3,116.0,0,True
sub04,test,1,20,10.566541666666666,10.536,20.0,-0.030541666666666245,45.10405612595724,-30.541666666666245,False,1.0,spontaneous,3,116.0,0,True
sub04,test,1,21,11.083791666666666,11.019354166666666,21.0,-0.06443750000000037,52.38002068261464,-64.43750000000037,False,1.0,spontaneous,3,116.0,0,True
sub04,test,1,22,11.601041666666667,11.537375,22.0,-0.06366666666666632,37.042545719738705,-63.666666666666316,False,0.0,spontaneous,3,116.0,0,True
sub04,test,1,23,12.118291666666666,12.072604166666666,23.0,-0.04568749999999966,31.75623738809413,-45.68749999999966,False,0.0,spontaneous,3,116.0,0,True
sub04,test,1,24,12.635541666666667,12.5585,24.0,-0.07704166666666623,51.27236090928808,-77.04166666666623,False,1.0,spontaneous,3,116.0,0,True
sub04,test,1,25,13.152791666666667,13.103979166666667,25.0,-0.04881250000000037,38.37190749104414,-48.81250000000037,False,0.0,spontaneous,3,116.0,0,True
sub04,test,1,26,13.670041666666666,13.603770833333334,26.0,-0.06627083333333239,37.121567609942346,-66.27083333333239,False,0.0,spontaneous,3,116.0,0,True
sub04,test,1,27,14.187291666666667,14.129375,27.0,-0.05791666666666728,51.57004039318294,-57.91666666666728,False,1.0,spontaneous,3,116.0,0,True
sub04,test,1,28,14.704541666666668,14.662833333333333,28.0,-0.041708333333334124,36.08852315255218,-41.708333333334124,False,0.0,spontaneous,3,116.0,0,True
sub04,test,1,29,15.221791666666666,15.110875,29.0,-0.11091666666666633,35.49329524832209,-110.91666666666633,False,0.0,spontaneous,3,116.0,0,True
sub04,test,1,30,15.739041666666667,15.685979166666666,30.0,-0.05306250000000112,53.296886324620914,-53.06250000000112,False,1.0,spontaneous,3,116.0,0,True
sub04,test,1,31,16.256291666666666,16.2310625,31.0,-0.025229166666665748,35.86369180694264,-25.229166666665748,False,0.0,spontaneous,3,116.0,0,True
sub04,test,1,32,16.773541666666667,16.709125,32.0,-0.06441666666666634,28.39257142785999,-64.41666666666634,False,0.0,spontaneous,3,116.0,0,True
sub04,test,1,33,17.290791666666667,17.243666666666666,33.0,-0.047125000000001194,49.79942736026427,-47.125000000001194,False,1.0,spontaneous,3,116.0,0,True
sub04,test,1,34,17.808041666666668,17.774270833333333,34.0,-0.033770833333335304,35.43492826582185,-33.770833333335304,False,0.0,spontaneous,3,116.0,0,True
sub04,test,1,35,18.325291666666665,18.284395833333335,35.0,-0.040895833333330245,30.63384186324024,-40.895833333330245,False,0.0,spontaneous,3,116.0,0,True
sub04,test,1,36,18.842541666666666,18.81025,36.0,-0.03229166666666572,53.55247182784901,-32.29166666666572,False,1.0,spontaneous,3,116.0,0,True
sub04,test,1,37,19.359791666666666,19.3371875,37.0,-0.022604166666667425,33.89493405237488,-22.604166666667425,False,0.0,spontaneous,3,116.0,0,True
sub04,test,1,38,19.877041666666667,19.80975,38.0,-0.06729166666666586,38.95887349625901,-67.29166666666586,False,0.0,spontaneous,3,116.0,0,True
sub04,test,1,39,20.394291666666668,20.299833333333332,39.0,-0.09445833333333553,50.001192879293555,-94.45833333333553,False,1.0,spontaneous,3,116.0,0,True
sub04,test,1,40,20.91154166666667,20.813645833333332,40.0,-0.09789583333333596,35.43035886414569,-97.89583333333596,False,0.0,spontaneous,3,116.0,0,True
sub04,test,1,41,21.428791666666665,21.363458333333334,41.0,-0.06533333333333147,38.0903354807891,-65.33333333333147,False,0.0,spontaneous,3,116.0,0,True
sub04,test,1,42,21.946041666666666,21.89,42.0,-0.056041666666665435,48.086017943247505,-56.041666666665435,False,1.0,spontaneous,3,116.0,0,True
sub04,test,1,43,22.463291666666667,22.436958333333333,43.0,-0.026333333333333542,36.3422514608829,-26.33333333333354,False,0.0,spontaneous,3,116.0,0,True
sub04,test,1,44,22.980541666666667,22.920291666666667,44.0,-0.060249999999999915,40.980053447850665,-60.249999999999915,False,0.0,spontaneous,3,116.0,0,True
sub04,test,1,45,23.497791666666668,23.435833333333335,45.0,-0.061958333333333115,52.76458347803494,-61.958333333333115,False,1.0,spontaneous,3,116.0,0,True
sub04,test,1,46,24.015041666666665,23.97072916666667,46.0,-0.044312499999996646,40.109860694897144,-44.312499999996646,False,0.0,spontaneous,3,116.0,0,True
sub04,test,1,47,24.532291666666666,24.47475,47.0,-0.05754166666666549,36.83482503409847,-57.54166666666549,False,0.0,spontaneous,3,116.0,0,True
sub04,test,1,48,25.049541666666666,24.978708333333334,48.0,-0.07083333333333286,50.892400009067025,-70.83333333333286,False,1.0,spontaneous,3,116.0,0,True
sub04,test,1,49,25.566791666666667,25.493708333333334,49.0,-0.07308333333333294,35.24827785636772,-73.08333333333294,False,0.0,spontaneous,3,116.0,0,True
sub04,test,1,50,26.0851875,26.007291666666667,50.0,-0.07789583333333283,32.11467439105488,-77.89583333333283,False,0.0,spontaneous,3,116.0,0,True
sub04,test,1,51,26.60129166666667,26.552479166666668,51.0,-0.04881250000000037,49.97743971202269,-48.81250000000037,False,1.0,spontaneous,3,116.0,0,True
sub04,test,1,52,27.118541666666665,27.09525,52.0,-0.023291666666665378,31.106247778822876,-23.291666666665378,False,0.0,spontaneous,3,116.0,0,True
sub04,test,1,53,27.635791666666666,27.589604166666668,53.0,-0.046187499999998494,42.50726519710679,-46.187499999998494,False,1.0,spontaneous,3,116.0,0,True
sub04,test,1,54,28.153041666666667,28.07525,54.0,-0.07779166666666626,54.538083407409104,-77.79166666666626,False,1.0,spontaneous,3,116.0,0,True
sub04,test,1,55,28.671416666666666,28.612583333333333,55.0,-0.058833333333332405,42.00502177612698,-58.833333333332405,False,1.0,spontaneous,3,116.0,0,True
sub04,test,1,56,29.187541666666668,29.133479166666667,56.0,-0.05406250000000057,36.3914789482113,-54.06250000000057,False,0.0,spontaneous,3,116.0,0,True
sub04,test,2,0,0.22666666666666666,0.38758333333333334,0.0,0.16091666666666668,48.57534232302683,160.91666666666669,False,1.0,cued,3,104.0,18,True
sub04,test,2,1,0.8024375,0.7533958333333334,1.0,-0.04904166666666665,43.7942596210674,-49.04166666666665,False,1.0,cued,3,104.0,18,True
sub04,test,2,2,1.3793541666666667,1.2907916666666666,2.0,-0.0885625000000001,44.477316707196906,-88.5625000000001,False,1.0,cued,3,104.0,18,True
sub04,test,2,3,1.9562708333333334,1.8805208333333334,3.0,-0.07574999999999998,52.222775448104876,-75.74999999999999,False,1.0,cued,3,104.0,18,True
sub04,test,2,4,2.5331875,2.4532708333333333,4.0,-0.07991666666666664,35.7009680660699,-79.91666666666663,False,0.0,cued,3,104.0,18,True
sub04,test,2,5,3.1101041666666664,3.035791666666667,5.0,-0.07431249999999956,34.29870210549264,-74.31249999999956,False,0.0,cued,3,104.0,18,True
sub04,test,2,6,3.6870208333333334,3.586,6.0,-0.10102083333333356,51.280239347204514,-101.02083333333356,False,1.0,cued,3,104.0,18,True
sub04,test,2,7,4.2639375,4.192166666666667,7.0,-0.0717708333333329,37.35496878186976,-71.77083333333289,False,0.0,cued,3,104.0,18,True
sub04,test,2,8,4.8408541666666665,4.751979166666667,8.0,-0.08887499999999982,43.118341069072095,-88.87499999999982,False,1.0,cued,3,104.0,18,True
sub04,test,2,9,5.417770833333333,5.2738958333333334,9.0,-0.14387499999999953,52.68570997479693,-143.87499999999955,False,1.0,cued,3,104.0,18,True
sub04,test,2,10,5.9946875,5.876645833333333,10.0,-0.11804166666666749,31.58518078034355,-118.04166666666748,False,0.0,cued,3,104.0,18,True
sub04,test,2,11,6.571604166666667,6.4816875,11.0,-0.08991666666666731,34.69328553869711,-89.91666666666731,False,0.0,cued,3,104.0,18,True
sub04,test,2,12,7.148520833333333,7.038583333333333,12.0,-0.10993750000000002,48.97652737424275,-109.93750000000003,False,1.0,cued,3,104.0,18,True
sub04,test,2,13,7.7254375,7.628791666666666,13.0,-0.09664583333333354,35.08312236732995,-96.64583333333354,False,0.0,cued,3,104.0,18,True
sub04,test,2,14,8.302354166666667,8.209645833333333,14.0,-0.09270833333333428,39.32152392467701,-92.70833333333428,False,0.0,cued,3,104.0,18,True
sub04,test,2,15,8.880416666666667,8.801354166666666,15.0,-0.07906250000000092,51.78627549652836,-79.06250000000092,False,1.0,cued,3,104.0,18,True
sub04,test,2,16,9.4561875,9.389083333333334,16.0,-0.06710416666666674,35.20292436067795,-67.10416666666674,False,0.0,cued,3,104.0,18,True
sub04,test,2,17,10.033104166666666,9.945208333333333,17.0,-0.08789583333333262,34.79364233484385,-87.89583333333262,False,0.0,cued,3,104.0,18,True
sub04,test,2,18,10.610020833333333,10.48625,18.0,-0.12377083333333339,48.80301136861512,-123.77083333333339,False,1.0,cued,3,104.0,18,True
sub04,test,2,19,11.1869375,11.100770833333334,19.0,-0.08616666666666717,39.84341129375047,-86.16666666666717,False,0.0,cued,3,104.0,18,True
sub04,test,2,20,11.763854166666667,11.6066875,20.0,-0.1571666666666669,39.17063981485593,-157.1666666666669,False,0.0,cued,3,104.0,18,True
sub04,test,2,21,12.341916666666666,12.267875,21.0,-0.07404166666666612,51.07054866403173,-74.04166666666612,False,1.0,cued,3,104.0,18,True
sub04,test,2,22,12.9176875,12.855166666666667,22.0,-0.06252083333333225,40.63577458471519,-62.52083333333225,False,0.0,cued,3,104.0,18,True
sub04,test,2,23,13.494604166666667,13.365354166666666,23.0,-0.12925000000000075,40.908641730333116,-129.25000000000074,False,0.0,cued,3,104.0,18,True
sub04,test,2,24,14.071520833333333,14.006875,24.0,-0.06464583333333174,51.860647202563214,-64.64583333333174,False,1.0,cued,3,104.0,18,True
sub04,test,2,25,14.6484375,14.631,25.0,-0.017437499999999773,37.35628115575129,-17.437499999999773,False,0.0,cued,3,104.0,18,True
sub04,test,2,26,15.225354166666667,15.160979166666667,26.0,-0.06437500000000007,39.603552449630385,-64.37500000000007,False,0.0,cued,3,104.0,18,True
sub04,test,2,27,15.802270833333333,15.753895833333333,27.0,-0.04837500000000006,51.7540353025428,-48.37500000000006,False,1.0,cued,3,104.0,18,True
sub04,test,2,28,16.3791875,16.332125,28.0,-0.04706249999999912,30.89067935095253,-47.06249999999912,False,0.0,cued,3,104.0,18,True
sub04,test,2,29,16.956104166666666,16.891354166666666,29.0,-0.06475000000000009,33.31319862557508,-64.75000000000009,False,0.0,cued,3,104.0,18,True
sub04,test,2,30,17.53302083333333,17.453166666666668,30.0,-0.07985416666666367,51.143924802244825,-79.85416666666367,False,1.0,cued,3,104.0,18,True
sub04,test,2,31,18.1099375,18.07,31.0,-0.039937500000000625,37.876894873438566,-39.937500000000625,False,0.0,cued,3,104.0,18,True
sub04,test,2,32,18.686854166666667,18.641166666666667,32.0,-0.04568749999999966,49.1353231198771,-45.68749999999966,False,1.0,cued,3,104.0,18,True
sub04,test,2,33,19.263770833333332,19.23175,33.0,-0.0320208333333305,36.15460361907201,-32.0208333333305,False,0.0,cued,3,104.0,18,True
sub04,test,2,34,19.8406875,19.828520833333332,34.0,-0.012166666666669101,51.038071785798,-12.166666666669101,False,1.0,cued,3,104.0,18,True
sub04,test,2,35,20.417604166666667,20.341166666666666,35.0,-0.07643750000000082,36.84759174651077,-76.43750000000082,False,0.0,cued,3,104.0,18,True
sub04,test,2,36,20.994520833333333,20.947166666666668,36.0,-0.04735416666666481,50.197887096165815,-47.35416666666481,False,1.0,cued,3,104.0,18,True
sub04,test,2,37,21.5714375,21.507895833333333,37.0,-0.06354166666666572,41.83459598403711,-63.54166666666572,False,1.0,cued,3,104.0,18,True
sub04,test,2,38,22.148354166666667,22.125958333333333,38.0,-0.02239583333333428,50.25946991905232,-22.39583333333428,False,1.0,cued,3,104.0,18,True
sub04,test,2,39,22.725270833333333,22.696041666666666,39.0,-0.029229166666667084,36.712076306659085,-29.229166666667084,False,0.0,cued,3,104.0,18,True
sub04,test,2,40,23.3021875,23.28302083333333,40.0,-0.019166666666666998,49.30296140764853,-19.166666666667,False,1.0,cued,3,104.0,18,True
sub04,test,2,41,23.879104166666668,23.827020833333332,41.0,-0.0520833333333357,33.762110893230734,-52.0833333333357,False,0.0,cued,3,104.0,18,True
sub04,test,2,42,24.456020833333334,24.396854166666667,42.0,-0.059166666666666146,51.24435908105554,-59.166666666666146,False,1.0,cued,3,104.0,18,True
sub04,test,2,43,25.034083333333335,24.914354166666666,43.0,-0.11972916666666933,31.383239736879432,-119.72916666666933,False,0.0,cued,3,104.0,18,True
sub04,test,2,44,25.60985416666667,25.55175,44.0,-0.058104166666669954,51.04058091529522,-58.104166666669954,False,1.0,cued,3,104.0,18,True
sub04,test,2,45,26.186770833333334,26.118833333333335,45.0,-0.06793749999999932,38.46794974724281,-67.93749999999932,False,0.0,cued,3,104.0,18,True
sub04,test,2,46,26.7636875,26.7265625,46.0,-0.03712499999999963,51.29838410495596,-37.12499999999963,False,1.0,cued,3,104.0,18,True
sub04,test,2,47,27.340604166666665,27.273,47.0,-0.06760416666666558,41.37025685668429,-67.60416666666558,False,0.0,cued,3,104.0,18,True
sub04,test,2,48,27.917520833333334,27.866520833333333,48.0,-0.05100000000000193,51.823605762662595,-51.00000000000193,False,1.0,cued,3,104.0,18,True
sub04,test,2,49,28.4944375,28.450708333333335,49.0,-0.043729166666665265,38.000915375188036,-43.729166666665265,False,0.0,cued,3,104.0,18,True
sub04,test,2,50,29.071354166666666,28.9848125,50.0,-0.0865416666666654,50.201841956881495,-86.5416666666654,False,1.0,cued,3,104.0,18,True
sub04,test,2,51,29.648270833333335,29.595833333333335,51.0,-0.052437499999999915,41.779937392471844,-52.437499999999915,False,1.0,cued,3,104.0,18,True
sub04,test,3,0,0.22279166666666667,,,,,,True,,spontaneous,3,120.0,0,True
sub04,test,3,1,0.7216458333333333,,,,,,True,,spontaneous,3,120.0,0,True
sub04,test,3,2,1.2216458333333333,1.1430833333333332,0.0,-0.07856250000000009,53.491844594053916,-78.56250000000009,False,1.0,spontaneous,3,120.0,0,True
sub04,test,3,3,1.7216458333333333,1.6462083333333333,1.0,-0.07543750000000005,44.17567120015057,-75.43750000000004,False,0.0,spontaneous,3,120.0,0,True
sub04,test,3,4,2.2216458333333335,2.145583333333333,2.0,-0.07606250000000037,46.580458763612384,-76.06250000000037,False,0.0,spontaneous,3,120.0,0,True
sub04,test,3,5,2.7216458333333335,2.658166666666667,3.0,-0.06347916666666675,54.72166065535967,-63.47916666666676,False,1.0,spontaneous,3,120.0,0,True
sub04,test,3,6,3.2216458333333335,3.1613125,4.0,-0.06033333333333335,37.28209951713723,-60.33333333333335,False,0.0,spontaneous,3,120.0,0,True
sub04,test,3,7,3.7216458333333335,3.6042708333333335,5.0,-0.11737500000000001,39.22070755725413,-117.375,False,0.0,spontaneous,3,120.0,0,True
sub04,test,3,8,4.2216458333333335,4.118166666666666,6.0,-0.10347916666666723,53.06603589230487,-103.47916666666723,False,1.0,spontaneous,3,120.0,0,True
sub04,test,3,9,4.7216458333333335,4.58,7.0,-0.14164583333333347,34.01868237331808,-141.64583333333348,False,0.0,spontaneous,3,120.0,0,True
sub04,test,3,10,5.222791666666667,5.148208333333334,8.0,-0.074583333333333,47.52262366295324,-74.583333333333,False,1.0,spontaneous,3,120.0,0,True
sub04,test,3,11,5.7216458333333335,5.6645,9.0,-0.05714583333333323,56.86387913056092,-57.14583333333323,False,1.0,spontaneous,3,120.0,0,True
sub04,test,3,12,6.2216458333333335,6.139083333333334,10.0,-0.08256249999999987,44.51759355216958,-82.56249999999987,False,0.0,spontaneous,3,120.0,0,True
sub04,test,3,13,6.722791666666667,6.655,11.0,-0.06779166666666647,45.334700953316315,-67.79166666666647,False,0.0,spontaneous,3,120.0,0,True
sub04,test,3,14,7.2216458333333335,7.162375,12.0,-0.059270833333333606,57.81322907777571,-59.270833333333606,False,1.0,spontaneous,3,120.0,0,True
sub04,test,3,15,7.7216458333333335,7.7055,13.0,-0.016145833333333748,44.77305780614518,-16.145833333333748,False,0.0,spontaneous,3,120.0,0,True
sub04,test,3,16,8.222791666666666,8.1845625,14.0,-0.03822916666666565,55.6485330680331,-38.22916666666565,False,1.0,spontaneous,3,120.0,0,True
sub04,test,3,17,8.721645833333334,8.667645833333333,15.0,-0.05400000000000027,40.60426557621078,-54.00000000000027,False,0.0,spontaneous,3,120.0,0,True
sub04,test,3,18,9.221645833333334,9.14875,16.0,-0.07289583333333383,53.080282884146506,-72.89583333333383,False,1.0,spontaneous,3,120.0,0,True
sub04,test,3,19,9.721645833333334,9.695479166666667,17.0,-0.02616666666666667,36.63332773118731,-26.16666666666667,False,0.0,spontaneous,3,120.0,0,True
sub04,test,3,20,10.221645833333334,10.148375,18.0,-0.07327083333333384,54.20483115686543,-73.27083333333384,False,1.0,spontaneous,3,120.0,0,True
sub04,test,3,21,10.721645833333334,10.6718125,19.0,-0.04983333333333384,38.29653033882549,-49.83333333333384,False,0.0,spontaneous,3,120.0,0,True
sub04,test,3,22,11.221645833333334,11.161020833333334,20.0,-0.06062499999999993,55.17083674209943,-60.62499999999993,False,1.0,spontaneous,3,120.0,0,True
sub04,test,3,23,11.721645833333334,11.625979166666667,21.0,-0.09566666666666634,31.853441952299775,-95.66666666666634,False,0.0,spontaneous,3,120.0,0,True
sub04,test,3,24,12.221645833333334,12.15125,22.0,-0.07039583333333432,52.20580821753144,-70.39583333333432,False,1.0,spontaneous,3,120.0,0,True
sub04,test,3,25,12.721645833333334,12.641208333333333,23.0,-0.08043750000000038,35.34226769210726,-80.43750000000038,False,0.0,spontaneous,3,120.0,0,True
sub04,test,3,26,13.221645833333334,13.154291666666667,24.0,-0.06735416666666616,51.814337097301895,-67.35416666666616,False,1.0,spontaneous,3,120.0,0,True
sub04,test,3,27,13.721645833333334,13.6755625,25.0,-0.0460833333333337,43.655899556836964,-46.0833333333337,False,0.0,spontaneous,3,120.0,0,True
sub04,test,3,28,14.221645833333334,14.174729166666667,26.0,-0.046916666666666273,53.33422594919231,-46.91666666666627,False,1.0,spontaneous,3,120.0,0,True
sub04,test,3,29,14.721645833333334,14.6596875,27.0,-0.061958333333333115,43.60272770081225,-61.958333333333115,False,0.0,spontaneous,3,120.0,0,True
sub04,test,3,30,15.221645833333334,15.178666666666667,28.0,-0.04297916666666701,51.45729624767086,-42.97916666666701,False,1.0,spontaneous,3,120.0,0,True
sub04,test,3,31,15.722791666666666,15.6715,29.0,-0.05129166666666585,34.15708034079178,-51.29166666666585,False,0.0,spontaneous,3,120.0,0,True
sub04,test,3,32,16.221645833333334,16.185854166666665,30.0,-0.03579166666666822,52.39669657142105,-35.79166666666822,False,1.0,spontaneous,3,120.0,0,True
sub04,test,3,33,16.721645833333334,16.699854166666668,31.0,-0.02179166666666532,43.12774459311585,-21.79166666666532,False,0.0,spontaneous,3,120.0,0,True
sub04,test,3,34,17.221645833333334,17.201020833333335,32.0,-0.020624999999999005,49.53924406302437,-20.624999999999005,False,1.0,spontaneous,3,120.0,0,True
sub04,test,3,35,17.721645833333334,17.665875,33.0,-0.05577083333333377,44.49290149118845,-55.77083333333377,False,0.0,spontaneous,3,120.0,0,True
sub04,test,3,36,18.222791666666666,18.157395833333332,34.0,-0.06539583333333354,53.269581142399616,-65.39583333333354,False,1.0,spontaneous,3,120.0,0,True
sub04,test,3,37,18.721645833333334,18.688583333333334,35.0,-0.03306249999999977,47.215097417140015,-33.06249999999977,False,1.0,spontaneous,3,120.0,0,True
sub04,test,3,38,19.221645833333334,19.200770833333333,36.0,-0.0208750000000002,53.83308480632918,-20.8750000000002,False,1.0,spontaneous,3,120.0,0,True
sub04,test,3,39,19.721645833333334,19.678229166666668,37.0,-0.04341666666666555,34.66160410509853,-43.41666666666555,False,0.0,spontaneous,3,120.0,0,True
sub04,test,3,40,20.221645833333334,20.17085416666667,38.0,-0.050791666666665236,51.36024173730176,-50.791666666665236,False,1.0,spontaneous,3,120.0,0,True
sub04,test,3,41,20.721645833333334,20.7205625,39.0,-0.0010833333333337691,39.150187369110434,-1.0833333333337691,False,0.0,spontaneous,3,120.0,0,True
sub04,test,3,42,21.221645833333334,21.2069375,40.0,-0.014708333333334878,52.941109799516184,-14.708333333334878,False,1.0,spontaneous,3,120.0,0,True
sub04,test,3,43,21.721645833333334,21.6865625,41.0,-0.03508333333333269,39.101014146909385,-35.08333333333269,False,0.0,spontaneous,3,120.0,0,True
sub04,test,3,44,22.221645833333334,22.163291666666666,42.0,-0.058354166666667595,53.62028683967065,-58.354166666667595,False,1.0,spontaneous,3,120.0,0,True
sub04,test,3,45,22.721645833333334,22.645208333333333,43.0,-0.07643750000000082,34.47639344549476,-76.43750000000082,False,0.0,spontaneous,3,120.0,0,True
sub04,test,3,46,23.221645833333334,23.1711875,44.0,-0.05045833333333505,52.08808932019799,-50.45833333333505,False,1.0,spontaneous,3,120.0,0,True
sub04,test,3,47,23.721645833333334,23.67625,45.0,-0.04539583333333397,43.9311896668944,-45.39583333333397,False,0.0,spontaneous,3,120.0,0,True
sub04,test,3,48,24.221645833333334,24.208979166666666,46.0,-0.012666666666667936,52.585290015221446,-12.666666666667936,False,1.0,spontaneous,3,120.0,0,True
sub04,test,3,49,24.722791666666666,24.657645833333333,47.0,-0.06514583333333235,36.45972226576669,-65.14583333333235,False,0.0,spontaneous,3,120.0,0,True
sub04,test,3,50,25.221645833333334,25.140270833333332,48.0,-0.08137500000000131,50.51758813800545,-81.37500000000131,False,1.0,spontaneous,3,120.0,0,True
sub04,test,3,51,25.721645833333334,25.638770833333332,49.0,-0.08287500000000136,38.34486934368362,-82.87500000000136,False,0.0,spontaneous,3,120.0,0,True
sub04,test,3,52,26.221645833333334,26.155833333333334,50.0,-0.06581249999999983,53.49032515956469,-65.81249999999983,False,1.0,spontaneous,3,120.0,0,True
sub04,test,3,53,26.721645833333334,26.674291666666665,51.0,-0.04735416666666836,44.135930839341626,-47.35416666666836,False,0.0,spontaneous,3,120.0,0,True
sub04,test,3,54,27.222791666666666,27.166791666666665,52.0,-0.05600000000000094,52.552671450854774,-56.00000000000094,False,1.0,spontaneous,3,120.0,0,True
sub04,test,3,55,27.721645833333334,27.660479166666665,53.0,-0.06116666666666859,33.264214936277526,-61.16666666666859,False,0.0,spontaneous,3,120.0,0,True
sub04,test,3,56,28.221645833333334,28.135604166666667,54.0,-0.08604166666666657,51.361559564912874,-86.04166666666657,False,1.0,spontaneous,3,120.0,0,True
sub04,test,3,57,28.721645833333334,28.639208333333332,55.0,-0.08243750000000105,34.432155993894014,-82.43750000000105,False,0.0,spontaneous,3,120.0,0,True
sub04,test,3,58,29.221645833333334,29.1638125,56.0,-0.057833333333334735,51.97503903835055,-57.833333333334735,False,1.0,spontaneous,3,120.0,0,True
sub04,test,3,59,29.721645833333334,29.648020833333334,57.0,-0.07362499999999983,29.723786786661172,-73.62499999999983,False,0.0,spontaneous,3,120.0,0,True
sub04,test,4,0,0.2268125,0.3705625,0.0,0.14375000000000002,50.96964064830815,143.75000000000003,False,1.0,cued,2,116.0,18,True
sub04,test,4,1,0.7440625,0.7594583333333333,1.0,0.015395833333333386,40.73353994898174,15.395833333333385,False,0.0,cued,2,116.0,18,True
sub04,test,4,2,1.2601666666666667,1.2475416666666668,2.0,-0.012624999999999886,50.891138731415836,-12.624999999999886,False,1.0,cued,2,116.0,18,True
sub04,test,4,3,1.7774166666666666,1.7505625,3.0,-0.026854166666666623,39.82944865809594,-26.85416666666662,False,0.0,cued,2,116.0,18,True
sub04,test,4,4,2.2946666666666666,2.2561458333333335,4.0,-0.038520833333333115,51.77641598019441,-38.520833333333115,False,1.0,cued,2,116.0,18,True
sub04,test,4,5,2.811916666666667,2.7596041666666666,5.0,-0.052312500000000206,43.089209920946814,-52.312500000000206,False,0.0,cued,2,116.0,18,True
sub04,test,4,6,3.3291666666666666,3.2398541666666665,6.0,-0.08931250000000013,50.54564759695534,-89.31250000000013,False,1.0,cued,2,116.0,18,True
sub04,test,4,7,3.846416666666667,3.782979166666667,7.0,-0.06343750000000004,41.628394248690476,-63.437500000000036,False,0.0,cued,2,116.0,18,True
sub04,test,4,8,4.363666666666667,4.269958333333333,8.0,-0.09370833333333373,50.41145681229226,-93.70833333333373,False,1.0,cued,2,116.0,18,True
sub04,test,4,9,4.880916666666667,4.769375,9.0,-0.11154166666666665,38.24303317233217,-111.54166666666666,False,0.0,cued,2,116.0,18,True
sub04,test,4,10,5.398166666666667,5.320458333333334,10.0,-0.07770833333333282,50.272938731383164,-77.70833333333283,False,1.0,cued,2,116.0,18,True
sub04,test,4,11,5.915416666666666,5.839,11.0,-0.07641666666666591,36.78261221426493,-76.41666666666592,False,0.0,cued,2,116.0,18,True
sub04,test,4,12,6.432666666666667,6.351166666666667,12.0,-0.08150000000000013,50.90489740283071,-81.50000000000013,False,1.0,cued,2,116.0,18,True
sub04,test,4,13,6.949916666666667,6.8845,13.0,-0.06541666666666668,34.195631556653495,-65.41666666666669,False,0.0,cued,2,116.0,18,True
sub04,test,4,14,7.4671666666666665,7.385,14.0,-0.08216666666666672,51.344754585261114,-82.16666666666671,False,1.0,cued,2,116.0,18,True
sub04,test,4,15,7.984416666666666,7.9080625,15.0,-0.0763541666666665,40.52432206094942,-76.3541666666665,False,0.0,cued,2,116.0,18,True
sub04,test,4,16,8.501666666666667,8.420458333333332,16.0,-0.08120833333333444,51.46674725846489,-81.20833333333444,False,1.0,cued,2,116.0,18,True
sub04,test,4,17,9.018916666666666,9.004208333333333,17.0,-0.014708333333333101,39.78806086526677,-14.708333333333101,False,0.0,cued,2,116.0,18,True
sub04,test,4,18,9.536166666666666,9.4919375,18.0,-0.044229166666665876,50.53553017531922,-44.229166666665876,False,1.0,cued,2,116.0,18,True
sub04,test,4,19,10.053416666666667,10.001770833333333,19.0,-0.05164583333333361,37.11796570658556,-51.64583333333361,False,0.0,cued,2,116.0,18,True
sub04,test,4,20,10.570666666666666,10.531958333333334,20.0,-0.038708333333332234,51.36493496038255,-38.708333333332234,False,1.0,cued,2,116.0,18,True
sub04,test,4,21,11.087916666666667,11.0456875,21.0,-0.042229166666666984,40.955368975519576,-42.229166666666984,False,0.0,cued,2,116.0,18,True
sub04,test,4,22,11.605166666666667,11.543125,22.0,-0.06204166666666744,52.45804804963193,-62.04166666666744,False,1.0,cued,2,116.0,18,True
sub04,test,4,23,12.122416666666666,12.117354166666667,23.0,-0.005062499999999304,38.01801031161168,-5.062499999999304,False,0.0,cued,2,116.0,18,True
sub04,test,4,24,12.639666666666667,12.588666666666667,24.0,-0.051000000000000156,53.420482749845405,-51.000000000000156,False,1.0,cued,2,116.0,18,True
sub04,test,4,25,13.156916666666667,13.0865625,25.0,-0.07035416666666805,41.249555651934216,-70.35416666666805,False,0.0,cued,2,116.0,18,True
sub04,test,4,26,13.674166666666666,13.613875,26.0,-0.06029166666666619,50.18980101844761,-60.29166666666619,False,1.0,cued,2,116.0,18,True
sub04,test,4,27,14.191416666666667,14.096229166666667,27.0,-0.09518749999999976,44.25416918339724,-95.18749999999976,False,1.0,cued,2,116.0,18,True
sub04,test,4,28,14.708666666666666,14.60525,28.0,-0.10341666666666605,52.15998961638823,-103.41666666666605,False,1.0,cued,2,116.0,18,True
sub04,test,4,29,15.225916666666667,15.1751875,29.0,-0.050729166666666714,30.283167440083695,-50.729166666666714,False,0.0,cued,2,116.0,18,True
sub04,test,4,30,15.744291666666667,15.699333333333334,30.0,-0.044958333333333655,49.36594669479439,-44.958333333333655,False,1.0,cued,2,116.0,18,True
sub04,test,4,31,16.260416666666668,16.202708333333334,31.0,-0.05770833333333414,38.68305166386542,-57.70833333333414,False,0.0,cued,2,116.0,18,True
sub04,test,4,32,16.777666666666665,16.738208333333333,32.0,-0.03945833333333226,50.089521689269674,-39.45833333333226,False,1.0,cued,2,116.0,18,True
sub04,test,4,33,17.294916666666666,17.26875,33.0,-0.026166666666664895,38.962923431043876,-26.166666666664895,False,0.0,cued,2,116.0,18,True
sub04,test,4,34,17.812166666666666,17.750229166666667,34.0,-0.06193749999999909,52.2496001106419,-61.93749999999909,False,1.0,cued,2,116.0,18,True
sub04,test,4,35,18.329416666666667,18.285854166666667,35.0,-0.04356250000000017,39.71555377077567,-43.56250000000017,False,0.0,cued,2,116.0,18,True
sub04,test,4,36,18.846666666666668,18.792833333333334,36.0,-0.0538333333333334,54.297996634569856,-53.8333333333334,False,1.0,cued,2,116.0,18,True
sub04,test,4,37,19.365041666666666,19.279875,37.0,-0.08516666666666595,43.57544425589202,-85.16666666666595,False,0.0,cued,2,116.0,18,True
sub04,test,4,38,19.881166666666665,19.828875,38.0,-0.05229166666666529,43.76000835845904,-52.29166666666529,False,1.0,cued,2,116.0,18,True
sub04,test,4,39,20.398416666666666,20.299708333333335,39.0,-0.09870833333333096,53.21279644194035,-98.70833333333096,False,1.0,cued,2,116.0,18,True
sub04,test,4,40,20.915666666666667,20.8614375,40.0,-0.05422916666666566,41.608405592320196,-54.22916666666566,False,0.0,cued,2,116.0,18,True
sub04,test,4,41,21.432916666666667,21.3789375,41.0,-0.05397916666666802,42.96195532184945,-53.97916666666802,False,0.0,cued,2,116.0,18,True
sub04,test,4,42,21.950166666666668,21.905375,42.0,-0.04479166666666856,52.67888771904636,-44.79166666666856,False,1.0,cued,2,116.0,18,True
sub04,test,4,43,22.467416666666665,22.41283333333333,43.0,-0.05458333333333343,43.01411087695773,-54.58333333333343,False,0.0,cued,2,116.0,18,True
sub04,test,4,44,22.984666666666666,22.91525,44.0,-0.06941666666666535,40.62444456758789,-69.41666666666535,False,0.0,cued,2,116.0,18,True
sub04,test,4,45,23.501916666666666,23.412375,45.0,-0.08954166666666552,53.06861350208281,-89.54166666666552,False,1.0,cued,2,116.0,18,True
sub04,test,4,46,24.019166666666667,23.928020833333335,46.0,-0.09114583333333215,41.55390616111909,-91.14583333333215,False,0.0,cued,2,116.0,18,True
sub04,test,4,47,24.536416666666668,24.477208333333333,47.0,-0.059208333333334195,42.449183622892484,-59.208333333334195,False,0.0,cued,2,116.0,18,True
sub04,test,4,48,25.05366666666667,24.986,48.0,-0.06766666666666765,53.658165025050806,-67.66666666666765,False,1.0,cued,2,116.0,18,True
sub04,test,4,49,25.570916666666665,25.518708333333333,49.0,-0.052208333333332746,41.6560223572019,-52.208333333332746,False,0.0,cued,2,116.0,18,True
sub04,test,4,50,26.088166666666666,26.0354375,50.0,-0.052729166666665606,41.416489753273765,-52.729166666665606,False,0.0,cued,2,116.0,18,True
sub04,test,4,51,26.605416666666667,26.579520833333333,51.0,-0.02589583333333323,50.7376467109349,-25.89583333333323,False,1.0,cued,2,116.0,18,True
sub04,test,4,52,27.122666666666667,27.073645833333334,52.0,-0.04902083333333351,42.69509798555035,-49.02083333333351,False,0.0,cued,2,116.0,18,True
sub04,test,4,53,27.639916666666668,27.565125,53.0,-0.0747916666666697,43.59127570420149,-74.7916666666697,False,1.0,cued,2,116.0,18,True
sub04,test,4,54,28.157166666666665,28.0915625,54.0,-0.06560416666666669,53.15096915818032,-65.60416666666669,False,1.0,cued,2,116.0,18,True
sub04,test,4,55,28.674416666666666,28.599958333333333,55.0,-0.0744583333333324,39.700120883476174,-74.4583333333324,False,0.0,cued,2,116.0,18,True
sub04,test,4,56,29.191666666666666,29.090166666666665,56.0,-0.10150000000000148,42.375342085249514,-101.50000000000148,False,0.0,cued,2,116.0,18,True
sub04,test,5,0,0.22264583333333332,0.39125,0.0,0.16860416666666667,39.80672172615157,168.60416666666666,False,0.0,cued,3,104.0,18,True
sub04,test,5,1,0.7984375,0.7835625,1.0,-0.014874999999999972,47.07810254943033,-14.874999999999972,False,1.0,cued,3,104.0,18,True
sub04,test,5,2,1.3753541666666667,1.3278125,2.0,-0.04754166666666659,43.92317915784652,-47.54166666666659,False,1.0,cued,3,104.0,18,True
sub04,test,5,3,1.9522708333333334,1.9062916666666667,3.0,-0.04597916666666668,54.1788868138119,-45.979166666666686,False,1.0,cued,3,104.0,18,True
sub04,test,5,4,2.5291875,2.47525,4.0,-0.05393749999999997,40.68742370165597,-53.93749999999997,False,0.0,cued,3,104.0,18,True
sub04,test,5,5,3.106104166666667,3.0703125,5.0,-0.03579166666666689,43.15803402559211,-35.791666666666885,False,0.0,cued,3,104.0,18,True
sub04,test,5,6,3.6830208333333334,3.6064166666666666,6.0,-0.0766041666666668,53.73056359143937,-76.6041666666668,False,1.0,cued,3,104.0,18,True
sub04,test,5,7,4.2599375,4.164770833333334,7.0,-0.09516666666666662,39.879433507697904,-95.16666666666663,False,0.0,cued,3,104.0,18,True
sub04,test,5,8,4.836854166666667,4.7601458333333335,8.0,-0.07670833333333338,44.13873390666645,-76.70833333333337,False,1.0,cued,3,104.0,18,True
sub04,test,5,9,5.413770833333333,5.3238125,9.0,-0.08995833333333358,51.4451418529644,-89.95833333333358,False,1.0,cued,3,104.0,18,True
sub04,test,5,10,5.9906875,5.930395833333334,10.0,-0.06029166666666619,36.651294084579554,-60.29166666666619,False,0.0,cued,3,104.0,18,True
sub04,test,5,11,6.5676041666666665,6.499729166666667,11.0,-0.06787499999999991,42.85019045487678,-67.87499999999991,False,0.0,cued,3,104.0,18,True
sub04,test,5,12,7.144520833333333,7.0553333333333335,12.0,-0.08918749999999953,51.63661071649224,-89.18749999999953,False,1.0,cued,3,104.0,18,True
sub04,test,5,13,7.7214375,7.6303125,13.0,-0.09112500000000079,39.27308613997899,-91.1250000000008,False,0.0,cued,3,104.0,18,True
sub04,test,5,14,8.298354166666666,8.210833333333333,14.0,-0.0875208333333326,44.68697037909297,-87.5208333333326,False,1.0,cued,3,104.0,18,True
sub04,test,5,15,8.875270833333333,8.8008125,15.0,-0.07445833333333418,50.74323461948082,-74.45833333333418,False,1.0,cued,3,104.0,18,True
sub04,test,5,16,9.453333333333333,9.410979166666667,16.0,-0.042354166666665805,38.50544089782521,-42.354166666665805,False,0.0,cued,3,104.0,18,True
sub04,test,5,17,10.03025,9.9753125,17.0,-0.054937500000001194,39.66166087760163,-54.937500000001194,False,0.0,cued,3,104.0,18,True
sub04,test,5,18,10.606020833333334,10.5433125,18.0,-0.06270833333333314,50.79087583660978,-62.708333333333144,False,1.0,cued,3,104.0,18,True
sub04,test,5,19,11.1829375,11.141041666666666,19.0,-0.04189583333333324,37.375041222465285,-41.89583333333324,False,0.0,cued,3,104.0,18,True
sub04,test,5,20,11.759854166666667,11.719979166666667,20.0,-0.03987500000000033,40.24713684269297,-39.87500000000033,False,0.0,cued,3,104.0,18,True
sub04,test,5,21,12.336770833333333,12.281,21.0,-0.05577083333333199,52.273657671618814,-55.77083333333199,False,1.0,cued,3,104.0,18,True
sub04,test,5,22,12.9136875,12.873666666666667,22.0,-0.04002083333333317,39.333698333290975,-40.02083333333317,False,0.0,cued,3,104.0,18,True
sub04,test,5,23,13.490604166666667,13.431875,23.0,-0.05872916666666761,41.935084382649634,-58.72916666666761,False,0.0,cued,3,104.0,18,True
sub04,test,5,24,14.067520833333333,14.010854166666666,24.0,-0.05666666666666664,52.13048759471772,-56.66666666666664,False,1.0,cued,3,104.0,18,True
sub04,test,5,25,14.6444375,14.6255,25.0,-0.01893749999999983,40.04323493889419,-18.93749999999983,False,0.0,cued,3,104.0,18,True
sub04,test,5,26,15.221354166666666,15.178416666666667,26.0,-0.04293749999999896,40.945280709814504,-42.93749999999896,False,0.0,cued,3,104.0,18,True
sub04,test,5,27,15.798270833333333,15.753770833333334,27.0,-0.04449999999999932,49.76462181453017,-44.49999999999932,False,1.0,cued,3,104.0,18,True
sub04,test,5,28,16.3751875,16.356458333333332,28.0,-0.018729166666666686,38.11047082868122,-18.729166666666686,False,0.0,cued,3,104.0,18,True
sub04,test,5,29,16.95210416666667,16.841791666666666,29.0,-0.1103125000000027,40.599061052117804,-110.3125000000027,False,0.0,cued,3,104.0,18,True
sub04,test,5,30,17.529020833333334,17.4374375,30.0,-0.09158333333333246,51.96606655054045,-91.58333333333246,False,1.0,cued,3,104.0,18,True
sub04,test,5,31,18.1059375,18.0143125,31.0,-0.09162500000000051,38.487346368791876,-91.62500000000051,False,0.0,cued,3,104.0,18,True
sub04,test,5,32,18.682854166666665,18.621583333333334,32.0,-0.06127083333333161,38.31678649055328,-61.27083333333161,False,0.0,cued,3,104.0,18,True
sub04,test,5,33,19.259770833333334,19.1594375,33.0,-0.10033333333333516,56.71028970414717,-100.33333333333516,False,1.0,cued,3,104.0,18,True
sub04,test,5,34,19.8366875,19.7686875,34.0,-0.06800000000000139,45.73421790509794,-68.00000000000139,False,1.0,cued,3,104.0,18,True
sub04,test,5,35,20.413604166666666,20.395208333333333,35.0,-0.018395833333332945,50.40818930681564,-18.395833333332945,False,1.0,cued,3,104.0,18,True
sub04,test,5,36,20.991666666666667,20.974145833333335,36.0,-0.01752083333333232,38.72017436634791,-17.52083333333232,False,0.0,cued,3,104.0,18,True
sub04,test,5,37,21.5674375,21.5139375,37.0,-0.05349999999999966,49.37065674037646,-53.49999999999966,False,1.0,cued,3,104.0,18,True
sub04,test,5,38,22.144354166666666,22.0951875,38.0,-0.04916666666666458,39.330298764672634,-49.16666666666458,False,0.0,cued,3,104.0,18,True
sub04,test,5,39,22.72127083333333,22.627645833333332,39.0,-0.0936249999999994,50.460336140532,-93.6249999999994,False,1.0,cued,3,104.0,18,True
sub04,test,5,40,23.2981875,23.181958333333334,40.0,-0.11622916666666683,34.880792699924086,-116.22916666666683,False,0.0,cued,3,104.0,18,True
sub04,test,5,41,23.87625,23.787333333333333,41.0,-0.08891666666666609,50.829302605222225,-88.91666666666609,False,1.0,cued,3,104.0,18,True
sub04,test,5,42,24.452020833333332,24.373125,42.0,-0.0788958333333305,44.209246394162605,-78.8958333333305,False,1.0,cued,3,104.0,18,True
sub04,test,5,43,25.0289375,24.969604166666667,43.0,-0.05933333333333479,50.05365214074609,-59.33333333333479,False,1.0,cued,3,104.0,18,True
sub04,test,5,44,25.605854166666667,25.521395833333333,44.0,-0.08445833333333397,43.746141480335055,-84.45833333333397,False,0.0,cued,3,104.0,18,True
sub04,test,5,45,26.182770833333333,26.114708333333333,45.0,-0.06806249999999991,50.08504449664299,-68.06249999999991,False,1.0,cued,3,104.0,18,True
sub04,test,5,46,26.7596875,26.647541666666665,46.0,-0.11214583333333294,43.64403977892816,-112.14583333333294,False,0.0,cued,3,104.0,18,True
sub04,test,5,47,27.336604166666667,27.272041666666667,47.0,-0.06456250000000097,47.65511035472868,-64.56250000000097,False,1.0,cued,3,104.0,18,True
sub04,test,5,48,27.913520833333333,27.835958333333334,48.0,-0.07756249999999909,41.37470402696695,-77.56249999999909,False,0.0,cued,3,104.0,18,True
sub04,test,5,49,28.4904375,28.417958333333335,49.0,-0.07247916666666399,49.59057896788615,-72.47916666666399,False,1.0,cued,3,104.0,18,True
sub04,test,5,50,29.067354166666668,29.032916666666665,50.0,-0.034437500000002785,38.7443293185396,-34.437500000002785,False,0.0,cued,3,104.0,18,True
sub04,test,5,51,29.644270833333334,29.618645833333332,51.0,-0.025625000000001563,49.95372561400408,-25.625000000001563,False,1.0,cued,3,104.0,18,True
sub04,test,6,0,0.22279166666666667,0.3722083333333333,0.0,0.14941666666666664,47.08602479230927,149.41666666666663,False,1.0,cued,2,104.0,18,True
sub04,test,6,1,0.7985625,0.8357916666666667,1.0,0.03722916666666676,37.04808873968484,37.22916666666676,False,0.0,cued,2,104.0,18,True
sub04,test,6,2,1.3754791666666666,1.3485625,2.0,-0.026916666666666478,50.14482216622709,-26.91666666666648,False,1.0,cued,2,104.0,18,True
sub04,test,6,3,1.9523958333333333,1.9081666666666666,3.0,-0.044229166666666764,39.49922416086288,-44.229166666666764,False,0.0,cued,2,104.0,18,True
sub04,test,6,4,2.5293125,2.483875,4.0,-0.04543750000000024,51.01214834074459,-45.43750000000024,False,1.0,cued,2,104.0,18,True
sub04,test,6,5,3.1062291666666666,3.0753541666666666,5.0,-0.030874999999999986,41.837236183037575,-30.874999999999986,False,0.0,cued,2,104.0,18,True
sub04,test,6,6,3.683145833333333,3.652833333333333,6.0,-0.030312499999999964,50.72197280297335,-30.312499999999964,False,1.0,cued,2,104.0,18,True
sub04,test,6,7,4.2600625,4.250895833333334,7.0,-0.009166666666666323,35.97107442888761,-9.166666666666323,False,0.0,cued,2,104.0,18,True
sub04,test,6,8,4.836979166666667,4.728208333333333,8.0,-0.1087708333333337,51.232530805477225,-108.77083333333371,False,1.0,cued,2,104.0,18,True
sub04,test,6,9,5.413895833333333,5.391625,9.0,-0.022270833333332796,39.032893321644096,-22.270833333332796,False,0.0,cued,2,104.0,18,True
sub04,test,6,10,5.9908125,5.928166666666667,10.0,-0.06264583333333285,50.10931632657019,-62.645833333332845,False,1.0,cued,2,104.0,18,True
sub04,test,6,11,6.567729166666667,6.525083333333333,11.0,-0.04264583333333416,38.437571127917,-42.64583333333416,False,0.0,cued,2,104.0,18,True
sub04,test,6,12,7.144645833333334,7.075270833333334,12.0,-0.06937499999999996,50.301166200583125,-69.37499999999997,False,1.0,cued,2,104.0,18,True
sub04,test,6,13,7.7215625,7.656354166666667,13.0,-0.06520833333333353,40.72823159431028,-65.20833333333354,False,0.0,cued,2,104.0,18,True
sub04,test,6,14,8.298479166666667,8.2251875,14.0,-0.07329166666666609,50.07324300981988,-73.29166666666609,False,1.0,cued,2,104.0,18,True
sub04,test,6,15,8.875395833333334,8.843229166666667,15.0,-0.0321666666666669,38.16814777439803,-32.1666666666669,False,0.0,cued,2,104.0,18,True
sub04,test,6,16,9.4523125,9.384666666666666,16.0,-0.06764583333333363,51.79189879937381,-67.64583333333363,False,1.0,cued,2,104.0,18,True
sub04,test,6,17,10.029229166666667,9.963145833333334,17.0,-0.06608333333333327,39.3782494899777,-66.08333333333327,False,0.0,cued,2,104.0,18,True
sub04,test,6,18,10.606145833333333,10.526875,18.0,-0.07927083333333229,48.2043657023819,-79.27083333333229,False,1.0,cued,2,104.0,18,True
sub04,test,6,19,11.1830625,11.139791666666667,19.0,-0.0432708333333327,35.745398182279914,-43.2708333333327,False,0.0,cued,2,104.0,18,True
sub04,test,6,20,11.759979166666668,11.7049375,20.0,-0.055041666666667766,49.912207362256716,-55.041666666667766,False,1.0,cued,2,104.0,18,True
sub04,test,6,21,12.336895833333333,12.288520833333333,21.0,-0.04837500000000006,38.71999658843977,-48.37500000000006,False,0.0,cued,2,104.0,18,True
sub04,test,6,22,12.914958333333333,12.816541666666666,22.0,-0.09841666666666704,48.53941475431913,-98.41666666666704,False,1.0,cued,2,104.0,18,True
sub04,test,6,23,13.490729166666666,13.424645833333333,23.0,-0.06608333333333327,38.45524068615798,-66.08333333333327,False,0.0,cued,2,104.0,18,True
sub04,test,6,24,14.067645833333334,13.9648125,24.0,-0.10283333333333289,49.84048757037685,-102.83333333333289,False,1.0,cued,2,104.0,18,True
sub04,test,6,25,14.6445625,14.594645833333333,25.0,-0.04991666666666639,40.55579524016798,-49.91666666666639,False,0.0,cued,2,104.0,18,True
sub04,test,6,26,15.221479166666667,15.164354166666667,26.0,-0.057124999999999204,52.028447037517644,-57.124999999999204,False,1.0,cued,2,104.0,18,True
sub04,test,6,27,15.798395833333334,15.781583333333334,27.0,-0.01681250000000034,41.541839212935294,-16.81250000000034,False,0.0,cued,2,104.0,18,True
sub04,test,6,28,16.3753125,16.308041666666668,28.0,-0.06727083333333184,49.37644403508721,-67.27083333333184,False,1.0,cued,2,104.0,18,True
sub04,test,6,29,16.952229166666665,16.942416666666666,29.0,-0.009812499999998892,44.49936215480533,-9.812499999998892,False,1.0,cued,2,104.0,18,True
sub04,test,6,30,17.529145833333335,17.5193125,30.0,-0.009833333333332916,51.08376430548813,-9.833333333332916,False,1.0,cued,2,104.0,18,True
sub04,test,6,31,18.1060625,18.082020833333335,31.0,-0.024041666666665407,41.59915014154816,-24.041666666665407,False,0.0,cued,2,104.0,18,True
sub04,test,6,32,18.682979166666666,18.615770833333332,32.0,-0.06720833333333331,52.83967333259521,-67.20833333333331,False,1.0,cued,2,104.0,18,True
sub04,test,6,33,19.259895833333335,19.174083333333332,33.0,-0.08581250000000296,40.763005188255185,-85.81250000000296,False,0.0,cued,2,104.0,18,True
sub04,test,6,34,19.8368125,19.71697916666667,34.0,-0.11983333333333235,43.024252753707025,-119.83333333333235,False,1.0,cued,2,104.0,18,True
sub04,test,6,35,20.413729166666666,20.3060625,35.0,-0.1076666666666668,51.715757526703065,-107.6666666666668,False,1.0,cued,2,104.0,18,True
sub04,test,6,36,20.990645833333332,20.89825,36.0,-0.09239583333333101,39.8145254688276,-92.39583333333101,False,0.0,cued,2,104.0,18,True
sub04,test,6,37,21.5675625,21.480833333333333,37.0,-0.08672916666666808,40.888569015804,-86.72916666666808,False,0.0,cued,2,104.0,18,True
sub04,test,6,38,22.144479166666667,22.109708333333334,38.0,-0.03477083333333297,52.43173269002995,-34.77083333333297,False,1.0,cued,2,104.0,18,True
sub04,test,6,39,22.721395833333332,22.6690625,39.0,-0.05233333333333334,40.04714193166447,-52.33333333333334,False,0.0,cued,2,104.0,18,True
sub04,test,6,40,23.2983125,23.2680625,40.0,-0.03025000000000233,41.18568877447056,-30.25000000000233,False,0.0,cued,2,104.0,18,True
sub04,test,6,41,23.875229166666667,23.805770833333334,41.0,-0.0694583333333334,51.86746294891443,-69.4583333333334,False,1.0,cued,2,104.0,18,True
sub04,test,6,42,24.453291666666665,24.356229166666665,42.0,-0.09706249999999983,30.17627709354151,-97.06249999999983,False,0.0,cued,2,104.0,18,True
sub04,test,6,43,25.030208333333334,24.983104166666667,43.0,-0.04710416666666717,43.562393248705476,-47.10416666666717,False,1.0,cued,2,104.0,18,True
sub04,test,6,44,25.607104166666666,25.53322916666667,44.0,-0.07387499999999747,50.82770243025847,-73.87499999999747,False,1.0,cued,2,104.0,18,True
sub04,test,6,45,26.182895833333333,26.119020833333334,45.0,-0.06387499999999946,40.12649874308458,-63.87499999999946,False,0.0,cued,2,104.0,18,True
sub04,test,6,46,26.7598125,26.717375,46.0,-0.04243749999999835,41.380282821396904,-42.43749999999835,False,0.0,cued,2,104.0,18,True
sub04,test,6,47,27.336729166666668,27.25583333333333,47.0,-0.0808958333333365,51.591314228638595,-80.8958333333365,False,1.0,cued,2,104.0,18,True
sub04,test,6,48,27.913645833333334,27.843625,48.0,-0.07002083333333431,37.76877111450625,-70.02083333333431,False,0.0,cued,2,104.0,18,True
sub04,test,6,49,28.4905625,28.363416666666666,49.0,-0.1271458333333335,38.25602529845043,-127.14583333333351,False,0.0,cued,2,104.0,18,True
sub04,test,6,50,29.067479166666665,29.05525,50.0,-0.01222916666666407,50.27957002540149,-12.22916666666407,False,1.0,cued,2,104.0,18,True
sub04,test,6,51,29.644395833333334,29.645375,51.0,0.0009791666666671972,30.523684517374598,0.9791666666671972,False,0.0,cued,2,104.0,18,True
sub04,test,7,0,0.22277083333333333,0.18670833333333334,0.0,-0.0360625,23.050033525198145,-36.0625,False,0.0,spontaneous,2,112.0,0,True
sub04,test,7,1,0.7573541666666667,0.6695625,1.0,-0.08779166666666671,38.007474751599865,-87.79166666666671,False,0.0,spontaneous,2,112.0,0,True
sub04,test,7,2,1.2942083333333334,1.2367916666666667,2.0,-0.05741666666666667,50.93343876826714,-57.41666666666667,False,1.0,spontaneous,2,112.0,0,True
sub04,test,7,3,1.8287708333333332,1.79325,3.0,-0.035520833333333224,41.412151640208464,-35.52083333333322,False,1.0,spontaneous,2,112.0,0,True
sub04,test,7,4,2.3644791666666665,2.322375,4.0,-0.04210416666666639,51.20511524308024,-42.10416666666639,False,1.0,spontaneous,2,112.0,0,True
sub04,test,7,5,2.9001875,2.890041666666667,5.0,-0.010145833333333076,40.889478345081976,-10.145833333333076,False,0.0,spontaneous,2,112.0,0,True
sub04,test,7,6,3.4358958333333334,3.425479166666667,6.0,-0.010416666666666519,51.5368361011702,-10.416666666666519,False,1.0,spontaneous,2,112.0,0,True
sub04,test,7,7,3.971604166666667,3.9515208333333334,7.0,-0.020083333333333453,30.320358861730835,-20.083333333333453,False,0.0,spontaneous,2,112.0,0,True
sub04,test,7,8,4.5073125,4.472833333333333,8.0,-0.03447916666666728,50.37119788162367,-34.47916666666728,False,1.0,spontaneous,2,112.0,0,True
sub04,test,7,9,5.043020833333333,5.022729166666666,9.0,-0.02029166666666704,43.772627809863266,-20.29166666666704,False,1.0,spontaneous,2,112.0,0,True
sub04,test,7,10,5.578729166666666,5.567833333333334,10.0,-0.01089583333333266,51.41511313689807,-10.89583333333266,False,1.0,spontaneous,2,112.0,0,True
sub04,test,7,11,6.1144375,6.064958333333333,11.0,-0.04947916666666696,39.689410963370555,-49.47916666666696,False,0.0,spontaneous,2,112.0,0,True
sub04,test,7,12,6.650145833333333,6.62,12.0,-0.030145833333333094,50.34525234255759,-30.145833333333094,False,1.0,spontaneous,2,112.0,0,True
sub04,test,7,13,7.185854166666667,7.200458333333334,13.0,0.01460416666666653,42.713335197168654,14.60416666666653,False,1.0,spontaneous,2,112.0,0,True
sub04,test,7,14,7.7215625,7.673375,14.0,-0.04818750000000005,51.91723333498784,-48.18750000000005,False,1.0,spontaneous,2,112.0,0,True
sub04,test,7,15,8.257270833333333,8.226229166666666,15.0,-0.031041666666666856,44.16477893794804,-31.041666666666856,False,1.0,spontaneous,2,112.0,0,True
sub04,test,7,16,8.792979166666667,8.743625,16.0,-0.049354166666667254,53.9786203736903,-49.354166666667254,False,1.0,spontaneous,2,112.0,0,True
sub04,test,7,17,9.3286875,9.265333333333333,17.0,-0.0633541666666666,40.376071120524,-63.3541666666666,False,0.0,spontaneous,2,112.0,0,True
sub04,test,7,18,9.864395833333333,9.807104166666667,18.0,-0.057291666666666075,43.0009116190887,-57.291666666666075,False,1.0,spontaneous,2,112.0,0,True
sub04,test,7,19,10.400104166666667,10.323833333333333,19.0,-0.07627083333333395,52.49057458990806,-76.27083333333395,False,1.0,spontaneous,2,112.0,0,True
sub04,test,7,20,10.9358125,10.871020833333333,20.0,-0.06479166666666814,40.52167504138055,-64.79166666666814,False,0.0,spontaneous,2,112.0,0,True
sub04,test,7,21,11.471520833333333,11.4261875,21.0,-0.04533333333333367,41.32055977257387,-45.33333333333367,False,0.0,spontaneous,2,112.0,0,True
sub04,test,7,22,12.007229166666667,11.925458333333333,22.0,-0.08177083333333357,51.75291529905971,-81.77083333333357,False,1.0,spontaneous,2,112.0,0,True
sub04,test,7,23,12.5429375,12.4685625,23.0,-0.07437499999999986,38.397638777946945,-74.37499999999986,False,0.0,spontaneous,2,112.0,0,True
sub04,test,7,24,13.078645833333333,13.0214375,24.0,-0.05720833333333353,34.293877484263895,-57.20833333333353,False,0.0,spontaneous,2,112.0,0,True
sub04,test,7,25,13.614354166666667,13.553791666666667,25.0,-0.06056249999999963,48.818025607789515,-60.56249999999963,False,1.0,spontaneous,2,112.0,0,True
sub04,test,7,26,14.1500625,14.143708333333333,26.0,-0.006354166666667993,28.758896535980853,-6.354166666667993,False,0.0,spontaneous,2,112.0,0,True
sub04,test,7,27,14.685770833333333,14.61875,27.0,-0.06702083333333242,31.257105065295818,-67.02083333333242,False,0.0,spontaneous,2,112.0,0,True
sub04,test,7,28,15.221479166666667,15.115854166666667,28.0,-0.10562499999999986,48.29529882194822,-105.62499999999986,False,1.0,spontaneous,2,112.0,0,True
sub04,test,7,29,15.7571875,15.718125,29.0,-0.0390625,10.28876127736229,-39.0625,False,0.0,spontaneous,2,112.0,0,True
sub04,test,7,30,16.292895833333333,16.211708333333334,30.0,-0.08118749999999864,33.92612816427652,-81.18749999999864,False,0.0,spontaneous,2,112.0,0,True
sub04,test,7,31,16.82860416666667,16.757708333333333,31.0,-0.07089583333333493,50.45953188413928,-70.89583333333493,False,1.0,spontaneous,2,112.0,0,True
sub04,test,7,32,17.3643125,17.265583333333332,32.0,-0.09872916666666853,39.80170936753167,-98.72916666666853,False,0.0,spontaneous,2,112.0,0,True
sub04,test,7,33,17.900020833333333,17.818520833333334,33.0,-0.08149999999999835,31.965482659506975,-81.49999999999835,False,0.0,spontaneous,2,112.0,0,True
sub04,test,7,34,18.43572916666667,18.378333333333334,34.0,-0.05739583333333442,51.17440481913442,-57.39583333333442,False,1.0,spontaneous,2,112.0,0,True
sub04,test,7,35,18.9714375,18.921208333333333,35.0,-0.05022916666666788,36.236657204100695,-50.22916666666788,False,0.0,spontaneous,2,112.0,0,True
sub04,test,7,36,19.507145833333333,19.464854166666665,36.0,-0.04229166666666728,38.355194881171755,-42.29166666666728,False,0.0,spontaneous,2,112.0,0,True
sub04,test,7,37,20.042854166666668,19.900458333333333,37.0,-0.14239583333333528,44.849681107459396,-142.39583333333528,False,1.0,spontaneous,2,112.0,0,True
sub04,test,7,38,20.579708333333333,20.4929375,38.0,-0.08677083333333258,39.76422775699077,-86.77083333333258,False,0.0,spontaneous,2,112.0,0,True
sub04,test,7,39,21.114270833333332,21.061854166666667,39.0,-0.05241666666666589,39.66649156435777,-52.41666666666589,False,0.0,spontaneous,2,112.0,0,True
sub04,test,7,40,21.649979166666668,21.5571875,40.0,-0.09279166666666683,52.518069160876664,-92.79166666666683,False,1.0,spontaneous,2,112.0,0,True
sub04,test,7,41,22.1856875,22.114770833333335,41.0,-0.0709166666666654,39.36508680986253,-70.9166666666654,False,0.0,spontaneous,2,112.0,0,True
sub04,test,7,42,22.721395833333332,22.659625,42.0,-0.061770833333333997,39.54606045362136,-61.770833333334,False,0.0,spontaneous,2,112.0,0,True
sub04,test,7,43,23.257104166666668,23.1943125,43.0,-0.06279166666666924,49.43910714522751,-62.791666666669244,False,1.0,spontaneous,2,112.0,0,True
sub04,test,7,44,23.7928125,23.693375,44.0,-0.09943750000000051,37.68236390417697,-99.43750000000051,False,0.0,spontaneous,2,112.0,0,True
sub04,test,7,45,24.328520833333332,24.246416666666665,45.0,-0.08210416666666731,41.743402818132004,-82.10416666666731,False,1.0,spontaneous,2,112.0,0,True
sub04,test,7,46,24.864229166666668,24.802979166666667,46.0,-0.06125000000000114,48.19375540673792,-61.25000000000114,False,1.0,spontaneous,2,112.0,0,True
sub04,test,7,47,25.3999375,25.3238125,47.0,-0.07612500000000111,39.44888365616814,-76.12500000000111,False,0.0,spontaneous,2,112.0,0,True
sub04,test,7,48,25.935645833333332,25.869041666666668,48.0,-0.06660416666666436,38.3897250794338,-66.60416666666436,False,0.0,spontaneous,2,112.0,0,True
sub04,test,7,49,26.471354166666668,26.392354166666667,49.0,-0.07900000000000063,50.61579279024436,-79.00000000000063,False,1.0,spontaneous,2,112.0,0,True
sub04,test,7,50,27.0070625,26.981125,50.0,-0.02593750000000128,36.10546681143579,-25.93750000000128,False,0.0,spontaneous,2,112.0,0,True
sub04,test,7,51,27.542770833333332,27.490729166666668,51.0,-0.0520416666666641,40.0856244138125,-52.0416666666641,False,0.0,spontaneous,2,112.0,0,True
sub04,test,7,52,28.078479166666668,28.013708333333334,52.0,-0.06477083333333411,48.37000955335617,-64.77083333333411,False,1.0,spontaneous,2,112.0,0,True
sub04,test,7,53,28.6141875,28.533145833333332,53.0,-0.08104166666666757,38.370861790349686,-81.04166666666757,False,0.0,spontaneous,2,112.0,0,True
sub04,test,7,54,29.149895833333332,29.1230625,54.0,-0.026833333333332376,41.355058260585984,-26.833333333332376,False,1.0,spontaneous,2,112.0,0,True
sub04,test,7,55,29.685604166666668,29.649625,55.0,-0.03597916666666734,51.524856457071245,-35.97916666666734,False,1.0,spontaneous,2,112.0,0,True
sub04,test,8,0,0.22266666666666668,,,,,,True,,spontaneous,2,116.0,0,True
sub04,test,8,1,0.7387916666666666,0.7313958333333334,0.0,-0.007395833333333268,52.08061047925508,-7.395833333333268,False,1.0,spontaneous,2,116.0,0,True
sub04,test,8,2,1.2571875,1.2429791666666667,1.0,-0.014208333333333156,43.53642908528818,-14.208333333333156,False,1.0,spontaneous,2,116.0,0,True
sub04,test,8,3,1.7732916666666667,1.6895208333333334,2.0,-0.08377083333333335,52.28352723229153,-83.77083333333334,False,1.0,spontaneous,2,116.0,0,True
sub04,test,8,4,2.2905416666666665,2.244625,3.0,-0.045916666666666384,41.70920868953634,-45.91666666666639,False,0.0,spontaneous,2,116.0,0,True
sub04,test,8,5,2.8077916666666667,2.7771666666666666,4.0,-0.030625000000000124,51.84745525023736,-30.625000000000124,False,1.0,spontaneous,2,116.0,0,True
sub04,test,8,6,3.3250416666666665,3.2838125,5.0,-0.04122916666666665,42.10594381784457,-41.22916666666665,False,0.0,spontaneous,2,116.0,0,True
sub04,test,8,7,3.8422916666666667,3.7810625,6.0,-0.06122916666666667,49.68416800518931,-61.22916666666667,False,1.0,spontaneous,2,116.0,0,True
sub04,test,8,8,4.359541666666667,4.3051458333333334,7.0,-0.05439583333333342,41.71169906182524,-54.39583333333342,False,0.0,spontaneous,2,116.0,0,True
sub04,test,8,9,4.876791666666667,4.811395833333333,8.0,-0.06539583333333354,52.255723548310904,-65.39583333333354,False,1.0,spontaneous,2,116.0,0,True
sub04,test,8,10,5.394041666666666,5.3388333333333335,9.0,-0.05520833333333286,31.727318189349106,-55.20833333333286,False,0.0,spontaneous,2,116.0,0,True
sub04,test,8,11,5.911291666666667,5.8765833333333335,10.0,-0.03470833333333356,52.35527061679885,-34.70833333333356,False,1.0,spontaneous,2,116.0,0,True
sub04,test,8,12,6.428541666666667,6.397520833333333,11.0,-0.03102083333333372,40.65836654364407,-31.02083333333372,False,0.0,spontaneous,2,116.0,0,True
sub04,test,8,13,6.945791666666667,6.890583333333334,12.0,-0.05520833333333286,53.885797851568064,-55.20833333333286,False,1.0,spontaneous,2,116.0,0,True
sub04,test,8,14,7.463041666666666,7.4258125,13.0,-0.0372291666666662,46.157730540286536,-37.2291666666662,False,1.0,spontaneous,2,116.0,0,True
sub04,test,8,15,7.9814375,7.922458333333333,14.0,-0.05897916666666703,53.603105125626485,-58.97916666666703,False,1.0,spontaneous,2,116.0,0,True
sub04,test,8,16,8.497541666666667,8.448020833333333,15.0,-0.049520833333334124,45.41500519203638,-49.520833333334124,False,1.0,spontaneous,2,116.0,0,True
sub04,test,8,17,9.014791666666667,8.975416666666666,16.0,-0.03937500000000149,53.43972766257401,-39.37500000000149,False,1.0,spontaneous,2,116.0,0,True
sub04,test,8,18,9.532041666666666,9.478875,17.0,-0.05316666666666592,35.71175824634957,-53.16666666666592,False,0.0,spontaneous,2,116.0,0,True
sub04,test,8,19,10.050416666666667,10.017666666666667,18.0,-0.03275000000000006,50.2369667525961,-32.75000000000006,False,1.0,spontaneous,2,116.0,0,True
sub04,test,8,20,10.566541666666666,10.533708333333333,19.0,-0.032833333333332604,40.313318106833805,-32.833333333332604,False,0.0,spontaneous,2,116.0,0,True
sub04,test,8,21,11.083791666666666,11.049916666666666,20.0,-0.0338750000000001,52.562039819677295,-33.8750000000001,False,1.0,spontaneous,2,116.0,0,True
sub04,test,8,22,11.6021875,11.543125,21.0,-0.059062499999999574,41.284915096972874,-59.062499999999574,False,0.0,spontaneous,2,116.0,0,True
sub04,test,8,23,12.118291666666666,12.046979166666667,22.0,-0.07131249999999945,50.92773951332954,-71.31249999999945,False,1.0,spontaneous,2,116.0,0,True
sub04,test,8,24,12.635541666666667,12.578833333333334,23.0,-0.056708333333332916,44.432121320317826,-56.70833333333292,False,1.0,spontaneous,2,116.0,0,True
sub04,test,8,25,13.152791666666667,13.097958333333333,24.0,-0.05483333333333462,51.82448137521433,-54.83333333333462,False,1.0,spontaneous,2,116.0,0,True
sub04,test,8,26,13.670041666666666,13.639166666666666,25.0,-0.030874999999999986,40.82201631766564,-30.874999999999986,False,0.0,spontaneous,2,116.0,0,True
sub04,test,8,27,14.187291666666667,14.139791666666667,26.0,-0.04749999999999943,42.152478687630186,-47.49999999999943,False,0.0,spontaneous,2,116.0,0,True
sub04,test,8,28,14.704541666666668,14.6399375,27.0,-0.06460416666666724,52.044054770029156,-64.60416666666724,False,1.0,spontaneous,2,116.0,0,True
sub04,test,8,29,15.221791666666666,15.183291666666667,28.0,-0.03849999999999909,41.00815693744768,-38.49999999999909,False,0.0,spontaneous,2,116.0,0,True
sub04,test,8,30,15.739041666666667,15.688041666666667,29.0,-0.051000000000000156,42.23430659925616,-51.000000000000156,False,0.0,spontaneous,2,116.0,0,True
sub04,test,8,31,16.256291666666666,16.220604166666668,30.0,-0.035687499999998096,52.49465599036617,-35.687499999998096,False,1.0,spontaneous,2,116.0,0,True
sub04,test,8,32,16.773541666666667,16.713770833333335,31.0,-0.05977083333333155,39.89893545029566,-59.77083333333155,False,0.0,spontaneous,2,116.0,0,True
sub04,test,8,33,17.290791666666667,17.248895833333332,32.0,-0.04189583333333502,44.21302468781669,-41.89583333333502,False,1.0,spontaneous,2,116.0,0,True
sub04,test,8,34,17.808041666666668,17.757833333333334,33.0,-0.050208333333333854,51.81139638456453,-50.208333333333854,False,1.0,spontaneous,2,116.0,0,True
sub04,test,8,35,18.325291666666665,18.267520833333332,34.0,-0.05777083333333266,41.27435030078218,-57.77083333333266,False,0.0,spontaneous,2,116.0,0,True
sub04,test,8,36,18.842541666666666,18.793270833333334,35.0,-0.049270833333331154,42.2370334730067,-49.270833333331154,False,0.0,spontaneous,2,116.0,0,True
sub04,test,8,37,19.359791666666666,19.2999375,36.0,-0.05985416666666765,52.30969035813359,-59.85416666666765,False,1.0,spontaneous,2,116.0,0,True
sub04,test,8,38,19.877041666666667,19.806479166666666,37.0,-0.0705625000000012,40.38684863122559,-70.5625000000012,False,0.0,spontaneous,2,116.0,0,True
sub04,test,8,39,20.394291666666668,20.313166666666667,38.0,-0.08112500000000011,41.482987488501834,-81.12500000000011,False,0.0,spontaneous,2,116.0,0,True
sub04,test,8,40,20.91154166666667,20.856958333333335,39.0,-0.05458333333333343,49.65179125046581,-54.58333333333343,False,1.0,spontaneous,2,116.0,0,True
sub04,test,8,41,21.428791666666665,21.351541666666666,40.0,-0.07724999999999937,33.476553432019955,-77.24999999999937,False,0.0,spontaneous,2,116.0,0,True
sub04,test,8,42,21.946041666666666,21.8805625,41.0,-0.06547916666666609,39.94627099603327,-65.47916666666609,False,0.0,spontaneous,2,116.0,0,True
sub04,test,8,43,22.463291666666667,22.362083333333334,42.0,-0.10120833333333223,53.12200045899496,-101.20833333333223,False,1.0,spontaneous,2,116.0,0,True
sub04,test,8,44,22.980541666666667,22.884645833333334,43.0,-0.09589583333333351,39.14428043137938,-95.89583333333351,False,0.0,spontaneous,2,116.0,0,True
sub04,test,8,45,23.497791666666668,23.3709375,44.0,-0.12685416666666782,38.647050545745046,-126.85416666666782,False,0.0,spontaneous,2,116.0,0,True
sub04,test,8,46,24.015041666666665,23.920791666666666,45.0,-0.09424999999999883,47.875083725824936,-94.24999999999883,False,1.0,spontaneous,2,116.0,0,True
sub04,test,8,47,24.5334375,24.472166666666666,46.0,-0.06127083333333516,30.62122954205546,-61.27083333333516,False,0.0,spontaneous,2,116.0,0,True
sub04,test,8,48,25.049541666666666,24.962958333333333,47.0,-0.08658333333333346,36.33188514764871,-86.58333333333346,False,0.0,spontaneous,2,116.0,0,True
sub04,test,8,49,25.566791666666667,25.478083333333334,48.0,-0.08870833333333294,51.47045319066392,-88.70833333333294,False,1.0,spontaneous,2,116.0,0,True
sub04,test,8,50,26.084041666666668,26.012979166666668,49.0,-0.07106250000000003,39.5811667106894,-71.06250000000003,False,0.0,spontaneous,2,116.0,0,True
sub04,test,8,51,26.60129166666667,26.524833333333333,50.0,-0.07645833333333485,40.71099101706722,-76.45833333333485,False,0.0,spontaneous,2,116.0,0,True
sub04,test,8,52,27.118541666666665,27.057375,51.0,-0.06116666666666504,51.244015826488464,-61.16666666666504,False,1.0,spontaneous,2,116.0,0,True
sub04,test,8,53,27.635791666666666,27.578333333333333,52.0,-0.057458333333332945,26.212527556620714,-57.458333333332945,False,0.0,spontaneous,2,116.0,0,True
sub04,test,8,54,28.153041666666667,28.1350625,53.0,-0.017979166666666657,40.7550879167778,-17.979166666666657,False,0.0,spontaneous,2,116.0,0,True
sub04,test,8,55,28.670291666666667,28.65427083333333,54.0,-0.016020833333335815,53.48611429315906,-16.020833333335815,False,1.0,spontaneous,2,116.0,0,True
sub04,test,8,56,29.187541666666668,29.162458333333333,55.0,-0.02508333333333468,39.419500053409834,-25.08333333333468,False,0.0,spontaneous,2,116.0,0,True
sub04,test,9,0,0.22264583333333332,0.365125,0.0,0.14247916666666666,51.295732484931406,142.47916666666666,False,1.0,cued,3,120.0,12,True
sub04,test,9,1,0.7215208333333333,0.7536875,1.0,0.03216666666666668,44.61362715575076,32.16666666666668,False,1.0,cued,3,120.0,12,True
sub04,test,9,2,1.2215208333333334,1.1933541666666667,2.0,-0.028166666666666673,45.59364116133128,-28.16666666666667,False,1.0,cued,3,120.0,12,True
sub04,test,9,3,1.7215208333333334,1.6502083333333333,3.0,-0.07131250000000011,55.832946189056116,-71.31250000000011,False,1.0,cued,3,120.0,12,True
sub04,test,9,4,2.2215208333333334,2.1304375,4.0,-0.09108333333333318,31.763712485101216,-91.08333333333319,False,0.0,cued,3,120.0,12,True
sub04,test,9,5,2.7215208333333334,2.6582291666666666,5.0,-0.06329166666666675,42.31837877282609,-63.29166666666674,False,0.0,cued,3,120.0,12,True
sub04,test,9,6,3.2215208333333334,3.163708333333333,6.0,-0.057812500000000266,52.21934666280575,-57.81250000000027,False,1.0,cued,3,120.0,12,True
sub04,test,9,7,3.7215208333333334,3.7175208333333334,7.0,-0.0040000000000000036,40.486297866467716,-4.0000000000000036,False,0.0,cued,3,120.0,12,True
sub04,test,9,8,4.221520833333333,4.219979166666667,8.0,-0.0015416666666663303,38.652364827066144,-1.5416666666663303,False,0.0,cued,3,120.0,12,True
sub04,test,9,9,4.721520833333333,4.684875,9.0,-0.036645833333333044,53.31710440466246,-36.645833333333044,False,1.0,cued,3,120.0,12,True
sub04,test,9,10,5.221520833333333,5.206729166666666,10.0,-0.014791666666666536,28.137324537632576,-14.791666666666536,False,0.0,cued,3,120.0,12,True
sub04,test,9,11,5.721520833333333,5.677020833333334,11.0,-0.04449999999999932,42.121388471528206,-44.49999999999932,False,0.0,cued,3,120.0,12,True
sub04,test,9,12,6.222666666666667,6.136979166666666,12.0,-0.08568750000000058,54.99067533630577,-85.68750000000058,False,1.0,cued,3,120.0,12,True
sub04,test,9,13,6.721520833333333,6.65425,13.0,-0.06727083333333272,29.604202337512838,-67.27083333333272,False,0.0,cued,3,120.0,12,True
sub04,test,9,14,7.221520833333333,7.167104166666666,14.0,-0.05441666666666656,41.16684104041528,-54.41666666666656,False,0.0,cued,3,120.0,12,True
sub04,test,9,15,7.721520833333333,7.638,15.0,-0.08352083333333304,50.274100185343435,-83.52083333333304,False,1.0,cued,3,120.0,12,True
sub04,test,9,16,8.221520833333333,8.1428125,16.0,-0.07870833333333316,36.616957777247656,-78.70833333333316,False,0.0,cued,3,120.0,12,True
sub04,test,9,17,8.721520833333333,8.654645833333333,17.0,-0.06687499999999957,36.62213048500657,-66.87499999999957,False,0.0,cued,3,120.0,12,True
sub04,test,9,18,9.222666666666667,9.114145833333334,18.0,-0.1085208333333334,51.99980755830055,-108.5208333333334,False,1.0,cued,3,120.0,12,True
sub04,test,9,19,9.721520833333333,9.6065,19.0,-0.11502083333333246,40.33331173203764,-115.02083333333246,False,0.0,cued,3,120.0,12,True
sub04,test,9,20,10.221520833333333,10.157104166666667,20.0,-0.06441666666666634,37.93289460583606,-64.41666666666634,False,0.0,cued,3,120.0,12,True
sub04,test,9,21,10.721520833333333,10.67625,21.0,-0.04527083333333337,51.04201931332668,-45.27083333333337,False,1.0,cued,3,120.0,12,True
sub04,test,9,22,11.221520833333333,11.161979166666667,22.0,-0.05954166666666616,26.952797565623058,-59.54166666666616,False,0.0,cued,3,120.0,12,True
sub04,test,9,23,11.721520833333333,11.676208333333333,23.0,-0.045312499999999645,37.596398349393866,-45.312499999999645,False,0.0,cued,3,120.0,12,True
sub04,test,9,24,12.221520833333333,12.199,24.0,-0.0225208333333331,51.12355265802708,-22.5208333333331,False,1.0,cued,3,120.0,12,True
sub04,test,9,25,12.721520833333333,12.710416666666667,25.0,-0.011104166666665805,42.371519089103415,-11.104166666665805,False,0.0,cued,3,120.0,12,True
sub04,test,9,26,13.221520833333333,13.1918125,26.0,-0.02970833333333367,52.60068996773755,-29.70833333333367,False,1.0,cued,3,120.0,12,True
sub04,test,9,27,13.721520833333333,13.666104166666667,27.0,-0.055416666666666003,38.70509978408891,-55.416666666666,False,0.0,cued,3,120.0,12,True
sub04,test,9,28,14.221520833333333,14.175875,28.0,-0.045645833333333385,51.122850085139255,-45.645833333333385,False,1.0,cued,3,120.0,12,True
sub04,test,9,29,14.721520833333333,14.677125,29.0,-0.044395833333332746,35.215918717733246,-44.395833333332746,False,0.0,cued,3,120.0,12,True
sub04,test,9,30,15.221520833333333,15.161291666666667,30.0,-0.06022916666666589,51.56749883268554,-60.22916666666589,False,1.0,cued,3,120.0,12,True
sub04,test,9,31,15.721520833333333,15.667104166666666,31.0,-0.05441666666666656,39.106527848632425,-54.41666666666656,False,0.0,cued,3,120.0,12,True
sub04,test,9,32,16.221520833333333,16.162854166666666,32.0,-0.05866666666666731,49.1430766609874,-58.66666666666731,False,1.0,cued,3,120.0,12,True
sub04,test,9,33,16.721520833333333,16.625895833333335,33.0,-0.0956249999999983,34.9740981887837,-95.6249999999983,False,0.0,cued,3,120.0,12,True
sub04,test,9,34,17.221520833333333,17.14025,34.0,-0.08127083333333118,49.2692906035224,-81.27083333333118,False,1.0,cued,3,120.0,12,True
sub04,test,9,35,17.721520833333333,17.676083333333334,35.0,-0.045437499999998465,39.27542265765099,-45.437499999998465,False,0.0,cued,3,120.0,12,True
sub04,test,9,36,18.221520833333333,18.14966666666667,36.0,-0.07185416666666455,52.268452040681424,-71.85416666666455,False,1.0,cued,3,120.0,12,True
sub04,test,9,37,18.721520833333333,18.632604166666667,37.0,-0.08891666666666609,35.93076824676335,-88.91666666666609,False,0.0,cued,3,120.0,12,True
sub04,test,9,38,19.221520833333333,19.150583333333334,38.0,-0.07093749999999943,51.50224448707529,-70.93749999999943,False,1.0,cued,3,120.0,12,True
sub04,test,9,39,19.721520833333333,19.642583333333334,39.0,-0.07893749999999855,41.405784382209994,-78.93749999999855,False,0.0,cued,3,120.0,12,True
sub04,test,9,40,20.221520833333333,20.150625,40.0,-0.07089583333333138,51.44273513296269,-70.89583333333138,False,1.0,cued,3,120.0,12,True
sub04,test,9,41,20.721520833333333,20.6806875,41.0,-0.04083333333333172,41.75355613052137,-40.83333333333172,False,0.0,cued,3,120.0,12,True
sub04,test,9,42,21.221520833333333,21.191083333333335,42.0,-0.030437499999997897,51.71301321877898,-30.437499999997897,False,1.0,cued,3,120.0,12,True
sub04,test,9,43,21.721520833333333,21.643375,43.0,-0.07814583333333402,42.07374560381763,-78.14583333333402,False,0.0,cued,3,120.0,12,True
sub04,test,9,44,22.221520833333333,22.167791666666666,44.0,-0.05372916666666683,51.03476625453137,-53.72916666666683,False,1.0,cued,3,120.0,12,True
sub04,test,9,45,22.721520833333333,22.666708333333332,45.0,-0.0548125000000006,39.885116097091256,-54.8125000000006,False,0.0,cued,3,120.0,12,True
sub04,test,9,46,23.221520833333333,23.187354166666665,46.0,-0.03416666666666757,52.46128304301937,-34.16666666666757,False,1.0,cued,3,120.0,12,True
sub04,test,9,47,23.721520833333333,23.684604166666666,47.0,-0.03691666666666649,42.957465682073035,-36.91666666666649,False,1.0,cued,3,120.0,12,True
sub04,test,9,48,24.221520833333333,24.187916666666666,48.0,-0.03360416666666666,47.40468596178679,-33.60416666666666,False,1.0,cued,3,120.0,12,True
sub04,test,9,49,24.721520833333333,24.7075625,49.0,-0.013958333333331296,37.58664399718417,-13.958333333331296,False,0.0,cued,3,120.0,12,True
sub04,test,9,50,25.222666666666665,25.1821875,50.0,-0.04047916666666396,53.63320932242978,-40.47916666666396,False,1.0,cued,3,120.0,12,True
sub04,test,9,51,25.721520833333333,25.690958333333334,51.0,-0.030562499999998494,33.93295453863618,-30.562499999998494,False,0.0,cued,3,120.0,12,True
sub04,test,9,52,26.221520833333333,26.152020833333335,52.0,-0.0694999999999979,52.80190021752395,-69.4999999999979,False,1.0,cued,3,120.0,12,True
sub04,test,9,53,26.721520833333333,26.644208333333335,53.0,-0.0773124999999979,41.77453288253883,-77.3124999999979,False,0.0,cued,3,120.0,12,True
sub04,test,9,54,27.221520833333333,27.154229166666667,54.0,-0.06729166666666586,51.94978181765825,-67.29166666666586,False,1.0,cued,3,120.0,12,True
sub04,test,9,55,27.721520833333333,27.684395833333333,55.0,-0.03712499999999963,37.58479042622696,-37.12499999999963,False,0.0,cued,3,120.0,12,True
sub04,test,9,56,28.221520833333333,28.16125,56.0,-0.06027083333333394,50.899071245093126,-60.27083333333394,False,1.0,cued,3,120.0,12,True
sub04,test,9,57,28.721520833333333,28.586166666666667,57.0,-0.13535416666666578,26.257981591266617,-135.35416666666578,False,0.0,cued,3,120.0,12,True
sub04,test,9,58,29.221520833333333,29.171833333333332,58.0,-0.049687500000000995,49.89223681183444,-49.687500000000995,False,1.0,cued,3,120.0,12,True
sub04,test,9,59,29.721520833333333,29.703708333333335,59.0,-0.01781249999999801,45.3918116435801,-17.81249999999801,False,1.0,cued,3,120.0,12,True
sub04,test,10,0,0.2226875,0.3755,0.0,0.1528125,48.535452719322834,152.8125,False,1.0,cued,3,120.0,16,True
sub04,test,10,1,0.7215416666666666,0.7285833333333334,1.0,0.007041666666666724,41.04995302218589,7.041666666666724,False,0.0,cued,3,120.0,16,True
sub04,test,10,2,1.2215416666666667,1.206125,2.0,-0.015416666666666856,38.08293422512555,-15.416666666666856,False,0.0,cued,3,120.0,16,True
sub04,test,10,3,1.7215416666666667,1.6395625,3.0,-0.08197916666666671,50.2269921667571,-81.97916666666671,False,1.0,cued,3,120.0,16,True
sub04,test,10,4,2.2215416666666665,2.137875,4.0,-0.08366666666666633,26.65554283222667,-83.66666666666633,False,0.0,cued,3,120.0,16,True
sub04,test,10,5,2.7215416666666665,2.6815416666666665,5.0,-0.040000000000000036,29.025630099440892,-40.000000000000036,False,0.0,cued,3,120.0,16,True
sub04,test,10,6,3.2215416666666665,3.1702916666666665,6.0,-0.05125000000000002,50.00376138157095,-51.250000000000014,False,1.0,cued,3,120.0,16,True
sub04,test,10,7,3.7215416666666665,3.668270833333333,7.0,-0.05327083333333338,25.6868481981856,-53.27083333333338,False,0.0,cued,3,120.0,16,True
sub04,test,10,8,4.221541666666667,4.155729166666666,8.0,-0.06581250000000072,38.09815455978798,-65.81250000000071,False,0.0,cued,3,120.0,16,True
sub04,test,10,9,4.721541666666667,4.655666666666667,9.0,-0.06587500000000013,50.9588302024133,-65.87500000000013,False,1.0,cued,3,120.0,16,True
sub04,test,10,10,5.221541666666667,5.1818125,10.0,-0.03972916666666659,29.66556917978587,-39.72916666666659,False,0.0,cued,3,120.0,16,True
sub04,test,10,11,5.721541666666667,5.7026666666666666,11.0,-0.01887500000000042,26.313436961259086,-18.87500000000042,False,0.0,cued,3,120.0,16,True
sub04,test,10,12,6.221541666666667,6.159416666666667,12.0,-0.062124999999999986,51.3896057690419,-62.124999999999986,False,1.0,cued,3,120.0,16,True
sub04,test,10,13,6.721541666666667,6.639854166666667,13.0,-0.08168750000000014,25.851159144988003,-81.68750000000014,False,0.0,cued,3,120.0,16,True
sub04,test,10,14,7.221541666666667,7.202020833333333,14.0,-0.019520833333333876,37.345667125475416,-19.520833333333876,False,0.0,cued,3,120.0,16,True
sub04,test,10,15,7.721541666666667,7.694458333333333,15.0,-0.02708333333333357,51.181908466526274,-27.08333333333357,False,1.0,cued,3,120.0,16,True
sub04,test,10,16,8.221541666666667,8.208958333333333,16.0,-0.012583333333333613,30.749598515311934,-12.583333333333613,False,0.0,cued,3,120.0,16,True
sub04,test,10,17,8.721541666666667,8.697354166666667,17.0,-0.02418750000000003,42.327745150041025,-24.18750000000003,False,1.0,cued,3,120.0,16,True
sub04,test,10,18,9.221541666666667,9.1911875,18.0,-0.030354166666667126,52.94829615068022,-30.354166666667126,False,1.0,cued,3,120.0,16,True
sub04,test,10,19,9.721541666666667,9.738145833333334,19.0,0.016604166666667197,30.166910119160775,16.604166666667197,False,0.0,cued,3,120.0,16,True
sub04,test,10,20,10.221541666666667,10.238583333333333,20.0,0.017041666666665733,40.07396982201732,17.041666666665733,False,0.0,cued,3,120.0,16,True
sub04,test,10,21,10.721541666666667,10.709458333333334,21.0,-0.012083333333333002,49.7034255573798,-12.083333333333002,False,1.0,cued,3,120.0,16,True
sub04,test,10,22,11.221541666666667,11.163041666666667,22.0,-0.05850000000000044,28.465269627619953,-58.50000000000044,False,0.0,cued,3,120.0,16,True
sub04,test,10,23,11.721541666666667,11.685708333333332,23.0,-0.035833333333334494,42.26699696990338,-35.833333333334494,False,0.0,cued,3,120.0,16,True
sub04,test,10,24,12.221541666666667,12.181166666666666,24.0,-0.04037500000000094,52.02319098530345,-40.37500000000094,False,1.0,cued,3,120.0,16,True
sub04,test,10,25,12.721541666666667,12.713604166666666,25.0,-0.007937500000000597,30.585715241646184,-7.937500000000597,False,0.0,cued,3,120.0,16,True
sub04,test,10,26,13.221541666666667,13.175104166666667,26.0,-0.04643749999999969,42.328580786183224,-46.43749999999969,False,1.0,cued,3,120.0,16,True
sub04,test,10,27,13.721541666666667,13.674083333333334,27.0,-0.04745833333333316,43.47829532571843,-47.45833333333316,False,1.0,cued,3,120.0,16,True
sub04,test,10,28,14.221541666666667,14.182770833333333,28.0,-0.03877083333333431,27.25727349119985,-38.77083333333431,False,0.0,cued,3,120.0,16,True
sub04,test,10,29,14.721541666666667,14.661875,29.0,-0.05966666666666676,32.11009794510319,-59.66666666666676,False,0.0,cued,3,120.0,16,True
sub04,test,10,30,15.221541666666667,15.144583333333333,30.0,-0.07695833333333368,53.08346193349274,-76.95833333333368,False,1.0,cued,3,120.0,16,True
sub04,test,10,31,15.721541666666667,15.67175,31.0,-0.04979166666666757,41.821409920966914,-49.79166666666757,False,0.0,cued,3,120.0,16,True
sub04,test,10,32,16.221541666666667,16.1859375,32.0,-0.03560416666666555,40.572642336673034,-35.60416666666555,False,0.0,cued,3,120.0,16,True
sub04,test,10,33,16.721541666666667,16.680958333333333,33.0,-0.04058333333333408,53.41539938940131,-40.58333333333408,False,1.0,cued,3,120.0,16,True
sub04,test,10,34,17.221541666666667,17.2016875,34.0,-0.019854166666668505,44.008626894583244,-19.854166666668505,False,1.0,cued,3,120.0,16,True
sub04,test,10,35,17.721541666666667,17.685395833333335,35.0,-0.03614583333333243,51.05780392238743,-36.14583333333243,False,1.0,cued,3,120.0,16,True
sub04,test,10,36,18.221541666666667,18.164375,36.0,-0.057166666666667254,35.22877659542776,-57.166666666667254,False,0.0,cued,3,120.0,16,True
sub04,test,10,37,18.721541666666667,18.654020833333334,37.0,-0.06752083333333303,48.74578880462955,-67.52083333333303,False,1.0,cued,3,120.0,16,True
sub04,test,10,38,19.221541666666667,19.165020833333333,38.0,-0.0565208333333338,29.456395227966432,-56.5208333333338,False,0.0,cued,3,120.0,16,True
sub04,test,10,39,19.721541666666667,19.66825,39.0,-0.053291666666666515,48.744857919493214,-53.291666666666515,False,1.0,cued,3,120.0,16,True
sub04,test,10,40,20.2226875,20.1979375,40.0,-0.024750000000000938,38.46188094276551,-24.750000000000938,False,0.0,cued,3,120.0,16,True
sub04,test,10,41,20.721541666666667,20.6896875,41.0,-0.03185416666666541,46.726816197373175,-31.854166666665407,False,1.0,cued,3,120.0,16,True
sub04,test,10,42,21.221541666666667,21.192041666666668,42.0,-0.02949999999999875,32.96579425693338,-29.49999999999875,False,0.0,cued,3,120.0,16,True
sub04,test,10,43,21.721541666666667,21.669395833333333,43.0,-0.052145833333334224,52.18036594075075,-52.145833333334224,False,1.0,cued,3,120.0,16,True
sub04,test,10,44,22.221541666666667,22.172291666666666,44.0,-0.04925000000000068,42.45413370548395,-49.25000000000068,False,1.0,cued,3,120.0,16,True
sub04,test,10,45,22.721541666666667,22.6820625,45.0,-0.03947916666666629,49.601724775382515,-39.47916666666629,False,1.0,cued,3,120.0,16,True
sub04,test,10,46,23.221541666666667,23.136520833333332,46.0,-0.08502083333333488,32.46513796975795,-85.02083333333488,False,0.0,cued,3,120.0,16,True
sub04,test,10,47,23.721541666666667,23.63725,47.0,-0.08429166666666532,52.77834151077784,-84.29166666666532,False,1.0,cued,3,120.0,16,True
sub04,test,10,48,24.221541666666667,24.127208333333332,48.0,-0.09433333333333493,38.15092345286847,-94.33333333333493,False,0.0,cued,3,120.0,16,True
sub04,test,10,49,24.721541666666667,24.6300625,49.0,-0.09147916666666589,48.88265145017453,-91.47916666666589,False,1.0,cued,3,120.0,16,True
sub04,test,10,50,25.221541666666667,25.126145833333332,50.0,-0.09539583333333468,36.39153848280566,-95.39583333333468,False,0.0,cued,3,120.0,16,True
sub04,test,10,51,25.721541666666667,25.6715,51.0,-0.05004166666666521,48.06773344566344,-50.04166666666521,False,1.0,cued,3,120.0,16,True
sub04,test,10,52,26.221541666666667,26.170083333333334,52.0,-0.05145833333333272,35.65877075525071,-51.45833333333272,False,0.0,cued,3,120.0,16,True
sub04,test,10,53,26.721541666666667,26.654,53.0,-0.06754166666666706,51.59637136799357,-67.54166666666706,False,1.0,cued,3,120.0,16,True
sub04,test,10,54,27.221541666666667,27.2083125,54.0,-0.013229166666665293,22.269684623589182,-13.229166666665293,False,0.0,cued,3,120.0,16,True
sub04,test,10,55,27.721541666666667,27.659604166666668,55.0,-0.06193749999999909,48.948886893683934,-61.93749999999909,False,1.0,cued,3,120.0,16,True
sub04,test,10,56,28.221541666666667,28.1523125,56.0,-0.06922916666666623,38.82693721419579,-69.22916666666623,False,0.0,cued,3,120.0,16,True
sub04,test,10,57,28.721541666666667,28.678916666666666,57.0,-0.04262500000000102,52.937359754791295,-42.62500000000102,False,1.0,cued,3,120.0,16,True
sub04,test,10,58,29.221541666666667,29.191875,58.0,-0.029666666666667396,42.69699081490298,-29.666666666667396,False,1.0,cued,3,120.0,16,True
sub04,test,10,59,29.721541666666667,29.6941875,59.0,-0.027354166666665236,52.58895894365033,-27.354166666665236,False,1.0,cued,3,120.0,16,True
sub04,test,11,0,0.22279166666666667,0.420625,0.0,0.19783333333333336,41.659494160143076,197.83333333333337,False,1.0,spontaneous,3,120.0,0,True
sub04,test,11,1,0.7216666666666667,0.784875,1.0,0.06320833333333331,32.50694399477426,63.208333333333314,False,0.0,spontaneous,3,120.0,0,True
sub04,test,11,2,1.2216666666666667,1.1828541666666668,2.0,-0.038812499999999917,30.009881014089007,-38.812499999999915,False,0.0,spontaneous,3,120.0,0,True
sub04,test,11,3,1.7216666666666667,1.6630208333333334,3.0,-0.058645833333333286,53.68380637390116,-58.645833333333286,False,1.0,spontaneous,3,120.0,0,True
sub04,test,11,4,2.2216666666666667,2.1534791666666666,4.0,-0.06818750000000007,31.364389153020966,-68.18750000000007,False,0.0,spontaneous,3,120.0,0,True
sub04,test,11,5,2.7216666666666667,2.659875,5.0,-0.06179166666666669,41.444079859550925,-61.791666666666686,False,1.0,spontaneous,3,120.0,0,True
sub04,test,11,6,3.2216666666666667,3.1426875,6.0,-0.0789791666666666,52.33032056720152,-78.9791666666666,False,1.0,spontaneous,3,120.0,0,True
sub04,test,11,7,3.7216666666666667,3.655875,7.0,-0.06579166666666669,38.614573255425015,-65.79166666666669,False,1.0,spontaneous,3,120.0,0,True
sub04,test,11,8,4.221666666666667,4.099645833333334,8.0,-0.12202083333333302,31.556231943959247,-122.02083333333303,False,0.0,spontaneous,3,120.0,0,True
sub04,test,11,9,4.721666666666667,4.6513125,9.0,-0.07035416666666627,52.49416611977483,-70.35416666666627,False,1.0,spontaneous,3,120.0,0,True
sub04,test,11,10,5.2228125,5.176625,10.0,-0.04618750000000027,23.02568409882596,-46.18750000000027,False,0.0,spontaneous,3,120.0,0,True
sub04,test,11,11,5.721666666666667,5.657791666666666,11.0,-0.06387500000000035,30.914392987138577,-63.87500000000035,False,0.0,spontaneous,3,120.0,0,True
sub04,test,11,12,6.221666666666667,6.154041666666667,12.0,-0.0676249999999996,52.6372302725306,-67.6249999999996,False,1.0,spontaneous,3,120.0,0,True
sub04,test,11,13,6.721666666666667,6.699729166666667,13.0,-0.021937499999999943,32.05269228006525,-21.937499999999943,False,0.0,spontaneous,3,120.0,0,True
sub04,test,11,14,7.221666666666667,7.191791666666667,14.0,-0.029874999999999652,40.889820154499404,-29.874999999999652,False,1.0,spontaneous,3,120.0,0,True
sub04,test,11,15,7.721666666666667,7.6756875,15.0,-0.04597916666666624,54.03063840569178,-45.97916666666624,False,1.0,spontaneous,3,120.0,0,True
sub04,test,11,16,8.221666666666666,8.199145833333333,16.0,-0.0225208333333331,30.367993397926504,-22.5208333333331,False,0.0,spontaneous,3,120.0,0,True
sub04,test,11,17,8.721666666666666,8.679833333333333,17.0,-0.041833333333332945,39.72969327718837,-41.833333333332945,False,1.0,spontaneous,3,120.0,0,True
sub04,test,11,18,9.221666666666666,9.165833333333333,18.0,-0.05583333333333229,53.27032704989015,-55.83333333333229,False,1.0,spontaneous,3,120.0,0,True
sub04,test,11,19,9.721666666666666,9.709375,19.0,-0.012291666666666146,31.11732856611098,-12.291666666666146,False,0.0,spontaneous,3,120.0,0,True
sub04,test,11,20,10.4228125,,,,,,True,,spontaneous,3,120.0,0,True
sub04,test,11,21,10.921666666666667,,,,,,True,,spontaneous,3,120.0,0,True
sub04,test,11,22,11.421666666666667,11.338291666666667,22.0,-0.0833750000000002,49.51764475073639,-83.3750000000002,False,1.0,spontaneous,3,120.0,0,True
sub04,test,11,23,12.121666666666666,12.058104166666666,23.0,-0.06356249999999974,37.985425570352156,-63.562499999999744,False,0.0,spontaneous,3,120.0,0,True
sub04,test,11,24,12.8228125,,,,,,True,,spontaneous,3,120.0,0,True
sub04,test,11,25,13.321666666666667,,,,,,True,,spontaneous,3,120.0,0,True
sub04,test,11,26,14.021666666666667,,,,,,True,,spontaneous,3,120.0,0,True
sub04,test,11,27,14.5228125,14.3861875,27.0,-0.13662500000000044,42.71725130711759,-136.62500000000045,False,1.0,spontaneous,3,120.0,0,True
sub04,test,11,28,15.021666666666667,14.9736875,28.0,-0.04797916666666602,49.4458530116438,-47.97916666666602,False,1.0,spontaneous,3,120.0,0,True
sub04,test,11,29,15.721666666666666,15.548125,29.0,-0.17354166666666515,41.73477178218139,-173.54166666666515,False,1.0,spontaneous,3,120.0,0,True
sub04,test,11,30,16.221666666666668,,,,,,True,,spontaneous,3,120.0,0,True
sub04,test,11,31,16.921666666666667,,,,,,True,,spontaneous,3,120.0,0,True
sub04,test,11,32,17.421666666666667,,,,,,True,,spontaneous,3,120.0,0,True
sub04,test,11,33,18.121666666666666,,,,,,True,,spontaneous,3,120.0,0,True
sub04,test,11,34,18.621666666666666,,,,,,True,,spontaneous,3,120.0,0,True
sub04,test,11,35,19.321666666666665,,,,,,True,,spontaneous,3,120.0,0,True
sub04,test,11,36,19.821666666666665,19.887583333333332,31.0,0.0659166666666664,19.13604157581453,65.9166666666664,False,0.0,spontaneous,3,120.0,0,True
sub04,test,11,37,20.321666666666665,20.247333333333334,32.0,-0.07433333333333181,16.7273907240611,-74.33333333333181,False,0.0,spontaneous,3,120.0,0,True
sub04,test,11,38,21.02166666666667,20.84,33.0,-0.18166666666666842,17.817503896091445,-181.66666666666842,False,0.0,spontaneous,3,120.0,0,True
sub04,test,11,39,21.52166666666667,,,,,,True,,spontaneous,3,120.0,0,True
sub04,test,11,40,22.221666666666668,,,,,,True,,spontaneous,3,120.0,0,True
sub04,test,11,41,22.927270833333335,,,,,,True,,spontaneous,3,120.0,0,True
sub04,test,11,42,23.4228125,,,,,,True,,spontaneous,3,120.0,0,True
sub04,test,11,43,23.921666666666667,23.82075,34.0,-0.10091666666666654,19.58925379369448,-100.91666666666654,False,0.0,spontaneous,3,120.0,0,True
sub04,test,11,44,24.621666666666666,,,,,,True,,spontaneous,3,120.0,0,True
sub04,test,11,45,25.121666666666666,,,,,,True,,spontaneous,3,120.0,0,True
sub04,test,11,46,25.821666666666665,,,,,,True,,spontaneous,3,120.0,0,True
sub04,test,11,47,26.321666666666665,,,,,,True,,spontaneous,3,120.0,0,True
sub04,test,11,48,26.821666666666665,,,,,,True,,spontaneous,3,120.0,0,True
sub04,test,11,49,27.52166666666667,,,,,,True,,spontaneous,3,120.0,0,True
sub04,test,11,50,28.227270833333332,,,,,,True,,spontaneous,3,120.0,0,True
sub04,test,11,51,28.721666666666668,28.8391875,38.0,0.11752083333333374,16.933910369342854,117.52083333333374,False,0.0,spontaneous,3,120.0,0,True
sub04,test,11,52,29.221666666666668,29.274166666666666,39.0,0.05249999999999844,17.75772211480399,52.49999999999844,False,0.0,spontaneous,3,120.0,0,True
sub04,test,11,53,29.921666666666667,,,,,,True,,spontaneous,3,120.0,0,True
sub04,test,12,0,0.2226875,,,,,,True,,cued,2,120.0,18,True
sub04,test,12,1,0.7215416666666666,,,,,,True,,cued,2,120.0,18,True
sub04,test,12,2,1.2215416666666667,1.1965416666666666,0.0,-0.025000000000000133,40.00380172977799,-25.000000000000135,False,0.0,cued,2,120.0,18,True
sub04,test,12,3,1.7215416666666667,1.7169791666666667,1.0,-0.004562500000000025,35.95266751215335,-4.562500000000025,False,0.0,cued,2,120.0,18,True
sub04,test,12,4,2.2215416666666665,2.1794166666666666,2.0,-0.04212499999999997,54.21033890998082,-42.12499999999997,False,1.0,cued,2,120.0,18,True
sub04,test,12,5,2.7215416666666665,2.6934375,3.0,-0.028104166666666597,32.648276574652584,-28.104166666666597,False,0.0,cued,2,120.0,18,True
sub04,test,12,6,3.2215416666666665,3.207666666666667,4.0,-0.013874999999999638,51.359151586219234,-13.874999999999638,False,1.0,cued,2,120.0,18,True
sub04,test,12,7,3.7215416666666665,3.71275,5.0,-0.008791666666666309,38.76773467613578,-8.791666666666309,False,0.0,cued,2,120.0,18,True
sub04,test,12,8,4.221541666666667,4.1811875,6.0,-0.04035416666666691,51.89355790403155,-40.35416666666691,False,1.0,cued,2,120.0,18,True
sub04,test,12,9,4.721541666666667,4.663270833333334,7.0,-0.05827083333333327,28.874535808397418,-58.27083333333327,False,0.0,cued,2,120.0,18,True
sub04,test,12,10,5.221541666666667,5.172416666666667,8.0,-0.049125000000000085,52.14700341284978,-49.125000000000085,False,1.0,cued,2,120.0,18,True
sub04,test,12,11,5.721541666666667,5.653979166666667,9.0,-0.06756250000000019,28.616472344450592,-67.5625000000002,False,0.0,cued,2,120.0,18,True
sub04,test,12,12,6.221541666666667,6.154416666666667,10.0,-0.06712499999999988,50.548855812650544,-67.12499999999989,False,1.0,cued,2,120.0,18,True
sub04,test,12,13,6.721541666666667,6.650708333333333,11.0,-0.07083333333333375,26.950862632649006,-70.83333333333374,False,0.0,cued,2,120.0,18,True
sub04,test,12,14,7.221541666666667,7.100791666666667,12.0,-0.12075000000000014,50.009797451136635,-120.75000000000014,False,1.0,cued,2,120.0,18,True
sub04,test,12,15,7.721541666666667,7.667958333333333,13.0,-0.05358333333333398,30.941339799336372,-53.58333333333398,False,0.0,cued,2,120.0,18,True
sub04,test,12,16,8.221541666666667,8.154958333333333,14.0,-0.06658333333333388,51.24307302204122,-66.58333333333388,False,1.0,cued,2,120.0,18,True
sub04,test,12,17,8.721541666666667,8.671770833333333,15.0,-0.04977083333333354,30.434987241820124,-49.77083333333354,False,0.0,cued,2,120.0,18,True
sub04,test,12,18,9.221541666666667,9.17125,16.0,-0.0502916666666664,49.80799734954792,-50.2916666666664,False,1.0,cued,2,120.0,18,True
sub04,test,12,19,9.7226875,9.6378125,17.0,-0.08487499999999848,26.232816027733406,-84.87499999999848,False,0.0,cued,2,120.0,18,True
sub04,test,12,20,10.221541666666667,10.198833333333333,18.0,-0.022708333333333997,49.76530763645964,-22.708333333333997,False,1.0,cued,2,120.0,18,True
sub04,test,12,21,10.721541666666667,10.691708333333333,19.0,-0.029833333333334267,30.86947046200196,-29.833333333334267,False,0.0,cued,2,120.0,18,True
sub04,test,12,22,11.221541666666667,11.1823125,20.0,-0.03922916666666687,50.556115257575044,-39.22916666666687,False,1.0,cued,2,120.0,18,True
sub04,test,12,23,11.721541666666667,11.686875,21.0,-0.0346666666666664,44.27902617602779,-34.6666666666664,False,1.0,cued,2,120.0,18,True
sub04,test,12,24,12.221541666666667,12.209375,22.0,-0.012166666666667325,54.70130437497409,-12.166666666667325,False,1.0,cued,2,120.0,18,True
sub04,test,12,25,12.721541666666667,12.732104166666666,23.0,0.01056249999999892,33.20041509453253,10.56249999999892,False,0.0,cued,2,120.0,18,True
sub04,test,12,26,13.2226875,13.205208333333333,24.0,-0.017479166666666046,52.66171171207368,-17.479166666666046,False,1.0,cued,2,120.0,18,True
sub04,test,12,27,13.721541666666667,13.680666666666667,25.0,-0.04087499999999977,33.86591477365063,-40.87499999999977,False,0.0,cued,2,120.0,18,True
sub04,test,12,28,14.221541666666667,14.184729166666667,26.0,-0.036812499999999915,51.581934098070164,-36.812499999999915,False,1.0,cued,2,120.0,18,True
sub04,test,12,29,14.721541666666667,14.705583333333333,27.0,-0.01595833333333374,31.15917773996341,-15.95833333333374,False,0.0,cued,2,120.0,18,True
sub04,test,12,30,15.221541666666667,15.174854166666666,28.0,-0.04668750000000088,52.06043216366439,-46.68750000000088,False,1.0,cued,2,120.0,18,True
sub04,test,12,31,15.721541666666667,15.673395833333334,29.0,-0.04814583333333289,38.2515279447768,-48.14583333333289,False,0.0,cued,2,120.0,18,True
sub04,test,12,32,16.221541666666667,16.17625,30.0,-0.045291666666667396,53.47278920357879,-45.291666666667396,False,1.0,cued,2,120.0,18,True
sub04,test,12,33,16.721541666666667,16.698895833333335,31.0,-0.02264583333333192,31.31812852417673,-22.64583333333192,False,0.0,cued,2,120.0,18,True
sub04,test,12,34,17.221541666666667,17.1714375,32.0,-0.05010416666666728,51.86958406218733,-50.10416666666728,False,1.0,cued,2,120.0,18,True
sub04,test,12,35,17.721541666666667,17.6528125,33.0,-0.0687291666666674,23.46985587893517,-68.7291666666674,False,0.0,cued,2,120.0,18,True
sub04,test,12,36,18.221541666666667,18.171229166666667,34.0,-0.050312500000000426,51.06754034572979,-50.312500000000426,False,1.0,cued,2,120.0,18,True
sub04,test,12,37,18.721541666666667,18.676208333333335,35.0,-0.04533333333333189,42.08562480802187,-45.33333333333189,False,1.0,cued,2,120.0,18,True
sub04,test,12,38,19.221541666666667,19.142958333333333,36.0,-0.07858333333333434,38.327207747300626,-78.58333333333434,False,0.0,cued,2,120.0,18,True
sub04,test,12,39,19.721541666666667,19.626145833333332,37.0,-0.09539583333333468,51.56990023588108,-95.39583333333468,False,1.0,cued,2,120.0,18,True
sub04,test,12,40,20.221541666666667,20.1491875,38.0,-0.07235416666666694,31.067946089337664,-72.35416666666694,False,0.0,cued,2,120.0,18,True
sub04,test,12,41,20.721541666666667,20.68091666666667,39.0,-0.04062499999999858,36.13532339921293,-40.62499999999858,False,0.0,cued,2,120.0,18,True
sub04,test,12,42,21.221541666666667,21.162041666666667,40.0,-0.059499999999999886,54.234420826863136,-59.499999999999886,False,1.0,cued,2,120.0,18,True
sub04,test,12,43,21.721541666666667,21.670270833333333,41.0,-0.0512708333333336,34.78054687736639,-51.2708333333336,False,0.0,cued,2,120.0,18,True
sub04,test,12,44,22.221541666666667,22.166791666666665,42.0,-0.054750000000002075,37.34998125011057,-54.750000000002075,False,0.0,cued,2,120.0,18,True
sub04,test,12,45,22.721541666666667,22.668666666666667,43.0,-0.05287500000000023,52.279852359528334,-52.87500000000023,False,1.0,cued,2,120.0,18,True
sub04,test,12,46,23.221541666666667,23.166020833333334,44.0,-0.055520833333332575,32.352279770150915,-55.520833333332575,False,0.0,cued,2,120.0,18,True
sub04,test,12,47,23.721541666666667,23.67770833333333,45.0,-0.04383333333333539,45.30125841577285,-43.83333333333539,False,1.0,cued,2,120.0,18,True
sub04,test,12,48,24.221541666666667,24.1636875,46.0,-0.05785416666666521,55.31174081896647,-57.85416666666521,False,1.0,cued,2,120.0,18,True
sub04,test,12,49,24.721541666666667,24.658375,47.0,-0.06316666666666748,34.065510613140795,-63.16666666666748,False,0.0,cued,2,120.0,18,True
sub04,test,12,50,25.221541666666667,25.168,48.0,-0.05354166666666771,37.11397747475358,-53.54166666666771,False,0.0,cued,2,120.0,18,True
sub04,test,12,51,25.721541666666667,25.660895833333335,49.0,-0.06064583333333218,55.18790223935287,-60.64583333333218,False,1.0,cued,2,120.0,18,True
sub04,test,12,52,26.221541666666667,26.1509375,50.0,-0.07060416666666569,36.266261097361856,-70.60416666666569,False,0.0,cued,2,120.0,18,True
sub04,test,12,53,26.721541666666667,26.644083333333334,51.0,-0.07745833333333252,42.71101136416644,-77.45833333333252,False,1.0,cued,2,120.0,18,True
sub04,test,12,54,27.221541666666667,27.1653125,52.0,-0.05622916666666811,51.88856731792092,-56.22916666666811,False,1.0,cued,2,120.0,18,True
sub04,test,12,55,27.721541666666667,27.637270833333332,53.0,-0.08427083333333485,35.082778037524236,-84.27083333333485,False,0.0,cued,2,120.0,18,True
sub04,test,12,56,28.221541666666667,28.170125,54.0,-0.05141666666666822,37.359208310849226,-51.41666666666822,False,0.0,cued,2,120.0,18,True
sub04,test,12,57,28.721541666666667,28.685270833333334,55.0,-0.03627083333333303,52.69459910808877,-36.27083333333303,False,1.0,cued,2,120.0,18,True
sub04,test,12,58,29.2226875,29.175958333333334,56.0,-0.04672916666666538,30.660509093935868,-46.72916666666538,False,0.0,cued,2,120.0,18,True
sub04,test,12,59,29.721541666666667,29.625729166666666,57.0,-0.09581250000000097,40.23939834179765,-95.81250000000097,False,1.0,cued,2,120.0,18,True
sub04,test,13,0,0.22266666666666668,0.3894375,0.0,0.1667708333333333,32.9747219241291,166.77083333333331,False,0.0,cued,2,100.0,18,True
sub04,test,13,1,0.8215208333333334,0.7903333333333333,1.0,-0.031187500000000035,43.62570155748493,-31.187500000000036,False,1.0,cued,2,100.0,18,True
sub04,test,13,2,1.4215208333333333,1.33575,2.0,-0.08577083333333335,53.42424395788507,-85.77083333333336,False,1.0,cued,2,100.0,18,True
sub04,test,13,3,2.021520833333333,1.9297083333333334,3.0,-0.09181249999999985,40.863548370505626,-91.81249999999986,False,0.0,cued,2,100.0,18,True
sub04,test,13,4,2.6215208333333333,2.5366458333333335,4.0,-0.08487499999999981,51.787357394293636,-84.87499999999982,False,1.0,cued,2,100.0,18,True
sub04,test,13,5,3.2215208333333334,3.1407708333333333,5.0,-0.0807500000000001,40.491293667074395,-80.7500000000001,False,0.0,cued,2,100.0,18,True
sub04,test,13,6,3.8215208333333335,3.795125,6.0,-0.026395833333333396,51.282351138962234,-26.395833333333396,False,1.0,cued,2,100.0,18,True
sub04,test,13,7,4.421520833333333,4.3764375,7.0,-0.045083333333333364,29.267999557161268,-45.083333333333364,False,0.0,cued,2,100.0,18,True
sub04,test,13,8,5.021520833333334,4.9631875,8.0,-0.05833333333333357,50.803151680600855,-58.33333333333357,False,1.0,cued,2,100.0,18,True
sub04,test,13,9,5.6226666666666665,5.612708333333333,9.0,-0.009958333333333513,34.57962279170433,-9.958333333333513,False,0.0,cued,2,100.0,18,True
sub04,test,13,10,6.221520833333333,6.176416666666666,10.0,-0.0451041666666665,50.063653072891164,-45.1041666666665,False,1.0,cued,2,100.0,18,True
sub04,test,13,11,6.8215208333333335,6.7651666666666666,11.0,-0.05635416666666693,32.4897741590026,-56.35416666666693,False,0.0,cued,2,100.0,18,True
sub04,test,13,12,7.421520833333333,7.3523125,12.0,-0.0692083333333331,50.84983811140589,-69.20833333333309,False,1.0,cued,2,100.0,18,True
sub04,test,13,13,8.021520833333334,7.963770833333333,13.0,-0.05775000000000041,26.93535205540207,-57.75000000000041,False,0.0,cued,2,100.0,18,True
sub04,test,13,14,8.621520833333333,8.5311875,14.0,-0.0903333333333336,51.51418300427842,-90.3333333333336,False,1.0,cued,2,100.0,18,True
sub04,test,13,15,9.221520833333333,9.129875,15.0,-0.09164583333333276,29.03717977961567,-91.64583333333276,False,0.0,cued,2,100.0,18,True
sub04,test,13,16,9.821520833333333,9.7405,16.0,-0.08102083333333177,50.97424164134418,-81.02083333333177,False,1.0,cued,2,100.0,18,True
sub04,test,13,17,10.421520833333334,10.359666666666667,17.0,-0.061854166666666544,32.55122520271755,-61.85416666666654,False,0.0,cued,2,100.0,18,True
sub04,test,13,18,11.021520833333334,10.982895833333334,18.0,-0.03862499999999969,50.92743704516403,-38.62499999999969,False,1.0,cued,2,100.0,18,True
sub04,test,13,19,11.621520833333333,11.622395833333334,19.0,0.0008750000000006253,29.764951781557034,0.8750000000006253,False,0.0,cued,2,100.0,18,True
sub04,test,13,20,12.221520833333333,12.1709375,20.0,-0.05058333333333209,52.62418193380367,-50.58333333333209,False,1.0,cued,2,100.0,18,True
sub04,test,13,21,12.821520833333333,12.778333333333334,21.0,-0.04318749999999838,31.211577615564195,-43.18749999999838,False,0.0,cued,2,100.0,18,True
sub04,test,13,22,13.421520833333334,13.347375,22.0,-0.07414583333333447,51.216357807244755,-74.14583333333447,False,1.0,cued,2,100.0,18,True
sub04,test,13,23,14.021520833333334,13.959208333333333,23.0,-0.06231250000000088,35.27146456012841,-62.31250000000088,False,0.0,cued,2,100.0,18,True
sub04,test,13,24,14.621520833333333,14.536583333333333,24.0,-0.08493750000000055,52.822442126228786,-84.93750000000055,False,1.0,cued,2,100.0,18,True
sub04,test,13,25,15.221520833333333,15.1751875,25.0,-0.046333333333333115,31.440952857423913,-46.333333333333115,False,0.0,cued,2,100.0,18,True
sub04,test,13,26,15.821520833333333,15.720208333333334,26.0,-0.1013124999999988,52.785289605531254,-101.3124999999988,False,1.0,cued,2,100.0,18,True
sub04,test,13,27,16.421520833333332,16.3856875,27.0,-0.03583333333333272,35.36847139800158,-35.83333333333272,False,0.0,cued,2,100.0,18,True
sub04,test,13,28,17.021520833333334,16.970416666666665,28.0,-0.051104166666668505,51.51466694133636,-51.104166666668505,False,1.0,cued,2,100.0,18,True
sub04,test,13,29,17.621520833333335,17.6445625,29.0,0.023041666666664185,34.75355661514969,23.041666666664185,False,0.0,cued,2,100.0,18,True
sub04,test,13,30,18.221520833333333,18.165333333333333,30.0,-0.05618750000000006,53.22706534102136,-56.18750000000006,False,1.0,cued,2,100.0,18,True
sub04,test,13,31,18.821520833333334,18.76625,31.0,-0.055270833333334934,43.58048987743725,-55.270833333334934,False,1.0,cued,2,100.0,18,True
sub04,test,13,32,19.421520833333332,19.334354166666667,32.0,-0.08716666666666484,36.42447413583081,-87.16666666666484,False,0.0,cued,2,100.0,18,True
sub04,test,13,33,20.021520833333334,19.9645625,33.0,-0.05695833333333411,51.74635836570892,-56.95833333333411,False,1.0,cued,2,100.0,18,True
sub04,test,13,34,20.621520833333335,20.593770833333334,34.0,-0.02775000000000105,31.53436490872331,-27.75000000000105,False,0.0,cued,2,100.0,18,True
sub04,test,13,35,21.221520833333333,21.169520833333333,35.0,-0.0519999999999996,29.773799703762577,-51.9999999999996,False,0.0,cued,2,100.0,18,True
sub04,test,13,36,21.821520833333334,21.736395833333333,36.0,-0.08512500000000145,53.10236749105461,-85.12500000000145,False,1.0,cued,2,100.0,18,True
sub04,test,13,37,22.422666666666668,22.3376875,37.0,-0.08497916666666683,41.2345285578213,-84.97916666666683,False,1.0,cued,2,100.0,18,True
sub04,test,13,38,23.021520833333334,22.9838125,38.0,-0.037708333333334565,42.33719314403555,-37.708333333334565,False,1.0,cued,2,100.0,18,True
sub04,test,13,39,23.621520833333335,23.569458333333333,39.0,-0.05206250000000168,52.381125183286315,-52.06250000000168,False,1.0,cued,2,100.0,18,True
sub04,test,13,40,24.221520833333333,24.2125,40.0,-0.009020833333334366,35.75346874236482,-9.020833333334366,False,0.0,cued,2,100.0,18,True
sub04,test,13,41,24.822645833333333,24.796958333333333,41.0,-0.025687500000000085,30.403490156945317,-25.687500000000085,False,0.0,cued,2,100.0,18,True
sub04,test,13,42,25.421520833333332,25.3085625,42.0,-0.1129583333333315,53.57703198546023,-112.9583333333315,False,1.0,cued,2,100.0,18,True
sub04,test,13,43,26.021520833333334,25.939916666666665,43.0,-0.08160416666666848,37.58191306385359,-81.60416666666848,False,0.0,cued,2,100.0,18,True
sub04,test,13,44,26.621520833333335,26.557458333333333,44.0,-0.06406250000000213,38.18904177965608,-64.06250000000213,False,0.0,cued,2,100.0,18,True
sub04,test,13,45,27.222666666666665,27.200666666666667,45.0,-0.021999999999998465,52.82592457542109,-21.999999999998465,False,1.0,cued,2,100.0,18,True
sub04,test,13,46,27.822666666666667,27.785458333333334,46.0,-0.03720833333333218,33.98136603059028,-37.20833333333218,False,0.0,cued,2,100.0,18,True
sub04,test,13,47,28.421520833333332,28.360770833333333,47.0,-0.06074999999999875,38.743068663523715,-60.74999999999875,False,0.0,cued,2,100.0,18,True
sub04,test,13,48,29.021520833333334,28.95575,48.0,-0.06577083333333533,50.9531441421357,-65.77083333333533,False,1.0,cued,2,100.0,18,True
sub04,test,13,49,29.621520833333335,29.603375,49.0,-0.018145833333335304,39.82010810763883,-18.145833333335304,False,0.0,cued,2,100.0,18,True
sub04,test,14,0,0.22266666666666668,0.3465416666666667,0.0,0.12387500000000001,52.06803184751267,123.87500000000001,False,1.0,spontaneous,3,116.0,0,True
sub04,test,14,1,0.7387708333333334,0.7390416666666667,1.0,0.00027083333333333126,37.42933306279285,0.27083333333333126,False,0.0,spontaneous,3,116.0,0,True
sub04,test,14,2,1.2560208333333334,1.1962916666666668,2.0,-0.05972916666666661,43.7106985150018,-59.729166666666615,False,1.0,spontaneous,3,116.0,0,True
sub04,test,14,3,1.7732708333333334,1.7069166666666666,3.0,-0.06635416666666671,54.53167323824076,-66.35416666666671,False,1.0,spontaneous,3,116.0,0,True
sub04,test,14,4,2.2905208333333333,2.2476875,4.0,-0.04283333333333328,35.92113811605206,-42.83333333333328,False,0.0,spontaneous,3,116.0,0,True
sub04,test,14,5,2.8077708333333335,2.722875,5.0,-0.08489583333333339,37.78496286920814,-84.8958333333334,False,0.0,spontaneous,3,116.0,0,True
sub04,test,14,6,3.3261666666666665,3.2356041666666666,6.0,-0.09056249999999988,53.781953558459286,-90.56249999999989,False,1.0,spontaneous,3,116.0,0,True
sub04,test,14,7,3.8422708333333335,3.7784791666666666,7.0,-0.06379166666666691,30.679682475583753,-63.79166666666691,False,0.0,spontaneous,3,116.0,0,True
sub04,test,14,8,4.359520833333334,4.319145833333334,8.0,-0.04037500000000005,41.904036465558285,-40.37500000000005,False,0.0,spontaneous,3,116.0,0,True
sub04,test,14,9,4.8767708333333335,4.815,9.0,-0.06177083333333311,54.93136561280021,-61.77083333333311,False,1.0,spontaneous,3,116.0,0,True
sub04,test,14,10,5.394020833333333,5.330708333333333,10.0,-0.06331250000000033,39.17926405757942,-63.31250000000033,False,0.0,spontaneous,3,116.0,0,True
sub04,test,14,11,5.911270833333333,5.8141875,11.0,-0.09708333333333297,41.16441397675799,-97.08333333333297,False,0.0,spontaneous,3,116.0,0,True
sub04,test,14,12,6.428520833333334,6.3298125,12.0,-0.09870833333333362,52.373824622030405,-98.70833333333363,False,1.0,spontaneous,3,116.0,0,True
sub04,test,14,13,6.9457708333333334,6.834270833333333,13.0,-0.11150000000000038,34.71401737951873,-111.50000000000037,False,0.0,spontaneous,3,116.0,0,True
sub04,test,14,14,7.463020833333333,7.428395833333333,14.0,-0.03462500000000013,44.06340361376355,-34.62500000000013,False,1.0,spontaneous,3,116.0,0,True
sub04,test,14,15,7.980270833333333,7.943479166666667,15.0,-0.03679166666666589,54.26160381230715,-36.79166666666589,False,1.0,spontaneous,3,116.0,0,True
sub04,test,14,16,8.497520833333333,8.499833333333333,16.0,0.0023125000000003837,38.472029642516866,2.3125000000003837,False,0.0,spontaneous,3,116.0,0,True
sub04,test,14,17,9.014770833333333,8.9795,17.0,-0.035270833333333584,52.94579463542977,-35.270833333333584,False,1.0,spontaneous,3,116.0,0,True
sub04,test,14,18,9.532020833333334,9.47225,18.0,-0.05977083333333333,34.57385402592111,-59.77083333333333,False,0.0,spontaneous,3,116.0,0,True
sub04,test,14,19,10.049270833333333,9.974958333333333,19.0,-0.07431249999999956,51.54657018807445,-74.31249999999956,False,1.0,spontaneous,3,116.0,0,True
sub04,test,14,20,10.566520833333334,10.450520833333334,20.0,-0.11599999999999966,46.04651443970903,-115.99999999999966,False,1.0,spontaneous,3,116.0,0,True
sub04,test,14,21,11.084916666666667,11.006895833333333,21.0,-0.07802083333333343,53.93642434503782,-78.02083333333343,False,1.0,spontaneous,3,116.0,0,True
sub04,test,14,22,11.601020833333333,11.51675,22.0,-0.08427083333333307,39.984167380134394,-84.27083333333307,False,0.0,spontaneous,3,116.0,0,True
sub04,test,14,23,12.118270833333334,12.022041666666667,23.0,-0.09622916666666725,51.47521485857158,-96.22916666666725,False,1.0,spontaneous,3,116.0,0,True
sub04,test,14,24,12.635520833333333,12.527916666666666,24.0,-0.1076041666666665,36.44240696388627,-107.6041666666665,False,0.0,spontaneous,3,116.0,0,True
sub04,test,14,25,13.152770833333333,13.083833333333333,25.0,-0.06893750000000054,50.580099822649245,-68.93750000000054,False,1.0,spontaneous,3,116.0,0,True
sub04,test,14,26,13.670020833333334,13.569958333333334,26.0,-0.10006249999999994,37.23254487167293,-100.06249999999994,False,0.0,spontaneous,3,116.0,0,True
sub04,test,14,27,14.187270833333333,14.130104166666667,27.0,-0.05716666666666548,51.04602507614207,-57.16666666666548,False,1.0,spontaneous,3,116.0,0,True
sub04,test,14,28,14.704520833333333,14.6210625,28.0,-0.08345833333333275,39.53635950366341,-83.45833333333275,False,0.0,spontaneous,3,116.0,0,True
sub04,test,14,29,15.221770833333334,15.144520833333333,29.0,-0.07725000000000115,49.98960482456114,-77.25000000000115,False,1.0,spontaneous,3,116.0,0,True
sub04,test,14,30,15.739020833333333,15.7304375,30.0,-0.008583333333332277,39.872014631780466,-8.583333333332277,False,0.0,spontaneous,3,116.0,0,True
sub04,test,14,31,16.256270833333332,16.213541666666668,31.0,-0.04272916666666404,51.43315113790095,-42.72916666666404,False,1.0,spontaneous,3,116.0,0,True
sub04,test,14,32,16.773520833333333,16.6753125,32.0,-0.09820833333333212,43.17355362222584,-98.20833333333212,False,0.0,spontaneous,3,116.0,0,True
sub04,test,14,33,17.290770833333333,17.2426875,33.0,-0.048083333333334366,51.87554785844743,-48.083333333334366,False,1.0,spontaneous,3,116.0,0,True
sub04,test,14,34,17.808020833333334,17.7696875,34.0,-0.038333333333333997,39.25699119061021,-38.333333333334,False,0.0,spontaneous,3,116.0,0,True
sub04,test,14,35,18.325270833333335,18.292395833333334,35.0,-0.032875000000000654,52.70888757469939,-32.875000000000654,False,1.0,spontaneous,3,116.0,0,True
sub04,test,14,36,18.84252083333333,18.793875,36.0,-0.04864583333333172,34.3600486183888,-48.64583333333172,False,0.0,spontaneous,3,116.0,0,True
sub04,test,14,37,19.359770833333332,19.320958333333333,37.0,-0.038812499999998806,47.79265248490682,-38.812499999998806,False,1.0,spontaneous,3,116.0,0,True
sub04,test,14,38,19.877020833333333,19.829604166666666,38.0,-0.047416666666666885,29.757256429612955,-47.416666666666885,False,0.0,spontaneous,3,116.0,0,True
sub04,test,14,39,20.394270833333334,20.309291666666667,39.0,-0.08497916666666683,52.1773809661085,-84.97916666666683,False,1.0,spontaneous,3,116.0,0,True
sub04,test,14,40,20.911520833333334,20.867104166666667,40.0,-0.04441666666666677,26.346752550241774,-44.41666666666677,False,0.0,spontaneous,3,116.0,0,True
sub04,test,14,41,21.428770833333335,21.386,41.0,-0.042770833333335645,51.595971134419145,-42.770833333335645,False,1.0,spontaneous,3,116.0,0,True
sub04,test,14,42,21.946020833333332,21.955354166666666,42.0,0.009333333333334082,36.28504513640567,9.333333333334082,False,0.0,spontaneous,3,116.0,0,True
sub04,test,14,43,22.463270833333333,22.427854166666666,43.0,-0.03541666666666643,52.35461589729141,-35.41666666666643,False,1.0,spontaneous,3,116.0,0,True
sub04,test,14,44,22.980520833333333,22.950541666666666,44.0,-0.029979166666667112,27.858768082636374,-29.979166666667112,False,0.0,spontaneous,3,116.0,0,True
sub04,test,14,45,23.497770833333334,23.470770833333333,45.0,-0.027000000000001023,50.902035936576056,-27.000000000001023,False,1.0,spontaneous,3,116.0,0,True
sub04,test,14,46,24.015020833333335,23.966895833333332,46.0,-0.048125000000002416,35.423906210750424,-48.125000000002416,False,0.0,spontaneous,3,116.0,0,True
sub04,test,14,47,24.53227083333333,24.471166666666665,47.0,-0.061104166666666515,51.388290444915334,-61.104166666666515,False,1.0,spontaneous,3,116.0,0,True
sub04,test,14,48,25.049520833333332,24.988416666666666,48.0,-0.061104166666666515,28.434655094786425,-61.104166666666515,False,0.0,spontaneous,3,116.0,0,True
sub04,test,14,49,25.566770833333333,25.499916666666667,49.0,-0.06685416666666555,49.779795699333775,-66.85416666666555,False,1.0,spontaneous,3,116.0,0,True
sub04,test,14,50,26.084020833333334,25.9715,50.0,-0.11252083333333474,26.400125754773974,-112.52083333333474,False,0.0,spontaneous,3,116.0,0,True
sub04,test,14,51,26.602416666666667,26.545333333333332,51.0,-0.05708333333333471,47.51828394380386,-57.08333333333471,False,1.0,spontaneous,3,116.0,0,True
sub04,test,14,52,27.118520833333335,27.091916666666666,52.0,-0.02660416666666876,18.56946956020215,-26.60416666666876,False,0.0,spontaneous,3,116.0,0,True
sub04,test,14,53,27.635770833333332,27.545166666666667,53.0,-0.09060416666666526,39.895164659276745,-90.60416666666526,False,0.0,spontaneous,3,116.0,0,True
sub04,test,14,54,28.153020833333333,28.104020833333333,54.0,-0.04899999999999949,26.172384908821293,-48.99999999999949,False,0.0,spontaneous,3,116.0,0,True
sub04,test,14,55,28.670270833333333,28.5968125,55.0,-0.07345833333333474,49.711949587558635,-73.45833333333474,False,1.0,spontaneous,3,116.0,0,True
sub04,test,14,56,29.187520833333334,29.124604166666668,56.0,-0.06291666666666629,27.884276444006627,-62.91666666666629,False,0.0,spontaneous,3,116.0,0,True
sub04,test,15,0,0.2266875,0.1,0.0,-0.12668749999999998,-160.0,-126.68749999999999,False,0.0,spontaneous,2,104.0,0,True
sub04,test,15,1,0.8024583333333334,0.6996875,1.0,-0.10277083333333337,33.41574787507036,-102.77083333333337,False,0.0,spontaneous,2,104.0,0,True
sub04,test,15,2,1.379375,1.2964583333333333,2.0,-0.08291666666666675,51.14564336672535,-82.91666666666674,False,1.0,spontaneous,2,104.0,0,True
sub04,test,15,3,1.9562916666666668,1.8521666666666667,3.0,-0.10412500000000002,38.813535451685375,-104.12500000000003,False,0.0,spontaneous,2,104.0,0,True
sub04,test,15,4,2.5332083333333335,2.4736875,4.0,-0.05952083333333347,51.65065512260519,-59.52083333333347,False,1.0,spontaneous,2,104.0,0,True
sub04,test,15,5,3.110125,3.0377916666666667,5.0,-0.07233333333333336,36.38361251563773,-72.33333333333336,False,0.0,spontaneous,2,104.0,0,True
sub04,test,15,6,3.6870416666666666,3.675625,6.0,-0.011416666666666409,51.407648016112304,-11.416666666666409,False,1.0,spontaneous,2,104.0,0,True
sub04,test,15,7,4.263958333333333,4.237625,7.0,-0.026333333333332654,38.66995034751567,-26.333333333332654,False,0.0,spontaneous,2,104.0,0,True
sub04,test,15,8,4.840875,4.776625,8.0,-0.06424999999999947,51.446614058270505,-64.24999999999947,False,1.0,spontaneous,2,104.0,0,True
sub04,test,15,9,5.417791666666667,5.323833333333333,9.0,-0.09395833333333403,36.31561501314309,-93.95833333333402,False,0.0,spontaneous,2,104.0,0,True
sub04,test,15,10,5.9947083333333335,5.9635625,10.0,-0.031145833333333428,50.24996280296378,-31.145833333333428,False,1.0,spontaneous,2,104.0,0,True
sub04,test,15,11,6.571625,6.550020833333333,11.0,-0.02160416666666709,36.79654474204086,-21.60416666666709,False,0.0,spontaneous,2,104.0,0,True
sub04,test,15,12,7.148541666666667,7.109125,12.0,-0.03941666666666688,51.79557575655974,-39.41666666666688,False,1.0,spontaneous,2,104.0,0,True
sub04,test,15,13,7.725458333333333,7.678041666666667,13.0,-0.047416666666665996,29.024625967801644,-47.416666666665996,False,0.0,spontaneous,2,104.0,0,True
sub04,test,15,14,8.302375,8.258291666666667,14.0,-0.04408333333333303,52.461439475492085,-44.08333333333303,False,1.0,spontaneous,2,104.0,0,True
sub04,test,15,15,8.879291666666667,8.841958333333332,15.0,-0.03733333333333455,37.34945714077722,-37.33333333333455,False,0.0,spontaneous,2,104.0,0,True
sub04,test,15,16,9.456208333333333,9.411958333333333,16.0,-0.0442499999999999,52.766697325536704,-44.2499999999999,False,1.0,spontaneous,2,104.0,0,True
sub04,test,15,17,10.033125,9.9748125,17.0,-0.058312499999999545,27.70724710352386,-58.312499999999545,False,0.0,spontaneous,2,104.0,0,True
sub04,test,15,18,10.610041666666667,10.518979166666666,18.0,-0.09106250000000138,50.1260882918178,-91.06250000000138,False,1.0,spontaneous,2,104.0,0,True
sub04,test,15,19,11.186958333333333,11.124625,19.0,-0.06233333333333313,33.990319710985204,-62.33333333333313,False,0.0,spontaneous,2,104.0,0,True
sub04,test,15,20,11.763875,11.701,20.0,-0.06287500000000001,52.06374560928709,-62.875000000000014,False,1.0,spontaneous,2,104.0,0,True
sub04,test,15,21,12.340791666666666,12.3030625,21.0,-0.037729166666666814,37.73885695436966,-37.72916666666681,False,0.0,spontaneous,2,104.0,0,True
sub04,test,15,22,12.917708333333334,12.844645833333333,22.0,-0.0730625000000007,39.44785017072882,-73.0625000000007,False,1.0,spontaneous,2,104.0,0,True
sub04,test,15,23,13.494625,13.437229166666667,23.0,-0.057395833333332646,52.35102409181312,-57.39583333333265,False,1.0,spontaneous,2,104.0,0,True
sub04,test,15,24,14.071541666666667,14.014229166666667,24.0,-0.0573125000000001,36.706099968297195,-57.3125000000001,False,0.0,spontaneous,2,104.0,0,True
sub04,test,15,25,14.648458333333334,14.578041666666667,25.0,-0.07041666666666657,39.33793659102855,-70.41666666666657,False,1.0,spontaneous,2,104.0,0,True
sub04,test,15,26,15.225375,15.172979166666666,26.0,-0.05239583333333364,54.230618436357865,-52.39583333333364,False,1.0,spontaneous,2,104.0,0,True
sub04,test,15,27,15.802291666666667,15.768791666666667,27.0,-0.033500000000000085,35.143925011599116,-33.500000000000085,False,0.0,spontaneous,2,104.0,0,True
sub04,test,15,28,16.379208333333334,16.3681875,28.0,-0.011020833333333258,38.887634432257705,-11.020833333333258,False,1.0,spontaneous,2,104.0,0,True
sub04,test,15,29,16.956125,16.884666666666668,29.0,-0.07145833333333229,53.08924892544076,-71.45833333333229,False,1.0,spontaneous,2,104.0,0,True
sub04,test,15,30,17.533041666666666,17.468916666666665,30.0,-0.06412500000000065,31.827705928160114,-64.12500000000065,False,0.0,spontaneous,2,104.0,0,True
sub04,test,15,31,18.109958333333335,18.066104166666666,31.0,-0.043854166666669414,39.41000424773681,-43.854166666669414,False,1.0,spontaneous,2,104.0,0,True
sub04,test,15,32,18.686875,18.611125,32.0,-0.07574999999999932,51.62611180018913,-75.74999999999932,False,1.0,spontaneous,2,104.0,0,True
sub04,test,15,33,19.263791666666666,19.2129375,33.0,-0.05085416666666731,31.516213535474222,-50.85416666666731,False,0.0,spontaneous,2,104.0,0,True
sub04,test,15,34,19.840708333333332,19.790541666666666,34.0,-0.050166666666665805,35.70307114151047,-50.166666666665805,False,0.0,spontaneous,2,104.0,0,True
sub04,test,15,35,20.417625,20.319020833333333,35.0,-0.09860416666666794,52.072106379903296,-98.60416666666794,False,1.0,spontaneous,2,104.0,0,True
sub04,test,15,36,20.994541666666667,20.897583333333333,36.0,-0.09695833333333326,37.84981478574379,-96.95833333333326,False,0.0,spontaneous,2,104.0,0,True
sub04,test,15,37,21.571458333333332,21.487604166666667,37.0,-0.08385416666666501,41.36488013824551,-83.85416666666501,False,1.0,spontaneous,2,104.0,0,True
sub04,test,15,38,22.148375,22.090354166666668,38.0,-0.058020833333333854,53.65985033047967,-58.020833333333854,False,1.0,spontaneous,2,104.0,0,True
sub04,test,15,39,22.725291666666667,22.670958333333335,39.0,-0.054333333333332234,37.103674451186315,-54.333333333332234,False,0.0,spontaneous,2,104.0,0,True
sub04,test,15,40,23.302208333333333,23.237854166666665,40.0,-0.06435416666666782,40.186549394973156,-64.35416666666782,False,1.0,spontaneous,2,104.0,0,True
sub04,test,15,41,23.879125,23.845416666666665,41.0,-0.03370833333333323,50.86165036772257,-33.70833333333323,False,1.0,spontaneous,2,104.0,0,True
sub04,test,15,42,24.456041666666668,24.429604166666667,42.0,-0.026437500000000114,37.449763286220296,-26.437500000000114,False,0.0,spontaneous,2,104.0,0,True
sub04,test,15,43,25.032958333333333,24.98025,43.0,-0.05270833333333158,38.58504321810364,-52.70833333333158,False,0.0,spontaneous,2,104.0,0,True
sub04,test,15,44,25.609875,25.49725,44.0,-0.11262499999999775,52.81301681935902,-112.62499999999775,False,1.0,spontaneous,2,104.0,0,True
sub04,test,15,45,26.186791666666668,26.139875,45.0,-0.04691666666666805,34.084287735626205,-46.91666666666805,False,0.0,spontaneous,2,104.0,0,True
sub04,test,15,46,26.763708333333334,26.685479166666667,46.0,-0.07822916666666657,31.23141295456364,-78.22916666666657,False,0.0,spontaneous,2,104.0,0,True
sub04,test,15,47,27.340625,27.257520833333334,47.0,-0.08310416666666498,51.100834210854494,-83.10416666666498,False,1.0,spontaneous,2,104.0,0,True
sub04,test,15,48,27.917541666666665,27.798708333333334,48.0,-0.11883333333333113,25.69026653900858,-118.83333333333113,False,0.0,spontaneous,2,104.0,0,True
sub04,test,15,49,28.494458333333334,28.401708333333332,49.0,-0.09275000000000233,37.735017673639035,-92.75000000000233,False,0.0,spontaneous,2,104.0,0,True
sub04,test,15,50,29.072520833333332,28.993666666666666,50.0,-0.078854166666666,52.82041926767127,-78.854166666666,False,1.0,spontaneous,2,104.0,0,True
sub04,test,15,51,29.648291666666665,29.589708333333334,51.0,-0.05858333333333121,34.2659325991569,-58.58333333333121,False,0.0,spontaneous,2,104.0,0,True
sub04,test,16,0,0.2226875,0.3489791666666667,0.0,0.12629166666666666,50.18744241948909,126.29166666666666,False,1.0,cued,3,104.0,18,True
sub04,test,16,1,0.7984583333333334,0.7767291666666667,1.0,-0.02172916666666669,37.591302562590386,-21.72916666666669,False,0.0,cued,3,104.0,18,True
sub04,test,16,2,1.375375,1.3106875,2.0,-0.06468750000000001,30.29647521334954,-64.68750000000001,False,0.0,cued,3,104.0,18,True
sub04,test,16,3,1.9522916666666668,1.8774166666666667,3.0,-0.07487500000000002,52.625602478741556,-74.87500000000003,False,1.0,cued,3,104.0,18,True
sub04,test,16,4,2.5292083333333335,2.4783125,4.0,-0.050895833333333584,36.84143590325459,-50.895833333333584,False,0.0,cued,3,104.0,18,True
sub04,test,16,5,3.106125,3.084625,5.0,-0.021500000000000075,33.57903892891524,-21.500000000000075,False,0.0,cued,3,104.0,18,True
sub04,test,16,6,3.6830416666666665,3.6027708333333335,6.0,-0.08027083333333307,51.05646511968477,-80.27083333333307,False,1.0,cued,3,104.0,18,True
sub04,test,16,7,4.2599583333333335,4.164770833333334,7.0,-0.09518749999999976,37.31494136246756,-95.18749999999976,False,0.0,cued,3,104.0,18,True
sub04,test,16,8,4.836875,4.738875,8.0,-0.09799999999999986,37.48693009944361,-97.99999999999986,False,0.0,cued,3,104.0,18,True
sub04,test,16,9,5.413791666666667,5.331729166666666,9.0,-0.08206250000000015,47.87633789711055,-82.06250000000014,False,1.0,cued,3,104.0,18,True
sub04,test,16,10,5.990708333333333,5.8836458333333335,10.0,-0.10706249999999962,37.64640783977769,-107.06249999999962,False,0.0,cued,3,104.0,18,True
sub04,test,16,11,6.567625,6.512208333333334,11.0,-0.055416666666666003,37.43475466652864,-55.416666666666,False,0.0,cued,3,104.0,18,True
sub04,test,16,12,7.144541666666667,7.036875,12.0,-0.1076666666666668,50.57905326750239,-107.6666666666668,False,1.0,cued,3,104.0,18,True
sub04,test,16,13,7.7214583333333335,7.655708333333333,13.0,-0.06575000000000042,35.31734131972934,-65.75000000000043,False,0.0,cued,3,104.0,18,True
sub04,test,16,14,8.298375,8.2459375,14.0,-0.052437499999999915,37.966129219601456,-52.437499999999915,False,0.0,cued,3,104.0,18,True
sub04,test,16,15,8.875291666666667,8.756479166666667,15.0,-0.11881250000000065,49.723526832196484,-118.81250000000065,False,1.0,cued,3,104.0,18,True
sub04,test,16,16,9.452208333333333,9.374916666666667,16.0,-0.07729166666666565,25.045407094936174,-77.29166666666565,False,0.0,cued,3,104.0,18,True
sub04,test,16,17,10.029125,9.942875,17.0,-0.08624999999999972,35.71784264033051,-86.24999999999972,False,0.0,cued,3,104.0,18,True
sub04,test,16,18,10.606041666666666,10.5478125,18.0,-0.058229166666667,50.383017745665995,-58.229166666667,False,1.0,cued,3,104.0,18,True
sub04,test,16,19,11.182958333333334,11.167458333333334,19.0,-0.015499999999999403,33.80780502978294,-15.499999999999403,False,0.0,cued,3,104.0,18,True
sub04,test,16,20,11.759875,11.7456875,20.0,-0.014187499999998465,34.61969107586976,-14.187499999998465,False,0.0,cued,3,104.0,18,True
sub04,test,16,21,12.336791666666667,12.3124375,21.0,-0.0243541666666669,50.006685399474975,-24.3541666666669,False,1.0,cued,3,104.0,18,True
sub04,test,16,22,12.914854166666666,12.935041666666667,22.0,0.02018750000000047,26.93653070575023,20.18750000000047,False,0.0,cued,3,104.0,18,True
sub04,test,16,23,13.490625,13.430083333333334,23.0,-0.060541666666665606,35.353298173850916,-60.541666666665606,False,0.0,cued,3,104.0,18,True
sub04,test,16,24,14.067541666666667,13.992666666666667,24.0,-0.07487500000000047,50.89561190709649,-74.87500000000047,False,1.0,cued,3,104.0,18,True
sub04,test,16,25,14.644458333333333,14.6296875,25.0,-0.0147708333333334,26.70825453429607,-14.7708333333334,False,0.0,cued,3,104.0,18,True
sub04,test,16,26,15.221375,15.178145833333334,26.0,-0.04322916666666643,37.15778946589224,-43.22916666666643,False,0.0,cued,3,104.0,18,True
sub04,test,16,27,15.7994375,15.720020833333333,27.0,-0.07941666666666691,51.727844512748256,-79.41666666666691,False,1.0,cued,3,104.0,18,True
sub04,test,16,28,16.375208333333333,16.338,28.0,-0.03720833333333218,36.73380877061458,-37.20833333333218,False,0.0,cued,3,104.0,18,True
sub04,test,16,29,16.952125,16.880229166666666,29.0,-0.0718958333333326,39.330489478285536,-71.8958333333326,False,1.0,cued,3,104.0,18,True
sub04,test,16,30,17.529041666666668,17.474333333333334,30.0,-0.054708333333334025,52.5873853746749,-54.708333333334025,False,1.0,cued,3,104.0,18,True
sub04,test,16,31,18.107104166666666,18.044541666666667,31.0,-0.06256249999999852,38.032915396670674,-62.56249999999852,False,0.0,cued,3,104.0,18,True
sub04,test,16,32,18.682875,18.635,32.0,-0.04787499999999767,53.12182967921868,-47.87499999999767,False,1.0,cued,3,104.0,18,True
sub04,test,16,33,19.25979166666667,19.218645833333333,33.0,-0.04114583333333499,40.23918684160468,-41.14583333333499,False,1.0,cued,3,104.0,18,True
sub04,test,16,34,19.836708333333334,19.792145833333333,34.0,-0.04456250000000139,53.24157812163298,-44.56250000000139,False,1.0,cued,3,104.0,18,True
sub04,test,16,35,20.413625,20.356145833333333,35.0,-0.05747916666666697,38.50897901275358,-57.47916666666697,False,0.0,cued,3,104.0,18,True
sub04,test,16,36,20.990541666666665,20.929395833333334,36.0,-0.06114583333333101,51.753150465540536,-61.14583333333101,False,1.0,cued,3,104.0,18,True
sub04,test,16,37,21.567458333333335,21.50679166666667,37.0,-0.0606666666666662,38.363317653842635,-60.6666666666662,False,0.0,cued,3,104.0,18,True
sub04,test,16,38,22.144375,22.045125,38.0,-0.09925000000000139,50.90386964358882,-99.25000000000139,False,1.0,cued,3,104.0,18,True
sub04,test,16,39,22.721291666666666,22.6185,39.0,-0.10279166666666484,28.39844954630694,-102.79166666666484,False,0.0,cued,3,104.0,18,True
sub04,test,16,40,23.298208333333335,23.2501875,40.0,-0.048020833333335844,52.540835998921196,-48.020833333335844,False,1.0,cued,3,104.0,18,True
sub04,test,16,41,23.875125,23.828458333333334,41.0,-0.046666666666666856,39.383607341235496,-46.666666666666856,False,1.0,cued,3,104.0,18,True
sub04,test,16,42,24.452041666666666,24.372375,42.0,-0.07966666666666455,49.62662400670891,-79.66666666666455,False,1.0,cued,3,104.0,18,True
sub04,test,16,43,25.028958333333332,24.974395833333332,43.0,-0.0545624999999994,26.753301743374482,-54.5624999999994,False,0.0,cued,3,104.0,18,True
sub04,test,16,44,25.605875,25.5693125,44.0,-0.036562500000002274,51.70294145662501,-36.562500000002274,False,1.0,cued,3,104.0,18,True
sub04,test,16,45,26.1839375,26.098291666666668,45.0,-0.08564583333333076,38.83076739040776,-85.64583333333076,False,1.0,cued,3,104.0,18,True
sub04,test,16,46,26.759708333333332,26.672833333333333,46.0,-0.08687499999999915,50.54285960558791,-86.87499999999915,False,1.0,cued,3,104.0,18,True
sub04,test,16,47,27.336625,27.274041666666665,47.0,-0.0625833333333361,39.31963151695284,-62.5833333333361,False,1.0,cued,3,104.0,18,True
sub04,test,16,48,27.913541666666667,27.854708333333335,48.0,-0.058833333333332405,51.38450471331215,-58.833333333332405,False,1.0,cued,3,104.0,18,True
sub04,test,16,49,28.490458333333333,28.453479166666668,49.0,-0.03697916666666501,37.83969002252936,-36.97916666666501,False,0.0,cued,3,104.0,18,True
sub04,test,16,50,29.067375,29.025770833333333,50.0,-0.041604166666665776,51.351767723589845,-41.604166666665776,False,1.0,cued,3,104.0,18,True
sub04,test,16,51,29.644291666666668,29.583041666666666,51.0,-0.06125000000000114,29.53673801251744,-61.25000000000114,False,0.0,cued,3,104.0,18,True
sub04,test,17,0,0.22279166666666667,0.3939166666666667,0.0,0.17112500000000003,30.600897697444584,171.12500000000003,False,0.0,spontaneous,3,104.0,0,True
sub04,test,17,1,0.7985833333333333,0.8041875,1.0,0.005604166666666743,30.91106389303041,5.604166666666743,False,0.0,spontaneous,3,104.0,0,True
sub04,test,17,2,1.3755,1.3110625,2.0,-0.06443749999999993,35.556953712213286,-64.43749999999993,False,0.0,spontaneous,3,104.0,0,True
sub04,test,17,3,1.9524166666666667,1.8733958333333334,3.0,-0.07902083333333332,51.45950442726505,-79.02083333333331,False,1.0,spontaneous,3,104.0,0,True
sub04,test,17,4,2.529333333333333,2.4630625,4.0,-0.06627083333333328,31.691535773695698,-66.27083333333329,False,0.0,spontaneous,3,104.0,0,True
sub04,test,17,5,3.10625,3.0384583333333333,5.0,-0.06779166666666692,29.21403571834123,-67.79166666666691,False,0.0,spontaneous,3,104.0,0,True
sub04,test,17,6,3.6831666666666667,3.589583333333333,6.0,-0.09358333333333357,47.97491085685829,-93.58333333333357,False,1.0,spontaneous,3,104.0,0,True
sub04,test,17,7,4.260083333333333,4.185270833333333,7.0,-0.07481250000000017,24.939418799281682,-74.81250000000017,False,0.0,spontaneous,3,104.0,0,True
sub04,test,17,8,4.837,4.781395833333334,8.0,-0.05560416666666601,33.23447626211305,-55.60416666666601,False,0.0,spontaneous,3,104.0,0,True
sub04,test,17,9,5.413916666666666,5.352375,9.0,-0.06154166666666594,47.60806415888724,-61.54166666666594,False,1.0,spontaneous,3,104.0,0,True
sub04,test,17,10,5.991979166666667,5.954270833333333,10.0,-0.03770833333333368,25.573501110122447,-37.70833333333368,False,0.0,spontaneous,3,104.0,0,True
sub04,test,17,11,6.56775,6.510791666666667,11.0,-0.05695833333333322,36.66867532180974,-56.95833333333322,False,0.0,spontaneous,3,104.0,0,True
sub04,test,17,12,7.144666666666667,7.081,12.0,-0.06366666666666632,51.274981185543176,-63.666666666666316,False,1.0,spontaneous,3,104.0,0,True
sub04,test,17,13,7.721583333333333,7.6989375,13.0,-0.02264583333333281,34.76519360074069,-22.64583333333281,False,0.0,spontaneous,3,104.0,0,True
sub04,test,17,14,8.2985,8.242125,14.0,-0.05637500000000095,40.22471388359068,-56.37500000000095,False,1.0,spontaneous,3,104.0,0,True
sub04,test,17,15,8.875416666666666,8.826541666666667,15.0,-0.04887499999999889,49.079429706181074,-48.87499999999889,False,1.0,spontaneous,3,104.0,0,True
sub04,test,17,16,9.452333333333334,9.409666666666666,16.0,-0.0426666666666673,31.330227884093766,-42.6666666666673,False,0.0,spontaneous,3,104.0,0,True
sub04,test,17,17,10.02925,9.945958333333333,17.0,-0.08329166666666588,32.05510925810935,-83.29166666666588,False,0.0,spontaneous,3,104.0,0,True
sub04,test,17,18,10.606166666666667,10.501375,18.0,-0.10479166666666728,51.30872314812657,-104.79166666666728,False,1.0,spontaneous,3,104.0,0,True
sub04,test,17,19,11.183083333333334,11.0891875,19.0,-0.09389583333333462,39.145040628308884,-93.89583333333462,False,1.0,spontaneous,3,104.0,0,True
sub04,test,17,20,11.76,11.692145833333333,20.0,-0.06785416666666677,48.15958621915619,-67.85416666666677,False,1.0,spontaneous,3,104.0,0,True
sub04,test,17,21,12.336916666666667,12.278708333333332,21.0,-0.05820833333333475,28.128850523408396,-58.20833333333475,False,0.0,spontaneous,3,104.0,0,True
sub04,test,17,22,12.913833333333333,12.887333333333334,22.0,-0.026499999999998636,50.00195409659768,-26.499999999998636,False,1.0,spontaneous,3,104.0,0,True
sub04,test,17,23,13.49075,13.45725,23.0,-0.033500000000000085,28.540836915813394,-33.500000000000085,False,0.0,spontaneous,3,104.0,0,True
sub04,test,17,24,14.0688125,14.013708333333334,24.0,-0.05510416666666629,48.57344430150206,-55.10416666666629,False,1.0,spontaneous,3,104.0,0,True
sub04,test,17,25,14.644583333333333,14.5855,25.0,-0.0590833333333336,37.00871123278209,-59.0833333333336,False,0.0,spontaneous,3,104.0,0,True
sub04,test,17,26,15.2215,15.155875,26.0,-0.06562500000000071,49.61347063884428,-65.62500000000071,False,1.0,spontaneous,3,104.0,0,True
sub04,test,17,27,15.798416666666666,15.744583333333333,27.0,-0.0538333333333334,31.74408732073122,-53.8333333333334,False,0.0,spontaneous,3,104.0,0,True
sub04,test,17,28,16.375333333333334,16.3205625,28.0,-0.05477083333333255,51.622113946758304,-54.77083333333255,False,1.0,spontaneous,3,104.0,0,True
sub04,test,17,29,16.95225,16.905395833333333,29.0,-0.046854166666665975,35.245827182806245,-46.854166666665975,False,0.0,spontaneous,3,104.0,0,True
sub04,test,17,30,17.529166666666665,17.456770833333334,30.0,-0.07239583333333144,48.74258053468459,-72.39583333333144,False,1.0,spontaneous,3,104.0,0,True
sub04,test,17,31,18.106083333333334,18.04585416666667,31.0,-0.06022916666666589,31.74966468903837,-60.22916666666589,False,0.0,spontaneous,3,104.0,0,True
sub04,test,17,32,18.683,18.618708333333334,32.0,-0.06429166666666575,50.705738611674896,-64.29166666666575,False,1.0,spontaneous,3,104.0,0,True
sub04,test,17,33,19.259916666666665,19.217104166666665,33.0,-0.04281250000000014,28.880378428762157,-42.81250000000014,False,0.0,spontaneous,3,104.0,0,True
sub04,test,17,34,19.836833333333335,19.77675,34.0,-0.06008333333333482,51.88728035045798,-60.08333333333482,False,1.0,spontaneous,3,104.0,0,True
sub04,test,17,35,20.41375,20.322645833333333,35.0,-0.09110416666666765,41.1591038377036,-91.10416666666765,False,1.0,spontaneous,3,104.0,0,True
sub04,test,17,36,20.990666666666666,20.9456875,36.0,-0.04497916666666768,52.3939529355522,-44.97916666666768,False,1.0,spontaneous,3,104.0,0,True
sub04,test,17,37,21.567583333333335,21.5333125,37.0,-0.03427083333333414,39.2876312160208,-34.27083333333414,False,1.0,spontaneous,3,104.0,0,True
sub04,test,17,38,22.1445,22.070083333333333,38.0,-0.07441666666666791,48.66523030875902,-74.41666666666791,False,1.0,spontaneous,3,104.0,0,True
sub04,test,17,39,22.721416666666666,22.678895833333332,39.0,-0.04252083333333445,30.150251373385938,-42.52083333333445,False,0.0,spontaneous,3,104.0,0,True
sub04,test,17,40,23.298333333333332,23.243854166666665,40.0,-0.054479166666666856,49.4942885284714,-54.479166666666856,False,1.0,spontaneous,3,104.0,0,True
sub04,test,17,41,23.87525,23.829708333333333,41.0,-0.04554166666666859,37.17738500632855,-45.54166666666859,False,0.0,spontaneous,3,104.0,0,True
sub04,test,17,42,24.452166666666667,24.402229166666668,42.0,-0.049937499999998636,50.16999898844225,-49.937499999998636,False,1.0,spontaneous,3,104.0,0,True
sub04,test,17,43,25.029083333333332,25.0113125,43.0,-0.017770833333333513,27.694455382715525,-17.770833333333513,False,0.0,spontaneous,3,104.0,0,True
sub04,test,17,44,25.606,25.585895833333332,44.0,-0.0201041666666697,51.725186998449004,-20.1041666666697,False,1.0,spontaneous,3,104.0,0,True
sub04,test,17,45,26.182916666666667,26.160375,45.0,-0.022541666666668903,36.8459628875,-22.541666666668903,False,0.0,spontaneous,3,104.0,0,True
sub04,test,17,46,26.760979166666665,26.678875,46.0,-0.08210416666666376,51.35290301970355,-82.10416666666376,False,1.0,spontaneous,3,104.0,0,True
sub04,test,17,47,27.33675,27.267270833333335,47.0,-0.06947916666666387,36.162292096477074,-69.47916666666387,False,0.0,spontaneous,3,104.0,0,True
sub04,test,17,48,27.913666666666668,27.848520833333332,48.0,-0.0651458333333359,49.97154083233216,-65.1458333333359,False,1.0,spontaneous,3,104.0,0,True
sub04,test,17,49,28.490583333333333,28.410083333333333,49.0,-0.08050000000000068,28.710034263842505,-80.50000000000068,False,0.0,spontaneous,3,104.0,0,True
sub04,test,17,50,29.0675,29.005333333333333,50.0,-0.06216666666666626,49.12616639718101,-62.16666666666626,False,1.0,spontaneous,3,104.0,0,True
sub04,test,17,51,29.644416666666668,29.583041666666666,51.0,-0.061375000000001734,32.49712376007314,-61.375000000001734,False,0.0,spontaneous,3,104.0,0,True
sub04,test,18,0,0.2266875,0.42452083333333335,0.0,0.19783333333333336,39.2716461763722,197.83333333333337,False,1.0,spontaneous,2,120.0,0,True
sub04,test,18,1,0.7255416666666666,0.79225,1.0,0.06670833333333337,31.091143090387995,66.70833333333337,False,0.0,spontaneous,2,120.0,0,True
sub04,test,18,2,1.2255416666666668,1.2162916666666668,2.0,-0.00924999999999998,51.07285938619195,-9.24999999999998,False,1.0,spontaneous,2,120.0,0,True
sub04,test,18,3,1.7255416666666668,1.6906666666666668,3.0,-0.03487499999999999,35.16280436603109,-34.874999999999986,False,0.0,spontaneous,2,120.0,0,True
sub04,test,18,4,2.2255416666666665,2.201375,4.0,-0.024166666666666448,50.74398044901262,-24.166666666666448,False,1.0,spontaneous,2,120.0,0,True
sub04,test,18,5,2.7255416666666665,2.6926666666666668,5.0,-0.032874999999999766,29.787303942655058,-32.874999999999766,False,0.0,spontaneous,2,120.0,0,True
sub04,test,18,6,3.2255416666666665,3.1575416666666665,6.0,-0.06800000000000006,49.29961107521117,-68.00000000000006,False,1.0,spontaneous,2,120.0,0,True
sub04,test,18,7,3.7255416666666665,3.6381041666666665,7.0,-0.08743750000000006,33.78208322642848,-87.43750000000006,False,0.0,spontaneous,2,120.0,0,True
sub04,test,18,8,4.2255416666666665,4.144041666666666,8.0,-0.08150000000000013,50.74795904899281,-81.50000000000013,False,1.0,spontaneous,2,120.0,0,True
sub04,test,18,9,4.7255416666666665,4.650125,9.0,-0.07541666666666647,35.65892727541132,-75.41666666666646,False,0.0,spontaneous,2,120.0,0,True
sub04,test,18,10,5.2255416666666665,5.178145833333334,10.0,-0.04739583333333286,50.63592388729227,-47.39583333333286,False,1.0,spontaneous,2,120.0,0,True
sub04,test,18,11,5.7255416666666665,5.645,11.0,-0.08054166666666696,40.13408938684336,-80.54166666666696,False,1.0,spontaneous,2,120.0,0,True
sub04,test,18,12,6.2255416666666665,6.147666666666667,12.0,-0.0778749999999997,49.564116621419664,-77.87499999999969,False,1.0,spontaneous,2,120.0,0,True
sub04,test,18,13,6.7255416666666665,6.648708333333333,13.0,-0.07683333333333309,39.68583143831215,-76.83333333333309,False,1.0,spontaneous,2,120.0,0,True
sub04,test,18,14,7.2255416666666665,7.159,14.0,-0.06654166666666672,47.92494549848846,-66.54166666666671,False,1.0,spontaneous,2,120.0,0,True
sub04,test,18,15,7.7255416666666665,7.673333333333333,15.0,-0.052208333333333634,34.20162800898093,-52.208333333333634,False,0.0,spontaneous,2,120.0,0,True
sub04,test,18,16,8.225541666666667,8.190770833333334,16.0,-0.03477083333333297,31.396757911074282,-34.77083333333297,False,0.0,spontaneous,2,120.0,0,True
sub04,test,18,17,8.725541666666667,8.659395833333333,17.0,-0.06614583333333357,50.222125078576035,-66.14583333333357,False,1.0,spontaneous,2,120.0,0,True
sub04,test,18,18,9.225541666666667,9.220270833333334,18.0,-0.0052708333333324475,35.05751428965043,-5.2708333333324475,False,0.0,spontaneous,2,120.0,0,True
sub04,test,18,19,9.725541666666667,9.6904375,19.0,-0.035104166666666714,33.139054302779506,-35.104166666666714,False,0.0,spontaneous,2,120.0,0,True
sub04,test,18,20,10.225541666666667,10.169395833333333,20.0,-0.05614583333333378,48.13377098792529,-56.14583333333378,False,1.0,spontaneous,2,120.0,0,True
sub04,test,18,21,10.725541666666667,10.705208333333333,21.0,-0.020333333333333314,22.251297247373607,-20.333333333333314,False,0.0,spontaneous,2,120.0,0,True
sub04,test,18,22,11.225541666666667,11.208666666666666,22.0,-0.01687500000000064,23.83242958486254,-16.87500000000064,False,0.0,spontaneous,2,120.0,0,True
sub04,test,18,23,11.725541666666667,11.690395833333334,23.0,-0.03514583333333299,50.682303895985605,-35.14583333333299,False,1.0,spontaneous,2,120.0,0,True
sub04,test,18,24,12.225541666666667,12.1859375,24.0,-0.039604166666666885,35.088546636172225,-39.604166666666885,False,0.0,spontaneous,2,120.0,0,True
sub04,test,18,25,12.725541666666667,12.720208333333334,25.0,-0.005333333333332746,36.73137686828807,-5.333333333332746,False,0.0,spontaneous,2,120.0,0,True
sub04,test,18,26,13.225541666666667,13.176020833333334,26.0,-0.04952083333333235,50.61364277626669,-49.52083333333235,False,1.0,spontaneous,2,120.0,0,True
sub04,test,18,27,13.7266875,13.703291666666667,27.0,-0.023395833333333727,37.26693766520684,-23.395833333333727,False,0.0,spontaneous,2,120.0,0,True
sub04,test,18,28,14.2266875,14.185666666666666,28.0,-0.041020833333334394,38.01344006621834,-41.020833333334394,False,1.0,spontaneous,2,120.0,0,True
sub04,test,18,29,14.725541666666667,14.669770833333333,29.0,-0.05577083333333377,50.226373511804795,-55.77083333333377,False,1.0,spontaneous,2,120.0,0,True
sub04,test,18,30,15.225541666666667,15.192416666666666,30.0,-0.03312500000000007,32.837055211822445,-33.12500000000007,False,0.0,spontaneous,2,120.0,0,True
sub04,test,18,31,15.725541666666667,15.694520833333334,31.0,-0.03102083333333283,34.77234438022253,-31.02083333333283,False,0.0,spontaneous,2,120.0,0,True
sub04,test,18,32,16.22554166666667,16.171083333333332,32.0,-0.054458333333336384,52.1030144034776,-54.458333333336384,False,1.0,spontaneous,2,120.0,0,True
sub04,test,18,33,16.72554166666667,16.663604166666666,33.0,-0.06193750000000264,35.99645521267167,-61.93750000000264,False,0.0,spontaneous,2,120.0,0,True
sub04,test,18,34,17.22554166666667,17.134125,34.0,-0.09141666666666737,37.74177274239376,-91.41666666666737,False,1.0,spontaneous,2,120.0,0,True
sub04,test,18,35,17.72554166666667,17.634479166666665,35.0,-0.09106250000000315,49.47016151355507,-91.06250000000315,False,1.0,spontaneous,2,120.0,0,True
sub04,test,18,36,18.22554166666667,18.181041666666665,36.0,-0.04450000000000287,31.31474526013575,-44.50000000000287,False,0.0,spontaneous,2,120.0,0,True
sub04,test,18,37,18.72554166666667,18.656708333333334,37.0,-0.06883333333333397,36.959272102074664,-68.83333333333397,False,0.0,spontaneous,2,120.0,0,True
sub04,test,18,38,19.22554166666667,19.205791666666666,38.0,-0.019750000000001933,49.99353663071133,-19.750000000001933,False,1.0,spontaneous,2,120.0,0,True
sub04,test,18,39,19.72554166666667,19.7265,39.0,0.0009583333333331723,31.08919791262569,0.9583333333331723,False,0.0,spontaneous,2,120.0,0,True
sub04,test,18,40,20.22554166666667,20.175833333333333,40.0,-0.04970833333333502,29.53629842910852,-49.70833333333502,False,0.0,spontaneous,2,120.0,0,True
sub04,test,18,41,20.72554166666667,20.68325,41.0,-0.04229166666666728,51.57702626217273,-42.29166666666728,False,1.0,spontaneous,2,120.0,0,True
sub04,test,18,42,21.22554166666667,21.19783333333333,42.0,-0.027708333333336554,23.75923858687113,-27.708333333336554,False,0.0,spontaneous,2,120.0,0,True
sub04,test,18,43,21.72554166666667,21.6773125,43.0,-0.04822916666666899,34.51255391872924,-48.22916666666899,False,0.0,spontaneous,2,120.0,0,True
sub04,test,18,44,22.22554166666667,22.135604166666667,44.0,-0.08993750000000134,51.12605785769765,-89.93750000000134,False,1.0,spontaneous,2,120.0,0,True
sub04,test,18,45,22.72554166666667,22.6213125,45.0,-0.10422916666666993,28.398043962981134,-104.22916666666993,False,0.0,spontaneous,2,120.0,0,True
sub04,test,18,46,23.22554166666667,23.173208333333335,46.0,-0.05233333333333334,41.80573393167431,-52.33333333333334,False,1.0,spontaneous,2,120.0,0,True
sub04,test,18,47,23.72554166666667,23.658541666666668,47.0,-0.06700000000000017,51.7604091215817,-67.00000000000017,False,1.0,spontaneous,2,120.0,0,True
sub04,test,18,48,24.22554166666667,24.090604166666665,48.0,-0.13493750000000304,36.94099019234288,-134.93750000000304,False,0.0,spontaneous,2,120.0,0,True
sub04,test,18,49,24.72554166666667,24.645333333333333,49.0,-0.08020833333333499,36.41200800190691,-80.20833333333499,False,0.0,spontaneous,2,120.0,0,True
sub04,test,18,50,25.226666666666667,25.138916666666667,50.0,-0.08774999999999977,50.22605267078956,-87.74999999999977,False,1.0,spontaneous,2,120.0,0,True
sub04,test,18,51,25.72554166666667,25.6431875,51.0,-0.0823541666666685,36.22124975407307,-82.3541666666685,False,0.0,spontaneous,2,120.0,0,True
sub04,test,18,52,26.2266875,26.1355625,52.0,-0.09112500000000168,37.68364423074607,-91.12500000000168,False,1.0,spontaneous,2,120.0,0,True
sub04,test,18,53,26.72554166666667,26.672541666666667,53.0,-0.053000000000000824,51.20672602724093,-53.000000000000824,False,1.0,spontaneous,2,120.0,0,True
sub04,test,18,54,27.22554166666667,27.149145833333332,54.0,-0.07639583333333633,36.181701703721544,-76.39583333333633,False,0.0,spontaneous,2,120.0,0,True
sub04,test,18,55,27.72554166666667,27.653083333333335,55.0,-0.07245833333333351,41.47707598671555,-72.45833333333351,False,1.0,spontaneous,2,120.0,0,True
sub04,test,18,56,28.22554166666667,28.160604166666666,56.0,-0.06493750000000276,51.24824780430072,-64.93750000000276,False,1.0,spontaneous,2,120.0,0,True
sub04,test,18,57,28.72554166666667,28.671895833333334,57.0,-0.05364583333333428,29.270083714483803,-53.64583333333428,False,0.0,spontaneous,2,120.0,0,True
sub04,test,18,58,29.22554166666667,29.16454166666667,58.0,-0.06099999999999994,31.852544342994126,-60.99999999999994,False,0.0,spontaneous,2,120.0,0,True
sub04,test,18,59,29.72554166666667,29.6696875,59.0,-0.05585416666666987,51.23357122792257,-55.85416666666987,False,1.0,spontaneous,2,120.0,0,True
sub04,test,19,0,0.22679166666666667,0.3697916666666667,0.0,0.14300000000000002,38.89846524727425,143.00000000000003,False,1.0,cued,2,104.0,14,True
sub04,test,19,1,0.8025625,0.8039166666666666,1.0,0.0013541666666666563,30.740345901034182,1.3541666666666563,False,0.0,cued,2,104.0,14,True
sub04,test,19,2,1.3794791666666666,1.326375,2.0,-0.05310416666666651,51.68796195573453,-53.10416666666651,False,1.0,cued,2,104.0,14,True
sub04,test,19,3,1.9563958333333333,1.9606041666666667,3.0,0.0042083333333333695,29.262491713552535,4.2083333333333695,False,0.0,cued,2,104.0,14,True
sub04,test,19,4,2.5333125,2.4949583333333334,4.0,-0.03835416666666669,52.06256388592141,-38.354166666666686,False,1.0,cued,2,104.0,14,True
sub04,test,19,5,3.1102291666666666,3.0740625,5.0,-0.03616666666666646,27.753267109274926,-36.16666666666646,False,0.0,cued,2,104.0,14,True
sub04,test,19,6,3.687145833333333,3.6587708333333335,6.0,-0.028374999999999595,51.96859643885752,-28.374999999999595,False,1.0,cued,2,104.0,14,True
sub04,test,19,7,4.2640625,4.242375,7.0,-0.021687499999999638,36.522867754730584,-21.687499999999638,False,0.0,cued,2,104.0,14,True
sub04,test,19,8,4.840979166666667,4.777666666666667,8.0,-0.06331250000000033,49.76339612601991,-63.31250000000033,False,1.0,cued,2,104.0,14,True
sub04,test,19,9,5.417895833333334,5.351833333333333,9.0,-0.06606250000000014,32.419535446024625,-66.06250000000014,False,0.0,cued,2,104.0,14,True
sub04,test,19,10,5.9948125,5.9156458333333335,10.0,-0.07916666666666661,49.323070635834334,-79.1666666666666,False,1.0,cued,2,104.0,14,True
sub04,test,19,11,6.571729166666667,6.4199375,11.0,-0.151791666666667,37.31689471154008,-151.791666666667,False,0.0,cued,2,104.0,14,True
sub04,test,19,12,7.148645833333333,7.11025,12.0,-0.03839583333333341,49.527426856900654,-38.39583333333341,False,1.0,cued,2,104.0,14,True
sub04,test,19,13,7.7255625,7.700479166666667,13.0,-0.025083333333332902,32.32225393741704,-25.083333333332902,False,0.0,cued,2,104.0,14,True
sub04,test,19,14,8.302479166666666,8.261958333333334,14.0,-0.04052083333333201,50.06759255446026,-40.52083333333201,False,1.0,cued,2,104.0,14,True
sub04,test,19,15,8.879395833333334,8.839041666666667,15.0,-0.04035416666666691,21.85089430515832,-40.35416666666691,False,0.0,cued,2,104.0,14,True
sub04,test,19,16,9.4563125,9.419458333333333,16.0,-0.03685416666666619,48.279408650156135,-36.85416666666619,False,1.0,cued,2,104.0,14,True
sub04,test,19,17,10.033229166666667,9.985166666666666,17.0,-0.04806250000000034,35.70985375706732,-48.06250000000034,False,0.0,cued,2,104.0,14,True
sub04,test,19,18,10.610145833333334,10.513125,18.0,-0.09702083333333356,49.96202623570539,-97.02083333333356,False,1.0,cued,2,104.0,14,True
sub04,test,19,19,11.1870625,11.128020833333334,19.0,-0.05904166666666555,38.31972987793694,-59.04166666666555,False,0.0,cued,2,104.0,14,True
sub04,test,19,20,11.763979166666667,11.720833333333333,20.0,-0.04314583333333388,49.51942261225046,-43.14583333333388,False,1.0,cued,2,104.0,14,True
sub04,test,19,21,12.342020833333333,12.2756875,21.0,-0.06633333333333269,32.524488088720815,-66.33333333333269,False,0.0,cued,2,104.0,14,True
sub04,test,19,22,12.9178125,12.883,22.0,-0.03481250000000102,49.10717270162649,-34.81250000000102,False,1.0,cued,2,104.0,14,True
sub04,test,19,23,13.494729166666668,13.493125,23.0,-0.0016041666666684051,27.15741690563177,-1.6041666666684051,False,0.0,cued,2,104.0,14,True
sub04,test,19,24,14.071645833333333,14.021958333333334,24.0,-0.04968749999999922,51.93255663435952,-49.68749999999922,False,1.0,cued,2,104.0,14,True
sub04,test,19,25,14.6485625,14.5729375,25.0,-0.0756250000000005,48.502863264395735,-75.6250000000005,False,1.0,cued,2,104.0,14,True
sub04,test,19,26,15.225479166666666,15.1498125,26.0,-0.07566666666666677,40.915589077866414,-75.66666666666677,False,1.0,cued,2,104.0,14,True
sub04,test,19,27,15.802395833333334,15.763375,27.0,-0.039020833333333727,49.30034460095464,-39.02083333333373,False,1.0,cued,2,104.0,14,True
sub04,test,19,28,16.3793125,16.338166666666666,28.0,-0.04114583333333499,29.40418248452758,-41.14583333333499,False,0.0,cued,2,104.0,14,True
sub04,test,19,29,16.956229166666667,16.8978125,29.0,-0.05841666666666612,37.43208284478016,-58.41666666666612,False,0.0,cued,2,104.0,14,True
sub04,test,19,30,17.533145833333332,17.52025,30.0,-0.012895833333331552,50.03881762638518,-12.895833333331552,False,1.0,cued,2,104.0,14,True
sub04,test,19,31,18.1100625,18.080125,31.0,-0.029937500000002615,36.136620027063024,-29.937500000002615,False,0.0,cued,2,104.0,14,True
sub04,test,19,32,18.686979166666667,18.6308125,32.0,-0.05616666666666603,38.06752529594802,-56.16666666666603,False,0.0,cued,2,104.0,14,True
sub04,test,19,33,19.263895833333333,19.1499375,33.0,-0.11395833333333272,51.32957952695101,-113.95833333333272,False,1.0,cued,2,104.0,14,True
sub04,test,19,34,19.8408125,19.806791666666665,34.0,-0.034020833333332945,29.787294440696,-34.020833333332945,False,0.0,cued,2,104.0,14,True
sub04,test,19,35,20.417729166666668,20.389666666666667,35.0,-0.028062500000000767,38.32100815966364,-28.062500000000767,False,0.0,cued,2,104.0,14,True
sub04,test,19,36,20.994645833333333,20.9133125,36.0,-0.08133333333333326,51.300193340640384,-81.33333333333326,False,1.0,cued,2,104.0,14,True
sub04,test,19,37,21.5715625,21.506520833333333,37.0,-0.06504166666666578,32.08953911926894,-65.04166666666578,False,0.0,cued,2,104.0,14,True
sub04,test,19,38,22.148479166666668,22.107791666666667,38.0,-0.040687500000000654,32.94897275415358,-40.687500000000654,False,0.0,cued,2,104.0,14,True
sub04,test,19,39,22.725395833333334,22.662958333333332,39.0,-0.06243750000000148,47.02422852926902,-62.43750000000148,False,1.0,cued,2,104.0,14,True
sub04,test,19,40,23.3023125,23.242833333333333,40.0,-0.05947916666666586,35.48950352165833,-59.47916666666586,False,0.0,cued,2,104.0,14,True
sub04,test,19,41,23.879229166666665,23.805208333333333,41.0,-0.07402083333333209,38.83893146864139,-74.02083333333209,False,1.0,cued,2,104.0,14,True
sub04,test,19,42,24.456145833333334,24.381875,42.0,-0.07427083333333329,51.466631397112366,-74.27083333333329,False,1.0,cued,2,104.0,14,True
sub04,test,19,43,25.0330625,25.009166666666665,43.0,-0.023895833333334338,35.20363606655222,-23.895833333334338,False,0.0,cued,2,104.0,14,True
sub04,test,19,44,25.609979166666665,25.55825,44.0,-0.05172916666666438,37.76268651189013,-51.72916666666438,False,0.0,cued,2,104.0,14,True
sub04,test,19,45,26.186895833333335,26.155208333333334,45.0,-0.03168750000000031,53.18240915409326,-31.687500000000313,False,1.0,cued,2,104.0,14,True
sub04,test,19,46,26.7638125,26.738395833333332,46.0,-0.02541666666666842,36.52869298956378,-25.41666666666842,False,0.0,cued,2,104.0,14,True
sub04,test,19,47,27.340729166666666,27.18497916666667,47.0,-0.1557499999999976,28.402024018978725,-155.7499999999976,False,0.0,cued,2,104.0,14,True
sub04,test,19,48,27.917645833333335,27.896708333333333,48.0,-0.020937500000002274,50.22588338016952,-20.937500000002274,False,1.0,cued,2,104.0,14,True
sub04,test,19,49,28.4945625,28.471916666666665,49.0,-0.022645833333335474,36.15069500021396,-22.645833333335474,False,0.0,cued,2,104.0,14,True
sub04,test,19,50,29.071479166666666,29.066291666666668,50.0,-0.005187499999998124,41.09178581648809,-5.187499999998124,False,1.0,cued,2,104.0,14,True
sub04,test,19,51,29.648395833333332,29.5949375,51.0,-0.05345833333333161,50.79057605318803,-53.45833333333161,False,1.0,cued,2,104.0,14,True
sub04,test,20,0,0.2228125,0.1349375,0.0,-0.08787500000000001,28.45578169701104,-87.87500000000001,False,0.0,spontaneous,2,104.0,0,True
sub04,test,20,1,0.7985833333333333,0.6869583333333333,1.0,-0.11162499999999997,26.486608224315123,-111.62499999999997,False,0.0,spontaneous,2,104.0,0,True
sub04,test,20,2,1.3755,1.3049583333333334,2.0,-0.0705416666666665,49.4603594170762,-70.5416666666665,False,1.0,spontaneous,2,104.0,0,True
sub04,test,20,3,1.9524166666666667,1.8648541666666667,3.0,-0.08756249999999999,27.64826070119102,-87.56249999999999,False,0.0,spontaneous,2,104.0,0,True
sub04,test,20,4,2.529333333333333,2.4557083333333334,4.0,-0.07362499999999983,48.90072719296575,-73.62499999999983,False,1.0,spontaneous,2,104.0,0,True
sub04,test,20,5,3.10625,3.0653125,5.0,-0.04093750000000007,27.19008277786766,-40.93750000000007,False,0.0,spontaneous,2,104.0,0,True
sub04,test,20,6,3.6831666666666667,3.6263958333333335,6.0,-0.056770833333333215,49.17270429199914,-56.770833333333215,False,1.0,spontaneous,2,104.0,0,True
sub04,test,20,7,4.260083333333333,4.2214375,7.0,-0.038645833333332824,35.135237112175346,-38.645833333332824,False,0.0,spontaneous,2,104.0,0,True
sub04,test,20,8,4.837,4.780895833333333,8.0,-0.05610416666666662,50.14506091785896,-56.10416666666662,False,1.0,spontaneous,2,104.0,0,True
sub04,test,20,9,5.413916666666666,5.333354166666667,9.0,-0.0805624999999992,34.56676584351909,-80.5624999999992,False,0.0,spontaneous,2,104.0,0,True
sub04,test,20,10,5.990833333333334,5.867416666666666,10.0,-0.1234166666666674,46.11762144715459,-123.4166666666674,False,1.0,spontaneous,2,104.0,0,True
sub04,test,20,11,6.56775,6.494229166666667,11.0,-0.07352083333333326,32.0297297993527,-73.52083333333326,False,0.0,spontaneous,2,104.0,0,True
sub04,test,20,12,7.144666666666667,7.080229166666666,12.0,-0.06443750000000037,51.45470275349158,-64.43750000000037,False,1.0,spontaneous,2,104.0,0,True
sub04,test,20,13,7.721583333333333,7.6965625,13.0,-0.025020833333333492,34.369218216962125,-25.020833333333492,False,0.0,spontaneous,2,104.0,0,True
sub04,test,20,14,8.2985,8.249145833333333,14.0,-0.049354166666667254,50.48337851993219,-49.354166666667254,False,1.0,spontaneous,2,104.0,0,True
sub04,test,20,15,8.875416666666666,8.7981875,15.0,-0.07722916666666713,34.24367603352657,-77.22916666666713,False,0.0,spontaneous,2,104.0,0,True
sub04,test,20,16,9.452333333333334,9.342520833333333,16.0,-0.10981250000000031,49.92623363453555,-109.81250000000031,False,1.0,spontaneous,2,104.0,0,True
sub04,test,20,17,10.02925,9.997833333333332,17.0,-0.03141666666666687,30.388055485045392,-31.41666666666687,False,0.0,spontaneous,2,104.0,0,True
sub04,test,20,18,10.606166666666667,10.559729166666667,18.0,-0.04643749999999969,49.74428850596988,-46.43749999999969,False,1.0,spontaneous,2,104.0,0,True
sub04,test,20,19,11.183083333333334,11.169666666666666,19.0,-0.013416666666667965,41.28712530093219,-13.416666666667965,False,1.0,spontaneous,2,104.0,0,True
sub04,test,20,20,11.76,11.6949375,20.0,-0.0650624999999998,51.239087993572866,-65.0624999999998,False,1.0,spontaneous,2,104.0,0,True
sub04,test,20,21,12.336916666666667,12.3065625,21.0,-0.030354166666667126,35.138124231736484,-30.354166666667126,False,0.0,spontaneous,2,104.0,0,True
sub04,test,20,22,12.913833333333333,12.895583333333333,22.0,-0.0182500000000001,50.954371854995586,-18.2500000000001,False,1.0,spontaneous,2,104.0,0,True
sub04,test,20,23,13.49075,13.447604166666666,23.0,-0.04314583333333388,34.19833373779638,-43.14583333333388,False,0.0,spontaneous,2,104.0,0,True
sub04,test,20,24,14.067666666666666,14.0028125,24.0,-0.06485416666666666,52.682278280672456,-64.85416666666666,False,1.0,spontaneous,2,104.0,0,True
sub04,test,20,25,14.644583333333333,14.568145833333332,25.0,-0.07643750000000082,38.84403233528536,-76.43750000000082,False,0.0,spontaneous,2,104.0,0,True
sub04,test,20,26,15.2215,15.1625625,26.0,-0.05893750000000075,40.94422720568695,-58.93750000000075,False,1.0,spontaneous,2,104.0,0,True
sub04,test,20,27,15.798416666666666,15.738291666666667,27.0,-0.06012499999999932,48.932406482116235,-60.12499999999932,False,1.0,spontaneous,2,104.0,0,True
sub04,test,20,28,16.375333333333334,16.29675,28.0,-0.07858333333333434,31.434066947911337,-78.58333333333434,False,0.0,spontaneous,2,104.0,0,True
sub04,test,20,29,16.95225,16.8605,29.0,-0.09175000000000111,32.12599463333221,-91.75000000000111,False,0.0,spontaneous,2,104.0,0,True
sub04,test,20,30,17.529166666666665,17.440875,30.0,-0.08829166666666666,49.9428210592029,-88.29166666666666,False,1.0,spontaneous,2,104.0,0,True
sub04,test,20,31,18.106083333333334,18.0235625,31.0,-0.0825208333333336,26.81231812479876,-82.5208333333336,False,0.0,spontaneous,2,104.0,0,True
sub04,test,20,32,18.683,18.621729166666668,32.0,-0.06127083333333161,29.076654758945807,-61.27083333333161,False,0.0,spontaneous,2,104.0,0,True
sub04,test,20,33,19.259916666666665,19.186395833333332,33.0,-0.07352083333333326,50.86348852042165,-73.52083333333326,False,1.0,spontaneous,2,104.0,0,True
sub04,test,20,34,19.836833333333335,19.73925,34.0,-0.09758333333333624,31.35881680078025,-97.58333333333624,False,0.0,spontaneous,2,104.0,0,True
sub04,test,20,35,20.41375,20.402916666666666,35.0,-0.010833333333334139,41.0396890097391,-10.833333333334139,False,1.0,spontaneous,2,104.0,0,True
sub04,test,20,36,20.990666666666666,20.928916666666666,36.0,-0.06174999999999997,50.801220170660464,-61.74999999999997,False,1.0,spontaneous,2,104.0,0,True
sub04,test,20,37,21.567583333333335,21.478020833333332,37.0,-0.0895625000000031,40.56536063018814,-89.5625000000031,False,0.0,spontaneous,2,104.0,0,True
sub04,test,20,38,22.1445,22.103041666666666,38.0,-0.04145833333333471,43.723703051437994,-41.45833333333471,False,1.0,spontaneous,2,104.0,0,True
sub04,test,20,39,22.721416666666666,22.650166666666667,39.0,-0.07124999999999915,49.19276306636864,-71.24999999999915,False,1.0,spontaneous,2,104.0,0,True
sub04,test,20,40,23.298333333333332,23.19354166666667,40.0,-0.10479166666666373,34.35276406617698,-104.79166666666373,False,0.0,spontaneous,2,104.0,0,True
sub04,test,20,41,23.87525,23.764854166666666,41.0,-0.11039583333333525,35.79361716593403,-110.39583333333525,False,0.0,spontaneous,2,104.0,0,True
sub04,test,20,42,24.4533125,24.3763125,42.0,-0.07699999999999818,49.11150921826459,-76.99999999999818,False,1.0,spontaneous,2,104.0,0,True
sub04,test,20,43,25.029083333333332,24.974208333333333,43.0,-0.05487499999999912,28.805333374883887,-54.87499999999912,False,0.0,spontaneous,2,104.0,0,True
sub04,test,20,44,25.606,25.576541666666667,44.0,-0.029458333333334252,40.53797694938876,-29.458333333334252,False,0.0,spontaneous,2,104.0,0,True
sub04,test,20,45,26.182916666666667,26.082604166666666,45.0,-0.10031250000000114,45.83889951344385,-100.31250000000114,False,1.0,spontaneous,2,104.0,0,True
sub04,test,20,46,26.759833333333333,26.747416666666666,46.0,-0.012416666666666742,31.48725373980623,-12.416666666666742,False,0.0,spontaneous,2,104.0,0,True
sub04,test,20,47,27.33675,27.299791666666668,47.0,-0.036958333333330984,37.267389217826555,-36.958333333330984,False,0.0,spontaneous,2,104.0,0,True
sub04,test,20,48,27.913666666666668,27.8211875,48.0,-0.09247916666666711,52.869449882619364,-92.47916666666711,False,1.0,spontaneous,2,104.0,0,True
sub04,test,20,49,28.490583333333333,28.411083333333334,49.0,-0.07949999999999946,33.50521789595346,-79.49999999999946,False,0.0,spontaneous,2,104.0,0,True
sub04,test,20,50,29.0675,29.027958333333334,50.0,-0.03954166666666481,41.297853937294846,-39.54166666666481,False,1.0,spontaneous,2,104.0,0,True
sub04,test,20,51,29.644416666666668,29.5671875,51.0,-0.0772291666666689,50.95049431519075,-77.2291666666689,False,1.0,spontaneous,2,104.0,0,True
